-- L2 Seed Data (generated from scripts/l2/generate.ts)
-- Run after L1 seed and L2 DDL. Uses facility_id/counterparty_id 1..10, as_of_date 2025-01-31.
SET search_path TO l1, l2, public;

-- position
INSERT INTO l2.position (position_id, as_of_date, facility_id, instrument_id, position_type, balance_amount, currency_code, source_system_id, accrued_interest_amt, book_value_amt, contractual_maturity_date, counterparty_id, credit_agreement_id, credit_status_code, effective_date, exposure_type_code, external_risk_rating, internal_risk_rating, legal_entity_id, lgd_estimate, market_value_amt, netting_set_id, notional_amount, pd_estimate, position_currency, trading_banking_book_flag, ultimate_parent_id) VALUES (1, '2025-01-31', 1, 1, 'LOAN', 120000000, 'USD', 1, 100.5, 100.5, '2025-01-31', 1, 1, 'credit_status_code_1', '2025-01-31', 'exposure_type_code_1', 'external_risk_rating_1', 'internal_risk_rating_1', 1, 'lgd_estimate_1', 100.5, 1, 100.5, 'pd_estimate_1', 'position_currency_1', 'Y', 1);
INSERT INTO l2.position (position_id, as_of_date, facility_id, instrument_id, position_type, balance_amount, currency_code, source_system_id, accrued_interest_amt, book_value_amt, contractual_maturity_date, counterparty_id, credit_agreement_id, credit_status_code, effective_date, exposure_type_code, external_risk_rating, internal_risk_rating, legal_entity_id, lgd_estimate, market_value_amt, netting_set_id, notional_amount, pd_estimate, position_currency, trading_banking_book_flag, ultimate_parent_id) VALUES (2, '2025-01-30', 2, 2, 'REV', 450000000, 'EUR', 2, 100.5, 100.5, '2025-01-31', 2, 2, 'credit_status_code_2', '2025-01-31', 'exposure_type_code_2', 'external_risk_rating_2', 'internal_risk_rating_2', 2, 'lgd_estimate_2', 100.5, 2, 100.5, 'pd_estimate_2', 'position_currency_2', 'N', 2);
INSERT INTO l2.position (position_id, as_of_date, facility_id, instrument_id, position_type, balance_amount, currency_code, source_system_id, accrued_interest_amt, book_value_amt, contractual_maturity_date, counterparty_id, credit_agreement_id, credit_status_code, effective_date, exposure_type_code, external_risk_rating, internal_risk_rating, legal_entity_id, lgd_estimate, market_value_amt, netting_set_id, notional_amount, pd_estimate, position_currency, trading_banking_book_flag, ultimate_parent_id) VALUES (3, '2025-01-29', 3, 3, 'COMMIT', 800000000, 'USD', 3, 100.5, 100.5, '2025-01-31', 3, 3, 'credit_status_code_3', '2025-01-31', 'exposure_type_code_3', 'external_risk_rating_3', 'internal_risk_rating_3', 3, 'lgd_estimate_3', 100.5, 3, 100.5, 'pd_estimate_3', 'position_currency_3', 'Y', 3);
INSERT INTO l2.position (position_id, as_of_date, facility_id, instrument_id, position_type, balance_amount, currency_code, source_system_id, accrued_interest_amt, book_value_amt, contractual_maturity_date, counterparty_id, credit_agreement_id, credit_status_code, effective_date, exposure_type_code, external_risk_rating, internal_risk_rating, legal_entity_id, lgd_estimate, market_value_amt, netting_set_id, notional_amount, pd_estimate, position_currency, trading_banking_book_flag, ultimate_parent_id) VALUES (4, '2025-01-28', 4, 4, 'LOAN', 0, 'GBP', 4, 100.5, 100.5, '2025-01-31', 4, 4, 'credit_status_code_4', '2025-01-31', 'exposure_type_code_4', 'external_risk_rating_4', 'internal_risk_rating_4', 4, 'lgd_estimate_4', 100.5, 4, 100.5, 'pd_estimate_4', 'position_currency_4', 'N', 4);
INSERT INTO l2.position (position_id, as_of_date, facility_id, instrument_id, position_type, balance_amount, currency_code, source_system_id, accrued_interest_amt, book_value_amt, contractual_maturity_date, counterparty_id, credit_agreement_id, credit_status_code, effective_date, exposure_type_code, external_risk_rating, internal_risk_rating, legal_entity_id, lgd_estimate, market_value_amt, netting_set_id, notional_amount, pd_estimate, position_currency, trading_banking_book_flag, ultimate_parent_id) VALUES (5, '2025-01-27', 5, 5, 'REV', 275000000, 'USD', 5, 100.5, 100.5, '2025-01-31', 5, 5, 'credit_status_code_5', '2025-01-31', 'exposure_type_code_5', 'external_risk_rating_5', 'internal_risk_rating_5', 5, 'lgd_estimate_5', 100.5, 5, 100.5, 'pd_estimate_5', 'position_currency_5', 'Y', 5);
INSERT INTO l2.position (position_id, as_of_date, facility_id, instrument_id, position_type, balance_amount, currency_code, source_system_id, accrued_interest_amt, book_value_amt, contractual_maturity_date, counterparty_id, credit_agreement_id, credit_status_code, effective_date, exposure_type_code, external_risk_rating, internal_risk_rating, legal_entity_id, lgd_estimate, market_value_amt, netting_set_id, notional_amount, pd_estimate, position_currency, trading_banking_book_flag, ultimate_parent_id) VALUES (6, '2025-01-24', 6, 6, 'LOAN', 1200000000, 'USD', 6, 100.5, 100.5, '2025-01-31', 6, 6, 'credit_status_code_6', '2025-01-31', 'exposure_type_code_6', 'external_risk_rating_6', 'internal_risk_rating_6', 6, 'lgd_estimate_6', 100.5, 6, 100.5, 'pd_estimate_6', 'position_currency_6', 'N', 6);
INSERT INTO l2.position (position_id, as_of_date, facility_id, instrument_id, position_type, balance_amount, currency_code, source_system_id, accrued_interest_amt, book_value_amt, contractual_maturity_date, counterparty_id, credit_agreement_id, credit_status_code, effective_date, exposure_type_code, external_risk_rating, internal_risk_rating, legal_entity_id, lgd_estimate, market_value_amt, netting_set_id, notional_amount, pd_estimate, position_currency, trading_banking_book_flag, ultimate_parent_id) VALUES (7, '2025-01-23', 7, 7, 'COMMIT', 0, 'EUR', 7, 100.5, 100.5, '2025-01-31', 7, 7, 'credit_status_code_7', '2025-01-31', 'exposure_type_code_7', 'external_risk_rating_7', 'internal_risk_rating_7', 7, 'lgd_estimate_7', 100.5, 7, 100.5, 'pd_estimate_7', 'position_currency_7', 'Y', 7);
INSERT INTO l2.position (position_id, as_of_date, facility_id, instrument_id, position_type, balance_amount, currency_code, source_system_id, accrued_interest_amt, book_value_amt, contractual_maturity_date, counterparty_id, credit_agreement_id, credit_status_code, effective_date, exposure_type_code, external_risk_rating, internal_risk_rating, legal_entity_id, lgd_estimate, market_value_amt, netting_set_id, notional_amount, pd_estimate, position_currency, trading_banking_book_flag, ultimate_parent_id) VALUES (8, '2025-01-22', 8, 8, 'REV', 90000000, 'USD', 8, 100.5, 100.5, '2025-01-31', 8, 8, 'credit_status_code_8', '2025-01-31', 'exposure_type_code_8', 'external_risk_rating_8', 'internal_risk_rating_8', 8, 'lgd_estimate_8', 100.5, 8, 100.5, 'pd_estimate_8', 'position_currency_8', 'N', 8);
INSERT INTO l2.position (position_id, as_of_date, facility_id, instrument_id, position_type, balance_amount, currency_code, source_system_id, accrued_interest_amt, book_value_amt, contractual_maturity_date, counterparty_id, credit_agreement_id, credit_status_code, effective_date, exposure_type_code, external_risk_rating, internal_risk_rating, legal_entity_id, lgd_estimate, market_value_amt, netting_set_id, notional_amount, pd_estimate, position_currency, trading_banking_book_flag, ultimate_parent_id) VALUES (9, '2025-01-21', 9, 9, 'LOAN', 600000000, 'GBP', 9, 100.5, 100.5, '2025-01-31', 9, 9, 'credit_status_code_9', '2025-01-31', 'exposure_type_code_9', 'external_risk_rating_9', 'internal_risk_rating_9', 9, 'lgd_estimate_9', 100.5, 9, 100.5, 'pd_estimate_9', 'position_currency_9', 'Y', 9);
INSERT INTO l2.position (position_id, as_of_date, facility_id, instrument_id, position_type, balance_amount, currency_code, source_system_id, accrued_interest_amt, book_value_amt, contractual_maturity_date, counterparty_id, credit_agreement_id, credit_status_code, effective_date, exposure_type_code, external_risk_rating, internal_risk_rating, legal_entity_id, lgd_estimate, market_value_amt, netting_set_id, notional_amount, pd_estimate, position_currency, trading_banking_book_flag, ultimate_parent_id) VALUES (10, '2025-01-20', 10, 10, 'REV', 2100000000, 'USD', 10, 100.5, 100.5, '2025-01-31', 10, 10, 'credit_status_code_10', '2025-01-31', 'exposure_type_code_10', 'external_risk_rating_10', 'internal_risk_rating_10', 10, 'lgd_estimate_10', 100.5, 10, 100.5, 'pd_estimate_10', 'position_currency_10', 'N', 10);
INSERT INTO l2.position (position_id, as_of_date, facility_id, instrument_id, position_type, balance_amount, currency_code, source_system_id, accrued_interest_amt, book_value_amt, contractual_maturity_date, counterparty_id, credit_agreement_id, credit_status_code, effective_date, exposure_type_code, external_risk_rating, internal_risk_rating, legal_entity_id, lgd_estimate, market_value_amt, netting_set_id, notional_amount, pd_estimate, position_currency, trading_banking_book_flag, ultimate_parent_id) VALUES (11, '2025-01-17', 1, 1, 'LOAN', 350000000, 'USD', 1, 100.5, 100.5, '2025-01-31', 11, 11, 'credit_status_code_11', '2025-01-31', 'exposure_type_code_11', 'external_risk_rating_11', 'internal_risk_rating_11', 11, 'lgd_estimate_11', 100.5, 11, 100.5, 'pd_estimate_11', 'position_currency_11', 'Y', 11);
INSERT INTO l2.position (position_id, as_of_date, facility_id, instrument_id, position_type, balance_amount, currency_code, source_system_id, accrued_interest_amt, book_value_amt, contractual_maturity_date, counterparty_id, credit_agreement_id, credit_status_code, effective_date, exposure_type_code, external_risk_rating, internal_risk_rating, legal_entity_id, lgd_estimate, market_value_amt, netting_set_id, notional_amount, pd_estimate, position_currency, trading_banking_book_flag, ultimate_parent_id) VALUES (12, '2025-01-16', 2, 2, 'COMMIT', 0, 'EUR', 2, 100.5, 100.5, '2025-01-31', 12, 12, 'credit_status_code_12', '2025-01-31', 'exposure_type_code_12', 'external_risk_rating_12', 'internal_risk_rating_12', 12, 'lgd_estimate_12', 100.5, 12, 100.5, 'pd_estimate_12', 'position_currency_12', 'N', 12);

-- position_detail
INSERT INTO l2.position_detail (position_detail_id, position_id, as_of_date, detail_type, amount, maturity_date, cash_leg_amount, ccf, current_balance, days_past_due, delinquency_status, derivative_type, fair_value, funded_amount, haircut_applied_pct, insured_balance, interest_rate, mark_to_market, origination_date, pfe, quantity, rate_index, rate_type, replacement_cost, sft_type, spread_bps, total_commitment, unfunded_amount, unrealized_gain_loss, product_node_id, exposure_type_code, notional_amount, credit_conversion_factor, lgd_pct, risk_weight_pct) VALUES (1, 1, '2025-01-31', 'PRINCIPAL', 100000, '2027-06-30', 100.5, 'ccf_1', 100.5, 1, 'delinquency_status_1', 'derivative_type_1', 100.5, 100.5, 100.5, 100.5, 100.5, 100.5, '2025-01-31', 'pfe_1', 1, 100.5, 'Y', 100.5, 'sft_type_1', 100.5, 100.5, 100.5, 'unrealized_gain_loss_1', 1, 'LOAN', 120000000, 1, 45, 100);
INSERT INTO l2.position_detail (position_detail_id, position_id, as_of_date, detail_type, amount, maturity_date, cash_leg_amount, ccf, current_balance, days_past_due, delinquency_status, derivative_type, fair_value, funded_amount, haircut_applied_pct, insured_balance, interest_rate, mark_to_market, origination_date, pfe, quantity, rate_index, rate_type, replacement_cost, sft_type, spread_bps, total_commitment, unfunded_amount, unrealized_gain_loss, product_node_id, exposure_type_code, notional_amount, credit_conversion_factor, lgd_pct, risk_weight_pct) VALUES (2, 2, '2025-01-30', 'INTEREST', 2500, '2027-06-30', 100.5, 'ccf_2', 100.5, 2, 'delinquency_status_2', 'derivative_type_2', 100.5, 100.5, 100.5, 100.5, 100.5, 100.5, '2025-01-31', 'pfe_2', 2, 100.5, 'N', 100.5, 'sft_type_2', 100.5, 100.5, 100.5, 'unrealized_gain_loss_2', 2, 'LOAN', 450000000, 1, 40, 75);
INSERT INTO l2.position_detail (position_detail_id, position_id, as_of_date, detail_type, amount, maturity_date, cash_leg_amount, ccf, current_balance, days_past_due, delinquency_status, derivative_type, fair_value, funded_amount, haircut_applied_pct, insured_balance, interest_rate, mark_to_market, origination_date, pfe, quantity, rate_index, rate_type, replacement_cost, sft_type, spread_bps, total_commitment, unfunded_amount, unrealized_gain_loss, product_node_id, exposure_type_code, notional_amount, credit_conversion_factor, lgd_pct, risk_weight_pct) VALUES (3, 3, '2025-01-29', 'FEE', 500, '2027-06-30', 100.5, 'ccf_3', 100.5, 3, 'delinquency_status_3', 'derivative_type_3', 100.5, 100.5, 100.5, 100.5, 100.5, 100.5, '2025-01-31', 'pfe_3', 3, 100.5, 'Y', 100.5, 'sft_type_3', 100.5, 100.5, 100.5, 'unrealized_gain_loss_3', 3, 'LOAN', 800000000, 1, 35, 50);
INSERT INTO l2.position_detail (position_detail_id, position_id, as_of_date, detail_type, amount, maturity_date, cash_leg_amount, ccf, current_balance, days_past_due, delinquency_status, derivative_type, fair_value, funded_amount, haircut_applied_pct, insured_balance, interest_rate, mark_to_market, origination_date, pfe, quantity, rate_index, rate_type, replacement_cost, sft_type, spread_bps, total_commitment, unfunded_amount, unrealized_gain_loss, product_node_id, exposure_type_code, notional_amount, credit_conversion_factor, lgd_pct, risk_weight_pct) VALUES (4, 4, '2025-01-28', 'PRINCIPAL', 200000, '2027-06-30', 100.5, 'ccf_4', 100.5, 4, 'delinquency_status_4', 'derivative_type_4', 100.5, 100.5, 100.5, 100.5, 100.5, 100.5, '2025-01-31', 'pfe_4', 4, 100.5, 'N', 100.5, 'sft_type_4', 100.5, 100.5, 100.5, 'unrealized_gain_loss_4', 4, 'LOAN', 0, 1, 50, 150);
INSERT INTO l2.position_detail (position_detail_id, position_id, as_of_date, detail_type, amount, maturity_date, cash_leg_amount, ccf, current_balance, days_past_due, delinquency_status, derivative_type, fair_value, funded_amount, haircut_applied_pct, insured_balance, interest_rate, mark_to_market, origination_date, pfe, quantity, rate_index, rate_type, replacement_cost, sft_type, spread_bps, total_commitment, unfunded_amount, unrealized_gain_loss, product_node_id, exposure_type_code, notional_amount, credit_conversion_factor, lgd_pct, risk_weight_pct) VALUES (5, 5, '2025-01-27', 'INTEREST', 3200, '2027-06-30', 100.5, 'ccf_5', 100.5, 5, 'delinquency_status_5', 'derivative_type_5', 100.5, 100.5, 100.5, 100.5, 100.5, 100.5, '2025-01-31', 'pfe_5', 5, 100.5, 'Y', 100.5, 'sft_type_5', 100.5, 100.5, 100.5, 'unrealized_gain_loss_5', 5, 'LOAN', 275000000, 1, 45, 100);
INSERT INTO l2.position_detail (position_detail_id, position_id, as_of_date, detail_type, amount, maturity_date, cash_leg_amount, ccf, current_balance, days_past_due, delinquency_status, derivative_type, fair_value, funded_amount, haircut_applied_pct, insured_balance, interest_rate, mark_to_market, origination_date, pfe, quantity, rate_index, rate_type, replacement_cost, sft_type, spread_bps, total_commitment, unfunded_amount, unrealized_gain_loss, product_node_id, exposure_type_code, notional_amount, credit_conversion_factor, lgd_pct, risk_weight_pct) VALUES (6, 6, '2025-01-24', 'FEE', 800, '2027-06-30', 100.5, 'ccf_6', 100.5, 6, 'delinquency_status_6', 'derivative_type_6', 100.5, 100.5, 100.5, 100.5, 100.5, 100.5, '2025-01-31', 'pfe_6', 6, 100.5, 'N', 100.5, 'sft_type_6', 100.5, 100.5, 100.5, 'unrealized_gain_loss_6', 6, 'LOAN', 1200000000, 1, 40, 75);
INSERT INTO l2.position_detail (position_detail_id, position_id, as_of_date, detail_type, amount, maturity_date, cash_leg_amount, ccf, current_balance, days_past_due, delinquency_status, derivative_type, fair_value, funded_amount, haircut_applied_pct, insured_balance, interest_rate, mark_to_market, origination_date, pfe, quantity, rate_index, rate_type, replacement_cost, sft_type, spread_bps, total_commitment, unfunded_amount, unrealized_gain_loss, product_node_id, exposure_type_code, notional_amount, credit_conversion_factor, lgd_pct, risk_weight_pct) VALUES (7, 7, '2025-01-23', 'PRINCIPAL', 150000, '2027-06-30', 100.5, 'ccf_7', 100.5, 7, 'delinquency_status_7', 'derivative_type_7', 100.5, 100.5, 100.5, 100.5, 100.5, 100.5, '2025-01-31', 'pfe_7', 7, 100.5, 'Y', 100.5, 'sft_type_7', 100.5, 100.5, 100.5, 'unrealized_gain_loss_7', 7, 'LOAN', 0, 1, 55, 125);
INSERT INTO l2.position_detail (position_detail_id, position_id, as_of_date, detail_type, amount, maturity_date, cash_leg_amount, ccf, current_balance, days_past_due, delinquency_status, derivative_type, fair_value, funded_amount, haircut_applied_pct, insured_balance, interest_rate, mark_to_market, origination_date, pfe, quantity, rate_index, rate_type, replacement_cost, sft_type, spread_bps, total_commitment, unfunded_amount, unrealized_gain_loss, product_node_id, exposure_type_code, notional_amount, credit_conversion_factor, lgd_pct, risk_weight_pct) VALUES (8, 8, '2025-01-22', 'INTEREST', 1800, '2027-06-30', 100.5, 'ccf_8', 100.5, 8, 'delinquency_status_8', 'derivative_type_8', 100.5, 100.5, 100.5, 100.5, 100.5, 100.5, '2025-01-31', 'pfe_8', 8, 100.5, 'N', 100.5, 'sft_type_8', 100.5, 100.5, 100.5, 'unrealized_gain_loss_8', 8, 'LOAN', 90000000, 1, 38, 50);
INSERT INTO l2.position_detail (position_detail_id, position_id, as_of_date, detail_type, amount, maturity_date, cash_leg_amount, ccf, current_balance, days_past_due, delinquency_status, derivative_type, fair_value, funded_amount, haircut_applied_pct, insured_balance, interest_rate, mark_to_market, origination_date, pfe, quantity, rate_index, rate_type, replacement_cost, sft_type, spread_bps, total_commitment, unfunded_amount, unrealized_gain_loss, product_node_id, exposure_type_code, notional_amount, credit_conversion_factor, lgd_pct, risk_weight_pct) VALUES (9, 9, '2025-01-21', 'FEE', 400, '2027-06-30', 100.5, 'ccf_9', 100.5, 9, 'delinquency_status_9', 'derivative_type_9', 100.5, 100.5, 100.5, 100.5, 100.5, 100.5, '2025-01-31', 'pfe_9', 9, 100.5, 'Y', 100.5, 'sft_type_9', 100.5, 100.5, 100.5, 'unrealized_gain_loss_9', 9, 'LOAN', 600000000, 1, 42, 100);
INSERT INTO l2.position_detail (position_detail_id, position_id, as_of_date, detail_type, amount, maturity_date, cash_leg_amount, ccf, current_balance, days_past_due, delinquency_status, derivative_type, fair_value, funded_amount, haircut_applied_pct, insured_balance, interest_rate, mark_to_market, origination_date, pfe, quantity, rate_index, rate_type, replacement_cost, sft_type, spread_bps, total_commitment, unfunded_amount, unrealized_gain_loss, product_node_id, exposure_type_code, notional_amount, credit_conversion_factor, lgd_pct, risk_weight_pct) VALUES (10, 10, '2025-01-20', 'PRINCIPAL', 300000, '2027-06-30', 100.5, 'ccf_10', 100.5, 10, 'delinquency_status_10', 'derivative_type_10', 100.5, 100.5, 100.5, 100.5, 100.5, 100.5, '2025-01-31', 'pfe_10', 10, 100.5, 'N', 100.5, 'sft_type_10', 100.5, 100.5, 100.5, 'unrealized_gain_loss_10', 10, 'LOAN', 2100000000, 1, 48, 100);
INSERT INTO l2.position_detail (position_detail_id, position_id, as_of_date, detail_type, amount, maturity_date, cash_leg_amount, ccf, current_balance, days_past_due, delinquency_status, derivative_type, fair_value, funded_amount, haircut_applied_pct, insured_balance, interest_rate, mark_to_market, origination_date, pfe, quantity, rate_index, rate_type, replacement_cost, sft_type, spread_bps, total_commitment, unfunded_amount, unrealized_gain_loss, product_node_id, exposure_type_code, notional_amount, credit_conversion_factor, lgd_pct, risk_weight_pct) VALUES (11, 11, '2025-01-17', 'INTEREST', 4000, '2027-06-30', 100.5, 'ccf_11', 100.5, 11, 'delinquency_status_11', 'derivative_type_11', 100.5, 100.5, 100.5, 100.5, 100.5, 100.5, '2025-01-31', 'pfe_11', 11, 100.5, 'Y', 100.5, 'sft_type_11', 100.5, 100.5, 100.5, 'unrealized_gain_loss_11', 1, 'LOAN', 350000000, 1, 44, 75);
INSERT INTO l2.position_detail (position_detail_id, position_id, as_of_date, detail_type, amount, maturity_date, cash_leg_amount, ccf, current_balance, days_past_due, delinquency_status, derivative_type, fair_value, funded_amount, haircut_applied_pct, insured_balance, interest_rate, mark_to_market, origination_date, pfe, quantity, rate_index, rate_type, replacement_cost, sft_type, spread_bps, total_commitment, unfunded_amount, unrealized_gain_loss, product_node_id, exposure_type_code, notional_amount, credit_conversion_factor, lgd_pct, risk_weight_pct) VALUES (12, 12, '2025-01-16', 'FEE', 600, '2027-06-30', 100.5, 'ccf_12', 100.5, 12, 'delinquency_status_12', 'derivative_type_12', 100.5, 100.5, 100.5, 100.5, 100.5, 100.5, '2025-01-31', 'pfe_12', 12, 100.5, 'N', 100.5, 'sft_type_12', 100.5, 100.5, 100.5, 'unrealized_gain_loss_12', 2, 'LOAN', 0, 1, 41, 100);

-- exposure_counterparty_attribution
INSERT INTO l2.exposure_counterparty_attribution (attribution_id, as_of_date, exposure_type_id, counterparty_id, exposure_amount, currency_code, attributed_exposure_usd, attribution_pct, counterparty_role_code, facility_id, is_risk_shifted_flag, risk_shifted_from_counterparty_id) VALUES (1, '2025-01-31', 1, 1, 120000000, 'USD', 100.5, 100.5, 'counterparty_role_code_1', 1, 'Y', 1);
INSERT INTO l2.exposure_counterparty_attribution (attribution_id, as_of_date, exposure_type_id, counterparty_id, exposure_amount, currency_code, attributed_exposure_usd, attribution_pct, counterparty_role_code, facility_id, is_risk_shifted_flag, risk_shifted_from_counterparty_id) VALUES (2, '2025-01-30', 2, 2, 450000000, 'USD', 100.5, 100.5, 'counterparty_role_code_2', 2, 'N', 2);
INSERT INTO l2.exposure_counterparty_attribution (attribution_id, as_of_date, exposure_type_id, counterparty_id, exposure_amount, currency_code, attributed_exposure_usd, attribution_pct, counterparty_role_code, facility_id, is_risk_shifted_flag, risk_shifted_from_counterparty_id) VALUES (3, '2025-01-29', 3, 3, 800000000, 'USD', 100.5, 100.5, 'counterparty_role_code_3', 3, 'Y', 3);
INSERT INTO l2.exposure_counterparty_attribution (attribution_id, as_of_date, exposure_type_id, counterparty_id, exposure_amount, currency_code, attributed_exposure_usd, attribution_pct, counterparty_role_code, facility_id, is_risk_shifted_flag, risk_shifted_from_counterparty_id) VALUES (4, '2025-01-28', 4, 4, 0, 'USD', 100.5, 100.5, 'counterparty_role_code_4', 4, 'N', 4);
INSERT INTO l2.exposure_counterparty_attribution (attribution_id, as_of_date, exposure_type_id, counterparty_id, exposure_amount, currency_code, attributed_exposure_usd, attribution_pct, counterparty_role_code, facility_id, is_risk_shifted_flag, risk_shifted_from_counterparty_id) VALUES (5, '2025-01-27', 5, 5, 275000000, 'USD', 100.5, 100.5, 'counterparty_role_code_5', 5, 'Y', 5);
INSERT INTO l2.exposure_counterparty_attribution (attribution_id, as_of_date, exposure_type_id, counterparty_id, exposure_amount, currency_code, attributed_exposure_usd, attribution_pct, counterparty_role_code, facility_id, is_risk_shifted_flag, risk_shifted_from_counterparty_id) VALUES (6, '2025-01-24', 6, 6, 1200000000, 'USD', 100.5, 100.5, 'counterparty_role_code_6', 6, 'N', 6);
INSERT INTO l2.exposure_counterparty_attribution (attribution_id, as_of_date, exposure_type_id, counterparty_id, exposure_amount, currency_code, attributed_exposure_usd, attribution_pct, counterparty_role_code, facility_id, is_risk_shifted_flag, risk_shifted_from_counterparty_id) VALUES (7, '2025-01-23', 7, 7, 0, 'USD', 100.5, 100.5, 'counterparty_role_code_7', 7, 'Y', 7);
INSERT INTO l2.exposure_counterparty_attribution (attribution_id, as_of_date, exposure_type_id, counterparty_id, exposure_amount, currency_code, attributed_exposure_usd, attribution_pct, counterparty_role_code, facility_id, is_risk_shifted_flag, risk_shifted_from_counterparty_id) VALUES (8, '2025-01-22', 8, 8, 90000000, 'USD', 100.5, 100.5, 'counterparty_role_code_8', 8, 'N', 8);
INSERT INTO l2.exposure_counterparty_attribution (attribution_id, as_of_date, exposure_type_id, counterparty_id, exposure_amount, currency_code, attributed_exposure_usd, attribution_pct, counterparty_role_code, facility_id, is_risk_shifted_flag, risk_shifted_from_counterparty_id) VALUES (9, '2025-01-21', 9, 9, 600000000, 'USD', 100.5, 100.5, 'counterparty_role_code_9', 9, 'Y', 9);
INSERT INTO l2.exposure_counterparty_attribution (attribution_id, as_of_date, exposure_type_id, counterparty_id, exposure_amount, currency_code, attributed_exposure_usd, attribution_pct, counterparty_role_code, facility_id, is_risk_shifted_flag, risk_shifted_from_counterparty_id) VALUES (10, '2025-01-20', 10, 10, 2100000000, 'USD', 100.5, 100.5, 'counterparty_role_code_10', 10, 'N', 10);
INSERT INTO l2.exposure_counterparty_attribution (attribution_id, as_of_date, exposure_type_id, counterparty_id, exposure_amount, currency_code, attributed_exposure_usd, attribution_pct, counterparty_role_code, facility_id, is_risk_shifted_flag, risk_shifted_from_counterparty_id) VALUES (11, '2025-01-17', 1, 1, 350000000, 'USD', 100.5, 100.5, 'counterparty_role_code_11', 11, 'Y', 11);
INSERT INTO l2.exposure_counterparty_attribution (attribution_id, as_of_date, exposure_type_id, counterparty_id, exposure_amount, currency_code, attributed_exposure_usd, attribution_pct, counterparty_role_code, facility_id, is_risk_shifted_flag, risk_shifted_from_counterparty_id) VALUES (12, '2025-01-16', 2, 2, 0, 'USD', 100.5, 100.5, 'counterparty_role_code_12', 12, 'N', 12);

-- facility_exposure_snapshot
INSERT INTO l2.facility_exposure_snapshot (facility_id, as_of_date, exposure_type_id, drawn_amount, committed_amount, undrawn_amount, source_system_id, counterparty_id, coverage_ratio_pct, currency_code, exposure_amount_local, facility_exposure_id, fr2590_category_code, gross_exposure_usd, legal_entity_id, lob_segment_id, net_exposure_usd, product_node_id, outstanding_balance_amt, undrawn_commitment_amt) VALUES (1, '2025-01-31', 1, 120000000, 250000000, 130000000, 1, 1, 100.5, 'currency_code_1', 100.5, 1, 'fr2590_category_code_1', 250000000, 1, 1, 100.5, 1, 120000000, 130000000);
INSERT INTO l2.facility_exposure_snapshot (facility_id, as_of_date, exposure_type_id, drawn_amount, committed_amount, undrawn_amount, source_system_id, counterparty_id, coverage_ratio_pct, currency_code, exposure_amount_local, facility_exposure_id, fr2590_category_code, gross_exposure_usd, legal_entity_id, lob_segment_id, net_exposure_usd, product_node_id, outstanding_balance_amt, undrawn_commitment_amt) VALUES (2, '2025-01-30', 2, 450000000, 500000000, 50000000, 2, 2, 100.5, 'currency_code_2', 100.5, 2, 'fr2590_category_code_2', 500000000, 2, 2, 100.5, 2, 450000000, 50000000);
INSERT INTO l2.facility_exposure_snapshot (facility_id, as_of_date, exposure_type_id, drawn_amount, committed_amount, undrawn_amount, source_system_id, counterparty_id, coverage_ratio_pct, currency_code, exposure_amount_local, facility_exposure_id, fr2590_category_code, gross_exposure_usd, legal_entity_id, lob_segment_id, net_exposure_usd, product_node_id, outstanding_balance_amt, undrawn_commitment_amt) VALUES (3, '2025-01-29', 3, 800000000, 1000000000, 200000000, 3, 3, 100.5, 'currency_code_3', 100.5, 3, 'fr2590_category_code_3', 1000000000, 3, 3, 100.5, 3, 800000000, 200000000);
INSERT INTO l2.facility_exposure_snapshot (facility_id, as_of_date, exposure_type_id, drawn_amount, committed_amount, undrawn_amount, source_system_id, counterparty_id, coverage_ratio_pct, currency_code, exposure_amount_local, facility_exposure_id, fr2590_category_code, gross_exposure_usd, legal_entity_id, lob_segment_id, net_exposure_usd, product_node_id, outstanding_balance_amt, undrawn_commitment_amt) VALUES (4, '2025-01-28', 4, 0, 2500000000, 2500000000, 4, 4, 100.5, 'currency_code_4', 100.5, 4, 'fr2590_category_code_4', 2500000000, 4, 4, 100.5, 4, 0, 2500000000);
INSERT INTO l2.facility_exposure_snapshot (facility_id, as_of_date, exposure_type_id, drawn_amount, committed_amount, undrawn_amount, source_system_id, counterparty_id, coverage_ratio_pct, currency_code, exposure_amount_local, facility_exposure_id, fr2590_category_code, gross_exposure_usd, legal_entity_id, lob_segment_id, net_exposure_usd, product_node_id, outstanding_balance_amt, undrawn_commitment_amt) VALUES (5, '2025-01-27', 5, 275000000, 750000000, 475000000, 5, 5, 100.5, 'currency_code_5', 100.5, 5, 'fr2590_category_code_5', 750000000, 5, 5, 100.5, 5, 275000000, 475000000);
INSERT INTO l2.facility_exposure_snapshot (facility_id, as_of_date, exposure_type_id, drawn_amount, committed_amount, undrawn_amount, source_system_id, counterparty_id, coverage_ratio_pct, currency_code, exposure_amount_local, facility_exposure_id, fr2590_category_code, gross_exposure_usd, legal_entity_id, lob_segment_id, net_exposure_usd, product_node_id, outstanding_balance_amt, undrawn_commitment_amt) VALUES (6, '2025-01-24', 6, 1200000000, 1500000000, 300000000, 6, 6, 100.5, 'currency_code_6', 100.5, 6, 'fr2590_category_code_6', 1500000000, 6, 6, 100.5, 6, 1200000000, 300000000);
INSERT INTO l2.facility_exposure_snapshot (facility_id, as_of_date, exposure_type_id, drawn_amount, committed_amount, undrawn_amount, source_system_id, counterparty_id, coverage_ratio_pct, currency_code, exposure_amount_local, facility_exposure_id, fr2590_category_code, gross_exposure_usd, legal_entity_id, lob_segment_id, net_exposure_usd, product_node_id, outstanding_balance_amt, undrawn_commitment_amt) VALUES (7, '2025-01-23', 7, 0, 3000000000, 3000000000, 7, 7, 100.5, 'currency_code_7', 100.5, 7, 'fr2590_category_code_7', 3000000000, 7, 7, 100.5, 7, 0, 3000000000);
INSERT INTO l2.facility_exposure_snapshot (facility_id, as_of_date, exposure_type_id, drawn_amount, committed_amount, undrawn_amount, source_system_id, counterparty_id, coverage_ratio_pct, currency_code, exposure_amount_local, facility_exposure_id, fr2590_category_code, gross_exposure_usd, legal_entity_id, lob_segment_id, net_exposure_usd, product_node_id, outstanding_balance_amt, undrawn_commitment_amt) VALUES (8, '2025-01-22', 8, 90000000, 400000000, 310000000, 8, 8, 100.5, 'currency_code_8', 100.5, 8, 'fr2590_category_code_8', 400000000, 8, 8, 100.5, 8, 90000000, 310000000);
INSERT INTO l2.facility_exposure_snapshot (facility_id, as_of_date, exposure_type_id, drawn_amount, committed_amount, undrawn_amount, source_system_id, counterparty_id, coverage_ratio_pct, currency_code, exposure_amount_local, facility_exposure_id, fr2590_category_code, gross_exposure_usd, legal_entity_id, lob_segment_id, net_exposure_usd, product_node_id, outstanding_balance_amt, undrawn_commitment_amt) VALUES (9, '2025-01-21', 9, 600000000, 600000000, 0, 9, 9, 100.5, 'currency_code_9', 100.5, 9, 'fr2590_category_code_9', 600000000, 9, 9, 100.5, 9, 600000000, 0);
INSERT INTO l2.facility_exposure_snapshot (facility_id, as_of_date, exposure_type_id, drawn_amount, committed_amount, undrawn_amount, source_system_id, counterparty_id, coverage_ratio_pct, currency_code, exposure_amount_local, facility_exposure_id, fr2590_category_code, gross_exposure_usd, legal_entity_id, lob_segment_id, net_exposure_usd, product_node_id, outstanding_balance_amt, undrawn_commitment_amt) VALUES (10, '2025-01-20', 10, 2100000000, 5000000000, 2900000000, 10, 10, 100.5, 'currency_code_10', 100.5, 10, 'fr2590_category_code_10', 5000000000, 10, 10, 100.5, 10, 2100000000, 2900000000);
INSERT INTO l2.facility_exposure_snapshot (facility_id, as_of_date, exposure_type_id, drawn_amount, committed_amount, undrawn_amount, source_system_id, counterparty_id, coverage_ratio_pct, currency_code, exposure_amount_local, facility_exposure_id, fr2590_category_code, gross_exposure_usd, legal_entity_id, lob_segment_id, net_exposure_usd, product_node_id, outstanding_balance_amt, undrawn_commitment_amt) VALUES (1, '2025-01-17', 1, 350000000, 500000000, 150000000, 1, 11, 100.5, 'currency_code_11', 100.5, 11, 'fr2590_category_code_11', 500000000, 11, 11, 100.5, 11, 350000000, 150000000);
INSERT INTO l2.facility_exposure_snapshot (facility_id, as_of_date, exposure_type_id, drawn_amount, committed_amount, undrawn_amount, source_system_id, counterparty_id, coverage_ratio_pct, currency_code, exposure_amount_local, facility_exposure_id, fr2590_category_code, gross_exposure_usd, legal_entity_id, lob_segment_id, net_exposure_usd, product_node_id, outstanding_balance_amt, undrawn_commitment_amt) VALUES (2, '2025-01-16', 2, 0, 1200000000, 1200000000, 2, 12, 100.5, 'currency_code_12', 100.5, 12, 'fr2590_category_code_12', 1200000000, 12, 12, 100.5, 12, 0, 1200000000);

-- netting_set_exposure_snapshot
INSERT INTO l2.netting_set_exposure_snapshot (netting_set_id, as_of_date, netted_exposure_amount, gross_exposure_amount, currency_code, collateral_held_usd, counterparty_id, gross_mtm_usd, legal_entity_id, netting_set_exposure_id, pfe_usd, netting_benefit_amt) VALUES (1, '2025-01-31', 10000000, 45000000, 'USD', 100.5, 1, 100.5, 1, 1, 100.5, 35000000);
INSERT INTO l2.netting_set_exposure_snapshot (netting_set_id, as_of_date, netted_exposure_amount, gross_exposure_amount, currency_code, collateral_held_usd, counterparty_id, gross_mtm_usd, legal_entity_id, netting_set_exposure_id, pfe_usd, netting_benefit_amt) VALUES (2, '2025-01-30', 25000000, 80000000, 'USD', 100.5, 2, 100.5, 2, 2, 100.5, 55000000);
INSERT INTO l2.netting_set_exposure_snapshot (netting_set_id, as_of_date, netted_exposure_amount, gross_exposure_amount, currency_code, collateral_held_usd, counterparty_id, gross_mtm_usd, legal_entity_id, netting_set_exposure_id, pfe_usd, netting_benefit_amt) VALUES (3, '2025-01-29', 0, 22000000, 'USD', 100.5, 3, 100.5, 3, 3, 100.5, 22000000);
INSERT INTO l2.netting_set_exposure_snapshot (netting_set_id, as_of_date, netted_exposure_amount, gross_exposure_amount, currency_code, collateral_held_usd, counterparty_id, gross_mtm_usd, legal_entity_id, netting_set_exposure_id, pfe_usd, netting_benefit_amt) VALUES (4, '2025-01-28', 15000000, 60000000, 'USD', 100.5, 4, 100.5, 4, 4, 100.5, 45000000);
INSERT INTO l2.netting_set_exposure_snapshot (netting_set_id, as_of_date, netted_exposure_amount, gross_exposure_amount, currency_code, collateral_held_usd, counterparty_id, gross_mtm_usd, legal_entity_id, netting_set_exposure_id, pfe_usd, netting_benefit_amt) VALUES (5, '2025-01-27', 40000000, 120000000, 'USD', 100.5, 5, 100.5, 5, 5, 100.5, 80000000);
INSERT INTO l2.netting_set_exposure_snapshot (netting_set_id, as_of_date, netted_exposure_amount, gross_exposure_amount, currency_code, collateral_held_usd, counterparty_id, gross_mtm_usd, legal_entity_id, netting_set_exposure_id, pfe_usd, netting_benefit_amt) VALUES (6, '2025-01-24', 5000000, 35000000, 'USD', 100.5, 6, 100.5, 6, 6, 100.5, 30000000);
INSERT INTO l2.netting_set_exposure_snapshot (netting_set_id, as_of_date, netted_exposure_amount, gross_exposure_amount, currency_code, collateral_held_usd, counterparty_id, gross_mtm_usd, legal_entity_id, netting_set_exposure_id, pfe_usd, netting_benefit_amt) VALUES (7, '2025-01-23', 30000000, 90000000, 'USD', 100.5, 7, 100.5, 7, 7, 100.5, 60000000);
INSERT INTO l2.netting_set_exposure_snapshot (netting_set_id, as_of_date, netted_exposure_amount, gross_exposure_amount, currency_code, collateral_held_usd, counterparty_id, gross_mtm_usd, legal_entity_id, netting_set_exposure_id, pfe_usd, netting_benefit_amt) VALUES (8, '2025-01-22', 0, 18000000, 'USD', 100.5, 8, 100.5, 8, 8, 100.5, 18000000);
INSERT INTO l2.netting_set_exposure_snapshot (netting_set_id, as_of_date, netted_exposure_amount, gross_exposure_amount, currency_code, collateral_held_usd, counterparty_id, gross_mtm_usd, legal_entity_id, netting_set_exposure_id, pfe_usd, netting_benefit_amt) VALUES (9, '2025-01-21', 20000000, 70000000, 'USD', 100.5, 9, 100.5, 9, 9, 100.5, 50000000);
INSERT INTO l2.netting_set_exposure_snapshot (netting_set_id, as_of_date, netted_exposure_amount, gross_exposure_amount, currency_code, collateral_held_usd, counterparty_id, gross_mtm_usd, legal_entity_id, netting_set_exposure_id, pfe_usd, netting_benefit_amt) VALUES (10, '2025-01-20', 50000000, 150000000, 'USD', 100.5, 10, 100.5, 10, 10, 100.5, 100000000);
INSERT INTO l2.netting_set_exposure_snapshot (netting_set_id, as_of_date, netted_exposure_amount, gross_exposure_amount, currency_code, collateral_held_usd, counterparty_id, gross_mtm_usd, legal_entity_id, netting_set_exposure_id, pfe_usd, netting_benefit_amt) VALUES (1, '2025-01-17', 8000000, 40000000, 'USD', 100.5, 11, 100.5, 11, 11, 100.5, 32000000);
INSERT INTO l2.netting_set_exposure_snapshot (netting_set_id, as_of_date, netted_exposure_amount, gross_exposure_amount, currency_code, collateral_held_usd, counterparty_id, gross_mtm_usd, legal_entity_id, netting_set_exposure_id, pfe_usd, netting_benefit_amt) VALUES (2, '2025-01-16', 12000000, 55000000, 'USD', 100.5, 12, 100.5, 12, 12, 100.5, 43000000);

-- facility_lob_attribution
INSERT INTO l2.facility_lob_attribution (attribution_id, facility_id, as_of_date, lob_segment_id, attribution_pct, attributed_amount, attribution_amount_usd, attribution_type, lob_node_id, hierarchy_id) VALUES (1, 1, '2025-01-31', 1, 100, 120000000, 100.5, 'attribution_type_1', 1, 'DEFAULT_LOB_HIERARCHY');
INSERT INTO l2.facility_lob_attribution (attribution_id, facility_id, as_of_date, lob_segment_id, attribution_pct, attributed_amount, attribution_amount_usd, attribution_type, lob_node_id, hierarchy_id) VALUES (2, 2, '2025-01-30', 2, 100, 450000000, 100.5, 'attribution_type_2', 2, 'DEFAULT_LOB_HIERARCHY');
INSERT INTO l2.facility_lob_attribution (attribution_id, facility_id, as_of_date, lob_segment_id, attribution_pct, attributed_amount, attribution_amount_usd, attribution_type, lob_node_id, hierarchy_id) VALUES (3, 3, '2025-01-29', 3, 100, 800000000, 100.5, 'attribution_type_3', 3, 'DEFAULT_LOB_HIERARCHY');
INSERT INTO l2.facility_lob_attribution (attribution_id, facility_id, as_of_date, lob_segment_id, attribution_pct, attributed_amount, attribution_amount_usd, attribution_type, lob_node_id, hierarchy_id) VALUES (4, 4, '2025-01-28', 4, 100, 0, 100.5, 'attribution_type_4', 4, 'DEFAULT_LOB_HIERARCHY');
INSERT INTO l2.facility_lob_attribution (attribution_id, facility_id, as_of_date, lob_segment_id, attribution_pct, attributed_amount, attribution_amount_usd, attribution_type, lob_node_id, hierarchy_id) VALUES (5, 5, '2025-01-27', 5, 100, 275000000, 100.5, 'attribution_type_5', 5, 'DEFAULT_LOB_HIERARCHY');
INSERT INTO l2.facility_lob_attribution (attribution_id, facility_id, as_of_date, lob_segment_id, attribution_pct, attributed_amount, attribution_amount_usd, attribution_type, lob_node_id, hierarchy_id) VALUES (6, 6, '2025-01-24', 6, 100, 1200000000, 100.5, 'attribution_type_6', 6, 'DEFAULT_LOB_HIERARCHY');
INSERT INTO l2.facility_lob_attribution (attribution_id, facility_id, as_of_date, lob_segment_id, attribution_pct, attributed_amount, attribution_amount_usd, attribution_type, lob_node_id, hierarchy_id) VALUES (7, 7, '2025-01-23', 7, 100, 0, 100.5, 'attribution_type_7', 7, 'DEFAULT_LOB_HIERARCHY');
INSERT INTO l2.facility_lob_attribution (attribution_id, facility_id, as_of_date, lob_segment_id, attribution_pct, attributed_amount, attribution_amount_usd, attribution_type, lob_node_id, hierarchy_id) VALUES (8, 8, '2025-01-22', 8, 100, 90000000, 100.5, 'attribution_type_8', 8, 'DEFAULT_LOB_HIERARCHY');
INSERT INTO l2.facility_lob_attribution (attribution_id, facility_id, as_of_date, lob_segment_id, attribution_pct, attributed_amount, attribution_amount_usd, attribution_type, lob_node_id, hierarchy_id) VALUES (9, 9, '2025-01-21', 9, 100, 600000000, 100.5, 'attribution_type_9', 9, 'DEFAULT_LOB_HIERARCHY');
INSERT INTO l2.facility_lob_attribution (attribution_id, facility_id, as_of_date, lob_segment_id, attribution_pct, attributed_amount, attribution_amount_usd, attribution_type, lob_node_id, hierarchy_id) VALUES (10, 10, '2025-01-20', 10, 100, 2100000000, 100.5, 'attribution_type_10', 10, 'DEFAULT_LOB_HIERARCHY');
INSERT INTO l2.facility_lob_attribution (attribution_id, facility_id, as_of_date, lob_segment_id, attribution_pct, attributed_amount, attribution_amount_usd, attribution_type, lob_node_id, hierarchy_id) VALUES (11, 1, '2025-01-17', 1, 100, 350000000, 100.5, 'attribution_type_11', 1, 'DEFAULT_LOB_HIERARCHY');
INSERT INTO l2.facility_lob_attribution (attribution_id, facility_id, as_of_date, lob_segment_id, attribution_pct, attributed_amount, attribution_amount_usd, attribution_type, lob_node_id, hierarchy_id) VALUES (12, 2, '2025-01-16', 2, 100, 0, 100.5, 'attribution_type_12', 2, 'DEFAULT_LOB_HIERARCHY');

-- collateral_snapshot
INSERT INTO l2.collateral_snapshot (collateral_asset_id, as_of_date, valuation_amount, haircut_pct, eligible_collateral_amount, source_system_id, allocated_amount_usd, collateral_snapshot_id, counterparty_id, crm_type_code, current_valuation_usd, facility_id, mitigant_group_code, mitigant_subtype, original_valuation_usd, risk_shifting_flag) VALUES (1, '2025-01-31', 50000000, 0, 50000000, 1, 100.5, 1, 1, 'crm_type_code_1', 100.5, 1, 'mitigant_group_code_1', 'mitigant_subtype_1', 100.5, 'Y');
INSERT INTO l2.collateral_snapshot (collateral_asset_id, as_of_date, valuation_amount, haircut_pct, eligible_collateral_amount, source_system_id, allocated_amount_usd, collateral_snapshot_id, counterparty_id, crm_type_code, current_valuation_usd, facility_id, mitigant_group_code, mitigant_subtype, original_valuation_usd, risk_shifting_flag) VALUES (2, '2025-01-30', 120000000, 2.5, 117000000, 2, 100.5, 2, 2, 'crm_type_code_2', 100.5, 2, 'mitigant_group_code_2', 'mitigant_subtype_2', 100.5, 'N');
INSERT INTO l2.collateral_snapshot (collateral_asset_id, as_of_date, valuation_amount, haircut_pct, eligible_collateral_amount, source_system_id, allocated_amount_usd, collateral_snapshot_id, counterparty_id, crm_type_code, current_valuation_usd, facility_id, mitigant_group_code, mitigant_subtype, original_valuation_usd, risk_shifting_flag) VALUES (3, '2025-01-29', 85000000, 4, 81600000, 3, 100.5, 3, 3, 'crm_type_code_3', 100.5, 3, 'mitigant_group_code_3', 'mitigant_subtype_3', 100.5, 'Y');
INSERT INTO l2.collateral_snapshot (collateral_asset_id, as_of_date, valuation_amount, haircut_pct, eligible_collateral_amount, source_system_id, allocated_amount_usd, collateral_snapshot_id, counterparty_id, crm_type_code, current_valuation_usd, facility_id, mitigant_group_code, mitigant_subtype, original_valuation_usd, risk_shifting_flag) VALUES (4, '2025-01-28', 200000000, 15, 170000000, 4, 100.5, 4, 4, 'crm_type_code_4', 100.5, 4, 'mitigant_group_code_4', 'mitigant_subtype_4', 100.5, 'N');
INSERT INTO l2.collateral_snapshot (collateral_asset_id, as_of_date, valuation_amount, haircut_pct, eligible_collateral_amount, source_system_id, allocated_amount_usd, collateral_snapshot_id, counterparty_id, crm_type_code, current_valuation_usd, facility_id, mitigant_group_code, mitigant_subtype, original_valuation_usd, risk_shifting_flag) VALUES (5, '2025-01-27', 30000000, 25, 22500000, 5, 100.5, 5, 5, 'crm_type_code_5', 100.5, 5, 'mitigant_group_code_5', 'mitigant_subtype_5', 100.5, 'Y');
INSERT INTO l2.collateral_snapshot (collateral_asset_id, as_of_date, valuation_amount, haircut_pct, eligible_collateral_amount, source_system_id, allocated_amount_usd, collateral_snapshot_id, counterparty_id, crm_type_code, current_valuation_usd, facility_id, mitigant_group_code, mitigant_subtype, original_valuation_usd, risk_shifting_flag) VALUES (6, '2025-01-24', 450000000, 0, 450000000, 6, 100.5, 6, 6, 'crm_type_code_6', 100.5, 6, 'mitigant_group_code_6', 'mitigant_subtype_6', 100.5, 'N');
INSERT INTO l2.collateral_snapshot (collateral_asset_id, as_of_date, valuation_amount, haircut_pct, eligible_collateral_amount, source_system_id, allocated_amount_usd, collateral_snapshot_id, counterparty_id, crm_type_code, current_valuation_usd, facility_id, mitigant_group_code, mitigant_subtype, original_valuation_usd, risk_shifting_flag) VALUES (7, '2025-01-23', 75000000, 5, 71250000, 7, 100.5, 7, 7, 'crm_type_code_7', 100.5, 7, 'mitigant_group_code_7', 'mitigant_subtype_7', 100.5, 'Y');
INSERT INTO l2.collateral_snapshot (collateral_asset_id, as_of_date, valuation_amount, haircut_pct, eligible_collateral_amount, source_system_id, allocated_amount_usd, collateral_snapshot_id, counterparty_id, crm_type_code, current_valuation_usd, facility_id, mitigant_group_code, mitigant_subtype, original_valuation_usd, risk_shifting_flag) VALUES (8, '2025-01-22', 95000000, 8, 87400000, 8, 100.5, 8, 8, 'crm_type_code_8', 100.5, 8, 'mitigant_group_code_8', 'mitigant_subtype_8', 100.5, 'N');
INSERT INTO l2.collateral_snapshot (collateral_asset_id, as_of_date, valuation_amount, haircut_pct, eligible_collateral_amount, source_system_id, allocated_amount_usd, collateral_snapshot_id, counterparty_id, crm_type_code, current_valuation_usd, facility_id, mitigant_group_code, mitigant_subtype, original_valuation_usd, risk_shifting_flag) VALUES (9, '2025-01-21', 110000000, 12, 96800000, 9, 100.5, 9, 9, 'crm_type_code_9', 100.5, 9, 'mitigant_group_code_9', 'mitigant_subtype_9', 100.5, 'Y');
INSERT INTO l2.collateral_snapshot (collateral_asset_id, as_of_date, valuation_amount, haircut_pct, eligible_collateral_amount, source_system_id, allocated_amount_usd, collateral_snapshot_id, counterparty_id, crm_type_code, current_valuation_usd, facility_id, mitigant_group_code, mitigant_subtype, original_valuation_usd, risk_shifting_flag) VALUES (10, '2025-01-20', 320000000, 20, 256000000, 10, 100.5, 10, 10, 'crm_type_code_10', 100.5, 10, 'mitigant_group_code_10', 'mitigant_subtype_10', 100.5, 'N');
INSERT INTO l2.collateral_snapshot (collateral_asset_id, as_of_date, valuation_amount, haircut_pct, eligible_collateral_amount, source_system_id, allocated_amount_usd, collateral_snapshot_id, counterparty_id, crm_type_code, current_valuation_usd, facility_id, mitigant_group_code, mitigant_subtype, original_valuation_usd, risk_shifting_flag) VALUES (1, '2025-01-17', 60000000, 3, 58200000, 1, 100.5, 11, 11, 'crm_type_code_11', 100.5, 11, 'mitigant_group_code_11', 'mitigant_subtype_11', 100.5, 'Y');
INSERT INTO l2.collateral_snapshot (collateral_asset_id, as_of_date, valuation_amount, haircut_pct, eligible_collateral_amount, source_system_id, allocated_amount_usd, collateral_snapshot_id, counterparty_id, crm_type_code, current_valuation_usd, facility_id, mitigant_group_code, mitigant_subtype, original_valuation_usd, risk_shifting_flag) VALUES (2, '2025-01-16', 140000000, 6, 131600000, 2, 100.5, 12, 12, 'crm_type_code_12', 100.5, 12, 'mitigant_group_code_12', 'mitigant_subtype_12', 100.5, 'N');

-- cash_flow
INSERT INTO l2.cash_flow (cash_flow_id, facility_id, cash_flow_date, cash_flow_type, amount, currency_code, as_of_date, contractual_amt, contractual_amt_usd, counterparty_id, flow_date, flow_direction, flow_id, flow_type, maturity_bucket_id, position_id) VALUES (1, 1, '2025-01-31', 'DRAW', 5000000, 'USD', '2025-01-31', 100.5, 100.5, 1, '2025-01-31', 'flow_direction_1', 1, 'flow_type_1', 1, 1);
INSERT INTO l2.cash_flow (cash_flow_id, facility_id, cash_flow_date, cash_flow_type, amount, currency_code, as_of_date, contractual_amt, contractual_amt_usd, counterparty_id, flow_date, flow_direction, flow_id, flow_type, maturity_bucket_id, position_id) VALUES (2, 2, '2025-01-30', 'REPAY', -2000000, 'USD', '2025-01-31', 100.5, 100.5, 2, '2025-01-31', 'flow_direction_2', 2, 'flow_type_2', 2, 2);
INSERT INTO l2.cash_flow (cash_flow_id, facility_id, cash_flow_date, cash_flow_type, amount, currency_code, as_of_date, contractual_amt, contractual_amt_usd, counterparty_id, flow_date, flow_direction, flow_id, flow_type, maturity_bucket_id, position_id) VALUES (3, 3, '2025-01-29', 'INTEREST', 125000, 'USD', '2025-01-31', 100.5, 100.5, 3, '2025-01-31', 'flow_direction_3', 3, 'flow_type_3', 3, 3);
INSERT INTO l2.cash_flow (cash_flow_id, facility_id, cash_flow_date, cash_flow_type, amount, currency_code, as_of_date, contractual_amt, contractual_amt_usd, counterparty_id, flow_date, flow_direction, flow_id, flow_type, maturity_bucket_id, position_id) VALUES (4, 4, '2025-01-28', 'FEE', 50000, 'USD', '2025-01-31', 100.5, 100.5, 4, '2025-01-31', 'flow_direction_4', 4, 'flow_type_4', 4, 4);
INSERT INTO l2.cash_flow (cash_flow_id, facility_id, cash_flow_date, cash_flow_type, amount, currency_code, as_of_date, contractual_amt, contractual_amt_usd, counterparty_id, flow_date, flow_direction, flow_id, flow_type, maturity_bucket_id, position_id) VALUES (5, 5, '2025-01-27', 'DRAW', 10000000, 'USD', '2025-01-31', 100.5, 100.5, 5, '2025-01-31', 'flow_direction_5', 5, 'flow_type_5', 5, 5);
INSERT INTO l2.cash_flow (cash_flow_id, facility_id, cash_flow_date, cash_flow_type, amount, currency_code, as_of_date, contractual_amt, contractual_amt_usd, counterparty_id, flow_date, flow_direction, flow_id, flow_type, maturity_bucket_id, position_id) VALUES (6, 6, '2025-01-24', 'REPAY', -1500000, 'USD', '2025-01-31', 100.5, 100.5, 6, '2025-01-31', 'flow_direction_6', 6, 'flow_type_6', 6, 6);
INSERT INTO l2.cash_flow (cash_flow_id, facility_id, cash_flow_date, cash_flow_type, amount, currency_code, as_of_date, contractual_amt, contractual_amt_usd, counterparty_id, flow_date, flow_direction, flow_id, flow_type, maturity_bucket_id, position_id) VALUES (7, 7, '2025-01-23', 'INTEREST', 200000, 'USD', '2025-01-31', 100.5, 100.5, 7, '2025-01-31', 'flow_direction_7', 7, 'flow_type_7', 7, 7);
INSERT INTO l2.cash_flow (cash_flow_id, facility_id, cash_flow_date, cash_flow_type, amount, currency_code, as_of_date, contractual_amt, contractual_amt_usd, counterparty_id, flow_date, flow_direction, flow_id, flow_type, maturity_bucket_id, position_id) VALUES (8, 8, '2025-01-22', 'FEE', 75000, 'USD', '2025-01-31', 100.5, 100.5, 8, '2025-01-31', 'flow_direction_8', 8, 'flow_type_8', 8, 8);
INSERT INTO l2.cash_flow (cash_flow_id, facility_id, cash_flow_date, cash_flow_type, amount, currency_code, as_of_date, contractual_amt, contractual_amt_usd, counterparty_id, flow_date, flow_direction, flow_id, flow_type, maturity_bucket_id, position_id) VALUES (9, 9, '2025-01-21', 'DRAW', 3000000, 'USD', '2025-01-31', 100.5, 100.5, 9, '2025-01-31', 'flow_direction_9', 9, 'flow_type_9', 9, 9);
INSERT INTO l2.cash_flow (cash_flow_id, facility_id, cash_flow_date, cash_flow_type, amount, currency_code, as_of_date, contractual_amt, contractual_amt_usd, counterparty_id, flow_date, flow_direction, flow_id, flow_type, maturity_bucket_id, position_id) VALUES (10, 10, '2025-01-20', 'REPAY', -3000000, 'USD', '2025-01-31', 100.5, 100.5, 10, '2025-01-31', 'flow_direction_10', 10, 'flow_type_10', 10, 10);
INSERT INTO l2.cash_flow (cash_flow_id, facility_id, cash_flow_date, cash_flow_type, amount, currency_code, as_of_date, contractual_amt, contractual_amt_usd, counterparty_id, flow_date, flow_direction, flow_id, flow_type, maturity_bucket_id, position_id) VALUES (11, 1, '2025-01-17', 'INTEREST', 90000, 'USD', '2025-01-31', 100.5, 100.5, 11, '2025-01-31', 'flow_direction_11', 11, 'flow_type_11', 11, 11);
INSERT INTO l2.cash_flow (cash_flow_id, facility_id, cash_flow_date, cash_flow_type, amount, currency_code, as_of_date, contractual_amt, contractual_amt_usd, counterparty_id, flow_date, flow_direction, flow_id, flow_type, maturity_bucket_id, position_id) VALUES (12, 2, '2025-01-16', 'FEE', 25000, 'USD', '2025-01-31', 100.5, 100.5, 12, '2025-01-31', 'flow_direction_12', 12, 'flow_type_12', 12, 12);

-- facility_financial_snapshot
INSERT INTO l2.facility_financial_snapshot (facility_id, as_of_date, noi_amt, total_debt_service_amt, revenue_amt, operating_expense_amt, ebitda_amt, interest_expense_amt, principal_payment_amt, counterparty_id, currency_code, reporting_period, financial_snapshot_id) VALUES (1, '2025-01-31', 8500000, 5800000, 14000000, 5500000, 10200000, 3800000, 2000000, 1, 'USD', 'Q4-2024', 1);
INSERT INTO l2.facility_financial_snapshot (facility_id, as_of_date, noi_amt, total_debt_service_amt, revenue_amt, operating_expense_amt, ebitda_amt, interest_expense_amt, principal_payment_amt, counterparty_id, currency_code, reporting_period, financial_snapshot_id) VALUES (2, '2025-01-30', 12200000, 7200000, 20000000, 7800000, 15000000, 5200000, 2000000, 2, 'USD', 'Q4-2024', 2);
INSERT INTO l2.facility_financial_snapshot (facility_id, as_of_date, noi_amt, total_debt_service_amt, revenue_amt, operating_expense_amt, ebitda_amt, interest_expense_amt, principal_payment_amt, counterparty_id, currency_code, reporting_period, financial_snapshot_id) VALUES (3, '2025-01-29', 22000000, 14500000, 38000000, 16000000, 27500000, 10500000, 4000000, 3, 'USD', 'Q4-2024', 3);
INSERT INTO l2.facility_financial_snapshot (facility_id, as_of_date, noi_amt, total_debt_service_amt, revenue_amt, operating_expense_amt, ebitda_amt, interest_expense_amt, principal_payment_amt, counterparty_id, currency_code, reporting_period, financial_snapshot_id) VALUES (4, '2025-01-28', 0, 0, 0, 0, 0, 0, 0, 4, 'USD', 'Q4-2024', 4);
INSERT INTO l2.facility_financial_snapshot (facility_id, as_of_date, noi_amt, total_debt_service_amt, revenue_amt, operating_expense_amt, ebitda_amt, interest_expense_amt, principal_payment_amt, counterparty_id, currency_code, reporting_period, financial_snapshot_id) VALUES (5, '2025-01-27', 6800000, 5400000, 12000000, 5200000, 8500000, 3900000, 1500000, 5, 'USD', 'Q4-2024', 5);
INSERT INTO l2.facility_financial_snapshot (facility_id, as_of_date, noi_amt, total_debt_service_amt, revenue_amt, operating_expense_amt, ebitda_amt, interest_expense_amt, principal_payment_amt, counterparty_id, currency_code, reporting_period, financial_snapshot_id) VALUES (6, '2025-01-24', 35000000, 21000000, 58000000, 23000000, 42000000, 15000000, 6000000, 6, 'USD', 'Q4-2024', 6);
INSERT INTO l2.facility_financial_snapshot (facility_id, as_of_date, noi_amt, total_debt_service_amt, revenue_amt, operating_expense_amt, ebitda_amt, interest_expense_amt, principal_payment_amt, counterparty_id, currency_code, reporting_period, financial_snapshot_id) VALUES (7, '2025-01-23', 0, 0, 0, 0, 0, 0, 0, 7, 'USD', 'Q4-2024', 7);
INSERT INTO l2.facility_financial_snapshot (facility_id, as_of_date, noi_amt, total_debt_service_amt, revenue_amt, operating_expense_amt, ebitda_amt, interest_expense_amt, principal_payment_amt, counterparty_id, currency_code, reporting_period, financial_snapshot_id) VALUES (8, '2025-01-22', 4200000, 3200000, 7500000, 3300000, 5100000, 2100000, 1100000, 8, 'USD', 'Q4-2024', 8);
INSERT INTO l2.facility_financial_snapshot (facility_id, as_of_date, noi_amt, total_debt_service_amt, revenue_amt, operating_expense_amt, ebitda_amt, interest_expense_amt, principal_payment_amt, counterparty_id, currency_code, reporting_period, financial_snapshot_id) VALUES (9, '2025-01-21', 15600000, 9800000, 26000000, 10400000, 19200000, 7200000, 2600000, 9, 'USD', 'Q4-2024', 9);
INSERT INTO l2.facility_financial_snapshot (facility_id, as_of_date, noi_amt, total_debt_service_amt, revenue_amt, operating_expense_amt, ebitda_amt, interest_expense_amt, principal_payment_amt, counterparty_id, currency_code, reporting_period, financial_snapshot_id) VALUES (10, '2025-01-20', 52000000, 38000000, 85000000, 33000000, 62000000, 28000000, 10000000, 10, 'USD', 'Q4-2024', 10);
INSERT INTO l2.facility_financial_snapshot (facility_id, as_of_date, noi_amt, total_debt_service_amt, revenue_amt, operating_expense_amt, ebitda_amt, interest_expense_amt, principal_payment_amt, counterparty_id, currency_code, reporting_period, financial_snapshot_id) VALUES (1, '2025-01-17', 9100000, 7500000, 15000000, 5900000, 11200000, 5500000, 2000000, 1, 'USD', 'Q4-2024', 11);
INSERT INTO l2.facility_financial_snapshot (facility_id, as_of_date, noi_amt, total_debt_service_amt, revenue_amt, operating_expense_amt, ebitda_amt, interest_expense_amt, principal_payment_amt, counterparty_id, currency_code, reporting_period, financial_snapshot_id) VALUES (2, '2025-01-16', 0, 0, 0, 0, 0, 0, 0, 2, 'USD', 'Q4-2024', 12);

-- facility_delinquency_snapshot
INSERT INTO l2.facility_delinquency_snapshot (facility_id, as_of_date, credit_status_code, days_past_due, watch_list_flag, counterparty_id, currency_code, days_past_due_max, delinquency_bucket_code, delinquency_snapshot_id, delinquency_status_code, last_payment_received_date, overdue_interest_amt, overdue_principal_amt) VALUES (1, '2025-01-31', 1, 0, 'N', 1, 'currency_code_1', 1, 'delinquency_bucket_code_1', 1, 'delinquency_status_code_1', '2025-01-31', 100.5, 100.5);
INSERT INTO l2.facility_delinquency_snapshot (facility_id, as_of_date, credit_status_code, days_past_due, watch_list_flag, counterparty_id, currency_code, days_past_due_max, delinquency_bucket_code, delinquency_snapshot_id, delinquency_status_code, last_payment_received_date, overdue_interest_amt, overdue_principal_amt) VALUES (2, '2025-01-30', 1, 0, 'N', 2, 'currency_code_2', 2, 'delinquency_bucket_code_2', 2, 'delinquency_status_code_2', '2025-01-31', 100.5, 100.5);
INSERT INTO l2.facility_delinquency_snapshot (facility_id, as_of_date, credit_status_code, days_past_due, watch_list_flag, counterparty_id, currency_code, days_past_due_max, delinquency_bucket_code, delinquency_snapshot_id, delinquency_status_code, last_payment_received_date, overdue_interest_amt, overdue_principal_amt) VALUES (3, '2025-01-29', 1, 0, 'N', 3, 'currency_code_3', 3, 'delinquency_bucket_code_3', 3, 'delinquency_status_code_3', '2025-01-31', 100.5, 100.5);
INSERT INTO l2.facility_delinquency_snapshot (facility_id, as_of_date, credit_status_code, days_past_due, watch_list_flag, counterparty_id, currency_code, days_past_due_max, delinquency_bucket_code, delinquency_snapshot_id, delinquency_status_code, last_payment_received_date, overdue_interest_amt, overdue_principal_amt) VALUES (4, '2025-01-28', 1, 0, 'N', 4, 'currency_code_4', 4, 'delinquency_bucket_code_4', 4, 'delinquency_status_code_4', '2025-01-31', 100.5, 100.5);
INSERT INTO l2.facility_delinquency_snapshot (facility_id, as_of_date, credit_status_code, days_past_due, watch_list_flag, counterparty_id, currency_code, days_past_due_max, delinquency_bucket_code, delinquency_snapshot_id, delinquency_status_code, last_payment_received_date, overdue_interest_amt, overdue_principal_amt) VALUES (5, '2025-01-27', 2, 15, 'Y', 5, 'currency_code_5', 5, 'delinquency_bucket_code_5', 5, 'delinquency_status_code_5', '2025-01-31', 100.5, 100.5);
INSERT INTO l2.facility_delinquency_snapshot (facility_id, as_of_date, credit_status_code, days_past_due, watch_list_flag, counterparty_id, currency_code, days_past_due_max, delinquency_bucket_code, delinquency_snapshot_id, delinquency_status_code, last_payment_received_date, overdue_interest_amt, overdue_principal_amt) VALUES (6, '2025-01-24', 1, 0, 'N', 6, 'currency_code_6', 6, 'delinquency_bucket_code_6', 6, 'delinquency_status_code_6', '2025-01-31', 100.5, 100.5);
INSERT INTO l2.facility_delinquency_snapshot (facility_id, as_of_date, credit_status_code, days_past_due, watch_list_flag, counterparty_id, currency_code, days_past_due_max, delinquency_bucket_code, delinquency_snapshot_id, delinquency_status_code, last_payment_received_date, overdue_interest_amt, overdue_principal_amt) VALUES (7, '2025-01-23', 1, 0, 'N', 7, 'currency_code_7', 7, 'delinquency_bucket_code_7', 7, 'delinquency_status_code_7', '2025-01-31', 100.5, 100.5);
INSERT INTO l2.facility_delinquency_snapshot (facility_id, as_of_date, credit_status_code, days_past_due, watch_list_flag, counterparty_id, currency_code, days_past_due_max, delinquency_bucket_code, delinquency_snapshot_id, delinquency_status_code, last_payment_received_date, overdue_interest_amt, overdue_principal_amt) VALUES (8, '2025-01-22', 1, 0, 'N', 8, 'currency_code_8', 8, 'delinquency_bucket_code_8', 8, 'delinquency_status_code_8', '2025-01-31', 100.5, 100.5);
INSERT INTO l2.facility_delinquency_snapshot (facility_id, as_of_date, credit_status_code, days_past_due, watch_list_flag, counterparty_id, currency_code, days_past_due_max, delinquency_bucket_code, delinquency_snapshot_id, delinquency_status_code, last_payment_received_date, overdue_interest_amt, overdue_principal_amt) VALUES (9, '2025-01-21', 1, 0, 'N', 9, 'currency_code_9', 9, 'delinquency_bucket_code_9', 9, 'delinquency_status_code_9', '2025-01-31', 100.5, 100.5);
INSERT INTO l2.facility_delinquency_snapshot (facility_id, as_of_date, credit_status_code, days_past_due, watch_list_flag, counterparty_id, currency_code, days_past_due_max, delinquency_bucket_code, delinquency_snapshot_id, delinquency_status_code, last_payment_received_date, overdue_interest_amt, overdue_principal_amt) VALUES (10, '2025-01-20', 1, 0, 'N', 10, 'currency_code_10', 10, 'delinquency_bucket_code_10', 10, 'delinquency_status_code_10', '2025-01-31', 100.5, 100.5);
INSERT INTO l2.facility_delinquency_snapshot (facility_id, as_of_date, credit_status_code, days_past_due, watch_list_flag, counterparty_id, currency_code, days_past_due_max, delinquency_bucket_code, delinquency_snapshot_id, delinquency_status_code, last_payment_received_date, overdue_interest_amt, overdue_principal_amt) VALUES (1, '2025-01-17', 2, 8, 'Y', 11, 'currency_code_11', 11, 'delinquency_bucket_code_11', 11, 'delinquency_status_code_11', '2025-01-31', 100.5, 100.5);
INSERT INTO l2.facility_delinquency_snapshot (facility_id, as_of_date, credit_status_code, days_past_due, watch_list_flag, counterparty_id, currency_code, days_past_due_max, delinquency_bucket_code, delinquency_snapshot_id, delinquency_status_code, last_payment_received_date, overdue_interest_amt, overdue_principal_amt) VALUES (2, '2025-01-16', 1, 0, 'N', 12, 'currency_code_12', 12, 'delinquency_bucket_code_12', 12, 'delinquency_status_code_12', '2025-01-31', 100.5, 100.5);

-- facility_pricing_snapshot
INSERT INTO l2.facility_pricing_snapshot (facility_id, as_of_date, spread_bps, rate_index_id, all_in_rate_pct, floor_pct, base_rate_pct, currency_code, facility_pricing_id, min_spread_threshold_bps, payment_frequency, prepayment_penalty_flag, rate_cap_pct, rate_index_code) VALUES (1, '2025-01-31', 175, 1, 6.25, 0, 100.5, 'currency_code_1', 1, 100.5, 'payment_frequency_1', 'Y', 100.5, 100.5);
INSERT INTO l2.facility_pricing_snapshot (facility_id, as_of_date, spread_bps, rate_index_id, all_in_rate_pct, floor_pct, base_rate_pct, currency_code, facility_pricing_id, min_spread_threshold_bps, payment_frequency, prepayment_penalty_flag, rate_cap_pct, rate_index_code) VALUES (2, '2025-01-30', 250, 2, 7.5, 0, 100.5, 'currency_code_2', 2, 100.5, 'payment_frequency_2', 'N', 100.5, 100.5);
INSERT INTO l2.facility_pricing_snapshot (facility_id, as_of_date, spread_bps, rate_index_id, all_in_rate_pct, floor_pct, base_rate_pct, currency_code, facility_pricing_id, min_spread_threshold_bps, payment_frequency, prepayment_penalty_flag, rate_cap_pct, rate_index_code) VALUES (3, '2025-01-29', 325, 3, 8.25, 0.25, 100.5, 'currency_code_3', 3, 100.5, 'payment_frequency_3', 'Y', 100.5, 100.5);
INSERT INTO l2.facility_pricing_snapshot (facility_id, as_of_date, spread_bps, rate_index_id, all_in_rate_pct, floor_pct, base_rate_pct, currency_code, facility_pricing_id, min_spread_threshold_bps, payment_frequency, prepayment_penalty_flag, rate_cap_pct, rate_index_code) VALUES (4, '2025-01-28', 200, 4, 6.75, 0, 100.5, 'currency_code_4', 4, 100.5, 'payment_frequency_4', 'N', 100.5, 100.5);
INSERT INTO l2.facility_pricing_snapshot (facility_id, as_of_date, spread_bps, rate_index_id, all_in_rate_pct, floor_pct, base_rate_pct, currency_code, facility_pricing_id, min_spread_threshold_bps, payment_frequency, prepayment_penalty_flag, rate_cap_pct, rate_index_code) VALUES (5, '2025-01-27', 400, 5, 9, 0.5, 100.5, 'currency_code_5', 5, 100.5, 'payment_frequency_5', 'Y', 100.5, 100.5);
INSERT INTO l2.facility_pricing_snapshot (facility_id, as_of_date, spread_bps, rate_index_id, all_in_rate_pct, floor_pct, base_rate_pct, currency_code, facility_pricing_id, min_spread_threshold_bps, payment_frequency, prepayment_penalty_flag, rate_cap_pct, rate_index_code) VALUES (6, '2025-01-24', 150, 6, 5.75, 0, 100.5, 'currency_code_6', 6, 100.5, 'payment_frequency_6', 'N', 100.5, 100.5);
INSERT INTO l2.facility_pricing_snapshot (facility_id, as_of_date, spread_bps, rate_index_id, all_in_rate_pct, floor_pct, base_rate_pct, currency_code, facility_pricing_id, min_spread_threshold_bps, payment_frequency, prepayment_penalty_flag, rate_cap_pct, rate_index_code) VALUES (7, '2025-01-23', 275, 7, 7.25, 0.25, 100.5, 'currency_code_7', 7, 100.5, 'payment_frequency_7', 'Y', 100.5, 100.5);
INSERT INTO l2.facility_pricing_snapshot (facility_id, as_of_date, spread_bps, rate_index_id, all_in_rate_pct, floor_pct, base_rate_pct, currency_code, facility_pricing_id, min_spread_threshold_bps, payment_frequency, prepayment_penalty_flag, rate_cap_pct, rate_index_code) VALUES (8, '2025-01-22', 225, 8, 6.95, 0, 100.5, 'currency_code_8', 8, 100.5, 'payment_frequency_8', 'N', 100.5, 100.5);
INSERT INTO l2.facility_pricing_snapshot (facility_id, as_of_date, spread_bps, rate_index_id, all_in_rate_pct, floor_pct, base_rate_pct, currency_code, facility_pricing_id, min_spread_threshold_bps, payment_frequency, prepayment_penalty_flag, rate_cap_pct, rate_index_code) VALUES (9, '2025-01-21', 300, 9, 8, 0, 100.5, 'currency_code_9', 9, 100.5, 'payment_frequency_9', 'Y', 100.5, 100.5);
INSERT INTO l2.facility_pricing_snapshot (facility_id, as_of_date, spread_bps, rate_index_id, all_in_rate_pct, floor_pct, base_rate_pct, currency_code, facility_pricing_id, min_spread_threshold_bps, payment_frequency, prepayment_penalty_flag, rate_cap_pct, rate_index_code) VALUES (10, '2025-01-20', 125, 10, 5.5, 0, 100.5, 'currency_code_10', 10, 100.5, 'payment_frequency_10', 'N', 100.5, 100.5);
INSERT INTO l2.facility_pricing_snapshot (facility_id, as_of_date, spread_bps, rate_index_id, all_in_rate_pct, floor_pct, base_rate_pct, currency_code, facility_pricing_id, min_spread_threshold_bps, payment_frequency, prepayment_penalty_flag, rate_cap_pct, rate_index_code) VALUES (1, '2025-01-17', 350, 1, 8.5, 0.25, 100.5, 'currency_code_11', 11, 100.5, 'payment_frequency_11', 'Y', 100.5, 100.5);
INSERT INTO l2.facility_pricing_snapshot (facility_id, as_of_date, spread_bps, rate_index_id, all_in_rate_pct, floor_pct, base_rate_pct, currency_code, facility_pricing_id, min_spread_threshold_bps, payment_frequency, prepayment_penalty_flag, rate_cap_pct, rate_index_code) VALUES (2, '2025-01-16', 190, 2, 6.4, 0, 100.5, 'currency_code_12', 12, 100.5, 'payment_frequency_12', 'N', 100.5, 100.5);

-- facility_profitability_snapshot
INSERT INTO l2.facility_profitability_snapshot (facility_id, as_of_date, nii_ytd, fee_income_ytd, ledger_account_id, allocated_equity_amt, avg_earning_assets_amt, base_currency_code, fee_income_amt, interest_expense_amt, interest_income_amt, profitability_snapshot_id) VALUES (1, '2025-01-31', 1250, 85, 1, 100.5, 100.5, 'base_currency_code_1', 100.5, 100.5, 100.5, 1);
INSERT INTO l2.facility_profitability_snapshot (facility_id, as_of_date, nii_ytd, fee_income_ytd, ledger_account_id, allocated_equity_amt, avg_earning_assets_amt, base_currency_code, fee_income_amt, interest_expense_amt, interest_income_amt, profitability_snapshot_id) VALUES (2, '2025-01-30', 3200, 120, 2, 100.5, 100.5, 'base_currency_code_2', 100.5, 100.5, 100.5, 2);
INSERT INTO l2.facility_profitability_snapshot (facility_id, as_of_date, nii_ytd, fee_income_ytd, ledger_account_id, allocated_equity_amt, avg_earning_assets_amt, base_currency_code, fee_income_amt, interest_expense_amt, interest_income_amt, profitability_snapshot_id) VALUES (3, '2025-01-29', 5800, 250, 3, 100.5, 100.5, 'base_currency_code_3', 100.5, 100.5, 100.5, 3);
INSERT INTO l2.facility_profitability_snapshot (facility_id, as_of_date, nii_ytd, fee_income_ytd, ledger_account_id, allocated_equity_amt, avg_earning_assets_amt, base_currency_code, fee_income_amt, interest_expense_amt, interest_income_amt, profitability_snapshot_id) VALUES (4, '2025-01-28', 0, 50, 4, 100.5, 100.5, 'base_currency_code_4', 100.5, 100.5, 100.5, 4);
INSERT INTO l2.facility_profitability_snapshot (facility_id, as_of_date, nii_ytd, fee_income_ytd, ledger_account_id, allocated_equity_amt, avg_earning_assets_amt, base_currency_code, fee_income_amt, interest_expense_amt, interest_income_amt, profitability_snapshot_id) VALUES (5, '2025-01-27', 2100, 90, 5, 100.5, 100.5, 'base_currency_code_5', 100.5, 100.5, 100.5, 5);
INSERT INTO l2.facility_profitability_snapshot (facility_id, as_of_date, nii_ytd, fee_income_ytd, ledger_account_id, allocated_equity_amt, avg_earning_assets_amt, base_currency_code, fee_income_amt, interest_expense_amt, interest_income_amt, profitability_snapshot_id) VALUES (6, '2025-01-24', 9200, 400, 6, 100.5, 100.5, 'base_currency_code_6', 100.5, 100.5, 100.5, 6);
INSERT INTO l2.facility_profitability_snapshot (facility_id, as_of_date, nii_ytd, fee_income_ytd, ledger_account_id, allocated_equity_amt, avg_earning_assets_amt, base_currency_code, fee_income_amt, interest_expense_amt, interest_income_amt, profitability_snapshot_id) VALUES (7, '2025-01-23', 0, 30, 7, 100.5, 100.5, 'base_currency_code_7', 100.5, 100.5, 100.5, 7);
INSERT INTO l2.facility_profitability_snapshot (facility_id, as_of_date, nii_ytd, fee_income_ytd, ledger_account_id, allocated_equity_amt, avg_earning_assets_amt, base_currency_code, fee_income_amt, interest_expense_amt, interest_income_amt, profitability_snapshot_id) VALUES (8, '2025-01-22', 450, 60, 8, 100.5, 100.5, 'base_currency_code_8', 100.5, 100.5, 100.5, 8);
INSERT INTO l2.facility_profitability_snapshot (facility_id, as_of_date, nii_ytd, fee_income_ytd, ledger_account_id, allocated_equity_amt, avg_earning_assets_amt, base_currency_code, fee_income_amt, interest_expense_amt, interest_income_amt, profitability_snapshot_id) VALUES (9, '2025-01-21', 4100, 180, 9, 100.5, 100.5, 'base_currency_code_9', 100.5, 100.5, 100.5, 9);
INSERT INTO l2.facility_profitability_snapshot (facility_id, as_of_date, nii_ytd, fee_income_ytd, ledger_account_id, allocated_equity_amt, avg_earning_assets_amt, base_currency_code, fee_income_amt, interest_expense_amt, interest_income_amt, profitability_snapshot_id) VALUES (10, '2025-01-20', 18500, 600, 10, 100.5, 100.5, 'base_currency_code_10', 100.5, 100.5, 100.5, 10);
INSERT INTO l2.facility_profitability_snapshot (facility_id, as_of_date, nii_ytd, fee_income_ytd, ledger_account_id, allocated_equity_amt, avg_earning_assets_amt, base_currency_code, fee_income_amt, interest_expense_amt, interest_income_amt, profitability_snapshot_id) VALUES (1, '2025-01-17', 2200, 110, 1, 100.5, 100.5, 'base_currency_code_11', 100.5, 100.5, 100.5, 11);
INSERT INTO l2.facility_profitability_snapshot (facility_id, as_of_date, nii_ytd, fee_income_ytd, ledger_account_id, allocated_equity_amt, avg_earning_assets_amt, base_currency_code, fee_income_amt, interest_expense_amt, interest_income_amt, profitability_snapshot_id) VALUES (2, '2025-01-16', 800, 75, 2, 100.5, 100.5, 'base_currency_code_12', 100.5, 100.5, 100.5, 12);

-- limit_contribution_snapshot
INSERT INTO l2.limit_contribution_snapshot (limit_rule_id, counterparty_id, as_of_date, contribution_amount, currency_code, contribution_amount_usd, contribution_id, contribution_pct, facility_id) VALUES (1, 1, '2025-01-31', 120000000, 'USD', 100.5, 1, 100.5, 1);
INSERT INTO l2.limit_contribution_snapshot (limit_rule_id, counterparty_id, as_of_date, contribution_amount, currency_code, contribution_amount_usd, contribution_id, contribution_pct, facility_id) VALUES (2, 2, '2025-01-30', 450000000, 'USD', 100.5, 2, 100.5, 2);
INSERT INTO l2.limit_contribution_snapshot (limit_rule_id, counterparty_id, as_of_date, contribution_amount, currency_code, contribution_amount_usd, contribution_id, contribution_pct, facility_id) VALUES (3, 3, '2025-01-29', 0, 'USD', 100.5, 3, 100.5, 3);
INSERT INTO l2.limit_contribution_snapshot (limit_rule_id, counterparty_id, as_of_date, contribution_amount, currency_code, contribution_amount_usd, contribution_id, contribution_pct, facility_id) VALUES (4, 4, '2025-01-28', 200000000, 'USD', 100.5, 4, 100.5, 4);
INSERT INTO l2.limit_contribution_snapshot (limit_rule_id, counterparty_id, as_of_date, contribution_amount, currency_code, contribution_amount_usd, contribution_id, contribution_pct, facility_id) VALUES (5, 5, '2025-01-27', 100000000, 'USD', 100.5, 5, 100.5, 5);
INSERT INTO l2.limit_contribution_snapshot (limit_rule_id, counterparty_id, as_of_date, contribution_amount, currency_code, contribution_amount_usd, contribution_id, contribution_pct, facility_id) VALUES (6, 6, '2025-01-24', 800000000, 'USD', 100.5, 6, 100.5, 6);
INSERT INTO l2.limit_contribution_snapshot (limit_rule_id, counterparty_id, as_of_date, contribution_amount, currency_code, contribution_amount_usd, contribution_id, contribution_pct, facility_id) VALUES (7, 7, '2025-01-23', 300000000, 'USD', 100.5, 7, 100.5, 7);
INSERT INTO l2.limit_contribution_snapshot (limit_rule_id, counterparty_id, as_of_date, contribution_amount, currency_code, contribution_amount_usd, contribution_id, contribution_pct, facility_id) VALUES (8, 8, '2025-01-22', 50000000, 'USD', 100.5, 8, 100.5, 8);
INSERT INTO l2.limit_contribution_snapshot (limit_rule_id, counterparty_id, as_of_date, contribution_amount, currency_code, contribution_amount_usd, contribution_id, contribution_pct, facility_id) VALUES (9, 9, '2025-01-21', 400000000, 'USD', 100.5, 9, 100.5, 9);
INSERT INTO l2.limit_contribution_snapshot (limit_rule_id, counterparty_id, as_of_date, contribution_amount, currency_code, contribution_amount_usd, contribution_id, contribution_pct, facility_id) VALUES (10, 10, '2025-01-20', 1500000000, 'USD', 100.5, 10, 100.5, 10);
INSERT INTO l2.limit_contribution_snapshot (limit_rule_id, counterparty_id, as_of_date, contribution_amount, currency_code, contribution_amount_usd, contribution_id, contribution_pct, facility_id) VALUES (1, 1, '2025-01-17', 200000000, 'USD', 100.5, 11, 100.5, 11);
INSERT INTO l2.limit_contribution_snapshot (limit_rule_id, counterparty_id, as_of_date, contribution_amount, currency_code, contribution_amount_usd, contribution_id, contribution_pct, facility_id) VALUES (2, 2, '2025-01-16', 350000000, 'USD', 100.5, 12, 100.5, 12);

-- limit_utilization_event
INSERT INTO l2.limit_utilization_event (limit_rule_id, as_of_date, counterparty_id, utilized_amount, available_amount, reporting_ts, utilization_event_id, utilized_amount_usd) VALUES (1, '2025-01-31', 1, 120000000, 380000000, '2025-01-15 12:00:00', 1, 120000000);
INSERT INTO l2.limit_utilization_event (limit_rule_id, as_of_date, counterparty_id, utilized_amount, available_amount, reporting_ts, utilization_event_id, utilized_amount_usd) VALUES (2, '2025-01-30', 2, 450000000, 550000000, '2025-01-15 12:00:00', 2, 450000000);
INSERT INTO l2.limit_utilization_event (limit_rule_id, as_of_date, counterparty_id, utilized_amount, available_amount, reporting_ts, utilization_event_id, utilized_amount_usd) VALUES (3, '2025-01-29', 3, 0, 750000000, '2025-01-15 12:00:00', 3, 0);
INSERT INTO l2.limit_utilization_event (limit_rule_id, as_of_date, counterparty_id, utilized_amount, available_amount, reporting_ts, utilization_event_id, utilized_amount_usd) VALUES (4, '2025-01-28', 4, 1200000000, 800000000, '2025-01-15 12:00:00', 4, 1200000000);
INSERT INTO l2.limit_utilization_event (limit_rule_id, as_of_date, counterparty_id, utilized_amount, available_amount, reporting_ts, utilization_event_id, utilized_amount_usd) VALUES (5, '2025-01-27', 5, 100000000, 300000000, '2025-01-15 12:00:00', 5, 100000000);
INSERT INTO l2.limit_utilization_event (limit_rule_id, as_of_date, counterparty_id, utilized_amount, available_amount, reporting_ts, utilization_event_id, utilized_amount_usd) VALUES (6, '2025-01-24', 6, 800000000, 700000000, '2025-01-15 12:00:00', 6, 800000000);
INSERT INTO l2.limit_utilization_event (limit_rule_id, as_of_date, counterparty_id, utilized_amount, available_amount, reporting_ts, utilization_event_id, utilized_amount_usd) VALUES (7, '2025-01-23', 7, 300000000, 300000000, '2025-01-15 12:00:00', 7, 300000000);
INSERT INTO l2.limit_utilization_event (limit_rule_id, as_of_date, counterparty_id, utilized_amount, available_amount, reporting_ts, utilization_event_id, utilized_amount_usd) VALUES (8, '2025-01-22', 8, 50000000, 300000000, '2025-01-15 12:00:00', 8, 50000000);
INSERT INTO l2.limit_utilization_event (limit_rule_id, as_of_date, counterparty_id, utilized_amount, available_amount, reporting_ts, utilization_event_id, utilized_amount_usd) VALUES (9, '2025-01-21', 9, 400000000, 500000000, '2025-01-15 12:00:00', 9, 400000000);
INSERT INTO l2.limit_utilization_event (limit_rule_id, as_of_date, counterparty_id, utilized_amount, available_amount, reporting_ts, utilization_event_id, utilized_amount_usd) VALUES (10, '2025-01-20', 10, 2100000000, 900000000, '2025-01-15 12:00:00', 10, 2100000000);
INSERT INTO l2.limit_utilization_event (limit_rule_id, as_of_date, counterparty_id, utilized_amount, available_amount, reporting_ts, utilization_event_id, utilized_amount_usd) VALUES (1, '2025-01-17', 1, 200000000, 350000000, '2025-01-15 12:00:00', 11, 200000000);
INSERT INTO l2.limit_utilization_event (limit_rule_id, as_of_date, counterparty_id, utilized_amount, available_amount, reporting_ts, utilization_event_id, utilized_amount_usd) VALUES (2, '2025-01-16', 2, 350000000, 450000000, '2025-01-15 12:00:00', 12, 350000000);

-- amendment_change_detail
INSERT INTO l2.amendment_change_detail (change_detail_id, amendment_id, change_type, old_value, new_value, amendment_event_id, change_currency_code, change_field_name, change_seq) VALUES (1, 1, 'COMMITMENT', 'Prior value', 'New value', 1, 'change_currency_code_1', 'change_field_name_1', 1);
INSERT INTO l2.amendment_change_detail (change_detail_id, amendment_id, change_type, old_value, new_value, amendment_event_id, change_currency_code, change_field_name, change_seq) VALUES (2, 2, 'PRICING', 'Prior value', 'New value', 2, 'change_currency_code_2', 'change_field_name_2', 2);
INSERT INTO l2.amendment_change_detail (change_detail_id, amendment_id, change_type, old_value, new_value, amendment_event_id, change_currency_code, change_field_name, change_seq) VALUES (3, 3, 'MATURITY', 'Prior value', 'New value', 3, 'change_currency_code_3', 'change_field_name_3', 3);
INSERT INTO l2.amendment_change_detail (change_detail_id, amendment_id, change_type, old_value, new_value, amendment_event_id, change_currency_code, change_field_name, change_seq) VALUES (4, 4, 'COVENANT', 'Prior value', 'New value', 4, 'change_currency_code_4', 'change_field_name_4', 4);
INSERT INTO l2.amendment_change_detail (change_detail_id, amendment_id, change_type, old_value, new_value, amendment_event_id, change_currency_code, change_field_name, change_seq) VALUES (5, 5, 'PARTY', 'Prior value', 'New value', 5, 'change_currency_code_5', 'change_field_name_5', 5);
INSERT INTO l2.amendment_change_detail (change_detail_id, amendment_id, change_type, old_value, new_value, amendment_event_id, change_currency_code, change_field_name, change_seq) VALUES (6, 6, 'COMMITMENT', 'Prior value', 'New value', 6, 'change_currency_code_6', 'change_field_name_6', 6);
INSERT INTO l2.amendment_change_detail (change_detail_id, amendment_id, change_type, old_value, new_value, amendment_event_id, change_currency_code, change_field_name, change_seq) VALUES (7, 7, 'PRICING', 'Prior value', 'New value', 7, 'change_currency_code_7', 'change_field_name_7', 7);
INSERT INTO l2.amendment_change_detail (change_detail_id, amendment_id, change_type, old_value, new_value, amendment_event_id, change_currency_code, change_field_name, change_seq) VALUES (8, 8, 'MATURITY', 'Prior value', 'New value', 8, 'change_currency_code_8', 'change_field_name_8', 8);
INSERT INTO l2.amendment_change_detail (change_detail_id, amendment_id, change_type, old_value, new_value, amendment_event_id, change_currency_code, change_field_name, change_seq) VALUES (9, 9, 'COVENANT', 'Prior value', 'New value', 9, 'change_currency_code_9', 'change_field_name_9', 9);
INSERT INTO l2.amendment_change_detail (change_detail_id, amendment_id, change_type, old_value, new_value, amendment_event_id, change_currency_code, change_field_name, change_seq) VALUES (10, 10, 'PARTY', 'Prior value', 'New value', 10, 'change_currency_code_10', 'change_field_name_10', 10);
INSERT INTO l2.amendment_change_detail (change_detail_id, amendment_id, change_type, old_value, new_value, amendment_event_id, change_currency_code, change_field_name, change_seq) VALUES (11, 11, 'COMMITMENT', 'Prior value', 'New value', 11, 'change_currency_code_11', 'change_field_name_11', 11);
INSERT INTO l2.amendment_change_detail (change_detail_id, amendment_id, change_type, old_value, new_value, amendment_event_id, change_currency_code, change_field_name, change_seq) VALUES (12, 12, 'PRICING', 'Prior value', 'New value', 12, 'change_currency_code_12', 'change_field_name_12', 12);

-- amendment_event
INSERT INTO l2.amendment_event (amendment_id, facility_id, credit_agreement_id, amendment_type_code, amendment_status_code, effective_date, event_ts, amendment_description, amendment_event_id, amendment_status, amendment_subtype, amendment_type, as_of_date, completed_date, counterparty_id, identified_date, last_updated_ts) VALUES (1, 1, 1, 'INCREASE', 'EFFECTIVE', '2024-11-01', '2025-01-15 14:30:00', 'amendment_description_1', 1, 'amendment_status_1', 'amendment_subtype_1', 'amendment_type_1', '2025-01-31', '2025-01-31', 1, '2025-01-31', '2025-01-15 12:00:00');
INSERT INTO l2.amendment_event (amendment_id, facility_id, credit_agreement_id, amendment_type_code, amendment_status_code, effective_date, event_ts, amendment_description, amendment_event_id, amendment_status, amendment_subtype, amendment_type, as_of_date, completed_date, counterparty_id, identified_date, last_updated_ts) VALUES (2, 2, 2, 'EXTENSION', 'COMPLETED', '2024-12-15', '2025-01-15 14:30:00', 'amendment_description_2', 2, 'amendment_status_2', 'amendment_subtype_2', 'amendment_type_2', '2025-01-31', '2025-01-31', 2, '2025-01-31', '2025-01-15 12:00:00');
INSERT INTO l2.amendment_event (amendment_id, facility_id, credit_agreement_id, amendment_type_code, amendment_status_code, effective_date, event_ts, amendment_description, amendment_event_id, amendment_status, amendment_subtype, amendment_type, as_of_date, completed_date, counterparty_id, identified_date, last_updated_ts) VALUES (3, 3, 3, 'PRICING', 'APPROVED', '2025-01-01', '2025-01-15 14:30:00', 'amendment_description_3', 3, 'amendment_status_3', 'amendment_subtype_3', 'amendment_type_3', '2025-01-31', '2025-01-31', 3, '2025-01-31', '2025-01-15 12:00:00');
INSERT INTO l2.amendment_event (amendment_id, facility_id, credit_agreement_id, amendment_type_code, amendment_status_code, effective_date, event_ts, amendment_description, amendment_event_id, amendment_status, amendment_subtype, amendment_type, as_of_date, completed_date, counterparty_id, identified_date, last_updated_ts) VALUES (4, 4, 4, 'COVENANT', 'EFFECTIVE', '2024-10-20', '2025-01-15 14:30:00', 'amendment_description_4', 4, 'amendment_status_4', 'amendment_subtype_4', 'amendment_type_4', '2025-01-31', '2025-01-31', 4, '2025-01-31', '2025-01-15 12:00:00');
INSERT INTO l2.amendment_event (amendment_id, facility_id, credit_agreement_id, amendment_type_code, amendment_status_code, effective_date, event_ts, amendment_description, amendment_event_id, amendment_status, amendment_subtype, amendment_type, as_of_date, completed_date, counterparty_id, identified_date, last_updated_ts) VALUES (5, 5, 5, 'PARTY', 'PENDING', '2025-02-01', '2025-01-15 14:30:00', 'amendment_description_5', 5, 'amendment_status_5', 'amendment_subtype_5', 'amendment_type_5', '2025-01-31', '2025-01-31', 5, '2025-01-31', '2025-01-15 12:00:00');
INSERT INTO l2.amendment_event (amendment_id, facility_id, credit_agreement_id, amendment_type_code, amendment_status_code, effective_date, event_ts, amendment_description, amendment_event_id, amendment_status, amendment_subtype, amendment_type, as_of_date, completed_date, counterparty_id, identified_date, last_updated_ts) VALUES (6, 6, 6, 'FACILITY', 'COMPLETED', '2024-09-01', '2025-01-15 14:30:00', 'amendment_description_6', 6, 'amendment_status_6', 'amendment_subtype_6', 'amendment_type_6', '2025-01-31', '2025-01-31', 6, '2025-01-31', '2025-01-15 12:00:00');
INSERT INTO l2.amendment_event (amendment_id, facility_id, credit_agreement_id, amendment_type_code, amendment_status_code, effective_date, event_ts, amendment_description, amendment_event_id, amendment_status, amendment_subtype, amendment_type, as_of_date, completed_date, counterparty_id, identified_date, last_updated_ts) VALUES (7, 7, 7, 'SECURITY', 'EFFECTIVE', '2025-01-15', '2025-01-15 14:30:00', 'amendment_description_7', 7, 'amendment_status_7', 'amendment_subtype_7', 'amendment_type_7', '2025-01-31', '2025-01-31', 7, '2025-01-31', '2025-01-15 12:00:00');
INSERT INTO l2.amendment_event (amendment_id, facility_id, credit_agreement_id, amendment_type_code, amendment_status_code, effective_date, event_ts, amendment_description, amendment_event_id, amendment_status, amendment_subtype, amendment_type, as_of_date, completed_date, counterparty_id, identified_date, last_updated_ts) VALUES (8, 8, 8, 'OTHER', 'APPROVED', '2024-08-01', '2025-01-15 14:30:00', 'amendment_description_8', 8, 'amendment_status_8', 'amendment_subtype_8', 'amendment_type_8', '2025-01-31', '2025-01-31', 8, '2025-01-31', '2025-01-15 12:00:00');
INSERT INTO l2.amendment_event (amendment_id, facility_id, credit_agreement_id, amendment_type_code, amendment_status_code, effective_date, event_ts, amendment_description, amendment_event_id, amendment_status, amendment_subtype, amendment_type, as_of_date, completed_date, counterparty_id, identified_date, last_updated_ts) VALUES (9, 9, 9, 'INCREASE', 'COMPLETED', '2024-12-01', '2025-01-15 14:30:00', 'amendment_description_9', 9, 'amendment_status_9', 'amendment_subtype_9', 'amendment_type_9', '2025-01-31', '2025-01-31', 9, '2025-01-31', '2025-01-15 12:00:00');
INSERT INTO l2.amendment_event (amendment_id, facility_id, credit_agreement_id, amendment_type_code, amendment_status_code, effective_date, event_ts, amendment_description, amendment_event_id, amendment_status, amendment_subtype, amendment_type, as_of_date, completed_date, counterparty_id, identified_date, last_updated_ts) VALUES (10, 10, 10, 'EXTENSION', 'EFFECTIVE', '2025-01-10', '2025-01-15 14:30:00', 'amendment_description_10', 10, 'amendment_status_10', 'amendment_subtype_10', 'amendment_type_10', '2025-01-31', '2025-01-31', 10, '2025-01-31', '2025-01-15 12:00:00');
INSERT INTO l2.amendment_event (amendment_id, facility_id, credit_agreement_id, amendment_type_code, amendment_status_code, effective_date, event_ts, amendment_description, amendment_event_id, amendment_status, amendment_subtype, amendment_type, as_of_date, completed_date, counterparty_id, identified_date, last_updated_ts) VALUES (11, 1, 1, 'PRICING', 'PENDING', '2025-02-15', '2025-01-15 14:30:00', 'amendment_description_11', 11, 'amendment_status_11', 'amendment_subtype_11', 'amendment_type_11', '2025-01-31', '2025-01-31', 11, '2025-01-31', '2025-01-15 12:00:00');
INSERT INTO l2.amendment_event (amendment_id, facility_id, credit_agreement_id, amendment_type_code, amendment_status_code, effective_date, event_ts, amendment_description, amendment_event_id, amendment_status, amendment_subtype, amendment_type, as_of_date, completed_date, counterparty_id, identified_date, last_updated_ts) VALUES (12, 2, 2, 'COVENANT', 'EFFECTIVE', '2024-07-15', '2025-01-15 14:30:00', 'amendment_description_12', 12, 'amendment_status_12', 'amendment_subtype_12', 'amendment_type_12', '2025-01-31', '2025-01-31', 12, '2025-01-31', '2025-01-15 12:00:00');

-- credit_event
INSERT INTO l2.credit_event (credit_event_id, counterparty_id, credit_event_type_code, event_date, event_ts, default_definition_id, as_of_date, event_risk_rating, event_status, event_summary, loss_amount_usd, recovery_amount_usd) VALUES (1, 1, 1, '2025-01-31', '2025-01-15 10:00:00', 1, '2025-01-31', 'event_risk_rating_1', 'event_status_1', 'event_summary_1', 100.5, 100.5);
INSERT INTO l2.credit_event (credit_event_id, counterparty_id, credit_event_type_code, event_date, event_ts, default_definition_id, as_of_date, event_risk_rating, event_status, event_summary, loss_amount_usd, recovery_amount_usd) VALUES (2, 2, 2, '2025-01-30', '2025-01-15 10:00:00', 2, '2025-01-31', 'event_risk_rating_2', 'event_status_2', 'event_summary_2', 100.5, 100.5);
INSERT INTO l2.credit_event (credit_event_id, counterparty_id, credit_event_type_code, event_date, event_ts, default_definition_id, as_of_date, event_risk_rating, event_status, event_summary, loss_amount_usd, recovery_amount_usd) VALUES (3, 3, 3, '2025-01-29', '2025-01-15 10:00:00', 3, '2025-01-31', 'event_risk_rating_3', 'event_status_3', 'event_summary_3', 100.5, 100.5);
INSERT INTO l2.credit_event (credit_event_id, counterparty_id, credit_event_type_code, event_date, event_ts, default_definition_id, as_of_date, event_risk_rating, event_status, event_summary, loss_amount_usd, recovery_amount_usd) VALUES (4, 4, 4, '2025-01-28', '2025-01-15 10:00:00', 4, '2025-01-31', 'event_risk_rating_4', 'event_status_4', 'event_summary_4', 100.5, 100.5);
INSERT INTO l2.credit_event (credit_event_id, counterparty_id, credit_event_type_code, event_date, event_ts, default_definition_id, as_of_date, event_risk_rating, event_status, event_summary, loss_amount_usd, recovery_amount_usd) VALUES (5, 5, 5, '2025-01-27', '2025-01-15 10:00:00', 5, '2025-01-31', 'event_risk_rating_5', 'event_status_5', 'event_summary_5', 100.5, 100.5);
INSERT INTO l2.credit_event (credit_event_id, counterparty_id, credit_event_type_code, event_date, event_ts, default_definition_id, as_of_date, event_risk_rating, event_status, event_summary, loss_amount_usd, recovery_amount_usd) VALUES (6, 6, 6, '2025-01-24', '2025-01-15 10:00:00', 6, '2025-01-31', 'event_risk_rating_6', 'event_status_6', 'event_summary_6', 100.5, 100.5);
INSERT INTO l2.credit_event (credit_event_id, counterparty_id, credit_event_type_code, event_date, event_ts, default_definition_id, as_of_date, event_risk_rating, event_status, event_summary, loss_amount_usd, recovery_amount_usd) VALUES (7, 7, 7, '2025-01-23', '2025-01-15 10:00:00', 7, '2025-01-31', 'event_risk_rating_7', 'event_status_7', 'event_summary_7', 100.5, 100.5);
INSERT INTO l2.credit_event (credit_event_id, counterparty_id, credit_event_type_code, event_date, event_ts, default_definition_id, as_of_date, event_risk_rating, event_status, event_summary, loss_amount_usd, recovery_amount_usd) VALUES (8, 8, 8, '2025-01-22', '2025-01-15 10:00:00', 8, '2025-01-31', 'event_risk_rating_8', 'event_status_8', 'event_summary_8', 100.5, 100.5);
INSERT INTO l2.credit_event (credit_event_id, counterparty_id, credit_event_type_code, event_date, event_ts, default_definition_id, as_of_date, event_risk_rating, event_status, event_summary, loss_amount_usd, recovery_amount_usd) VALUES (9, 9, 9, '2025-01-21', '2025-01-15 10:00:00', 9, '2025-01-31', 'event_risk_rating_9', 'event_status_9', 'event_summary_9', 100.5, 100.5);
INSERT INTO l2.credit_event (credit_event_id, counterparty_id, credit_event_type_code, event_date, event_ts, default_definition_id, as_of_date, event_risk_rating, event_status, event_summary, loss_amount_usd, recovery_amount_usd) VALUES (10, 10, 10, '2025-01-20', '2025-01-15 10:00:00', 10, '2025-01-31', 'event_risk_rating_10', 'event_status_10', 'event_summary_10', 100.5, 100.5);
INSERT INTO l2.credit_event (credit_event_id, counterparty_id, credit_event_type_code, event_date, event_ts, default_definition_id, as_of_date, event_risk_rating, event_status, event_summary, loss_amount_usd, recovery_amount_usd) VALUES (11, 1, 1, '2025-01-17', '2025-01-15 10:00:00', 1, '2025-01-31', 'event_risk_rating_11', 'event_status_11', 'event_summary_11', 100.5, 100.5);
INSERT INTO l2.credit_event (credit_event_id, counterparty_id, credit_event_type_code, event_date, event_ts, default_definition_id, as_of_date, event_risk_rating, event_status, event_summary, loss_amount_usd, recovery_amount_usd) VALUES (12, 2, 2, '2025-01-16', '2025-01-15 10:00:00', 2, '2025-01-31', 'event_risk_rating_12', 'event_status_12', 'event_summary_12', 100.5, 100.5);

-- credit_event_facility_link
INSERT INTO l2.credit_event_facility_link (link_id, credit_event_id, facility_id, exposure_at_default, as_of_date, estimated_loss_usd, impact_pct) VALUES (1, 1, 1, 120000000, '2025-01-31', 100.5, 100.5);
INSERT INTO l2.credit_event_facility_link (link_id, credit_event_id, facility_id, exposure_at_default, as_of_date, estimated_loss_usd, impact_pct) VALUES (2, 2, 2, 450000000, '2025-01-31', 100.5, 100.5);
INSERT INTO l2.credit_event_facility_link (link_id, credit_event_id, facility_id, exposure_at_default, as_of_date, estimated_loss_usd, impact_pct) VALUES (3, 3, 3, 800000000, '2025-01-31', 100.5, 100.5);
INSERT INTO l2.credit_event_facility_link (link_id, credit_event_id, facility_id, exposure_at_default, as_of_date, estimated_loss_usd, impact_pct) VALUES (4, 4, 4, 0, '2025-01-31', 100.5, 100.5);
INSERT INTO l2.credit_event_facility_link (link_id, credit_event_id, facility_id, exposure_at_default, as_of_date, estimated_loss_usd, impact_pct) VALUES (5, 5, 5, 275000000, '2025-01-31', 100.5, 100.5);
INSERT INTO l2.credit_event_facility_link (link_id, credit_event_id, facility_id, exposure_at_default, as_of_date, estimated_loss_usd, impact_pct) VALUES (6, 6, 6, 1200000000, '2025-01-31', 100.5, 100.5);
INSERT INTO l2.credit_event_facility_link (link_id, credit_event_id, facility_id, exposure_at_default, as_of_date, estimated_loss_usd, impact_pct) VALUES (7, 7, 7, 0, '2025-01-31', 100.5, 100.5);
INSERT INTO l2.credit_event_facility_link (link_id, credit_event_id, facility_id, exposure_at_default, as_of_date, estimated_loss_usd, impact_pct) VALUES (8, 8, 8, 90000000, '2025-01-31', 100.5, 100.5);
INSERT INTO l2.credit_event_facility_link (link_id, credit_event_id, facility_id, exposure_at_default, as_of_date, estimated_loss_usd, impact_pct) VALUES (9, 9, 9, 600000000, '2025-01-31', 100.5, 100.5);
INSERT INTO l2.credit_event_facility_link (link_id, credit_event_id, facility_id, exposure_at_default, as_of_date, estimated_loss_usd, impact_pct) VALUES (10, 10, 10, 2100000000, '2025-01-31', 100.5, 100.5);
INSERT INTO l2.credit_event_facility_link (link_id, credit_event_id, facility_id, exposure_at_default, as_of_date, estimated_loss_usd, impact_pct) VALUES (11, 11, 1, 350000000, '2025-01-31', 100.5, 100.5);
INSERT INTO l2.credit_event_facility_link (link_id, credit_event_id, facility_id, exposure_at_default, as_of_date, estimated_loss_usd, impact_pct) VALUES (12, 12, 2, 0, '2025-01-31', 100.5, 100.5);

-- stress_test_breach
INSERT INTO l2.stress_test_breach (breach_id, scenario_id, as_of_date, limit_rule_id, counterparty_id, breach_amount, breach_amount_usd, breach_severity, control_description, control_owner, failure_description, lob_segment_id, stress_test_result_id) VALUES (1, 1, '2025-01-31', 1, 1, 5000000, 100.5, 'breach_severity_1', 'control_description_1', 'control_owner_1', 'failure_description_1', 1, 1);
INSERT INTO l2.stress_test_breach (breach_id, scenario_id, as_of_date, limit_rule_id, counterparty_id, breach_amount, breach_amount_usd, breach_severity, control_description, control_owner, failure_description, lob_segment_id, stress_test_result_id) VALUES (2, 2, '2025-01-30', 2, 2, 0, 100.5, 'breach_severity_2', 'control_description_2', 'control_owner_2', 'failure_description_2', 2, 2);
INSERT INTO l2.stress_test_breach (breach_id, scenario_id, as_of_date, limit_rule_id, counterparty_id, breach_amount, breach_amount_usd, breach_severity, control_description, control_owner, failure_description, lob_segment_id, stress_test_result_id) VALUES (3, 3, '2025-01-29', 3, 3, 12000000, 100.5, 'breach_severity_3', 'control_description_3', 'control_owner_3', 'failure_description_3', 3, 3);
INSERT INTO l2.stress_test_breach (breach_id, scenario_id, as_of_date, limit_rule_id, counterparty_id, breach_amount, breach_amount_usd, breach_severity, control_description, control_owner, failure_description, lob_segment_id, stress_test_result_id) VALUES (4, 4, '2025-01-28', 4, 4, 0, 100.5, 'breach_severity_4', 'control_description_4', 'control_owner_4', 'failure_description_4', 4, 4);
INSERT INTO l2.stress_test_breach (breach_id, scenario_id, as_of_date, limit_rule_id, counterparty_id, breach_amount, breach_amount_usd, breach_severity, control_description, control_owner, failure_description, lob_segment_id, stress_test_result_id) VALUES (5, 5, '2025-01-27', 5, 5, 3000000, 100.5, 'breach_severity_5', 'control_description_5', 'control_owner_5', 'failure_description_5', 5, 5);
INSERT INTO l2.stress_test_breach (breach_id, scenario_id, as_of_date, limit_rule_id, counterparty_id, breach_amount, breach_amount_usd, breach_severity, control_description, control_owner, failure_description, lob_segment_id, stress_test_result_id) VALUES (6, 6, '2025-01-24', 6, 6, 0, 100.5, 'breach_severity_6', 'control_description_6', 'control_owner_6', 'failure_description_6', 6, 6);
INSERT INTO l2.stress_test_breach (breach_id, scenario_id, as_of_date, limit_rule_id, counterparty_id, breach_amount, breach_amount_usd, breach_severity, control_description, control_owner, failure_description, lob_segment_id, stress_test_result_id) VALUES (7, 7, '2025-01-23', 7, 7, 8000000, 100.5, 'breach_severity_7', 'control_description_7', 'control_owner_7', 'failure_description_7', 7, 7);
INSERT INTO l2.stress_test_breach (breach_id, scenario_id, as_of_date, limit_rule_id, counterparty_id, breach_amount, breach_amount_usd, breach_severity, control_description, control_owner, failure_description, lob_segment_id, stress_test_result_id) VALUES (8, 8, '2025-01-22', 8, 8, 0, 100.5, 'breach_severity_8', 'control_description_8', 'control_owner_8', 'failure_description_8', 8, 8);
INSERT INTO l2.stress_test_breach (breach_id, scenario_id, as_of_date, limit_rule_id, counterparty_id, breach_amount, breach_amount_usd, breach_severity, control_description, control_owner, failure_description, lob_segment_id, stress_test_result_id) VALUES (9, 9, '2025-01-21', 9, 9, 0, 100.5, 'breach_severity_9', 'control_description_9', 'control_owner_9', 'failure_description_9', 9, 9);
INSERT INTO l2.stress_test_breach (breach_id, scenario_id, as_of_date, limit_rule_id, counterparty_id, breach_amount, breach_amount_usd, breach_severity, control_description, control_owner, failure_description, lob_segment_id, stress_test_result_id) VALUES (10, 10, '2025-01-20', 10, 10, 15000000, 100.5, 'breach_severity_10', 'control_description_10', 'control_owner_10', 'failure_description_10', 10, 10);
INSERT INTO l2.stress_test_breach (breach_id, scenario_id, as_of_date, limit_rule_id, counterparty_id, breach_amount, breach_amount_usd, breach_severity, control_description, control_owner, failure_description, lob_segment_id, stress_test_result_id) VALUES (11, 1, '2025-01-17', 1, 1, 0, 100.5, 'breach_severity_11', 'control_description_11', 'control_owner_11', 'failure_description_11', 11, 11);
INSERT INTO l2.stress_test_breach (breach_id, scenario_id, as_of_date, limit_rule_id, counterparty_id, breach_amount, breach_amount_usd, breach_severity, control_description, control_owner, failure_description, lob_segment_id, stress_test_result_id) VALUES (12, 2, '2025-01-16', 2, 2, 2000000, 100.5, 'breach_severity_12', 'control_description_12', 'control_owner_12', 'failure_description_12', 12, 12);

-- stress_test_result
INSERT INTO l2.stress_test_result (result_id, scenario_id, as_of_date, portfolio_id, loss_amount, pnl_impact, capital_impact_pct, execution_date, expected_loss_usd, result_description, result_status, scenario_type, stress_test_result_id, total_breaches, total_exposure_usd) VALUES (1, 1, '2025-01-31', 1, 10000000, -10000000, 100.5, '2025-01-31', 100.5, 'result_description_1', 'result_status_1', 'scenario_type_1', 1, 1, 100.5);
INSERT INTO l2.stress_test_result (result_id, scenario_id, as_of_date, portfolio_id, loss_amount, pnl_impact, capital_impact_pct, execution_date, expected_loss_usd, result_description, result_status, scenario_type, stress_test_result_id, total_breaches, total_exposure_usd) VALUES (2, 2, '2025-01-30', 2, 25000000, -25000000, 100.5, '2025-01-31', 100.5, 'result_description_2', 'result_status_2', 'scenario_type_2', 2, 2, 100.5);
INSERT INTO l2.stress_test_result (result_id, scenario_id, as_of_date, portfolio_id, loss_amount, pnl_impact, capital_impact_pct, execution_date, expected_loss_usd, result_description, result_status, scenario_type, stress_test_result_id, total_breaches, total_exposure_usd) VALUES (3, 3, '2025-01-29', 3, 5000000, -5000000, 100.5, '2025-01-31', 100.5, 'result_description_3', 'result_status_3', 'scenario_type_3', 3, 3, 100.5);
INSERT INTO l2.stress_test_result (result_id, scenario_id, as_of_date, portfolio_id, loss_amount, pnl_impact, capital_impact_pct, execution_date, expected_loss_usd, result_description, result_status, scenario_type, stress_test_result_id, total_breaches, total_exposure_usd) VALUES (4, 4, '2025-01-28', 4, 50000000, -50000000, 100.5, '2025-01-31', 100.5, 'result_description_4', 'result_status_4', 'scenario_type_4', 4, 4, 100.5);
INSERT INTO l2.stress_test_result (result_id, scenario_id, as_of_date, portfolio_id, loss_amount, pnl_impact, capital_impact_pct, execution_date, expected_loss_usd, result_description, result_status, scenario_type, stress_test_result_id, total_breaches, total_exposure_usd) VALUES (5, 5, '2025-01-27', 5, 15000000, -15000000, 100.5, '2025-01-31', 100.5, 'result_description_5', 'result_status_5', 'scenario_type_5', 5, 5, 100.5);
INSERT INTO l2.stress_test_result (result_id, scenario_id, as_of_date, portfolio_id, loss_amount, pnl_impact, capital_impact_pct, execution_date, expected_loss_usd, result_description, result_status, scenario_type, stress_test_result_id, total_breaches, total_exposure_usd) VALUES (6, 6, '2025-01-24', 6, 30000000, -30000000, 100.5, '2025-01-31', 100.5, 'result_description_6', 'result_status_6', 'scenario_type_6', 6, 6, 100.5);
INSERT INTO l2.stress_test_result (result_id, scenario_id, as_of_date, portfolio_id, loss_amount, pnl_impact, capital_impact_pct, execution_date, expected_loss_usd, result_description, result_status, scenario_type, stress_test_result_id, total_breaches, total_exposure_usd) VALUES (7, 7, '2025-01-23', 7, 8000000, -8000000, 100.5, '2025-01-31', 100.5, 'result_description_7', 'result_status_7', 'scenario_type_7', 7, 7, 100.5);
INSERT INTO l2.stress_test_result (result_id, scenario_id, as_of_date, portfolio_id, loss_amount, pnl_impact, capital_impact_pct, execution_date, expected_loss_usd, result_description, result_status, scenario_type, stress_test_result_id, total_breaches, total_exposure_usd) VALUES (8, 8, '2025-01-22', 8, 40000000, -40000000, 100.5, '2025-01-31', 100.5, 'result_description_8', 'result_status_8', 'scenario_type_8', 8, 8, 100.5);
INSERT INTO l2.stress_test_result (result_id, scenario_id, as_of_date, portfolio_id, loss_amount, pnl_impact, capital_impact_pct, execution_date, expected_loss_usd, result_description, result_status, scenario_type, stress_test_result_id, total_breaches, total_exposure_usd) VALUES (9, 9, '2025-01-21', 9, 12000000, -12000000, 100.5, '2025-01-31', 100.5, 'result_description_9', 'result_status_9', 'scenario_type_9', 9, 9, 100.5);
INSERT INTO l2.stress_test_result (result_id, scenario_id, as_of_date, portfolio_id, loss_amount, pnl_impact, capital_impact_pct, execution_date, expected_loss_usd, result_description, result_status, scenario_type, stress_test_result_id, total_breaches, total_exposure_usd) VALUES (10, 10, '2025-01-20', 10, 60000000, -60000000, 100.5, '2025-01-31', 100.5, 'result_description_10', 'result_status_10', 'scenario_type_10', 10, 10, 100.5);
INSERT INTO l2.stress_test_result (result_id, scenario_id, as_of_date, portfolio_id, loss_amount, pnl_impact, capital_impact_pct, execution_date, expected_loss_usd, result_description, result_status, scenario_type, stress_test_result_id, total_breaches, total_exposure_usd) VALUES (11, 1, '2025-01-17', 1, 7000000, -7000000, 100.5, '2025-01-31', 100.5, 'result_description_11', 'result_status_11', 'scenario_type_11', 11, 11, 100.5);
INSERT INTO l2.stress_test_result (result_id, scenario_id, as_of_date, portfolio_id, loss_amount, pnl_impact, capital_impact_pct, execution_date, expected_loss_usd, result_description, result_status, scenario_type, stress_test_result_id, total_breaches, total_exposure_usd) VALUES (12, 2, '2025-01-16', 2, 20000000, -20000000, 100.5, '2025-01-31', 100.5, 'result_description_12', 'result_status_12', 'scenario_type_12', 12, 12, 100.5);

-- deal_pipeline_fact
INSERT INTO l2.deal_pipeline_fact (pipeline_id, counterparty_id, as_of_date, stage_code, proposed_amount, currency_code, expected_all_in_rate_pct, expected_close_date, expected_committed_amt, expected_coverage_ratio, expected_exposure_amt, expected_internal_risk_grade, expected_spread_bps, expected_tenor_months, facility_id, lob_segment_id, pipeline_deal_id, pipeline_stage, pipeline_status, record_level_code) VALUES (1, 1, '2025-01-31', 'PITCH', 100000000, 'USD', 100.5, '2025-01-31', 100.5, 100.5, 100.5, 'expected_internal_risk_grade_1', 100.5, 'expected_tenor_months_1', 1, 1, 1, 'pipeline_stage_1', 'pipeline_status_1', 'record_level_code_1');
INSERT INTO l2.deal_pipeline_fact (pipeline_id, counterparty_id, as_of_date, stage_code, proposed_amount, currency_code, expected_all_in_rate_pct, expected_close_date, expected_committed_amt, expected_coverage_ratio, expected_exposure_amt, expected_internal_risk_grade, expected_spread_bps, expected_tenor_months, facility_id, lob_segment_id, pipeline_deal_id, pipeline_stage, pipeline_status, record_level_code) VALUES (2, 2, '2025-01-30', 'TERM_SHEET', 250000000, 'USD', 100.5, '2025-01-31', 100.5, 100.5, 100.5, 'expected_internal_risk_grade_2', 100.5, 'expected_tenor_months_2', 2, 2, 2, 'pipeline_stage_2', 'pipeline_status_2', 'record_level_code_2');
INSERT INTO l2.deal_pipeline_fact (pipeline_id, counterparty_id, as_of_date, stage_code, proposed_amount, currency_code, expected_all_in_rate_pct, expected_close_date, expected_committed_amt, expected_coverage_ratio, expected_exposure_amt, expected_internal_risk_grade, expected_spread_bps, expected_tenor_months, facility_id, lob_segment_id, pipeline_deal_id, pipeline_stage, pipeline_status, record_level_code) VALUES (3, 3, '2025-01-29', 'DOCS', 500000000, 'USD', 100.5, '2025-01-31', 100.5, 100.5, 100.5, 'expected_internal_risk_grade_3', 100.5, 'expected_tenor_months_3', 3, 3, 3, 'pipeline_stage_3', 'pipeline_status_3', 'record_level_code_3');
INSERT INTO l2.deal_pipeline_fact (pipeline_id, counterparty_id, as_of_date, stage_code, proposed_amount, currency_code, expected_all_in_rate_pct, expected_close_date, expected_committed_amt, expected_coverage_ratio, expected_exposure_amt, expected_internal_risk_grade, expected_spread_bps, expected_tenor_months, facility_id, lob_segment_id, pipeline_deal_id, pipeline_stage, pipeline_status, record_level_code) VALUES (4, 4, '2025-01-28', 'CLOSING', 75000000, 'USD', 100.5, '2025-01-31', 100.5, 100.5, 100.5, 'expected_internal_risk_grade_4', 100.5, 'expected_tenor_months_4', 4, 4, 4, 'pipeline_stage_4', 'pipeline_status_4', 'record_level_code_4');
INSERT INTO l2.deal_pipeline_fact (pipeline_id, counterparty_id, as_of_date, stage_code, proposed_amount, currency_code, expected_all_in_rate_pct, expected_close_date, expected_committed_amt, expected_coverage_ratio, expected_exposure_amt, expected_internal_risk_grade, expected_spread_bps, expected_tenor_months, facility_id, lob_segment_id, pipeline_deal_id, pipeline_stage, pipeline_status, record_level_code) VALUES (5, 5, '2025-01-27', 'PITCH', 300000000, 'USD', 100.5, '2025-01-31', 100.5, 100.5, 100.5, 'expected_internal_risk_grade_5', 100.5, 'expected_tenor_months_5', 5, 5, 5, 'pipeline_stage_5', 'pipeline_status_5', 'record_level_code_5');
INSERT INTO l2.deal_pipeline_fact (pipeline_id, counterparty_id, as_of_date, stage_code, proposed_amount, currency_code, expected_all_in_rate_pct, expected_close_date, expected_committed_amt, expected_coverage_ratio, expected_exposure_amt, expected_internal_risk_grade, expected_spread_bps, expected_tenor_months, facility_id, lob_segment_id, pipeline_deal_id, pipeline_stage, pipeline_status, record_level_code) VALUES (6, 6, '2025-01-24', 'TERM_SHEET', 150000000, 'USD', 100.5, '2025-01-31', 100.5, 100.5, 100.5, 'expected_internal_risk_grade_6', 100.5, 'expected_tenor_months_6', 6, 6, 6, 'pipeline_stage_6', 'pipeline_status_6', 'record_level_code_6');
INSERT INTO l2.deal_pipeline_fact (pipeline_id, counterparty_id, as_of_date, stage_code, proposed_amount, currency_code, expected_all_in_rate_pct, expected_close_date, expected_committed_amt, expected_coverage_ratio, expected_exposure_amt, expected_internal_risk_grade, expected_spread_bps, expected_tenor_months, facility_id, lob_segment_id, pipeline_deal_id, pipeline_stage, pipeline_status, record_level_code) VALUES (7, 7, '2025-01-23', 'DOCS', 400000000, 'USD', 100.5, '2025-01-31', 100.5, 100.5, 100.5, 'expected_internal_risk_grade_7', 100.5, 'expected_tenor_months_7', 7, 7, 7, 'pipeline_stage_7', 'pipeline_status_7', 'record_level_code_7');
INSERT INTO l2.deal_pipeline_fact (pipeline_id, counterparty_id, as_of_date, stage_code, proposed_amount, currency_code, expected_all_in_rate_pct, expected_close_date, expected_committed_amt, expected_coverage_ratio, expected_exposure_amt, expected_internal_risk_grade, expected_spread_bps, expected_tenor_months, facility_id, lob_segment_id, pipeline_deal_id, pipeline_stage, pipeline_status, record_level_code) VALUES (8, 8, '2025-01-22', 'CLOSING', 80000000, 'USD', 100.5, '2025-01-31', 100.5, 100.5, 100.5, 'expected_internal_risk_grade_8', 100.5, 'expected_tenor_months_8', 8, 8, 8, 'pipeline_stage_8', 'pipeline_status_8', 'record_level_code_8');
INSERT INTO l2.deal_pipeline_fact (pipeline_id, counterparty_id, as_of_date, stage_code, proposed_amount, currency_code, expected_all_in_rate_pct, expected_close_date, expected_committed_amt, expected_coverage_ratio, expected_exposure_amt, expected_internal_risk_grade, expected_spread_bps, expected_tenor_months, facility_id, lob_segment_id, pipeline_deal_id, pipeline_stage, pipeline_status, record_level_code) VALUES (9, 9, '2025-01-21', 'PITCH', 200000000, 'USD', 100.5, '2025-01-31', 100.5, 100.5, 100.5, 'expected_internal_risk_grade_9', 100.5, 'expected_tenor_months_9', 9, 9, 9, 'pipeline_stage_9', 'pipeline_status_9', 'record_level_code_9');
INSERT INTO l2.deal_pipeline_fact (pipeline_id, counterparty_id, as_of_date, stage_code, proposed_amount, currency_code, expected_all_in_rate_pct, expected_close_date, expected_committed_amt, expected_coverage_ratio, expected_exposure_amt, expected_internal_risk_grade, expected_spread_bps, expected_tenor_months, facility_id, lob_segment_id, pipeline_deal_id, pipeline_stage, pipeline_status, record_level_code) VALUES (10, 10, '2025-01-20', 'TERM_SHEET', 600000000, 'USD', 100.5, '2025-01-31', 100.5, 100.5, 100.5, 'expected_internal_risk_grade_10', 100.5, 'expected_tenor_months_10', 10, 10, 10, 'pipeline_stage_10', 'pipeline_status_10', 'record_level_code_10');
INSERT INTO l2.deal_pipeline_fact (pipeline_id, counterparty_id, as_of_date, stage_code, proposed_amount, currency_code, expected_all_in_rate_pct, expected_close_date, expected_committed_amt, expected_coverage_ratio, expected_exposure_amt, expected_internal_risk_grade, expected_spread_bps, expected_tenor_months, facility_id, lob_segment_id, pipeline_deal_id, pipeline_stage, pipeline_status, record_level_code) VALUES (11, 1, '2025-01-17', 'DOCS', 90000000, 'USD', 100.5, '2025-01-31', 100.5, 100.5, 100.5, 'expected_internal_risk_grade_11', 100.5, 'expected_tenor_months_11', 11, 11, 11, 'pipeline_stage_11', 'pipeline_status_11', 'record_level_code_11');
INSERT INTO l2.deal_pipeline_fact (pipeline_id, counterparty_id, as_of_date, stage_code, proposed_amount, currency_code, expected_all_in_rate_pct, expected_close_date, expected_committed_amt, expected_coverage_ratio, expected_exposure_amt, expected_internal_risk_grade, expected_spread_bps, expected_tenor_months, facility_id, lob_segment_id, pipeline_deal_id, pipeline_stage, pipeline_status, record_level_code) VALUES (12, 2, '2025-01-16', 'CLOSING', 350000000, 'USD', 100.5, '2025-01-31', 100.5, 100.5, 100.5, 'expected_internal_risk_grade_12', 100.5, 'expected_tenor_months_12', 12, 12, 12, 'pipeline_stage_12', 'pipeline_status_12', 'record_level_code_12');

-- counterparty_rating_observation
INSERT INTO l2.counterparty_rating_observation (observation_id, counterparty_id, as_of_date, rating_grade_id, rating_source_id, is_internal_flag, pd_implied, prior_rating_value, rating_agency, rating_date, rating_type, rating_value) VALUES (1, 1, '2025-01-31', 1, 1, 'Y', 'pd_implied_1', 100.5, 'rating_agency_1', '2025-01-31', 'rating_type_1', 100.5);
INSERT INTO l2.counterparty_rating_observation (observation_id, counterparty_id, as_of_date, rating_grade_id, rating_source_id, is_internal_flag, pd_implied, prior_rating_value, rating_agency, rating_date, rating_type, rating_value) VALUES (2, 2, '2025-01-30', 2, 2, 'N', 'pd_implied_2', 100.5, 'rating_agency_2', '2025-01-31', 'rating_type_2', 100.5);
INSERT INTO l2.counterparty_rating_observation (observation_id, counterparty_id, as_of_date, rating_grade_id, rating_source_id, is_internal_flag, pd_implied, prior_rating_value, rating_agency, rating_date, rating_type, rating_value) VALUES (3, 3, '2025-01-29', 3, 3, 'Y', 'pd_implied_3', 100.5, 'rating_agency_3', '2025-01-31', 'rating_type_3', 100.5);
INSERT INTO l2.counterparty_rating_observation (observation_id, counterparty_id, as_of_date, rating_grade_id, rating_source_id, is_internal_flag, pd_implied, prior_rating_value, rating_agency, rating_date, rating_type, rating_value) VALUES (4, 4, '2025-01-28', 4, 4, 'N', 'pd_implied_4', 100.5, 'rating_agency_4', '2025-01-31', 'rating_type_4', 100.5);
INSERT INTO l2.counterparty_rating_observation (observation_id, counterparty_id, as_of_date, rating_grade_id, rating_source_id, is_internal_flag, pd_implied, prior_rating_value, rating_agency, rating_date, rating_type, rating_value) VALUES (5, 5, '2025-01-27', 5, 5, 'Y', 'pd_implied_5', 100.5, 'rating_agency_5', '2025-01-31', 'rating_type_5', 100.5);
INSERT INTO l2.counterparty_rating_observation (observation_id, counterparty_id, as_of_date, rating_grade_id, rating_source_id, is_internal_flag, pd_implied, prior_rating_value, rating_agency, rating_date, rating_type, rating_value) VALUES (6, 6, '2025-01-24', 6, 6, 'N', 'pd_implied_6', 100.5, 'rating_agency_6', '2025-01-31', 'rating_type_6', 100.5);
INSERT INTO l2.counterparty_rating_observation (observation_id, counterparty_id, as_of_date, rating_grade_id, rating_source_id, is_internal_flag, pd_implied, prior_rating_value, rating_agency, rating_date, rating_type, rating_value) VALUES (7, 7, '2025-01-23', 7, 7, 'Y', 'pd_implied_7', 100.5, 'rating_agency_7', '2025-01-31', 'rating_type_7', 100.5);
INSERT INTO l2.counterparty_rating_observation (observation_id, counterparty_id, as_of_date, rating_grade_id, rating_source_id, is_internal_flag, pd_implied, prior_rating_value, rating_agency, rating_date, rating_type, rating_value) VALUES (8, 8, '2025-01-22', 8, 8, 'N', 'pd_implied_8', 100.5, 'rating_agency_8', '2025-01-31', 'rating_type_8', 100.5);
INSERT INTO l2.counterparty_rating_observation (observation_id, counterparty_id, as_of_date, rating_grade_id, rating_source_id, is_internal_flag, pd_implied, prior_rating_value, rating_agency, rating_date, rating_type, rating_value) VALUES (9, 9, '2025-01-21', 9, 9, 'Y', 'pd_implied_9', 100.5, 'rating_agency_9', '2025-01-31', 'rating_type_9', 100.5);
INSERT INTO l2.counterparty_rating_observation (observation_id, counterparty_id, as_of_date, rating_grade_id, rating_source_id, is_internal_flag, pd_implied, prior_rating_value, rating_agency, rating_date, rating_type, rating_value) VALUES (10, 10, '2025-01-20', 10, 10, 'N', 'pd_implied_10', 100.5, 'rating_agency_10', '2025-01-31', 'rating_type_10', 100.5);
INSERT INTO l2.counterparty_rating_observation (observation_id, counterparty_id, as_of_date, rating_grade_id, rating_source_id, is_internal_flag, pd_implied, prior_rating_value, rating_agency, rating_date, rating_type, rating_value) VALUES (11, 1, '2025-01-17', 1, 1, 'Y', 'pd_implied_11', 100.5, 'rating_agency_11', '2025-01-31', 'rating_type_11', 100.5);
INSERT INTO l2.counterparty_rating_observation (observation_id, counterparty_id, as_of_date, rating_grade_id, rating_source_id, is_internal_flag, pd_implied, prior_rating_value, rating_agency, rating_date, rating_type, rating_value) VALUES (12, 2, '2025-01-16', 2, 2, 'N', 'pd_implied_12', 100.5, 'rating_agency_12', '2025-01-31', 'rating_type_12', 100.5);

-- financial_metric_observation
INSERT INTO l2.financial_metric_observation (observation_id, counterparty_id, facility_id, as_of_date, metric_definition_id, value, context_id, credit_agreement_id, metric_category, metric_code, metric_name, metric_value, metric_value_usd, period_end_date) VALUES (1, 1, 1, '2025-01-31', 1, 0.42, 1, 1, 'metric_category_1', 'PD', 'metric_name_1', 0.42, 420000, '2025-01-31');
INSERT INTO l2.financial_metric_observation (observation_id, counterparty_id, facility_id, as_of_date, metric_definition_id, value, context_id, credit_agreement_id, metric_category, metric_code, metric_name, metric_value, metric_value_usd, period_end_date) VALUES (2, 2, 2, '2025-01-30', 2, 1.85, 2, 2, 'metric_category_2', 'LGD', 'metric_name_2', 1.85, 1850000, '2025-01-31');
INSERT INTO l2.financial_metric_observation (observation_id, counterparty_id, facility_id, as_of_date, metric_definition_id, value, context_id, credit_agreement_id, metric_category, metric_code, metric_name, metric_value, metric_value_usd, period_end_date) VALUES (3, 3, 3, '2025-01-29', 3, 2.1, 3, 3, 'metric_category_3', 'EL', 'metric_name_3', 2.1, 2100000, '2025-01-31');
INSERT INTO l2.financial_metric_observation (observation_id, counterparty_id, facility_id, as_of_date, metric_definition_id, value, context_id, credit_agreement_id, metric_category, metric_code, metric_name, metric_value, metric_value_usd, period_end_date) VALUES (4, 4, 4, '2025-01-28', 4, 0.95, 4, 4, 'metric_category_4', 'RWA', 'metric_name_4', 0.95, 950000, '2025-01-31');
INSERT INTO l2.financial_metric_observation (observation_id, counterparty_id, facility_id, as_of_date, metric_definition_id, value, context_id, credit_agreement_id, metric_category, metric_code, metric_name, metric_value, metric_value_usd, period_end_date) VALUES (5, 5, 5, '2025-01-27', 5, 3.2, 5, 5, 'metric_category_5', 'CAPITAL_REQ', 'metric_name_5', 3.2, 3200000, '2025-01-31');
INSERT INTO l2.financial_metric_observation (observation_id, counterparty_id, facility_id, as_of_date, metric_definition_id, value, context_id, credit_agreement_id, metric_category, metric_code, metric_name, metric_value, metric_value_usd, period_end_date) VALUES (6, 6, 6, '2025-01-24', 6, 1.5, 6, 6, 'metric_category_6', 'PD', 'metric_name_6', 1.5, 1500000, '2025-01-31');
INSERT INTO l2.financial_metric_observation (observation_id, counterparty_id, facility_id, as_of_date, metric_definition_id, value, context_id, credit_agreement_id, metric_category, metric_code, metric_name, metric_value, metric_value_usd, period_end_date) VALUES (7, 7, 7, '2025-01-23', 7, 2.75, 7, 7, 'metric_category_7', 'LGD', 'metric_name_7', 2.75, 2750000, '2025-01-31');
INSERT INTO l2.financial_metric_observation (observation_id, counterparty_id, facility_id, as_of_date, metric_definition_id, value, context_id, credit_agreement_id, metric_category, metric_code, metric_name, metric_value, metric_value_usd, period_end_date) VALUES (8, 8, 8, '2025-01-22', 8, 0.6, 8, 8, 'metric_category_8', 'EL', 'metric_name_8', 0.6, 600000, '2025-01-31');
INSERT INTO l2.financial_metric_observation (observation_id, counterparty_id, facility_id, as_of_date, metric_definition_id, value, context_id, credit_agreement_id, metric_category, metric_code, metric_name, metric_value, metric_value_usd, period_end_date) VALUES (9, 9, 9, '2025-01-21', 9, 1.9, 9, 9, 'metric_category_9', 'RWA', 'metric_name_9', 1.9, 1900000, '2025-01-31');
INSERT INTO l2.financial_metric_observation (observation_id, counterparty_id, facility_id, as_of_date, metric_definition_id, value, context_id, credit_agreement_id, metric_category, metric_code, metric_name, metric_value, metric_value_usd, period_end_date) VALUES (10, 10, 10, '2025-01-20', 10, 4, 10, 10, 'metric_category_10', 'CAPITAL_REQ', 'metric_name_10', 4, 4000000, '2025-01-31');
INSERT INTO l2.financial_metric_observation (observation_id, counterparty_id, facility_id, as_of_date, metric_definition_id, value, context_id, credit_agreement_id, metric_category, metric_code, metric_name, metric_value, metric_value_usd, period_end_date) VALUES (11, 1, 1, '2025-01-17', 1, 1.2, 1, 11, 'metric_category_11', 'PD', 'metric_name_11', 1.2, 1200000, '2025-01-31');
INSERT INTO l2.financial_metric_observation (observation_id, counterparty_id, facility_id, as_of_date, metric_definition_id, value, context_id, credit_agreement_id, metric_category, metric_code, metric_name, metric_value, metric_value_usd, period_end_date) VALUES (12, 2, 2, '2025-01-16', 2, 2.3, 2, 12, 'metric_category_12', 'LGD', 'metric_name_12', 2.3, 2300000, '2025-01-31');

-- metric_threshold
INSERT INTO l2.metric_threshold (threshold_id, metric_definition_id, threshold_type, threshold_value, effective_from_date, effective_to_date, active_flag, inner_threshold_pct, last_threshold_updated_date, limit_type, limit_value, lod1_sponsor, lod2_sponsor, metric_category, metric_code, metric_description, metric_id_display, metric_name, metric_owner, metric_threshold_id, outer_threshold_pct, report_deadline, report_frequency) VALUES (1, 1, 'MIN', 0.5, '2024-01-01', '2025-01-31', 'Y', 100.5, '2025-01-31', 'limit_type_1', 100.5, 'lod1_sponsor_1', 'lod2_sponsor_1', 'metric_category_1', 'metric_code_1', 'metric_description_1', 'metric_id_display_1', 'metric_name_1', 'metric_owner_1', 1, 100.5, 'report_deadline_1', 'report_frequency_1');
INSERT INTO l2.metric_threshold (threshold_id, metric_definition_id, threshold_type, threshold_value, effective_from_date, effective_to_date, active_flag, inner_threshold_pct, last_threshold_updated_date, limit_type, limit_value, lod1_sponsor, lod2_sponsor, metric_category, metric_code, metric_description, metric_id_display, metric_name, metric_owner, metric_threshold_id, outer_threshold_pct, report_deadline, report_frequency) VALUES (2, 2, 'MAX', 2, '2024-01-01', '2025-01-31', 'N', 100.5, '2025-01-31', 'limit_type_2', 100.5, 'lod1_sponsor_2', 'lod2_sponsor_2', 'metric_category_2', 'metric_code_2', 'metric_description_2', 'metric_id_display_2', 'metric_name_2', 'metric_owner_2', 2, 100.5, 'report_deadline_2', 'report_frequency_2');
INSERT INTO l2.metric_threshold (threshold_id, metric_definition_id, threshold_type, threshold_value, effective_from_date, effective_to_date, active_flag, inner_threshold_pct, last_threshold_updated_date, limit_type, limit_value, lod1_sponsor, lod2_sponsor, metric_category, metric_code, metric_description, metric_id_display, metric_name, metric_owner, metric_threshold_id, outer_threshold_pct, report_deadline, report_frequency) VALUES (3, 3, 'MIN', 1, '2024-01-01', '2025-01-31', 'Y', 100.5, '2025-01-31', 'limit_type_3', 100.5, 'lod1_sponsor_3', 'lod2_sponsor_3', 'metric_category_3', 'metric_code_3', 'metric_description_3', 'metric_id_display_3', 'metric_name_3', 'metric_owner_3', 3, 100.5, 'report_deadline_3', 'report_frequency_3');
INSERT INTO l2.metric_threshold (threshold_id, metric_definition_id, threshold_type, threshold_value, effective_from_date, effective_to_date, active_flag, inner_threshold_pct, last_threshold_updated_date, limit_type, limit_value, lod1_sponsor, lod2_sponsor, metric_category, metric_code, metric_description, metric_id_display, metric_name, metric_owner, metric_threshold_id, outer_threshold_pct, report_deadline, report_frequency) VALUES (4, 4, 'MAX', 3, '2024-01-01', '2025-01-31', 'N', 100.5, '2025-01-31', 'limit_type_4', 100.5, 'lod1_sponsor_4', 'lod2_sponsor_4', 'metric_category_4', 'metric_code_4', 'metric_description_4', 'metric_id_display_4', 'metric_name_4', 'metric_owner_4', 4, 100.5, 'report_deadline_4', 'report_frequency_4');
INSERT INTO l2.metric_threshold (threshold_id, metric_definition_id, threshold_type, threshold_value, effective_from_date, effective_to_date, active_flag, inner_threshold_pct, last_threshold_updated_date, limit_type, limit_value, lod1_sponsor, lod2_sponsor, metric_category, metric_code, metric_description, metric_id_display, metric_name, metric_owner, metric_threshold_id, outer_threshold_pct, report_deadline, report_frequency) VALUES (5, 5, 'MIN', 0.25, '2024-01-01', '2025-01-31', 'Y', 100.5, '2025-01-31', 'limit_type_5', 100.5, 'lod1_sponsor_5', 'lod2_sponsor_5', 'metric_category_5', 'metric_code_5', 'metric_description_5', 'metric_id_display_5', 'metric_name_5', 'metric_owner_5', 5, 100.5, 'report_deadline_5', 'report_frequency_5');
INSERT INTO l2.metric_threshold (threshold_id, metric_definition_id, threshold_type, threshold_value, effective_from_date, effective_to_date, active_flag, inner_threshold_pct, last_threshold_updated_date, limit_type, limit_value, lod1_sponsor, lod2_sponsor, metric_category, metric_code, metric_description, metric_id_display, metric_name, metric_owner, metric_threshold_id, outer_threshold_pct, report_deadline, report_frequency) VALUES (6, 6, 'MAX', 1.5, '2024-01-01', '2025-01-31', 'N', 100.5, '2025-01-31', 'limit_type_6', 100.5, 'lod1_sponsor_6', 'lod2_sponsor_6', 'metric_category_6', 'metric_code_6', 'metric_description_6', 'metric_id_display_6', 'metric_name_6', 'metric_owner_6', 6, 100.5, 'report_deadline_6', 'report_frequency_6');
INSERT INTO l2.metric_threshold (threshold_id, metric_definition_id, threshold_type, threshold_value, effective_from_date, effective_to_date, active_flag, inner_threshold_pct, last_threshold_updated_date, limit_type, limit_value, lod1_sponsor, lod2_sponsor, metric_category, metric_code, metric_description, metric_id_display, metric_name, metric_owner, metric_threshold_id, outer_threshold_pct, report_deadline, report_frequency) VALUES (7, 7, 'MIN', 0.75, '2024-01-01', '2025-01-31', 'Y', 100.5, '2025-01-31', 'limit_type_7', 100.5, 'lod1_sponsor_7', 'lod2_sponsor_7', 'metric_category_7', 'metric_code_7', 'metric_description_7', 'metric_id_display_7', 'metric_name_7', 'metric_owner_7', 7, 100.5, 'report_deadline_7', 'report_frequency_7');
INSERT INTO l2.metric_threshold (threshold_id, metric_definition_id, threshold_type, threshold_value, effective_from_date, effective_to_date, active_flag, inner_threshold_pct, last_threshold_updated_date, limit_type, limit_value, lod1_sponsor, lod2_sponsor, metric_category, metric_code, metric_description, metric_id_display, metric_name, metric_owner, metric_threshold_id, outer_threshold_pct, report_deadline, report_frequency) VALUES (8, 8, 'MAX', 2.5, '2024-01-01', '2025-01-31', 'N', 100.5, '2025-01-31', 'limit_type_8', 100.5, 'lod1_sponsor_8', 'lod2_sponsor_8', 'metric_category_8', 'metric_code_8', 'metric_description_8', 'metric_id_display_8', 'metric_name_8', 'metric_owner_8', 8, 100.5, 'report_deadline_8', 'report_frequency_8');
INSERT INTO l2.metric_threshold (threshold_id, metric_definition_id, threshold_type, threshold_value, effective_from_date, effective_to_date, active_flag, inner_threshold_pct, last_threshold_updated_date, limit_type, limit_value, lod1_sponsor, lod2_sponsor, metric_category, metric_code, metric_description, metric_id_display, metric_name, metric_owner, metric_threshold_id, outer_threshold_pct, report_deadline, report_frequency) VALUES (9, 9, 'MIN', 0.1, '2024-01-01', '2025-01-31', 'Y', 100.5, '2025-01-31', 'limit_type_9', 100.5, 'lod1_sponsor_9', 'lod2_sponsor_9', 'metric_category_9', 'metric_code_9', 'metric_description_9', 'metric_id_display_9', 'metric_name_9', 'metric_owner_9', 9, 100.5, 'report_deadline_9', 'report_frequency_9');
INSERT INTO l2.metric_threshold (threshold_id, metric_definition_id, threshold_type, threshold_value, effective_from_date, effective_to_date, active_flag, inner_threshold_pct, last_threshold_updated_date, limit_type, limit_value, lod1_sponsor, lod2_sponsor, metric_category, metric_code, metric_description, metric_id_display, metric_name, metric_owner, metric_threshold_id, outer_threshold_pct, report_deadline, report_frequency) VALUES (10, 10, 'MAX', 4, '2024-01-01', '2025-01-31', 'N', 100.5, '2025-01-31', 'limit_type_10', 100.5, 'lod1_sponsor_10', 'lod2_sponsor_10', 'metric_category_10', 'metric_code_10', 'metric_description_10', 'metric_id_display_10', 'metric_name_10', 'metric_owner_10', 10, 100.5, 'report_deadline_10', 'report_frequency_10');
INSERT INTO l2.metric_threshold (threshold_id, metric_definition_id, threshold_type, threshold_value, effective_from_date, effective_to_date, active_flag, inner_threshold_pct, last_threshold_updated_date, limit_type, limit_value, lod1_sponsor, lod2_sponsor, metric_category, metric_code, metric_description, metric_id_display, metric_name, metric_owner, metric_threshold_id, outer_threshold_pct, report_deadline, report_frequency) VALUES (11, 1, 'MIN', 1.25, '2024-01-01', '2025-01-31', 'Y', 100.5, '2025-01-31', 'limit_type_11', 100.5, 'lod1_sponsor_11', 'lod2_sponsor_11', 'metric_category_11', 'metric_code_11', 'metric_description_11', 'metric_id_display_11', 'metric_name_11', 'metric_owner_11', 11, 100.5, 'report_deadline_11', 'report_frequency_11');
INSERT INTO l2.metric_threshold (threshold_id, metric_definition_id, threshold_type, threshold_value, effective_from_date, effective_to_date, active_flag, inner_threshold_pct, last_threshold_updated_date, limit_type, limit_value, lod1_sponsor, lod2_sponsor, metric_category, metric_code, metric_description, metric_id_display, metric_name, metric_owner, metric_threshold_id, outer_threshold_pct, report_deadline, report_frequency) VALUES (12, 2, 'MAX', 3.5, '2024-01-01', '2025-01-31', 'N', 100.5, '2025-01-31', 'limit_type_12', 100.5, 'lod1_sponsor_12', 'lod2_sponsor_12', 'metric_category_12', 'metric_code_12', 'metric_description_12', 'metric_id_display_12', 'metric_name_12', 'metric_owner_12', 12, 100.5, 'report_deadline_12', 'report_frequency_12');

-- exception_event
INSERT INTO l2.exception_event (exception_id, as_of_date, exception_type, facility_id, counterparty_id, raised_ts, resolved_ts, actual_remediation_date, approver, breach_amount_usd, breach_pct, days_open, exception_description, exception_owner, exception_severity, exception_status, exception_value, identified_date, limit_rule_id, lob_segment_id, lod_sponsor, metric_threshold_id, remediation_plan, target_remediation_date, threshold_value) VALUES (1, '2025-01-31', 'MISSING_DATA', 1, 1, '2025-01-15 09:00:00', '2025-01-15 14:00:00', '2025-01-31', 'approver_1', 100.5, 100.5, 1, 'exception_description_1', 'exception_owner_1', 'exception_severity_1', 'exception_status_1', 100.5, '2025-01-31', 1, 1, 'lod_sponsor_1', 1, 'remediation_plan_1', '2025-01-31', 100.5);
INSERT INTO l2.exception_event (exception_id, as_of_date, exception_type, facility_id, counterparty_id, raised_ts, resolved_ts, actual_remediation_date, approver, breach_amount_usd, breach_pct, days_open, exception_description, exception_owner, exception_severity, exception_status, exception_value, identified_date, limit_rule_id, lob_segment_id, lod_sponsor, metric_threshold_id, remediation_plan, target_remediation_date, threshold_value) VALUES (2, '2025-01-30', 'OUT_OF_RANGE', 2, 2, '2025-01-15 09:00:00', '2025-01-15 12:00:00', '2025-01-31', 'approver_2', 100.5, 100.5, 2, 'exception_description_2', 'exception_owner_2', 'exception_severity_2', 'exception_status_2', 100.5, '2025-01-31', 2, 2, 'lod_sponsor_2', 2, 'remediation_plan_2', '2025-01-31', 100.5);
INSERT INTO l2.exception_event (exception_id, as_of_date, exception_type, facility_id, counterparty_id, raised_ts, resolved_ts, actual_remediation_date, approver, breach_amount_usd, breach_pct, days_open, exception_description, exception_owner, exception_severity, exception_status, exception_value, identified_date, limit_rule_id, lob_segment_id, lod_sponsor, metric_threshold_id, remediation_plan, target_remediation_date, threshold_value) VALUES (3, '2025-01-29', 'DUPLICATE', 3, 3, '2025-01-15 09:00:00', '2025-01-15 12:00:00', '2025-01-31', 'approver_3', 100.5, 100.5, 3, 'exception_description_3', 'exception_owner_3', 'exception_severity_3', 'exception_status_3', 100.5, '2025-01-31', 3, 3, 'lod_sponsor_3', 3, 'remediation_plan_3', '2025-01-31', 100.5);
INSERT INTO l2.exception_event (exception_id, as_of_date, exception_type, facility_id, counterparty_id, raised_ts, resolved_ts, actual_remediation_date, approver, breach_amount_usd, breach_pct, days_open, exception_description, exception_owner, exception_severity, exception_status, exception_value, identified_date, limit_rule_id, lob_segment_id, lod_sponsor, metric_threshold_id, remediation_plan, target_remediation_date, threshold_value) VALUES (4, '2025-01-28', 'MISSING_DATA', 4, 4, '2025-01-15 09:00:00', '2025-01-15 14:00:00', '2025-01-31', 'approver_4', 100.5, 100.5, 4, 'exception_description_4', 'exception_owner_4', 'exception_severity_4', 'exception_status_4', 100.5, '2025-01-31', 4, 4, 'lod_sponsor_4', 4, 'remediation_plan_4', '2025-01-31', 100.5);
INSERT INTO l2.exception_event (exception_id, as_of_date, exception_type, facility_id, counterparty_id, raised_ts, resolved_ts, actual_remediation_date, approver, breach_amount_usd, breach_pct, days_open, exception_description, exception_owner, exception_severity, exception_status, exception_value, identified_date, limit_rule_id, lob_segment_id, lod_sponsor, metric_threshold_id, remediation_plan, target_remediation_date, threshold_value) VALUES (5, '2025-01-27', 'OUT_OF_RANGE', 5, 5, '2025-01-15 09:00:00', '2025-01-15 12:00:00', '2025-01-31', 'approver_5', 100.5, 100.5, 5, 'exception_description_5', 'exception_owner_5', 'exception_severity_5', 'exception_status_5', 100.5, '2025-01-31', 5, 5, 'lod_sponsor_5', 5, 'remediation_plan_5', '2025-01-31', 100.5);
INSERT INTO l2.exception_event (exception_id, as_of_date, exception_type, facility_id, counterparty_id, raised_ts, resolved_ts, actual_remediation_date, approver, breach_amount_usd, breach_pct, days_open, exception_description, exception_owner, exception_severity, exception_status, exception_value, identified_date, limit_rule_id, lob_segment_id, lod_sponsor, metric_threshold_id, remediation_plan, target_remediation_date, threshold_value) VALUES (6, '2025-01-24', 'DUPLICATE', 6, 6, '2025-01-15 09:00:00', '2025-01-15 12:00:00', '2025-01-31', 'approver_6', 100.5, 100.5, 6, 'exception_description_6', 'exception_owner_6', 'exception_severity_6', 'exception_status_6', 100.5, '2025-01-31', 6, 6, 'lod_sponsor_6', 6, 'remediation_plan_6', '2025-01-31', 100.5);
INSERT INTO l2.exception_event (exception_id, as_of_date, exception_type, facility_id, counterparty_id, raised_ts, resolved_ts, actual_remediation_date, approver, breach_amount_usd, breach_pct, days_open, exception_description, exception_owner, exception_severity, exception_status, exception_value, identified_date, limit_rule_id, lob_segment_id, lod_sponsor, metric_threshold_id, remediation_plan, target_remediation_date, threshold_value) VALUES (7, '2025-01-23', 'MISSING_DATA', 7, 7, '2025-01-15 09:00:00', '2025-01-15 14:00:00', '2025-01-31', 'approver_7', 100.5, 100.5, 7, 'exception_description_7', 'exception_owner_7', 'exception_severity_7', 'exception_status_7', 100.5, '2025-01-31', 7, 7, 'lod_sponsor_7', 7, 'remediation_plan_7', '2025-01-31', 100.5);
INSERT INTO l2.exception_event (exception_id, as_of_date, exception_type, facility_id, counterparty_id, raised_ts, resolved_ts, actual_remediation_date, approver, breach_amount_usd, breach_pct, days_open, exception_description, exception_owner, exception_severity, exception_status, exception_value, identified_date, limit_rule_id, lob_segment_id, lod_sponsor, metric_threshold_id, remediation_plan, target_remediation_date, threshold_value) VALUES (8, '2025-01-22', 'OUT_OF_RANGE', 8, 8, '2025-01-15 09:00:00', '2025-01-15 12:00:00', '2025-01-31', 'approver_8', 100.5, 100.5, 8, 'exception_description_8', 'exception_owner_8', 'exception_severity_8', 'exception_status_8', 100.5, '2025-01-31', 8, 8, 'lod_sponsor_8', 8, 'remediation_plan_8', '2025-01-31', 100.5);
INSERT INTO l2.exception_event (exception_id, as_of_date, exception_type, facility_id, counterparty_id, raised_ts, resolved_ts, actual_remediation_date, approver, breach_amount_usd, breach_pct, days_open, exception_description, exception_owner, exception_severity, exception_status, exception_value, identified_date, limit_rule_id, lob_segment_id, lod_sponsor, metric_threshold_id, remediation_plan, target_remediation_date, threshold_value) VALUES (9, '2025-01-21', 'DUPLICATE', 9, 9, '2025-01-15 09:00:00', '2025-01-15 12:00:00', '2025-01-31', 'approver_9', 100.5, 100.5, 9, 'exception_description_9', 'exception_owner_9', 'exception_severity_9', 'exception_status_9', 100.5, '2025-01-31', 9, 9, 'lod_sponsor_9', 9, 'remediation_plan_9', '2025-01-31', 100.5);
INSERT INTO l2.exception_event (exception_id, as_of_date, exception_type, facility_id, counterparty_id, raised_ts, resolved_ts, actual_remediation_date, approver, breach_amount_usd, breach_pct, days_open, exception_description, exception_owner, exception_severity, exception_status, exception_value, identified_date, limit_rule_id, lob_segment_id, lod_sponsor, metric_threshold_id, remediation_plan, target_remediation_date, threshold_value) VALUES (10, '2025-01-20', 'MISSING_DATA', 10, 10, '2025-01-15 09:00:00', '2025-01-15 14:00:00', '2025-01-31', 'approver_10', 100.5, 100.5, 10, 'exception_description_10', 'exception_owner_10', 'exception_severity_10', 'exception_status_10', 100.5, '2025-01-31', 10, 10, 'lod_sponsor_10', 10, 'remediation_plan_10', '2025-01-31', 100.5);
INSERT INTO l2.exception_event (exception_id, as_of_date, exception_type, facility_id, counterparty_id, raised_ts, resolved_ts, actual_remediation_date, approver, breach_amount_usd, breach_pct, days_open, exception_description, exception_owner, exception_severity, exception_status, exception_value, identified_date, limit_rule_id, lob_segment_id, lod_sponsor, metric_threshold_id, remediation_plan, target_remediation_date, threshold_value) VALUES (11, '2025-01-17', 'OUT_OF_RANGE', 1, 1, '2025-01-15 09:00:00', '2025-01-15 12:00:00', '2025-01-31', 'approver_11', 100.5, 100.5, 11, 'exception_description_11', 'exception_owner_11', 'exception_severity_11', 'exception_status_11', 100.5, '2025-01-31', 11, 11, 'lod_sponsor_11', 11, 'remediation_plan_11', '2025-01-31', 100.5);
INSERT INTO l2.exception_event (exception_id, as_of_date, exception_type, facility_id, counterparty_id, raised_ts, resolved_ts, actual_remediation_date, approver, breach_amount_usd, breach_pct, days_open, exception_description, exception_owner, exception_severity, exception_status, exception_value, identified_date, limit_rule_id, lob_segment_id, lod_sponsor, metric_threshold_id, remediation_plan, target_remediation_date, threshold_value) VALUES (12, '2025-01-16', 'DUPLICATE', 2, 2, '2025-01-15 09:00:00', '2025-01-15 12:00:00', '2025-01-31', 'approver_12', 100.5, 100.5, 12, 'exception_description_12', 'exception_owner_12', 'exception_severity_12', 'exception_status_12', 100.5, '2025-01-31', 12, 12, 'lod_sponsor_12', 12, 'remediation_plan_12', '2025-01-31', 100.5);

-- risk_flag
INSERT INTO l2.risk_flag (risk_flag_id, facility_id, counterparty_id, flag_type, as_of_date, raised_ts, cleared_ts, created_ts, flag_code, flag_description, flag_scope, flag_severity, flag_trigger_value) VALUES (1, 1, 1, 'CONCENTRATION', '2025-01-31', '2025-01-10 09:00:00', '2025-01-14 16:00:00', '2025-01-15 12:00:00', 'flag_code_1', 'flag_description_1', 'flag_scope_1', 'flag_severity_1', 100.5);
INSERT INTO l2.risk_flag (risk_flag_id, facility_id, counterparty_id, flag_type, as_of_date, raised_ts, cleared_ts, created_ts, flag_code, flag_description, flag_scope, flag_severity, flag_trigger_value) VALUES (2, 2, 2, 'WATCH_LIST', '2025-01-30', '2025-01-10 09:00:00', '2025-01-15 12:00:00', '2025-01-15 12:00:00', 'flag_code_2', 'flag_description_2', 'flag_scope_2', 'flag_severity_2', 100.5);
INSERT INTO l2.risk_flag (risk_flag_id, facility_id, counterparty_id, flag_type, as_of_date, raised_ts, cleared_ts, created_ts, flag_code, flag_description, flag_scope, flag_severity, flag_trigger_value) VALUES (3, 3, 3, 'COVENANT_BREACH', '2025-01-29', '2025-01-10 09:00:00', '2025-01-15 12:00:00', '2025-01-15 12:00:00', 'flag_code_3', 'flag_description_3', 'flag_scope_3', 'flag_severity_3', 100.5);
INSERT INTO l2.risk_flag (risk_flag_id, facility_id, counterparty_id, flag_type, as_of_date, raised_ts, cleared_ts, created_ts, flag_code, flag_description, flag_scope, flag_severity, flag_trigger_value) VALUES (4, 4, 4, 'MATURITY_1Y', '2025-01-28', '2025-01-10 09:00:00', '2025-01-14 16:00:00', '2025-01-15 12:00:00', 'flag_code_4', 'flag_description_4', 'flag_scope_4', 'flag_severity_4', 100.5);
INSERT INTO l2.risk_flag (risk_flag_id, facility_id, counterparty_id, flag_type, as_of_date, raised_ts, cleared_ts, created_ts, flag_code, flag_description, flag_scope, flag_severity, flag_trigger_value) VALUES (5, 5, 5, 'CONCENTRATION', '2025-01-27', '2025-01-10 09:00:00', '2025-01-15 12:00:00', '2025-01-15 12:00:00', 'flag_code_5', 'flag_description_5', 'flag_scope_5', 'flag_severity_5', 100.5);
INSERT INTO l2.risk_flag (risk_flag_id, facility_id, counterparty_id, flag_type, as_of_date, raised_ts, cleared_ts, created_ts, flag_code, flag_description, flag_scope, flag_severity, flag_trigger_value) VALUES (6, 6, 6, 'WATCH_LIST', '2025-01-24', '2025-01-10 09:00:00', '2025-01-15 12:00:00', '2025-01-15 12:00:00', 'flag_code_6', 'flag_description_6', 'flag_scope_6', 'flag_severity_6', 100.5);
INSERT INTO l2.risk_flag (risk_flag_id, facility_id, counterparty_id, flag_type, as_of_date, raised_ts, cleared_ts, created_ts, flag_code, flag_description, flag_scope, flag_severity, flag_trigger_value) VALUES (7, 7, 7, 'SECTOR', '2025-01-23', '2025-01-10 09:00:00', '2025-01-14 16:00:00', '2025-01-15 12:00:00', 'flag_code_7', 'flag_description_7', 'flag_scope_7', 'flag_severity_7', 100.5);
INSERT INTO l2.risk_flag (risk_flag_id, facility_id, counterparty_id, flag_type, as_of_date, raised_ts, cleared_ts, created_ts, flag_code, flag_description, flag_scope, flag_severity, flag_trigger_value) VALUES (8, 8, 8, 'COUNTRY', '2025-01-22', '2025-01-10 09:00:00', '2025-01-15 12:00:00', '2025-01-15 12:00:00', 'flag_code_8', 'flag_description_8', 'flag_scope_8', 'flag_severity_8', 100.5);
INSERT INTO l2.risk_flag (risk_flag_id, facility_id, counterparty_id, flag_type, as_of_date, raised_ts, cleared_ts, created_ts, flag_code, flag_description, flag_scope, flag_severity, flag_trigger_value) VALUES (9, 9, 9, 'CONCENTRATION', '2025-01-21', '2025-01-10 09:00:00', '2025-01-15 12:00:00', '2025-01-15 12:00:00', 'flag_code_9', 'flag_description_9', 'flag_scope_9', 'flag_severity_9', 100.5);
INSERT INTO l2.risk_flag (risk_flag_id, facility_id, counterparty_id, flag_type, as_of_date, raised_ts, cleared_ts, created_ts, flag_code, flag_description, flag_scope, flag_severity, flag_trigger_value) VALUES (10, 10, 10, 'WATCH_LIST', '2025-01-20', '2025-01-10 09:00:00', '2025-01-14 16:00:00', '2025-01-15 12:00:00', 'flag_code_10', 'flag_description_10', 'flag_scope_10', 'flag_severity_10', 100.5);
INSERT INTO l2.risk_flag (risk_flag_id, facility_id, counterparty_id, flag_type, as_of_date, raised_ts, cleared_ts, created_ts, flag_code, flag_description, flag_scope, flag_severity, flag_trigger_value) VALUES (11, 1, 1, 'MATURITY_1Y', '2025-01-17', '2025-01-10 09:00:00', '2025-01-15 12:00:00', '2025-01-15 12:00:00', 'flag_code_11', 'flag_description_11', 'flag_scope_11', 'flag_severity_11', 100.5);
INSERT INTO l2.risk_flag (risk_flag_id, facility_id, counterparty_id, flag_type, as_of_date, raised_ts, cleared_ts, created_ts, flag_code, flag_description, flag_scope, flag_severity, flag_trigger_value) VALUES (12, 2, 2, 'SECTOR', '2025-01-16', '2025-01-10 09:00:00', '2025-01-15 12:00:00', '2025-01-15 12:00:00', 'flag_code_12', 'flag_description_12', 'flag_scope_12', 'flag_severity_12', 100.5);

-- data_quality_score_snapshot
INSERT INTO l2.data_quality_score_snapshot (score_id, as_of_date, target_table, source_system_id, completeness_pct, validity_pct, overall_score, dimension_id, dimension_name, dq_score_id, dq_score_pct, impact_pct, impacted_report_codes, issue_count, reconciliation_break_count, score_dimension) VALUES (1, '2025-01-31', 'facility_master', 1, 98.5, 99, 98.8, 1, 'dimension_name_1', 1, 100.5, 100.5, 'impacted_report_codes_1', 1, 1, 'score_dimension_1');
INSERT INTO l2.data_quality_score_snapshot (score_id, as_of_date, target_table, source_system_id, completeness_pct, validity_pct, overall_score, dimension_id, dimension_name, dq_score_id, dq_score_pct, impact_pct, impacted_report_codes, issue_count, reconciliation_break_count, score_dimension) VALUES (2, '2025-01-30', 'counterparty', 2, 99.2, 98.5, 98.9, 2, 'dimension_name_2', 2, 100.5, 100.5, 'impacted_report_codes_2', 2, 2, 'score_dimension_2');
INSERT INTO l2.data_quality_score_snapshot (score_id, as_of_date, target_table, source_system_id, completeness_pct, validity_pct, overall_score, dimension_id, dimension_name, dq_score_id, dq_score_pct, impact_pct, impacted_report_codes, issue_count, reconciliation_break_count, score_dimension) VALUES (3, '2025-01-29', 'collateral_asset_master', 3, 97.8, 99.2, 98.5, 3, 'dimension_name_3', 3, 100.5, 100.5, 'impacted_report_codes_3', 3, 3, 'score_dimension_3');
INSERT INTO l2.data_quality_score_snapshot (score_id, as_of_date, target_table, source_system_id, completeness_pct, validity_pct, overall_score, dimension_id, dimension_name, dq_score_id, dq_score_pct, impact_pct, impacted_report_codes, issue_count, reconciliation_break_count, score_dimension) VALUES (4, '2025-01-28', 'facility_master', 4, 99, 97.8, 98.4, 4, 'dimension_name_4', 4, 100.5, 100.5, 'impacted_report_codes_4', 4, 4, 'score_dimension_4');
INSERT INTO l2.data_quality_score_snapshot (score_id, as_of_date, target_table, source_system_id, completeness_pct, validity_pct, overall_score, dimension_id, dimension_name, dq_score_id, dq_score_pct, impact_pct, impacted_report_codes, issue_count, reconciliation_break_count, score_dimension) VALUES (5, '2025-01-27', 'counterparty', 5, 98, 99, 98.5, 5, 'dimension_name_5', 5, 100.5, 100.5, 'impacted_report_codes_5', 5, 5, 'score_dimension_5');
INSERT INTO l2.data_quality_score_snapshot (score_id, as_of_date, target_table, source_system_id, completeness_pct, validity_pct, overall_score, dimension_id, dimension_name, dq_score_id, dq_score_pct, impact_pct, impacted_report_codes, issue_count, reconciliation_break_count, score_dimension) VALUES (6, '2025-01-24', 'collateral_asset_master', 6, 99.5, 98, 98.8, 6, 'dimension_name_6', 6, 100.5, 100.5, 'impacted_report_codes_6', 6, 6, 'score_dimension_6');
INSERT INTO l2.data_quality_score_snapshot (score_id, as_of_date, target_table, source_system_id, completeness_pct, validity_pct, overall_score, dimension_id, dimension_name, dq_score_id, dq_score_pct, impact_pct, impacted_report_codes, issue_count, reconciliation_break_count, score_dimension) VALUES (7, '2025-01-23', 'facility_master', 7, 97, 99.5, 98.2, 7, 'dimension_name_7', 7, 100.5, 100.5, 'impacted_report_codes_7', 7, 7, 'score_dimension_7');
INSERT INTO l2.data_quality_score_snapshot (score_id, as_of_date, target_table, source_system_id, completeness_pct, validity_pct, overall_score, dimension_id, dimension_name, dq_score_id, dq_score_pct, impact_pct, impacted_report_codes, issue_count, reconciliation_break_count, score_dimension) VALUES (8, '2025-01-22', 'counterparty', 8, 98.8, 97, 97.9, 8, 'dimension_name_8', 8, 100.5, 100.5, 'impacted_report_codes_8', 8, 8, 'score_dimension_8');
INSERT INTO l2.data_quality_score_snapshot (score_id, as_of_date, target_table, source_system_id, completeness_pct, validity_pct, overall_score, dimension_id, dimension_name, dq_score_id, dq_score_pct, impact_pct, impacted_report_codes, issue_count, reconciliation_break_count, score_dimension) VALUES (9, '2025-01-21', 'facility_master', 9, 99.1, 98.8, 98.9, 9, 'dimension_name_9', 9, 100.5, 100.5, 'impacted_report_codes_9', 9, 9, 'score_dimension_9');
INSERT INTO l2.data_quality_score_snapshot (score_id, as_of_date, target_table, source_system_id, completeness_pct, validity_pct, overall_score, dimension_id, dimension_name, dq_score_id, dq_score_pct, impact_pct, impacted_report_codes, issue_count, reconciliation_break_count, score_dimension) VALUES (10, '2025-01-20', 'counterparty', 10, 96.5, 99.1, 97.8, 10, 'dimension_name_10', 10, 100.5, 100.5, 'impacted_report_codes_10', 10, 10, 'score_dimension_10');
INSERT INTO l2.data_quality_score_snapshot (score_id, as_of_date, target_table, source_system_id, completeness_pct, validity_pct, overall_score, dimension_id, dimension_name, dq_score_id, dq_score_pct, impact_pct, impacted_report_codes, issue_count, reconciliation_break_count, score_dimension) VALUES (11, '2025-01-17', 'facility_master', 1, 98.2, 96.5, 97.4, 11, 'dimension_name_11', 11, 100.5, 100.5, 'impacted_report_codes_11', 11, 11, 'score_dimension_11');
INSERT INTO l2.data_quality_score_snapshot (score_id, as_of_date, target_table, source_system_id, completeness_pct, validity_pct, overall_score, dimension_id, dimension_name, dq_score_id, dq_score_pct, impact_pct, impacted_report_codes, issue_count, reconciliation_break_count, score_dimension) VALUES (12, '2025-01-16', 'counterparty', 2, 99.8, 98.2, 99, 12, 'dimension_name_12', 12, 100.5, 100.5, 'impacted_report_codes_12', 12, 12, 'score_dimension_12');
