-- L1 Seed Data (generated, profile=mvp, requested=10 rows)
-- Run after DDL. Referentially consistent.

-- currency_dim (10 rows)
INSERT INTO l1.currency_dim (currency_code, currency_name, currency_symbol, is_active_flag, iso_numeric, minor_unit_decimals, is_g10_currency_flag) VALUES ('USD', 'US Dollar', '$', TRUE, '840', 2, TRUE);
INSERT INTO l1.currency_dim (currency_code, currency_name, currency_symbol, is_active_flag, iso_numeric, minor_unit_decimals, is_g10_currency_flag) VALUES ('EUR', 'Euro', '€', TRUE, '978', 2, TRUE);
INSERT INTO l1.currency_dim (currency_code, currency_name, currency_symbol, is_active_flag, iso_numeric, minor_unit_decimals, is_g10_currency_flag) VALUES ('GBP', 'British Pound', '£', TRUE, '826', 2, TRUE);
INSERT INTO l1.currency_dim (currency_code, currency_name, currency_symbol, is_active_flag, iso_numeric, minor_unit_decimals, is_g10_currency_flag) VALUES ('CHF', 'Swiss Franc', 'CHF', TRUE, '756', 2, TRUE);
INSERT INTO l1.currency_dim (currency_code, currency_name, currency_symbol, is_active_flag, iso_numeric, minor_unit_decimals, is_g10_currency_flag) VALUES ('JPY', 'Japanese Yen', '¥', TRUE, '392', 0, TRUE);
INSERT INTO l1.currency_dim (currency_code, currency_name, currency_symbol, is_active_flag, iso_numeric, minor_unit_decimals, is_g10_currency_flag) VALUES ('CAD', 'Canadian Dollar', 'C$', TRUE, '124', 2, TRUE);
INSERT INTO l1.currency_dim (currency_code, currency_name, currency_symbol, is_active_flag, iso_numeric, minor_unit_decimals, is_g10_currency_flag) VALUES ('AUD', 'Australian Dollar', 'A$', TRUE, '036', 2, TRUE);
INSERT INTO l1.currency_dim (currency_code, currency_name, currency_symbol, is_active_flag, iso_numeric, minor_unit_decimals, is_g10_currency_flag) VALUES ('CNY', 'Chinese Yuan', '¥', TRUE, '156', 2, FALSE);
INSERT INTO l1.currency_dim (currency_code, currency_name, currency_symbol, is_active_flag, iso_numeric, minor_unit_decimals, is_g10_currency_flag) VALUES ('HKD', 'Hong Kong Dollar', 'HK$', TRUE, '344', 2, FALSE);
INSERT INTO l1.currency_dim (currency_code, currency_name, currency_symbol, is_active_flag, iso_numeric, minor_unit_decimals, is_g10_currency_flag) VALUES ('SGD', 'Singapore Dollar', 'S$', TRUE, '702', 2, FALSE);

-- country_dim (10 rows)
INSERT INTO l1.country_dim (country_code, country_name, is_active_flag, region_code, basel_country_risk_weight, is_developed_market_flag, is_fatf_high_risk_flag, is_ofac_sanctioned_flag, iso_alpha_3, iso_numeric, jurisdiction_id) VALUES ('US', 'United States', TRUE, 'AMER', '0%', TRUE, FALSE, FALSE, 'USA', '840', 1);
INSERT INTO l1.country_dim (country_code, country_name, is_active_flag, region_code, basel_country_risk_weight, is_developed_market_flag, is_fatf_high_risk_flag, is_ofac_sanctioned_flag, iso_alpha_3, iso_numeric, jurisdiction_id) VALUES ('GB', 'United Kingdom', TRUE, 'EMEA', '0%', TRUE, FALSE, FALSE, 'GBR', '826', 2);
INSERT INTO l1.country_dim (country_code, country_name, is_active_flag, region_code, basel_country_risk_weight, is_developed_market_flag, is_fatf_high_risk_flag, is_ofac_sanctioned_flag, iso_alpha_3, iso_numeric, jurisdiction_id) VALUES ('DE', 'Germany', TRUE, 'EMEA', '0%', TRUE, FALSE, FALSE, 'DEU', '276', 3);
INSERT INTO l1.country_dim (country_code, country_name, is_active_flag, region_code, basel_country_risk_weight, is_developed_market_flag, is_fatf_high_risk_flag, is_ofac_sanctioned_flag, iso_alpha_3, iso_numeric, jurisdiction_id) VALUES ('FR', 'France', TRUE, 'EMEA', '0%', TRUE, FALSE, FALSE, 'FRA', '250', 4);
INSERT INTO l1.country_dim (country_code, country_name, is_active_flag, region_code, basel_country_risk_weight, is_developed_market_flag, is_fatf_high_risk_flag, is_ofac_sanctioned_flag, iso_alpha_3, iso_numeric, jurisdiction_id) VALUES ('JP', 'Japan', TRUE, 'APAC', '0%', TRUE, FALSE, FALSE, 'JPN', '392', 5);
INSERT INTO l1.country_dim (country_code, country_name, is_active_flag, region_code, basel_country_risk_weight, is_developed_market_flag, is_fatf_high_risk_flag, is_ofac_sanctioned_flag, iso_alpha_3, iso_numeric, jurisdiction_id) VALUES ('CH', 'Switzerland', TRUE, 'EMEA', '0%', TRUE, FALSE, FALSE, 'CHE', '756', 6);
INSERT INTO l1.country_dim (country_code, country_name, is_active_flag, region_code, basel_country_risk_weight, is_developed_market_flag, is_fatf_high_risk_flag, is_ofac_sanctioned_flag, iso_alpha_3, iso_numeric, jurisdiction_id) VALUES ('CA', 'Canada', TRUE, 'AMER', '0%', TRUE, FALSE, FALSE, 'CAN', '124', 7);
INSERT INTO l1.country_dim (country_code, country_name, is_active_flag, region_code, basel_country_risk_weight, is_developed_market_flag, is_fatf_high_risk_flag, is_ofac_sanctioned_flag, iso_alpha_3, iso_numeric, jurisdiction_id) VALUES ('AU', 'Australia', TRUE, 'APAC', '0%', TRUE, FALSE, FALSE, 'AUS', '036', 8);
INSERT INTO l1.country_dim (country_code, country_name, is_active_flag, region_code, basel_country_risk_weight, is_developed_market_flag, is_fatf_high_risk_flag, is_ofac_sanctioned_flag, iso_alpha_3, iso_numeric, jurisdiction_id) VALUES ('NL', 'Netherlands', TRUE, 'EMEA', '0%', TRUE, FALSE, FALSE, 'NLD', '528', 9);
INSERT INTO l1.country_dim (country_code, country_name, is_active_flag, region_code, basel_country_risk_weight, is_developed_market_flag, is_fatf_high_risk_flag, is_ofac_sanctioned_flag, iso_alpha_3, iso_numeric, jurisdiction_id) VALUES ('SG', 'Singapore', TRUE, 'APAC', '0%', TRUE, FALSE, FALSE, 'SGP', '702', 10);

-- region_dim (10 rows)
INSERT INTO l1.region_dim (region_code, region_name, created_ts, updated_ts, display_order, is_active_flag, region_group_code, source_system_id) VALUES ('AMER', 'Americas', '2024-06-15', '2024-06-15 12:00:00', 1, TRUE, 'GLOBAL', 10);
INSERT INTO l1.region_dim (region_code, region_name, created_ts, updated_ts, display_order, is_active_flag, region_group_code, source_system_id) VALUES ('EMEA', 'Europe Middle East Africa', '2024-06-15', '2024-06-15 12:00:00', 2, TRUE, 'GLOBAL', 10);
INSERT INTO l1.region_dim (region_code, region_name, created_ts, updated_ts, display_order, is_active_flag, region_group_code, source_system_id) VALUES ('APAC', 'Asia Pacific', '2024-06-15', '2024-06-15 12:00:00', 3, TRUE, 'GLOBAL', 10);
INSERT INTO l1.region_dim (region_code, region_name, created_ts, updated_ts, display_order, is_active_flag, region_group_code, source_system_id) VALUES ('LATAM', 'Latin America', '2024-06-15', '2024-06-15 12:00:00', 4, TRUE, 'AMER', 10);
INSERT INTO l1.region_dim (region_code, region_name, created_ts, updated_ts, display_order, is_active_flag, region_group_code, source_system_id) VALUES ('NAM', 'North America', '2024-06-15', '2024-06-15 12:00:00', 5, TRUE, 'AMER', 10);
INSERT INTO l1.region_dim (region_code, region_name, created_ts, updated_ts, display_order, is_active_flag, region_group_code, source_system_id) VALUES ('EU', 'European Union', '2024-06-15', '2024-06-15 12:00:00', 6, TRUE, 'EMEA', 10);
INSERT INTO l1.region_dim (region_code, region_name, created_ts, updated_ts, display_order, is_active_flag, region_group_code, source_system_id) VALUES ('ASEAN', 'ASEAN', '2024-06-15', '2024-06-15 12:00:00', 7, TRUE, 'APAC', 10);
INSERT INTO l1.region_dim (region_code, region_name, created_ts, updated_ts, display_order, is_active_flag, region_group_code, source_system_id) VALUES ('GCC', 'Gulf Cooperation Council', '2024-06-15', '2024-06-15 12:00:00', 8, TRUE, 'EMEA', 10);
INSERT INTO l1.region_dim (region_code, region_name, created_ts, updated_ts, display_order, is_active_flag, region_group_code, source_system_id) VALUES ('UK', 'United Kingdom', '2024-06-15', '2024-06-15 12:00:00', 9, TRUE, 'EMEA', 10);
INSERT INTO l1.region_dim (region_code, region_name, created_ts, updated_ts, display_order, is_active_flag, region_group_code, source_system_id) VALUES ('CEE', 'Central & Eastern Europe', '2024-06-15', '2024-06-15 12:00:00', 10, TRUE, 'EMEA', 10);

-- regulatory_jurisdiction (10 rows)
INSERT INTO l1.regulatory_jurisdiction (jurisdiction_code, jurisdiction_name, created_ts, updated_ts, is_active_flag, jurisdiction_id, primary_regulator, regulatory_framework) VALUES ('US_FED', 'United States (Federal)', '2024-06-15', '2024-06-15 12:00:00', TRUE, 1, 'OCC / FRB / FDIC', 'US Basel III (Final Rule)');
INSERT INTO l1.regulatory_jurisdiction (jurisdiction_code, jurisdiction_name, created_ts, updated_ts, is_active_flag, jurisdiction_id, primary_regulator, regulatory_framework) VALUES ('US_STATE', 'United States (State)', '2024-06-15', '2024-06-15 12:00:00', TRUE, 2, 'State Banking Depts', 'State Banking Law');
INSERT INTO l1.regulatory_jurisdiction (jurisdiction_code, jurisdiction_name, created_ts, updated_ts, is_active_flag, jurisdiction_id, primary_regulator, regulatory_framework) VALUES ('EU', 'European Union', '2024-06-15', '2024-06-15 12:00:00', TRUE, 3, 'ECB / EBA', 'CRR III / CRD VI');
INSERT INTO l1.regulatory_jurisdiction (jurisdiction_code, jurisdiction_name, created_ts, updated_ts, is_active_flag, jurisdiction_id, primary_regulator, regulatory_framework) VALUES ('UK', 'United Kingdom', '2024-06-15', '2024-06-15 12:00:00', TRUE, 4, 'PRA / FCA', 'UK Basel 3.1');
INSERT INTO l1.regulatory_jurisdiction (jurisdiction_code, jurisdiction_name, created_ts, updated_ts, is_active_flag, jurisdiction_id, primary_regulator, regulatory_framework) VALUES ('CH', 'Switzerland', '2024-06-15', '2024-06-15 12:00:00', TRUE, 5, 'FINMA', 'Swiss SBA');
INSERT INTO l1.regulatory_jurisdiction (jurisdiction_code, jurisdiction_name, created_ts, updated_ts, is_active_flag, jurisdiction_id, primary_regulator, regulatory_framework) VALUES ('SG', 'Singapore', '2024-06-15', '2024-06-15 12:00:00', TRUE, 6, 'MAS', 'MAS Notice 637');
INSERT INTO l1.regulatory_jurisdiction (jurisdiction_code, jurisdiction_name, created_ts, updated_ts, is_active_flag, jurisdiction_id, primary_regulator, regulatory_framework) VALUES ('HK', 'Hong Kong SAR', '2024-06-15', '2024-06-15 12:00:00', TRUE, 7, 'HKMA', 'HKMA SPM');
INSERT INTO l1.regulatory_jurisdiction (jurisdiction_code, jurisdiction_name, created_ts, updated_ts, is_active_flag, jurisdiction_id, primary_regulator, regulatory_framework) VALUES ('JP', 'Japan', '2024-06-15', '2024-06-15 12:00:00', TRUE, 8, 'FSA / BOJ', 'FSA Basel III');
INSERT INTO l1.regulatory_jurisdiction (jurisdiction_code, jurisdiction_name, created_ts, updated_ts, is_active_flag, jurisdiction_id, primary_regulator, regulatory_framework) VALUES ('CA', 'Canada', '2024-06-15', '2024-06-15 12:00:00', TRUE, 9, 'OSFI', 'OSFI CAR');
INSERT INTO l1.regulatory_jurisdiction (jurisdiction_code, jurisdiction_name, created_ts, updated_ts, is_active_flag, jurisdiction_id, primary_regulator, regulatory_framework) VALUES ('AU', 'Australia', '2024-06-15', '2024-06-15 12:00:00', TRUE, 10, 'APRA', 'APRA APS');

-- entity_type_dim (10 rows)
INSERT INTO l1.entity_type_dim (entity_type_code, entity_type_name, created_ts, updated_ts, active_flag, is_financial_institution_flag, is_sovereign_flag, regulatory_counterparty_class) VALUES ('CORP', 'Corporate', '2024-06-15', '2024-06-15 12:00:00', TRUE, FALSE, FALSE, 'CORPORATE');
INSERT INTO l1.entity_type_dim (entity_type_code, entity_type_name, created_ts, updated_ts, active_flag, is_financial_institution_flag, is_sovereign_flag, regulatory_counterparty_class) VALUES ('BANK', 'Bank', '2024-06-15', '2024-06-15 12:00:00', TRUE, TRUE, FALSE, 'BANK');
INSERT INTO l1.entity_type_dim (entity_type_code, entity_type_name, created_ts, updated_ts, active_flag, is_financial_institution_flag, is_sovereign_flag, regulatory_counterparty_class) VALUES ('SOV', 'Sovereign', '2024-06-15', '2024-06-15 12:00:00', TRUE, FALSE, TRUE, 'SOVEREIGN');
INSERT INTO l1.entity_type_dim (entity_type_code, entity_type_name, created_ts, updated_ts, active_flag, is_financial_institution_flag, is_sovereign_flag, regulatory_counterparty_class) VALUES ('FI', 'Financial Institution', '2024-06-15', '2024-06-15 12:00:00', TRUE, TRUE, FALSE, 'BANK');
INSERT INTO l1.entity_type_dim (entity_type_code, entity_type_name, created_ts, updated_ts, active_flag, is_financial_institution_flag, is_sovereign_flag, regulatory_counterparty_class) VALUES ('SPE', 'Special Purpose Entity', '2024-06-15', '2024-06-15 12:00:00', TRUE, FALSE, FALSE, 'CORPORATE');
INSERT INTO l1.entity_type_dim (entity_type_code, entity_type_name, created_ts, updated_ts, active_flag, is_financial_institution_flag, is_sovereign_flag, regulatory_counterparty_class) VALUES ('FUND', 'Fund', '2024-06-15', '2024-06-15 12:00:00', TRUE, TRUE, FALSE, 'EQUITY');
INSERT INTO l1.entity_type_dim (entity_type_code, entity_type_name, created_ts, updated_ts, active_flag, is_financial_institution_flag, is_sovereign_flag, regulatory_counterparty_class) VALUES ('INS', 'Insurance', '2024-06-15', '2024-06-15 12:00:00', TRUE, TRUE, FALSE, 'INSURANCE');
INSERT INTO l1.entity_type_dim (entity_type_code, entity_type_name, created_ts, updated_ts, active_flag, is_financial_institution_flag, is_sovereign_flag, regulatory_counterparty_class) VALUES ('PE', 'Private Equity', '2024-06-15', '2024-06-15 12:00:00', TRUE, FALSE, FALSE, 'CORPORATE');
INSERT INTO l1.entity_type_dim (entity_type_code, entity_type_name, created_ts, updated_ts, active_flag, is_financial_institution_flag, is_sovereign_flag, regulatory_counterparty_class) VALUES ('RE', 'Real Estate', '2024-06-15', '2024-06-15 12:00:00', TRUE, FALSE, FALSE, 'CRE');
INSERT INTO l1.entity_type_dim (entity_type_code, entity_type_name, created_ts, updated_ts, active_flag, is_financial_institution_flag, is_sovereign_flag, regulatory_counterparty_class) VALUES ('OTH', 'Other', '2024-06-15', '2024-06-15 12:00:00', TRUE, FALSE, FALSE, 'OTHER');

-- credit_event_type_dim (10 rows)
INSERT INTO l1.credit_event_type_dim (credit_event_type_code, credit_event_type_id, credit_event_type_name, default_trigger_flag, active_flag) VALUES (1, 1, 'Failure to Pay', 'Y', 'Y');
INSERT INTO l1.credit_event_type_dim (credit_event_type_code, credit_event_type_id, credit_event_type_name, default_trigger_flag, active_flag) VALUES (2, 2, 'Bankruptcy', 'Y', 'Y');
INSERT INTO l1.credit_event_type_dim (credit_event_type_code, credit_event_type_id, credit_event_type_name, default_trigger_flag, active_flag) VALUES (3, 3, 'Obligation Acceleration', 'Y', 'Y');
INSERT INTO l1.credit_event_type_dim (credit_event_type_code, credit_event_type_id, credit_event_type_name, default_trigger_flag, active_flag) VALUES (4, 4, 'Obligation Default', 'Y', 'Y');
INSERT INTO l1.credit_event_type_dim (credit_event_type_code, credit_event_type_id, credit_event_type_name, default_trigger_flag, active_flag) VALUES (5, 5, 'Restructuring', 'Y', 'Y');
INSERT INTO l1.credit_event_type_dim (credit_event_type_code, credit_event_type_id, credit_event_type_name, default_trigger_flag, active_flag) VALUES (6, 6, 'Repudiation/Moratorium', 'Y', 'Y');
INSERT INTO l1.credit_event_type_dim (credit_event_type_code, credit_event_type_id, credit_event_type_name, default_trigger_flag, active_flag) VALUES (7, 7, 'Governmental Intervention', 'Y', 'Y');
INSERT INTO l1.credit_event_type_dim (credit_event_type_code, credit_event_type_id, credit_event_type_name, default_trigger_flag, active_flag) VALUES (8, 8, 'Cross Default', 'N', 'Y');
INSERT INTO l1.credit_event_type_dim (credit_event_type_code, credit_event_type_id, credit_event_type_name, default_trigger_flag, active_flag) VALUES (9, 9, 'Distressed Exchange', 'N', 'Y');
INSERT INTO l1.credit_event_type_dim (credit_event_type_code, credit_event_type_id, credit_event_type_name, default_trigger_flag, active_flag) VALUES (10, 10, 'Rating Downgrade', 'N', 'Y');

-- credit_status_dim (10 rows)
INSERT INTO l1.credit_status_dim (credit_status_code, credit_status_name, default_flag, delinquency_bucket, status_category) VALUES (1, 'PERFORMING', 'N', 'CURRENT', 'PASS');
INSERT INTO l1.credit_status_dim (credit_status_code, credit_status_name, default_flag, delinquency_bucket, status_category) VALUES (2, 'PERFORMING', 'N', 'CURRENT', 'PASS');
INSERT INTO l1.credit_status_dim (credit_status_code, credit_status_name, default_flag, delinquency_bucket, status_category) VALUES (3, 'WATCH', 'N', '1-29_DPD', 'CRITICIZED');
INSERT INTO l1.credit_status_dim (credit_status_code, credit_status_name, default_flag, delinquency_bucket, status_category) VALUES (4, 'SPECIAL_MENTION', 'N', '30-59_DPD', 'CRITICIZED');
INSERT INTO l1.credit_status_dim (credit_status_code, credit_status_name, default_flag, delinquency_bucket, status_category) VALUES (5, 'SUBSTANDARD', 'N', '60-89_DPD', 'CRITICIZED');
INSERT INTO l1.credit_status_dim (credit_status_code, credit_status_name, default_flag, delinquency_bucket, status_category) VALUES (6, 'PERFORMING', 'N', 'CURRENT', 'PASS');
INSERT INTO l1.credit_status_dim (credit_status_code, credit_status_name, default_flag, delinquency_bucket, status_category) VALUES (7, 'PERFORMING', 'N', 'CURRENT', 'PASS');
INSERT INTO l1.credit_status_dim (credit_status_code, credit_status_name, default_flag, delinquency_bucket, status_category) VALUES (8, 'PERFORMING', 'N', 'CURRENT', 'PASS');
INSERT INTO l1.credit_status_dim (credit_status_code, credit_status_name, default_flag, delinquency_bucket, status_category) VALUES (9, 'DOUBTFUL', 'N', '90-179_DPD', 'CRITICIZED');
INSERT INTO l1.credit_status_dim (credit_status_code, credit_status_name, default_flag, delinquency_bucket, status_category) VALUES (10, 'DEFAULT', 'Y', '180+_DPD', 'NON_PERFORMING');

-- exposure_type_dim (10 rows)
INSERT INTO l1.exposure_type_dim (exposure_type_id, exposure_type_code, exposure_type_name, created_ts, updated_ts, active_flag, basel_exposure_class, ccf_pct, off_balance_sheet_flag, product_id, sa_ccr_asset_class) VALUES (1, 'LOAN', 'Term Loan', '2024-06-15', '2024-06-15 12:00:00', 'Y', 'CORPORATE', 100, 'N', 1, 'NA');
INSERT INTO l1.exposure_type_dim (exposure_type_id, exposure_type_code, exposure_type_name, created_ts, updated_ts, active_flag, basel_exposure_class, ccf_pct, off_balance_sheet_flag, product_id, sa_ccr_asset_class) VALUES (2, 'REV', 'Revolving Credit', '2024-06-15', '2024-06-15 12:00:00', 'Y', 'CORPORATE', 100, 'N', 2, 'NA');
INSERT INTO l1.exposure_type_dim (exposure_type_id, exposure_type_code, exposure_type_name, created_ts, updated_ts, active_flag, basel_exposure_class, ccf_pct, off_balance_sheet_flag, product_id, sa_ccr_asset_class) VALUES (3, 'DERIV', 'Derivative', '2024-06-15', '2024-06-15 12:00:00', 'Y', 'COUNTERPARTY_CREDIT', 100, 'N', 3, 'INTEREST_RATE');
INSERT INTO l1.exposure_type_dim (exposure_type_id, exposure_type_code, exposure_type_name, created_ts, updated_ts, active_flag, basel_exposure_class, ccf_pct, off_balance_sheet_flag, product_id, sa_ccr_asset_class) VALUES (4, 'SFT', 'Securities Financing Transaction', '2024-06-15', '2024-06-15 12:00:00', 'Y', 'COUNTERPARTY_CREDIT', 100, 'N', 4, 'NA');
INSERT INTO l1.exposure_type_dim (exposure_type_id, exposure_type_code, exposure_type_name, created_ts, updated_ts, active_flag, basel_exposure_class, ccf_pct, off_balance_sheet_flag, product_id, sa_ccr_asset_class) VALUES (5, 'COMMIT', 'Unconditional Commitment', '2024-06-15', '2024-06-15 12:00:00', 'Y', 'OFF_BALANCE_SHEET', 40, 'Y', 5, 'NA');
INSERT INTO l1.exposure_type_dim (exposure_type_id, exposure_type_code, exposure_type_name, created_ts, updated_ts, active_flag, basel_exposure_class, ccf_pct, off_balance_sheet_flag, product_id, sa_ccr_asset_class) VALUES (6, 'GUAR', 'Financial Guarantee', '2024-06-15', '2024-06-15 12:00:00', 'Y', 'OFF_BALANCE_SHEET', 50, 'Y', 6, 'NA');
INSERT INTO l1.exposure_type_dim (exposure_type_id, exposure_type_code, exposure_type_name, created_ts, updated_ts, active_flag, basel_exposure_class, ccf_pct, off_balance_sheet_flag, product_id, sa_ccr_asset_class) VALUES (7, 'L/C', 'Letter of Credit', '2024-06-15', '2024-06-15 12:00:00', 'Y', 'OFF_BALANCE_SHEET', 20, 'Y', 7, 'NA');
INSERT INTO l1.exposure_type_dim (exposure_type_id, exposure_type_code, exposure_type_name, created_ts, updated_ts, active_flag, basel_exposure_class, ccf_pct, off_balance_sheet_flag, product_id, sa_ccr_asset_class) VALUES (8, 'COND_COMMIT', 'Conditional Commitment', '2024-06-15', '2024-06-15 12:00:00', 'Y', 'OFF_BALANCE_SHEET', 20, 'Y', 8, 'NA');
INSERT INTO l1.exposure_type_dim (exposure_type_id, exposure_type_code, exposure_type_name, created_ts, updated_ts, active_flag, basel_exposure_class, ccf_pct, off_balance_sheet_flag, product_id, sa_ccr_asset_class) VALUES (9, 'BOND', 'Corporate Bond', '2024-06-15', '2024-06-15 12:00:00', 'Y', 'CORPORATE', 100, 'N', 9, 'NA');
INSERT INTO l1.exposure_type_dim (exposure_type_id, exposure_type_code, exposure_type_name, created_ts, updated_ts, active_flag, basel_exposure_class, ccf_pct, off_balance_sheet_flag, product_id, sa_ccr_asset_class) VALUES (10, 'REPO', 'Repurchase Agreement', '2024-06-15', '2024-06-15 12:00:00', 'Y', 'COUNTERPARTY_CREDIT', 100, 'N', 10, 'NA');
INSERT INTO l1.exposure_type_dim (exposure_type_id, exposure_type_code, exposure_type_name, created_ts, updated_ts, active_flag, basel_exposure_class, ccf_pct, off_balance_sheet_flag, product_id, sa_ccr_asset_class) VALUES (11, 'EXT11', 'Exposure Type 11', '2024-06-15', '2024-06-15 12:00:00', 'Y', 'CORPORATE', 100, 'N', 1, 'NA');
INSERT INTO l1.exposure_type_dim (exposure_type_id, exposure_type_code, exposure_type_name, created_ts, updated_ts, active_flag, basel_exposure_class, ccf_pct, off_balance_sheet_flag, product_id, sa_ccr_asset_class) VALUES (12, 'EXT12', 'Exposure Type 12', '2024-06-15', '2024-06-15 12:00:00', 'Y', 'CORPORATE', 100, 'N', 1, 'NA');
INSERT INTO l1.exposure_type_dim (exposure_type_id, exposure_type_code, exposure_type_name, created_ts, updated_ts, active_flag, basel_exposure_class, ccf_pct, off_balance_sheet_flag, product_id, sa_ccr_asset_class) VALUES (13, 'EXT13', 'Exposure Type 13', '2024-06-15', '2024-06-15 12:00:00', 'Y', 'CORPORATE', 100, 'N', 1, 'NA');
INSERT INTO l1.exposure_type_dim (exposure_type_id, exposure_type_code, exposure_type_name, created_ts, updated_ts, active_flag, basel_exposure_class, ccf_pct, off_balance_sheet_flag, product_id, sa_ccr_asset_class) VALUES (14, 'EXT14', 'Exposure Type 14', '2024-06-15', '2024-06-15 12:00:00', 'Y', 'CORPORATE', 100, 'N', 1, 'NA');
INSERT INTO l1.exposure_type_dim (exposure_type_id, exposure_type_code, exposure_type_name, created_ts, updated_ts, active_flag, basel_exposure_class, ccf_pct, off_balance_sheet_flag, product_id, sa_ccr_asset_class) VALUES (15, 'EXT15', 'Exposure Type 15', '2024-06-15', '2024-06-15 12:00:00', 'Y', 'CORPORATE', 100, 'N', 1, 'NA');
INSERT INTO l1.exposure_type_dim (exposure_type_id, exposure_type_code, exposure_type_name, created_ts, updated_ts, active_flag, basel_exposure_class, ccf_pct, off_balance_sheet_flag, product_id, sa_ccr_asset_class) VALUES (16, 'EXT16', 'Exposure Type 16', '2024-06-15', '2024-06-15 12:00:00', 'Y', 'CORPORATE', 100, 'N', 1, 'NA');
INSERT INTO l1.exposure_type_dim (exposure_type_id, exposure_type_code, exposure_type_name, created_ts, updated_ts, active_flag, basel_exposure_class, ccf_pct, off_balance_sheet_flag, product_id, sa_ccr_asset_class) VALUES (17, 'EXT17', 'Exposure Type 17', '2024-06-15', '2024-06-15 12:00:00', 'Y', 'CORPORATE', 100, 'N', 1, 'NA');
INSERT INTO l1.exposure_type_dim (exposure_type_id, exposure_type_code, exposure_type_name, created_ts, updated_ts, active_flag, basel_exposure_class, ccf_pct, off_balance_sheet_flag, product_id, sa_ccr_asset_class) VALUES (18, 'EXT18', 'Exposure Type 18', '2024-06-15', '2024-06-15 12:00:00', 'Y', 'CORPORATE', 100, 'N', 1, 'NA');
INSERT INTO l1.exposure_type_dim (exposure_type_id, exposure_type_code, exposure_type_name, created_ts, updated_ts, active_flag, basel_exposure_class, ccf_pct, off_balance_sheet_flag, product_id, sa_ccr_asset_class) VALUES (19, 'EXT19', 'Exposure Type 19', '2024-06-15', '2024-06-15 12:00:00', 'Y', 'CORPORATE', 100, 'N', 1, 'NA');
INSERT INTO l1.exposure_type_dim (exposure_type_id, exposure_type_code, exposure_type_name, created_ts, updated_ts, active_flag, basel_exposure_class, ccf_pct, off_balance_sheet_flag, product_id, sa_ccr_asset_class) VALUES (20, 'EXT20', 'Exposure Type 20', '2024-06-15', '2024-06-15 12:00:00', 'Y', 'CORPORATE', 100, 'N', 1, 'NA');

-- amendment_status_dim (10 rows)
INSERT INTO l1.amendment_status_dim (amendment_status_code, amendment_status_name, status_group, is_terminal_flag, active_flag, created_ts, updated_ts) VALUES ('DRAFT', 'Draft', 'IN_PROGRESS', 'N', 'Y', '2024-06-15', '2024-06-15 12:00:00');
INSERT INTO l1.amendment_status_dim (amendment_status_code, amendment_status_name, status_group, is_terminal_flag, active_flag, created_ts, updated_ts) VALUES ('PENDING', 'Pending Approval', 'IN_PROGRESS', 'N', 'Y', '2024-06-15', '2024-06-15 12:00:00');
INSERT INTO l1.amendment_status_dim (amendment_status_code, amendment_status_name, status_group, is_terminal_flag, active_flag, created_ts, updated_ts) VALUES ('APPROVED', 'Approved', 'IN_PROGRESS', 'N', 'Y', '2024-06-15', '2024-06-15 12:00:00');
INSERT INTO l1.amendment_status_dim (amendment_status_code, amendment_status_name, status_group, is_terminal_flag, active_flag, created_ts, updated_ts) VALUES ('EFFECTIVE', 'Effective', 'ACTIVE', 'N', 'Y', '2024-06-15', '2024-06-15 12:00:00');
INSERT INTO l1.amendment_status_dim (amendment_status_code, amendment_status_name, status_group, is_terminal_flag, active_flag, created_ts, updated_ts) VALUES ('COMPLETED', 'Completed', 'TERMINAL', 'Y', 'Y', '2024-06-15', '2024-06-15 12:00:00');
INSERT INTO l1.amendment_status_dim (amendment_status_code, amendment_status_name, status_group, is_terminal_flag, active_flag, created_ts, updated_ts) VALUES ('REJECTED', 'Rejected', 'TERMINAL', 'Y', 'Y', '2024-06-15', '2024-06-15 12:00:00');
INSERT INTO l1.amendment_status_dim (amendment_status_code, amendment_status_name, status_group, is_terminal_flag, active_flag, created_ts, updated_ts) VALUES ('WITHDRAWN', 'Withdrawn', 'TERMINAL', 'Y', 'Y', '2024-06-15', '2024-06-15 12:00:00');
INSERT INTO l1.amendment_status_dim (amendment_status_code, amendment_status_name, status_group, is_terminal_flag, active_flag, created_ts, updated_ts) VALUES ('EXPIRED', 'Expired', 'TERMINAL', 'Y', 'Y', '2024-06-15', '2024-06-15 12:00:00');
INSERT INTO l1.amendment_status_dim (amendment_status_code, amendment_status_name, status_group, is_terminal_flag, active_flag, created_ts, updated_ts) VALUES ('SUPERSEDED', 'Superseded', 'TERMINAL', 'Y', 'Y', '2024-06-15', '2024-06-15 12:00:00');
INSERT INTO l1.amendment_status_dim (amendment_status_code, amendment_status_name, status_group, is_terminal_flag, active_flag, created_ts, updated_ts) VALUES ('CANCELLED', 'Cancelled', 'TERMINAL', 'Y', 'Y', '2024-06-15', '2024-06-15 12:00:00');

-- amendment_type_dim (10 rows)
INSERT INTO l1.amendment_type_dim (amendment_type_code, amendment_type_name, description, active_flag, created_ts, updated_ts) VALUES ('INCREASE', 'Commitment Increase', 'Increase in committed facility amount', 'Y', '2024-06-15', '2024-06-15 12:00:00');
INSERT INTO l1.amendment_type_dim (amendment_type_code, amendment_type_name, description, active_flag, created_ts, updated_ts) VALUES ('EXTENSION', 'Maturity Extension', 'Extension of maturity date', 'Y', '2024-06-15', '2024-06-15 12:00:00');
INSERT INTO l1.amendment_type_dim (amendment_type_code, amendment_type_name, description, active_flag, created_ts, updated_ts) VALUES ('PRICING', 'Pricing Amendment', 'Change to pricing grid or spread', 'Y', '2024-06-15', '2024-06-15 12:00:00');
INSERT INTO l1.amendment_type_dim (amendment_type_code, amendment_type_name, description, active_flag, created_ts, updated_ts) VALUES ('COVENANT', 'Covenant Modification', 'Modification of financial or non-financial covenants', 'Y', '2024-06-15', '2024-06-15 12:00:00');
INSERT INTO l1.amendment_type_dim (amendment_type_code, amendment_type_name, description, active_flag, created_ts, updated_ts) VALUES ('PARTY', 'Party Change', 'Addition or removal of a party', 'Y', '2024-06-15', '2024-06-15 12:00:00');
INSERT INTO l1.amendment_type_dim (amendment_type_code, amendment_type_name, description, active_flag, created_ts, updated_ts) VALUES ('FACILITY', 'Facility Restructure', 'Restructuring of facility terms', 'Y', '2024-06-15', '2024-06-15 12:00:00');
INSERT INTO l1.amendment_type_dim (amendment_type_code, amendment_type_name, description, active_flag, created_ts, updated_ts) VALUES ('SECURITY', 'Security Package Change', 'Change to collateral or security package', 'Y', '2024-06-15', '2024-06-15 12:00:00');
INSERT INTO l1.amendment_type_dim (amendment_type_code, amendment_type_name, description, active_flag, created_ts, updated_ts) VALUES ('RESTATEMENT', 'Amendment & Restatement', 'Full amendment and restatement of credit agreement', 'Y', '2024-06-15', '2024-06-15 12:00:00');
INSERT INTO l1.amendment_type_dim (amendment_type_code, amendment_type_name, description, active_flag, created_ts, updated_ts) VALUES ('WAIVER', 'Covenant Waiver', 'Temporary waiver of covenant compliance', 'Y', '2024-06-15', '2024-06-15 12:00:00');
INSERT INTO l1.amendment_type_dim (amendment_type_code, amendment_type_name, description, active_flag, created_ts, updated_ts) VALUES ('DECREASE', 'Commitment Decrease', 'Reduction in committed facility amount', 'Y', '2024-06-15', '2024-06-15 12:00:00');

-- default_definition_dim (10 rows)
INSERT INTO l1.default_definition_dim (default_definition_id, default_definition_code, description, jurisdiction_code, days_past_due_threshold, credit_event_trigger_flag, materiality_threshold_amt) VALUES (1, 'US_90DPD', 'US: 90+ days past due', 'US_FED', 90, 'N', 0);
INSERT INTO l1.default_definition_dim (default_definition_id, default_definition_code, description, jurisdiction_code, days_past_due_threshold, credit_event_trigger_flag, materiality_threshold_amt) VALUES (2, 'US_UNLIKELY', 'US: Unlikely to pay in full', 'US_FED', 0, 'Y', 500);
INSERT INTO l1.default_definition_dim (default_definition_id, default_definition_code, description, jurisdiction_code, days_past_due_threshold, credit_event_trigger_flag, materiality_threshold_amt) VALUES (3, 'EU_90DPD', 'EU: 90+ days past due per CRR Art 178', 'EU', 90, 'N', 0);
INSERT INTO l1.default_definition_dim (default_definition_id, default_definition_code, description, jurisdiction_code, days_past_due_threshold, credit_event_trigger_flag, materiality_threshold_amt) VALUES (4, 'EU_UNLIKELY', 'EU: Obligor unlikely to pay', 'EU', 0, 'Y', 500);
INSERT INTO l1.default_definition_dim (default_definition_id, default_definition_code, description, jurisdiction_code, days_past_due_threshold, credit_event_trigger_flag, materiality_threshold_amt) VALUES (5, 'UK_90DPD', 'UK: 90+ days past due per PRA rules', 'UK', 90, 'N', 0);
INSERT INTO l1.default_definition_dim (default_definition_id, default_definition_code, description, jurisdiction_code, days_past_due_threshold, credit_event_trigger_flag, materiality_threshold_amt) VALUES (6, 'CH_90DPD', 'CH: 90+ days past due per FINMA', 'CH', 90, 'N', 0);
INSERT INTO l1.default_definition_dim (default_definition_id, default_definition_code, description, jurisdiction_code, days_past_due_threshold, credit_event_trigger_flag, materiality_threshold_amt) VALUES (7, 'SG_90DPD', 'SG: 90+ days past due per MAS', 'SG', 90, 'N', 0);
INSERT INTO l1.default_definition_dim (default_definition_id, default_definition_code, description, jurisdiction_code, days_past_due_threshold, credit_event_trigger_flag, materiality_threshold_amt) VALUES (8, 'CA_90DPD', 'CA: 90+ days past due per OSFI', 'CA', 90, 'N', 0);
INSERT INTO l1.default_definition_dim (default_definition_id, default_definition_code, description, jurisdiction_code, days_past_due_threshold, credit_event_trigger_flag, materiality_threshold_amt) VALUES (9, 'AU_90DPD', 'AU: 90+ days past due per APRA', 'AU', 90, 'N', 0);
INSERT INTO l1.default_definition_dim (default_definition_id, default_definition_code, description, jurisdiction_code, days_past_due_threshold, credit_event_trigger_flag, materiality_threshold_amt) VALUES (10, 'GLOBAL_EVENT', 'Global: Credit event trigger (ISDA)', 'US_FED', 0, 'Y', 0);

-- internal_risk_rating_bucket_dim (10 rows)
INSERT INTO l1.internal_risk_rating_bucket_dim (internal_risk_rating_bucket_code, bucket_name, rating_score_min, rating_score_max, display_order, active_flag) VALUES ('internal_risk_rating_bucket_dim_1', 'bucket_name_1', 1, 1, 1, 'Y');
INSERT INTO l1.internal_risk_rating_bucket_dim (internal_risk_rating_bucket_code, bucket_name, rating_score_min, rating_score_max, display_order, active_flag) VALUES ('internal_risk_rating_bucket_dim_2', 'bucket_name_2', 2, 2, 2, 'N');
INSERT INTO l1.internal_risk_rating_bucket_dim (internal_risk_rating_bucket_code, bucket_name, rating_score_min, rating_score_max, display_order, active_flag) VALUES ('internal_risk_rating_bucket_dim_3', 'bucket_name_3', 3, 3, 3, 'Y');
INSERT INTO l1.internal_risk_rating_bucket_dim (internal_risk_rating_bucket_code, bucket_name, rating_score_min, rating_score_max, display_order, active_flag) VALUES ('internal_risk_rating_bucket_dim_4', 'bucket_name_4', 4, 4, 4, 'N');
INSERT INTO l1.internal_risk_rating_bucket_dim (internal_risk_rating_bucket_code, bucket_name, rating_score_min, rating_score_max, display_order, active_flag) VALUES ('internal_risk_rating_bucket_dim_5', 'bucket_name_5', 5, 5, 5, 'Y');
INSERT INTO l1.internal_risk_rating_bucket_dim (internal_risk_rating_bucket_code, bucket_name, rating_score_min, rating_score_max, display_order, active_flag) VALUES ('internal_risk_rating_bucket_dim_6', 'bucket_name_6', 6, 6, 6, 'N');
INSERT INTO l1.internal_risk_rating_bucket_dim (internal_risk_rating_bucket_code, bucket_name, rating_score_min, rating_score_max, display_order, active_flag) VALUES ('internal_risk_rating_bucket_dim_7', 'bucket_name_7', 7, 7, 7, 'Y');
INSERT INTO l1.internal_risk_rating_bucket_dim (internal_risk_rating_bucket_code, bucket_name, rating_score_min, rating_score_max, display_order, active_flag) VALUES ('internal_risk_rating_bucket_dim_8', 'bucket_name_8', 8, 8, 8, 'N');
INSERT INTO l1.internal_risk_rating_bucket_dim (internal_risk_rating_bucket_code, bucket_name, rating_score_min, rating_score_max, display_order, active_flag) VALUES ('internal_risk_rating_bucket_dim_9', 'bucket_name_9', 9, 9, 9, 'Y');
INSERT INTO l1.internal_risk_rating_bucket_dim (internal_risk_rating_bucket_code, bucket_name, rating_score_min, rating_score_max, display_order, active_flag) VALUES ('internal_risk_rating_bucket_dim_10', 'bucket_name_10', 10, 10, 10, 'N');
INSERT INTO l1.internal_risk_rating_bucket_dim (internal_risk_rating_bucket_code, bucket_name, rating_score_min, rating_score_max, display_order, active_flag) VALUES ('1', 'Bucket 1', 1, 1, 11, 'Y');
INSERT INTO l1.internal_risk_rating_bucket_dim (internal_risk_rating_bucket_code, bucket_name, rating_score_min, rating_score_max, display_order, active_flag) VALUES ('2', 'Bucket 2', 2, 2, 12, 'Y');
INSERT INTO l1.internal_risk_rating_bucket_dim (internal_risk_rating_bucket_code, bucket_name, rating_score_min, rating_score_max, display_order, active_flag) VALUES ('3', 'Bucket 3', 3, 3, 13, 'Y');
INSERT INTO l1.internal_risk_rating_bucket_dim (internal_risk_rating_bucket_code, bucket_name, rating_score_min, rating_score_max, display_order, active_flag) VALUES ('4', 'Bucket 4', 4, 4, 14, 'Y');
INSERT INTO l1.internal_risk_rating_bucket_dim (internal_risk_rating_bucket_code, bucket_name, rating_score_min, rating_score_max, display_order, active_flag) VALUES ('5', 'Bucket 5', 5, 5, 15, 'Y');
INSERT INTO l1.internal_risk_rating_bucket_dim (internal_risk_rating_bucket_code, bucket_name, rating_score_min, rating_score_max, display_order, active_flag) VALUES ('6', 'Bucket 6', 6, 6, 16, 'Y');
INSERT INTO l1.internal_risk_rating_bucket_dim (internal_risk_rating_bucket_code, bucket_name, rating_score_min, rating_score_max, display_order, active_flag) VALUES ('7', 'Bucket 7', 7, 7, 17, 'Y');
INSERT INTO l1.internal_risk_rating_bucket_dim (internal_risk_rating_bucket_code, bucket_name, rating_score_min, rating_score_max, display_order, active_flag) VALUES ('8', 'Bucket 8', 8, 8, 18, 'Y');
INSERT INTO l1.internal_risk_rating_bucket_dim (internal_risk_rating_bucket_code, bucket_name, rating_score_min, rating_score_max, display_order, active_flag) VALUES ('9', 'Bucket 9', 9, 9, 19, 'Y');
INSERT INTO l1.internal_risk_rating_bucket_dim (internal_risk_rating_bucket_code, bucket_name, rating_score_min, rating_score_max, display_order, active_flag) VALUES ('10', 'Bucket 10', 10, 10, 20, 'Y');

-- pricing_tier_dim (10 rows)
INSERT INTO l1.pricing_tier_dim (pricing_tier_code, tier_name, tier_ordinal, spread_min_bps, spread_max_bps, display_order, active_flag) VALUES ('pricing_tier_dim_1', 'tier_name_1', 1, 0.0000, 50.0000, 1, 'Y');
INSERT INTO l1.pricing_tier_dim (pricing_tier_code, tier_name, tier_ordinal, spread_min_bps, spread_max_bps, display_order, active_flag) VALUES ('pricing_tier_dim_2', 'tier_name_2', 2, 50.0000, 100.0000, 2, 'N');
INSERT INTO l1.pricing_tier_dim (pricing_tier_code, tier_name, tier_ordinal, spread_min_bps, spread_max_bps, display_order, active_flag) VALUES ('pricing_tier_dim_3', 'tier_name_3', 3, 100.0000, 150.0000, 3, 'Y');
INSERT INTO l1.pricing_tier_dim (pricing_tier_code, tier_name, tier_ordinal, spread_min_bps, spread_max_bps, display_order, active_flag) VALUES ('pricing_tier_dim_4', 'tier_name_4', 4, 150.0000, 200.0000, 4, 'N');
INSERT INTO l1.pricing_tier_dim (pricing_tier_code, tier_name, tier_ordinal, spread_min_bps, spread_max_bps, display_order, active_flag) VALUES ('pricing_tier_dim_5', 'tier_name_5', 5, 200.0000, 250.0000, 5, 'Y');
INSERT INTO l1.pricing_tier_dim (pricing_tier_code, tier_name, tier_ordinal, spread_min_bps, spread_max_bps, display_order, active_flag) VALUES ('pricing_tier_dim_6', 'tier_name_6', 6, 250.0000, 300.0000, 6, 'N');
INSERT INTO l1.pricing_tier_dim (pricing_tier_code, tier_name, tier_ordinal, spread_min_bps, spread_max_bps, display_order, active_flag) VALUES ('pricing_tier_dim_7', 'tier_name_7', 7, 300.0000, 400.0000, 7, 'Y');
INSERT INTO l1.pricing_tier_dim (pricing_tier_code, tier_name, tier_ordinal, spread_min_bps, spread_max_bps, display_order, active_flag) VALUES ('pricing_tier_dim_8', 'tier_name_8', 8, 400.0000, 500.0000, 8, 'N');
INSERT INTO l1.pricing_tier_dim (pricing_tier_code, tier_name, tier_ordinal, spread_min_bps, spread_max_bps, display_order, active_flag) VALUES ('pricing_tier_dim_9', 'tier_name_9', 9, 500.0000, 700.0000, 9, 'Y');
INSERT INTO l1.pricing_tier_dim (pricing_tier_code, tier_name, tier_ordinal, spread_min_bps, spread_max_bps, display_order, active_flag) VALUES ('pricing_tier_dim_10', 'tier_name_10', 10, 700.0000, 1000.0000, 10, 'N');

-- risk_rating_tier_dim (5 rows)
INSERT INTO l1.risk_rating_tier_dim (tier_code, tier_name, pd_min_pct, pd_max_pct, display_order, active_flag) VALUES ('INV_GRADE', 'Investment Grade', 0.000000, 0.050000, 1, 'Y');
INSERT INTO l1.risk_rating_tier_dim (tier_code, tier_name, pd_min_pct, pd_max_pct, display_order, active_flag) VALUES ('STANDARD', 'Standard', 0.050000, 0.200000, 2, 'Y');
INSERT INTO l1.risk_rating_tier_dim (tier_code, tier_name, pd_min_pct, pd_max_pct, display_order, active_flag) VALUES ('SUBSTANDARD', 'Substandard', 0.200000, 0.500000, 3, 'Y');
INSERT INTO l1.risk_rating_tier_dim (tier_code, tier_name, pd_min_pct, pd_max_pct, display_order, active_flag) VALUES ('DOUBTFUL', 'Doubtful', 0.500000, 1.000000, 4, 'Y');
INSERT INTO l1.risk_rating_tier_dim (tier_code, tier_name, pd_min_pct, pd_max_pct, display_order, active_flag) VALUES ('LOSS', 'Loss', 1.000000, 100.000000, 5, 'Y');

-- dpd_bucket_dim (4 rows)
INSERT INTO l1.dpd_bucket_dim (dpd_bucket_code, bucket_name, dpd_min, dpd_max, display_order, active_flag) VALUES ('0-30', 'Current (0-30 DPD)', 0, 30, 1, 'Y');
INSERT INTO l1.dpd_bucket_dim (dpd_bucket_code, bucket_name, dpd_min, dpd_max, display_order, active_flag) VALUES ('31-60', 'Early Delinquent (31-60 DPD)', 31, 60, 2, 'Y');
INSERT INTO l1.dpd_bucket_dim (dpd_bucket_code, bucket_name, dpd_min, dpd_max, display_order, active_flag) VALUES ('61-90', 'Delinquent (61-90 DPD)', 61, 90, 3, 'Y');
INSERT INTO l1.dpd_bucket_dim (dpd_bucket_code, bucket_name, dpd_min, dpd_max, display_order, active_flag) VALUES ('90+', 'Seriously Delinquent (90+ DPD)', 91, 99999, 4, 'Y');

-- utilization_status_dim (4 rows)
INSERT INTO l1.utilization_status_dim (utilization_status_code, status_name, utilization_min_pct, utilization_max_pct, display_order, active_flag) VALUES ('NO_BREACH', 'No Breach', 0.0000, 75.0000, 1, 'Y');
INSERT INTO l1.utilization_status_dim (utilization_status_code, status_name, utilization_min_pct, utilization_max_pct, display_order, active_flag) VALUES ('WARNING', 'Warning', 75.0000, 95.0000, 2, 'Y');
INSERT INTO l1.utilization_status_dim (utilization_status_code, status_name, utilization_min_pct, utilization_max_pct, display_order, active_flag) VALUES ('FULLY_UTILIZED', 'Fully Utilized', 95.0000, 100.0000, 3, 'Y');
INSERT INTO l1.utilization_status_dim (utilization_status_code, status_name, utilization_min_pct, utilization_max_pct, display_order, active_flag) VALUES ('BREACH', 'Breach', 100.0000, 999.0000, 4, 'Y');

-- origination_date_bucket_dim (5 rows)
INSERT INTO l1.origination_date_bucket_dim (origination_bucket_code, bucket_name, months_since_origination_min, months_since_origination_max, display_order, active_flag) VALUES ('0-12M', '0-12 Months', 0, 12, 1, 'Y');
INSERT INTO l1.origination_date_bucket_dim (origination_bucket_code, bucket_name, months_since_origination_min, months_since_origination_max, display_order, active_flag) VALUES ('12-36M', '12-36 Months', 13, 36, 2, 'Y');
INSERT INTO l1.origination_date_bucket_dim (origination_bucket_code, bucket_name, months_since_origination_min, months_since_origination_max, display_order, active_flag) VALUES ('36-60M', '36-60 Months', 37, 60, 3, 'Y');
INSERT INTO l1.origination_date_bucket_dim (origination_bucket_code, bucket_name, months_since_origination_min, months_since_origination_max, display_order, active_flag) VALUES ('60-120M', '60-120 Months', 61, 120, 4, 'Y');
INSERT INTO l1.origination_date_bucket_dim (origination_bucket_code, bucket_name, months_since_origination_min, months_since_origination_max, display_order, active_flag) VALUES ('120M+', '120+ Months', 121, 99999, 5, 'Y');

-- maturity_bucket_dim (10 rows)
INSERT INTO l1.maturity_bucket_dim (maturity_bucket_id, bucket_code, bucket_name, created_ts, updated_ts, active_flag, bucket_end_days, bucket_start_days, jurisdiction_code, regulatory_framework) VALUES (1, 'ON', 'Overnight', '2024-06-15', '2024-06-15 12:00:00', 'Y', 1, 0, 'US_FED', 'US Basel III (Final Rule)');
INSERT INTO l1.maturity_bucket_dim (maturity_bucket_id, bucket_code, bucket_name, created_ts, updated_ts, active_flag, bucket_end_days, bucket_start_days, jurisdiction_code, regulatory_framework) VALUES (2, '1W', '1 Week', '2024-06-15', '2024-06-15 12:00:00', 'Y', 7, 1, 'US_FED', 'US Basel III (Final Rule)');
INSERT INTO l1.maturity_bucket_dim (maturity_bucket_id, bucket_code, bucket_name, created_ts, updated_ts, active_flag, bucket_end_days, bucket_start_days, jurisdiction_code, regulatory_framework) VALUES (3, '1M', '1 Month', '2024-06-15', '2024-06-15 12:00:00', 'Y', 30, 8, 'US_FED', 'US Basel III (Final Rule)');
INSERT INTO l1.maturity_bucket_dim (maturity_bucket_id, bucket_code, bucket_name, created_ts, updated_ts, active_flag, bucket_end_days, bucket_start_days, jurisdiction_code, regulatory_framework) VALUES (4, '3M', '3 Months', '2024-06-15', '2024-06-15 12:00:00', 'Y', 90, 31, 'US_FED', 'US Basel III (Final Rule)');
INSERT INTO l1.maturity_bucket_dim (maturity_bucket_id, bucket_code, bucket_name, created_ts, updated_ts, active_flag, bucket_end_days, bucket_start_days, jurisdiction_code, regulatory_framework) VALUES (5, '6M', '6 Months', '2024-06-15', '2024-06-15 12:00:00', 'Y', 180, 91, 'US_FED', 'US Basel III (Final Rule)');
INSERT INTO l1.maturity_bucket_dim (maturity_bucket_id, bucket_code, bucket_name, created_ts, updated_ts, active_flag, bucket_end_days, bucket_start_days, jurisdiction_code, regulatory_framework) VALUES (6, '1Y', '1 Year', '2024-06-15', '2024-06-15 12:00:00', 'Y', 365, 181, 'US_FED', 'US Basel III (Final Rule)');
INSERT INTO l1.maturity_bucket_dim (maturity_bucket_id, bucket_code, bucket_name, created_ts, updated_ts, active_flag, bucket_end_days, bucket_start_days, jurisdiction_code, regulatory_framework) VALUES (7, '2Y', '2 Years', '2024-06-15', '2024-06-15 12:00:00', 'Y', 730, 366, 'US_FED', 'US Basel III (Final Rule)');
INSERT INTO l1.maturity_bucket_dim (maturity_bucket_id, bucket_code, bucket_name, created_ts, updated_ts, active_flag, bucket_end_days, bucket_start_days, jurisdiction_code, regulatory_framework) VALUES (8, '5Y', '5 Years', '2024-06-15', '2024-06-15 12:00:00', 'Y', 1825, 731, 'US_FED', 'US Basel III (Final Rule)');
INSERT INTO l1.maturity_bucket_dim (maturity_bucket_id, bucket_code, bucket_name, created_ts, updated_ts, active_flag, bucket_end_days, bucket_start_days, jurisdiction_code, regulatory_framework) VALUES (9, '10Y', '10 Years', '2024-06-15', '2024-06-15 12:00:00', 'Y', 3650, 1826, 'US_FED', 'US Basel III (Final Rule)');
INSERT INTO l1.maturity_bucket_dim (maturity_bucket_id, bucket_code, bucket_name, created_ts, updated_ts, active_flag, bucket_end_days, bucket_start_days, jurisdiction_code, regulatory_framework) VALUES (10, '10Y+', 'Over 10 Years', '2024-06-15', '2024-06-15 12:00:00', 'Y', 99999, 3651, 'US_FED', 'US Basel III (Final Rule)');

-- fr2590_category_dim (10 rows)
INSERT INTO l1.fr2590_category_dim (fr2590_category_code, category_name, definition, display_order, active_flag, created_ts, updated_ts) VALUES ('1', 'C&I - Term', 'Commercial & industrial term loans', 1, 'Y', '2024-06-15', '2024-06-15 12:00:00');
INSERT INTO l1.fr2590_category_dim (fr2590_category_code, category_name, definition, display_order, active_flag, created_ts, updated_ts) VALUES ('2', 'C&I - Revolving', 'Commercial & industrial revolving credits', 2, 'Y', '2024-06-15', '2024-06-15 12:00:00');
INSERT INTO l1.fr2590_category_dim (fr2590_category_code, category_name, definition, display_order, active_flag, created_ts, updated_ts) VALUES ('3', 'CRE - Construction', 'Construction and land development loans', 3, 'Y', '2024-06-15', '2024-06-15 12:00:00');
INSERT INTO l1.fr2590_category_dim (fr2590_category_code, category_name, definition, display_order, active_flag, created_ts, updated_ts) VALUES ('4', 'CRE - Non-Farm Non-Residential', 'Non-farm non-residential property loans', 4, 'Y', '2024-06-15', '2024-06-15 12:00:00');
INSERT INTO l1.fr2590_category_dim (fr2590_category_code, category_name, definition, display_order, active_flag, created_ts, updated_ts) VALUES ('5', 'CRE - Multifamily', 'Multifamily residential property loans', 5, 'Y', '2024-06-15', '2024-06-15 12:00:00');
INSERT INTO l1.fr2590_category_dim (fr2590_category_code, category_name, definition, display_order, active_flag, created_ts, updated_ts) VALUES ('6', 'Consumer - Credit Card', 'Credit card loans to individuals', 6, 'Y', '2024-06-15', '2024-06-15 12:00:00');
INSERT INTO l1.fr2590_category_dim (fr2590_category_code, category_name, definition, display_order, active_flag, created_ts, updated_ts) VALUES ('7', 'Consumer - Auto', 'Automobile loans to individuals', 7, 'Y', '2024-06-15', '2024-06-15 12:00:00');
INSERT INTO l1.fr2590_category_dim (fr2590_category_code, category_name, definition, display_order, active_flag, created_ts, updated_ts) VALUES ('8', 'Consumer - Other', 'Other consumer purpose loans', 8, 'Y', '2024-06-15', '2024-06-15 12:00:00');
INSERT INTO l1.fr2590_category_dim (fr2590_category_code, category_name, definition, display_order, active_flag, created_ts, updated_ts) VALUES ('9', 'Sovereign & Government', 'Loans to sovereign and government entities', 9, 'Y', '2024-06-15', '2024-06-15 12:00:00');
INSERT INTO l1.fr2590_category_dim (fr2590_category_code, category_name, definition, display_order, active_flag, created_ts, updated_ts) VALUES ('10', 'Interbank', 'Loans to depository institutions', 10, 'Y', '2024-06-15', '2024-06-15 12:00:00');

-- counterparty_role_dim (10 rows)
INSERT INTO l1.counterparty_role_dim (counterparty_role_code, role_name, role_category, is_risk_bearing_flag, description, is_active_flag, created_ts, updated_ts) VALUES ('BORROWER', 'Borrower', 'OBLIGOR', 'Y', 'Primary obligor under credit agreement', 'Y', '2024-06-15', '2024-06-15 12:00:00');
INSERT INTO l1.counterparty_role_dim (counterparty_role_code, role_name, role_category, is_risk_bearing_flag, description, is_active_flag, created_ts, updated_ts) VALUES ('GUARANTOR', 'Guarantor', 'CREDIT_SUPPORT', 'Y', 'Entity providing guarantee of obligations', 'Y', '2024-06-15', '2024-06-15 12:00:00');
INSERT INTO l1.counterparty_role_dim (counterparty_role_code, role_name, role_category, is_risk_bearing_flag, description, is_active_flag, created_ts, updated_ts) VALUES ('AGENT', 'Administrative Agent', 'AGENCY', 'N', 'Agent bank administering the facility', 'Y', '2024-06-15', '2024-06-15 12:00:00');
INSERT INTO l1.counterparty_role_dim (counterparty_role_code, role_name, role_category, is_risk_bearing_flag, description, is_active_flag, created_ts, updated_ts) VALUES ('LEAD_ARRANGER', 'Lead Arranger', 'ORIGINATION', 'N', 'Bank arranging and structuring the deal', 'Y', '2024-06-15', '2024-06-15 12:00:00');
INSERT INTO l1.counterparty_role_dim (counterparty_role_code, role_name, role_category, is_risk_bearing_flag, description, is_active_flag, created_ts, updated_ts) VALUES ('PARTICIPANT', 'Syndicate Participant', 'LENDER', 'Y', 'Participating lender in syndication', 'Y', '2024-06-15', '2024-06-15 12:00:00');
INSERT INTO l1.counterparty_role_dim (counterparty_role_code, role_name, role_category, is_risk_bearing_flag, description, is_active_flag, created_ts, updated_ts) VALUES ('ISSUER', 'Issuer', 'OBLIGOR', 'Y', 'Entity issuing instruments', 'Y', '2024-06-15', '2024-06-15 12:00:00');
INSERT INTO l1.counterparty_role_dim (counterparty_role_code, role_name, role_category, is_risk_bearing_flag, description, is_active_flag, created_ts, updated_ts) VALUES ('TRUSTEE', 'Trustee', 'FIDUCIARY', 'N', 'Third-party trustee holding collateral', 'Y', '2024-06-15', '2024-06-15 12:00:00');
INSERT INTO l1.counterparty_role_dim (counterparty_role_code, role_name, role_category, is_risk_bearing_flag, description, is_active_flag, created_ts, updated_ts) VALUES ('SERVICER', 'Servicer', 'OPERATIONS', 'N', 'Entity servicing the loan portfolio', 'Y', '2024-06-15', '2024-06-15 12:00:00');
INSERT INTO l1.counterparty_role_dim (counterparty_role_code, role_name, role_category, is_risk_bearing_flag, description, is_active_flag, created_ts, updated_ts) VALUES ('SPONSOR', 'Sponsor', 'ORIGINATION', 'N', 'Equity sponsor of the transaction', 'Y', '2024-06-15', '2024-06-15 12:00:00');
INSERT INTO l1.counterparty_role_dim (counterparty_role_code, role_name, role_category, is_risk_bearing_flag, description, is_active_flag, created_ts, updated_ts) VALUES ('SUBORDINATE', 'Subordinated Lender', 'LENDER', 'Y', 'Subordinated tranche lender', 'Y', '2024-06-15', '2024-06-15 12:00:00');

-- rating_scale_dim (10 rows)
INSERT INTO l1.rating_scale_dim (rating_scale_id, scale_name, created_ts, updated_ts, active_flag, default_flag, display_color_hex, investment_grade_flag, pd_implied, rating_grade_id, rating_notch, rating_value, scale_type) VALUES (1, 'S&P Long-Term', '2024-06-15', '2024-06-15 12:00:00', 'Y', 'Y', '#2E7D32', 'Y', 0.0001, 1, 'AAA', 1, 'EXTERNAL');
INSERT INTO l1.rating_scale_dim (rating_scale_id, scale_name, created_ts, updated_ts, active_flag, default_flag, display_color_hex, investment_grade_flag, pd_implied, rating_grade_id, rating_notch, rating_value, scale_type) VALUES (2, 'Moody''s Long-Term', '2024-06-15', '2024-06-15 12:00:00', 'Y', 'N', '#388E3C', 'Y', 0.0002, 2, 'AA+', 2, 'EXTERNAL');
INSERT INTO l1.rating_scale_dim (rating_scale_id, scale_name, created_ts, updated_ts, active_flag, default_flag, display_color_hex, investment_grade_flag, pd_implied, rating_grade_id, rating_notch, rating_value, scale_type) VALUES (3, 'Fitch Long-Term', '2024-06-15', '2024-06-15 12:00:00', 'Y', 'N', '#43A047', 'Y', 0.0003, 3, 'AA', 3, 'EXTERNAL');
INSERT INTO l1.rating_scale_dim (rating_scale_id, scale_name, created_ts, updated_ts, active_flag, default_flag, display_color_hex, investment_grade_flag, pd_implied, rating_grade_id, rating_notch, rating_value, scale_type) VALUES (4, 'DBRS Long-Term', '2024-06-15', '2024-06-15 12:00:00', 'Y', 'N', '#4CAF50', 'Y', 0.0005, 4, 'A+', 4, 'EXTERNAL');
INSERT INTO l1.rating_scale_dim (rating_scale_id, scale_name, created_ts, updated_ts, active_flag, default_flag, display_color_hex, investment_grade_flag, pd_implied, rating_grade_id, rating_notch, rating_value, scale_type) VALUES (5, 'Internal 10-Point', '2024-06-15', '2024-06-15 12:00:00', 'Y', 'N', '#66BB6A', 'Y', 0.0008, 5, 'A', 5, 'INTERNAL');
INSERT INTO l1.rating_scale_dim (rating_scale_id, scale_name, created_ts, updated_ts, active_flag, default_flag, display_color_hex, investment_grade_flag, pd_implied, rating_grade_id, rating_notch, rating_value, scale_type) VALUES (6, 'Internal Expert', '2024-06-15', '2024-06-15 12:00:00', 'Y', 'N', '#FFC107', 'Y', 0.0015, 6, 'BBB+', 6, 'INTERNAL');
INSERT INTO l1.rating_scale_dim (rating_scale_id, scale_name, created_ts, updated_ts, active_flag, default_flag, display_color_hex, investment_grade_flag, pd_implied, rating_grade_id, rating_notch, rating_value, scale_type) VALUES (7, 'KBRA Long-Term', '2024-06-15', '2024-06-15 12:00:00', 'Y', 'N', '#FF9800', 'Y', 0.0025, 7, 'BBB', 7, 'EXTERNAL');
INSERT INTO l1.rating_scale_dim (rating_scale_id, scale_name, created_ts, updated_ts, active_flag, default_flag, display_color_hex, investment_grade_flag, pd_implied, rating_grade_id, rating_notch, rating_value, scale_type) VALUES (8, 'JCR Long-Term', '2024-06-15', '2024-06-15 12:00:00', 'Y', 'N', '#FF5722', 'Y', 0.004, 8, 'BBB-', 8, 'EXTERNAL');
INSERT INTO l1.rating_scale_dim (rating_scale_id, scale_name, created_ts, updated_ts, active_flag, default_flag, display_color_hex, investment_grade_flag, pd_implied, rating_grade_id, rating_notch, rating_value, scale_type) VALUES (9, 'CCXI Long-Term', '2024-06-15', '2024-06-15 12:00:00', 'Y', 'N', '#E53935', 'N', 0.0075, 9, 'BB+', 9, 'EXTERNAL');
INSERT INTO l1.rating_scale_dim (rating_scale_id, scale_name, created_ts, updated_ts, active_flag, default_flag, display_color_hex, investment_grade_flag, pd_implied, rating_grade_id, rating_notch, rating_value, scale_type) VALUES (10, 'RAM Long-Term', '2024-06-15', '2024-06-15 12:00:00', 'Y', 'N', '#B71C1C', 'N', 0.012, 10, 'BB', 10, 'EXTERNAL');

-- crm_type_dim (10 rows)
INSERT INTO l1.crm_type_dim (crm_type_code, crm_type_name, created_ts, updated_ts, active_flag, basel_recognition_method, crm_category, eligible_flag, risk_mitigant_subtype_code) VALUES ('COLLATERAL', 'Financial Collateral', '2024-06-15', '2024-06-15 12:00:00', 'Y', 'COMPREHENSIVE', 'FUNDED', 'Y', 'FINANCIAL');
INSERT INTO l1.crm_type_dim (crm_type_code, crm_type_name, created_ts, updated_ts, active_flag, basel_recognition_method, crm_category, eligible_flag, risk_mitigant_subtype_code) VALUES ('GUARANTEE', 'Third-Party Guarantee', '2024-06-15', '2024-06-15 12:00:00', 'Y', 'SUBSTITUTION', 'UNFUNDED', 'Y', 'GUARANTEE');
INSERT INTO l1.crm_type_dim (crm_type_code, crm_type_name, created_ts, updated_ts, active_flag, basel_recognition_method, crm_category, eligible_flag, risk_mitigant_subtype_code) VALUES ('NETTING', 'Close-Out Netting', '2024-06-15', '2024-06-15 12:00:00', 'Y', 'BILATERAL_NETTING', 'NETTING', 'Y', 'NETTING');
INSERT INTO l1.crm_type_dim (crm_type_code, crm_type_name, created_ts, updated_ts, active_flag, basel_recognition_method, crm_category, eligible_flag, risk_mitigant_subtype_code) VALUES ('CREDIT_DERIV', 'Credit Derivative', '2024-06-15', '2024-06-15 12:00:00', 'Y', 'SUBSTITUTION', 'UNFUNDED', 'Y', 'CDS');
INSERT INTO l1.crm_type_dim (crm_type_code, crm_type_name, created_ts, updated_ts, active_flag, basel_recognition_method, crm_category, eligible_flag, risk_mitigant_subtype_code) VALUES ('MORTGAGE', 'Real Estate Mortgage', '2024-06-15', '2024-06-15 12:00:00', 'Y', 'SIMPLE', 'FUNDED', 'Y', 'CRE');
INSERT INTO l1.crm_type_dim (crm_type_code, crm_type_name, created_ts, updated_ts, active_flag, basel_recognition_method, crm_category, eligible_flag, risk_mitigant_subtype_code) VALUES ('PLEDGE', 'Asset Pledge', '2024-06-15', '2024-06-15 12:00:00', 'Y', 'COMPREHENSIVE', 'FUNDED', 'Y', 'PHYSICAL');
INSERT INTO l1.crm_type_dim (crm_type_code, crm_type_name, created_ts, updated_ts, active_flag, basel_recognition_method, crm_category, eligible_flag, risk_mitigant_subtype_code) VALUES ('ASSIGNMENT', 'Receivables Assignment', '2024-06-15', '2024-06-15 12:00:00', 'Y', 'COMPREHENSIVE', 'FUNDED', 'Y', 'RECEIVABLE');
INSERT INTO l1.crm_type_dim (crm_type_code, crm_type_name, created_ts, updated_ts, active_flag, basel_recognition_method, crm_category, eligible_flag, risk_mitigant_subtype_code) VALUES ('LIEN', 'Statutory Lien', '2024-06-15', '2024-06-15 12:00:00', 'Y', 'SIMPLE', 'FUNDED', 'Y', 'STATUTORY');
INSERT INTO l1.crm_type_dim (crm_type_code, crm_type_name, created_ts, updated_ts, active_flag, basel_recognition_method, crm_category, eligible_flag, risk_mitigant_subtype_code) VALUES ('SURETY', 'Surety Bond', '2024-06-15', '2024-06-15 12:00:00', 'Y', 'SUBSTITUTION', 'UNFUNDED', 'Y', 'SURETY');
INSERT INTO l1.crm_type_dim (crm_type_code, crm_type_name, created_ts, updated_ts, active_flag, basel_recognition_method, crm_category, eligible_flag, risk_mitigant_subtype_code) VALUES ('INSURANCE', 'Credit Insurance', '2024-06-15', '2024-06-15 12:00:00', 'Y', 'SUBSTITUTION', 'UNFUNDED', 'Y', 'INSURANCE');

-- source_system_registry (10 rows)
INSERT INTO l1.source_system_registry (source_system_id, source_system_name, data_domain, ingestion_frequency, system_owner, active_flag, created_ts, updated_ts) VALUES (1, 'LoanIQ', 'LENDING', 'DAILY', 'Lending Ops', 'Y', '2024-06-15 12:00:00', '2024-06-15 12:00:00');
INSERT INTO l1.source_system_registry (source_system_id, source_system_name, data_domain, ingestion_frequency, system_owner, active_flag, created_ts, updated_ts) VALUES (2, 'ACBS', 'LENDING', 'DAILY', 'Lending Ops', 'Y', '2024-06-15 12:00:00', '2024-06-15 12:00:00');
INSERT INTO l1.source_system_registry (source_system_id, source_system_name, data_domain, ingestion_frequency, system_owner, active_flag, created_ts, updated_ts) VALUES (3, 'Summit', 'TRADING', 'REAL_TIME', 'Trading Tech', 'Y', '2024-06-15 12:00:00', '2024-06-15 12:00:00');
INSERT INTO l1.source_system_registry (source_system_id, source_system_name, data_domain, ingestion_frequency, system_owner, active_flag, created_ts, updated_ts) VALUES (4, 'FIS', 'PAYMENTS', 'DAILY', 'Payments Tech', 'Y', '2024-06-15 12:00:00', '2024-06-15 12:00:00');
INSERT INTO l1.source_system_registry (source_system_id, source_system_name, data_domain, ingestion_frequency, system_owner, active_flag, created_ts, updated_ts) VALUES (5, 'Moody''s Credit Lens', 'CREDIT_RISK', 'WEEKLY', 'Risk Analytics', 'Y', '2024-06-15 12:00:00', '2024-06-15 12:00:00');
INSERT INTO l1.source_system_registry (source_system_id, source_system_name, data_domain, ingestion_frequency, system_owner, active_flag, created_ts, updated_ts) VALUES (6, 'S&P Capital IQ', 'CREDIT_RISK', 'WEEKLY', 'Risk Analytics', 'Y', '2024-06-15 12:00:00', '2024-06-15 12:00:00');
INSERT INTO l1.source_system_registry (source_system_id, source_system_name, data_domain, ingestion_frequency, system_owner, active_flag, created_ts, updated_ts) VALUES (7, 'Internal Risk', 'RISK', 'DAILY', 'CRO Office', 'Y', '2024-06-15 12:00:00', '2024-06-15 12:00:00');
INSERT INTO l1.source_system_registry (source_system_id, source_system_name, data_domain, ingestion_frequency, system_owner, active_flag, created_ts, updated_ts) VALUES (8, 'Treasury', 'TREASURY', 'DAILY', 'Treasury Ops', 'Y', '2024-06-15 12:00:00', '2024-06-15 12:00:00');
INSERT INTO l1.source_system_registry (source_system_id, source_system_name, data_domain, ingestion_frequency, system_owner, active_flag, created_ts, updated_ts) VALUES (9, 'GL', 'FINANCE', 'DAILY', 'Finance', 'Y', '2024-06-15 12:00:00', '2024-06-15 12:00:00');
INSERT INTO l1.source_system_registry (source_system_id, source_system_name, data_domain, ingestion_frequency, system_owner, active_flag, created_ts, updated_ts) VALUES (10, 'Regulatory', 'REGULATORY', 'QUARTERLY', 'Regulatory Reporting', 'Y', '2024-06-15 12:00:00', '2024-06-15 12:00:00');
INSERT INTO l1.source_system_registry (source_system_id, source_system_name, data_domain, ingestion_frequency, system_owner, active_flag, created_ts, updated_ts) VALUES (11, 'Position Ledger', 'TRADING', 'DAILY', 'Trading Tech', 'Y', '2024-06-15 12:00:00', '2024-06-15 12:00:00');
INSERT INTO l1.source_system_registry (source_system_id, source_system_name, data_domain, ingestion_frequency, system_owner, active_flag, created_ts, updated_ts) VALUES (12, 'Position Ledger 12', 'TRADING', 'DAILY', 'Trading Tech', 'Y', '2024-06-15 12:00:00', '2024-06-15 12:00:00');
INSERT INTO l1.source_system_registry (source_system_id, source_system_name, data_domain, ingestion_frequency, system_owner, active_flag, created_ts, updated_ts) VALUES (13, 'Position Ledger 13', 'TRADING', 'DAILY', 'Trading Tech', 'Y', '2024-06-15 12:00:00', '2024-06-15 12:00:00');
INSERT INTO l1.source_system_registry (source_system_id, source_system_name, data_domain, ingestion_frequency, system_owner, active_flag, created_ts, updated_ts) VALUES (14, 'Position Ledger 14', 'TRADING', 'DAILY', 'Trading Tech', 'Y', '2024-06-15 12:00:00', '2024-06-15 12:00:00');
INSERT INTO l1.source_system_registry (source_system_id, source_system_name, data_domain, ingestion_frequency, system_owner, active_flag, created_ts, updated_ts) VALUES (15, 'Position Ledger 15', 'TRADING', 'DAILY', 'Trading Tech', 'Y', '2024-06-15 12:00:00', '2024-06-15 12:00:00');
INSERT INTO l1.source_system_registry (source_system_id, source_system_name, data_domain, ingestion_frequency, system_owner, active_flag, created_ts, updated_ts) VALUES (16, 'Position Ledger 16', 'TRADING', 'DAILY', 'Trading Tech', 'Y', '2024-06-15 12:00:00', '2024-06-15 12:00:00');
INSERT INTO l1.source_system_registry (source_system_id, source_system_name, data_domain, ingestion_frequency, system_owner, active_flag, created_ts, updated_ts) VALUES (17, 'Position Ledger 17', 'TRADING', 'DAILY', 'Trading Tech', 'Y', '2024-06-15 12:00:00', '2024-06-15 12:00:00');
INSERT INTO l1.source_system_registry (source_system_id, source_system_name, data_domain, ingestion_frequency, system_owner, active_flag, created_ts, updated_ts) VALUES (18, 'Position Ledger 18', 'TRADING', 'DAILY', 'Trading Tech', 'Y', '2024-06-15 12:00:00', '2024-06-15 12:00:00');
INSERT INTO l1.source_system_registry (source_system_id, source_system_name, data_domain, ingestion_frequency, system_owner, active_flag, created_ts, updated_ts) VALUES (19, 'Position Ledger 19', 'TRADING', 'DAILY', 'Trading Tech', 'Y', '2024-06-15 12:00:00', '2024-06-15 12:00:00');
INSERT INTO l1.source_system_registry (source_system_id, source_system_name, data_domain, ingestion_frequency, system_owner, active_flag, created_ts, updated_ts) VALUES (20, 'Position Ledger 20', 'TRADING', 'DAILY', 'Trading Tech', 'Y', '2024-06-15 12:00:00', '2024-06-15 12:00:00');
INSERT INTO l1.source_system_registry (source_system_id, source_system_name, data_domain, ingestion_frequency, system_owner, active_flag, created_ts, updated_ts) VALUES (21, 'Position Ledger 21', 'TRADING', 'DAILY', 'Trading Tech', 'Y', '2024-06-15 12:00:00', '2024-06-15 12:00:00');
INSERT INTO l1.source_system_registry (source_system_id, source_system_name, data_domain, ingestion_frequency, system_owner, active_flag, created_ts, updated_ts) VALUES (22, 'Position Ledger 22', 'TRADING', 'DAILY', 'Trading Tech', 'Y', '2024-06-15 12:00:00', '2024-06-15 12:00:00');
INSERT INTO l1.source_system_registry (source_system_id, source_system_name, data_domain, ingestion_frequency, system_owner, active_flag, created_ts, updated_ts) VALUES (23, 'Position Ledger 23', 'TRADING', 'DAILY', 'Trading Tech', 'Y', '2024-06-15 12:00:00', '2024-06-15 12:00:00');
INSERT INTO l1.source_system_registry (source_system_id, source_system_name, data_domain, ingestion_frequency, system_owner, active_flag, created_ts, updated_ts) VALUES (24, 'Position Ledger 24', 'TRADING', 'DAILY', 'Trading Tech', 'Y', '2024-06-15 12:00:00', '2024-06-15 12:00:00');
INSERT INTO l1.source_system_registry (source_system_id, source_system_name, data_domain, ingestion_frequency, system_owner, active_flag, created_ts, updated_ts) VALUES (25, 'Position Ledger 25', 'TRADING', 'DAILY', 'Trading Tech', 'Y', '2024-06-15 12:00:00', '2024-06-15 12:00:00');
INSERT INTO l1.source_system_registry (source_system_id, source_system_name, data_domain, ingestion_frequency, system_owner, active_flag, created_ts, updated_ts) VALUES (26, 'Position Ledger 26', 'TRADING', 'DAILY', 'Trading Tech', 'Y', '2024-06-15 12:00:00', '2024-06-15 12:00:00');
INSERT INTO l1.source_system_registry (source_system_id, source_system_name, data_domain, ingestion_frequency, system_owner, active_flag, created_ts, updated_ts) VALUES (27, 'Position Ledger 27', 'TRADING', 'DAILY', 'Trading Tech', 'Y', '2024-06-15 12:00:00', '2024-06-15 12:00:00');
INSERT INTO l1.source_system_registry (source_system_id, source_system_name, data_domain, ingestion_frequency, system_owner, active_flag, created_ts, updated_ts) VALUES (28, 'Position Ledger 28', 'TRADING', 'DAILY', 'Trading Tech', 'Y', '2024-06-15 12:00:00', '2024-06-15 12:00:00');
INSERT INTO l1.source_system_registry (source_system_id, source_system_name, data_domain, ingestion_frequency, system_owner, active_flag, created_ts, updated_ts) VALUES (29, 'Position Ledger 29', 'TRADING', 'DAILY', 'Trading Tech', 'Y', '2024-06-15 12:00:00', '2024-06-15 12:00:00');
INSERT INTO l1.source_system_registry (source_system_id, source_system_name, data_domain, ingestion_frequency, system_owner, active_flag, created_ts, updated_ts) VALUES (30, 'Position Ledger 30', 'TRADING', 'DAILY', 'Trading Tech', 'Y', '2024-06-15 12:00:00', '2024-06-15 12:00:00');
INSERT INTO l1.source_system_registry (source_system_id, source_system_name, data_domain, ingestion_frequency, system_owner, active_flag, created_ts, updated_ts) VALUES (31, 'Position Ledger 31', 'TRADING', 'DAILY', 'Trading Tech', 'Y', '2024-06-15 12:00:00', '2024-06-15 12:00:00');
INSERT INTO l1.source_system_registry (source_system_id, source_system_name, data_domain, ingestion_frequency, system_owner, active_flag, created_ts, updated_ts) VALUES (32, 'Position Ledger 32', 'TRADING', 'DAILY', 'Trading Tech', 'Y', '2024-06-15 12:00:00', '2024-06-15 12:00:00');
INSERT INTO l1.source_system_registry (source_system_id, source_system_name, data_domain, ingestion_frequency, system_owner, active_flag, created_ts, updated_ts) VALUES (33, 'Position Ledger 33', 'TRADING', 'DAILY', 'Trading Tech', 'Y', '2024-06-15 12:00:00', '2024-06-15 12:00:00');
INSERT INTO l1.source_system_registry (source_system_id, source_system_name, data_domain, ingestion_frequency, system_owner, active_flag, created_ts, updated_ts) VALUES (34, 'Position Ledger 34', 'TRADING', 'DAILY', 'Trading Tech', 'Y', '2024-06-15 12:00:00', '2024-06-15 12:00:00');
INSERT INTO l1.source_system_registry (source_system_id, source_system_name, data_domain, ingestion_frequency, system_owner, active_flag, created_ts, updated_ts) VALUES (35, 'Position Ledger 35', 'TRADING', 'DAILY', 'Trading Tech', 'Y', '2024-06-15 12:00:00', '2024-06-15 12:00:00');
INSERT INTO l1.source_system_registry (source_system_id, source_system_name, data_domain, ingestion_frequency, system_owner, active_flag, created_ts, updated_ts) VALUES (36, 'Position Ledger 36', 'TRADING', 'DAILY', 'Trading Tech', 'Y', '2024-06-15 12:00:00', '2024-06-15 12:00:00');
INSERT INTO l1.source_system_registry (source_system_id, source_system_name, data_domain, ingestion_frequency, system_owner, active_flag, created_ts, updated_ts) VALUES (37, 'Position Ledger 37', 'TRADING', 'DAILY', 'Trading Tech', 'Y', '2024-06-15 12:00:00', '2024-06-15 12:00:00');
INSERT INTO l1.source_system_registry (source_system_id, source_system_name, data_domain, ingestion_frequency, system_owner, active_flag, created_ts, updated_ts) VALUES (38, 'Position Ledger 38', 'TRADING', 'DAILY', 'Trading Tech', 'Y', '2024-06-15 12:00:00', '2024-06-15 12:00:00');
INSERT INTO l1.source_system_registry (source_system_id, source_system_name, data_domain, ingestion_frequency, system_owner, active_flag, created_ts, updated_ts) VALUES (39, 'Position Ledger 39', 'TRADING', 'DAILY', 'Trading Tech', 'Y', '2024-06-15 12:00:00', '2024-06-15 12:00:00');
INSERT INTO l1.source_system_registry (source_system_id, source_system_name, data_domain, ingestion_frequency, system_owner, active_flag, created_ts, updated_ts) VALUES (40, 'Position Ledger 40', 'TRADING', 'DAILY', 'Trading Tech', 'Y', '2024-06-15 12:00:00', '2024-06-15 12:00:00');
INSERT INTO l1.source_system_registry (source_system_id, source_system_name, data_domain, ingestion_frequency, system_owner, active_flag, created_ts, updated_ts) VALUES (41, 'Position Ledger 41', 'TRADING', 'DAILY', 'Trading Tech', 'Y', '2024-06-15 12:00:00', '2024-06-15 12:00:00');
INSERT INTO l1.source_system_registry (source_system_id, source_system_name, data_domain, ingestion_frequency, system_owner, active_flag, created_ts, updated_ts) VALUES (42, 'Position Ledger 42', 'TRADING', 'DAILY', 'Trading Tech', 'Y', '2024-06-15 12:00:00', '2024-06-15 12:00:00');
INSERT INTO l1.source_system_registry (source_system_id, source_system_name, data_domain, ingestion_frequency, system_owner, active_flag, created_ts, updated_ts) VALUES (43, 'Position Ledger 43', 'TRADING', 'DAILY', 'Trading Tech', 'Y', '2024-06-15 12:00:00', '2024-06-15 12:00:00');
INSERT INTO l1.source_system_registry (source_system_id, source_system_name, data_domain, ingestion_frequency, system_owner, active_flag, created_ts, updated_ts) VALUES (44, 'Position Ledger 44', 'TRADING', 'DAILY', 'Trading Tech', 'Y', '2024-06-15 12:00:00', '2024-06-15 12:00:00');
INSERT INTO l1.source_system_registry (source_system_id, source_system_name, data_domain, ingestion_frequency, system_owner, active_flag, created_ts, updated_ts) VALUES (45, 'Position Ledger 45', 'TRADING', 'DAILY', 'Trading Tech', 'Y', '2024-06-15 12:00:00', '2024-06-15 12:00:00');
INSERT INTO l1.source_system_registry (source_system_id, source_system_name, data_domain, ingestion_frequency, system_owner, active_flag, created_ts, updated_ts) VALUES (46, 'Position Ledger 46', 'TRADING', 'DAILY', 'Trading Tech', 'Y', '2024-06-15 12:00:00', '2024-06-15 12:00:00');
INSERT INTO l1.source_system_registry (source_system_id, source_system_name, data_domain, ingestion_frequency, system_owner, active_flag, created_ts, updated_ts) VALUES (47, 'Position Ledger 47', 'TRADING', 'DAILY', 'Trading Tech', 'Y', '2024-06-15 12:00:00', '2024-06-15 12:00:00');
INSERT INTO l1.source_system_registry (source_system_id, source_system_name, data_domain, ingestion_frequency, system_owner, active_flag, created_ts, updated_ts) VALUES (48, 'Position Ledger 48', 'TRADING', 'DAILY', 'Trading Tech', 'Y', '2024-06-15 12:00:00', '2024-06-15 12:00:00');
INSERT INTO l1.source_system_registry (source_system_id, source_system_name, data_domain, ingestion_frequency, system_owner, active_flag, created_ts, updated_ts) VALUES (49, 'Position Ledger 49', 'TRADING', 'DAILY', 'Trading Tech', 'Y', '2024-06-15 12:00:00', '2024-06-15 12:00:00');
INSERT INTO l1.source_system_registry (source_system_id, source_system_name, data_domain, ingestion_frequency, system_owner, active_flag, created_ts, updated_ts) VALUES (50, 'Position Ledger 50', 'TRADING', 'DAILY', 'Trading Tech', 'Y', '2024-06-15 12:00:00', '2024-06-15 12:00:00');
INSERT INTO l1.source_system_registry (source_system_id, source_system_name, data_domain, ingestion_frequency, system_owner, active_flag, created_ts, updated_ts) VALUES (51, 'Position Ledger 51', 'TRADING', 'DAILY', 'Trading Tech', 'Y', '2024-06-15 12:00:00', '2024-06-15 12:00:00');
INSERT INTO l1.source_system_registry (source_system_id, source_system_name, data_domain, ingestion_frequency, system_owner, active_flag, created_ts, updated_ts) VALUES (52, 'Position Ledger 52', 'TRADING', 'DAILY', 'Trading Tech', 'Y', '2024-06-15 12:00:00', '2024-06-15 12:00:00');
INSERT INTO l1.source_system_registry (source_system_id, source_system_name, data_domain, ingestion_frequency, system_owner, active_flag, created_ts, updated_ts) VALUES (53, 'Position Ledger 53', 'TRADING', 'DAILY', 'Trading Tech', 'Y', '2024-06-15 12:00:00', '2024-06-15 12:00:00');
INSERT INTO l1.source_system_registry (source_system_id, source_system_name, data_domain, ingestion_frequency, system_owner, active_flag, created_ts, updated_ts) VALUES (54, 'Position Ledger 54', 'TRADING', 'DAILY', 'Trading Tech', 'Y', '2024-06-15 12:00:00', '2024-06-15 12:00:00');
INSERT INTO l1.source_system_registry (source_system_id, source_system_name, data_domain, ingestion_frequency, system_owner, active_flag, created_ts, updated_ts) VALUES (55, 'Position Ledger 55', 'TRADING', 'DAILY', 'Trading Tech', 'Y', '2024-06-15 12:00:00', '2024-06-15 12:00:00');
INSERT INTO l1.source_system_registry (source_system_id, source_system_name, data_domain, ingestion_frequency, system_owner, active_flag, created_ts, updated_ts) VALUES (56, 'Position Ledger 56', 'TRADING', 'DAILY', 'Trading Tech', 'Y', '2024-06-15 12:00:00', '2024-06-15 12:00:00');
INSERT INTO l1.source_system_registry (source_system_id, source_system_name, data_domain, ingestion_frequency, system_owner, active_flag, created_ts, updated_ts) VALUES (57, 'Position Ledger 57', 'TRADING', 'DAILY', 'Trading Tech', 'Y', '2024-06-15 12:00:00', '2024-06-15 12:00:00');
INSERT INTO l1.source_system_registry (source_system_id, source_system_name, data_domain, ingestion_frequency, system_owner, active_flag, created_ts, updated_ts) VALUES (58, 'Position Ledger 58', 'TRADING', 'DAILY', 'Trading Tech', 'Y', '2024-06-15 12:00:00', '2024-06-15 12:00:00');
INSERT INTO l1.source_system_registry (source_system_id, source_system_name, data_domain, ingestion_frequency, system_owner, active_flag, created_ts, updated_ts) VALUES (59, 'Position Ledger 59', 'TRADING', 'DAILY', 'Trading Tech', 'Y', '2024-06-15 12:00:00', '2024-06-15 12:00:00');
INSERT INTO l1.source_system_registry (source_system_id, source_system_name, data_domain, ingestion_frequency, system_owner, active_flag, created_ts, updated_ts) VALUES (60, 'Position Ledger 60', 'TRADING', 'DAILY', 'Trading Tech', 'Y', '2024-06-15 12:00:00', '2024-06-15 12:00:00');
INSERT INTO l1.source_system_registry (source_system_id, source_system_name, data_domain, ingestion_frequency, system_owner, active_flag, created_ts, updated_ts) VALUES (61, 'Position Ledger 61', 'TRADING', 'DAILY', 'Trading Tech', 'Y', '2024-06-15 12:00:00', '2024-06-15 12:00:00');
INSERT INTO l1.source_system_registry (source_system_id, source_system_name, data_domain, ingestion_frequency, system_owner, active_flag, created_ts, updated_ts) VALUES (62, 'Position Ledger 62', 'TRADING', 'DAILY', 'Trading Tech', 'Y', '2024-06-15 12:00:00', '2024-06-15 12:00:00');
INSERT INTO l1.source_system_registry (source_system_id, source_system_name, data_domain, ingestion_frequency, system_owner, active_flag, created_ts, updated_ts) VALUES (63, 'Position Ledger 63', 'TRADING', 'DAILY', 'Trading Tech', 'Y', '2024-06-15 12:00:00', '2024-06-15 12:00:00');
INSERT INTO l1.source_system_registry (source_system_id, source_system_name, data_domain, ingestion_frequency, system_owner, active_flag, created_ts, updated_ts) VALUES (64, 'Position Ledger 64', 'TRADING', 'DAILY', 'Trading Tech', 'Y', '2024-06-15 12:00:00', '2024-06-15 12:00:00');
INSERT INTO l1.source_system_registry (source_system_id, source_system_name, data_domain, ingestion_frequency, system_owner, active_flag, created_ts, updated_ts) VALUES (65, 'Position Ledger 65', 'TRADING', 'DAILY', 'Trading Tech', 'Y', '2024-06-15 12:00:00', '2024-06-15 12:00:00');
INSERT INTO l1.source_system_registry (source_system_id, source_system_name, data_domain, ingestion_frequency, system_owner, active_flag, created_ts, updated_ts) VALUES (66, 'Position Ledger 66', 'TRADING', 'DAILY', 'Trading Tech', 'Y', '2024-06-15 12:00:00', '2024-06-15 12:00:00');
INSERT INTO l1.source_system_registry (source_system_id, source_system_name, data_domain, ingestion_frequency, system_owner, active_flag, created_ts, updated_ts) VALUES (67, 'Position Ledger 67', 'TRADING', 'DAILY', 'Trading Tech', 'Y', '2024-06-15 12:00:00', '2024-06-15 12:00:00');
INSERT INTO l1.source_system_registry (source_system_id, source_system_name, data_domain, ingestion_frequency, system_owner, active_flag, created_ts, updated_ts) VALUES (68, 'Position Ledger 68', 'TRADING', 'DAILY', 'Trading Tech', 'Y', '2024-06-15 12:00:00', '2024-06-15 12:00:00');
INSERT INTO l1.source_system_registry (source_system_id, source_system_name, data_domain, ingestion_frequency, system_owner, active_flag, created_ts, updated_ts) VALUES (69, 'Position Ledger 69', 'TRADING', 'DAILY', 'Trading Tech', 'Y', '2024-06-15 12:00:00', '2024-06-15 12:00:00');
INSERT INTO l1.source_system_registry (source_system_id, source_system_name, data_domain, ingestion_frequency, system_owner, active_flag, created_ts, updated_ts) VALUES (70, 'Position Ledger 70', 'TRADING', 'DAILY', 'Trading Tech', 'Y', '2024-06-15 12:00:00', '2024-06-15 12:00:00');
INSERT INTO l1.source_system_registry (source_system_id, source_system_name, data_domain, ingestion_frequency, system_owner, active_flag, created_ts, updated_ts) VALUES (71, 'Position Ledger 71', 'TRADING', 'DAILY', 'Trading Tech', 'Y', '2024-06-15 12:00:00', '2024-06-15 12:00:00');
INSERT INTO l1.source_system_registry (source_system_id, source_system_name, data_domain, ingestion_frequency, system_owner, active_flag, created_ts, updated_ts) VALUES (72, 'Position Ledger 72', 'TRADING', 'DAILY', 'Trading Tech', 'Y', '2024-06-15 12:00:00', '2024-06-15 12:00:00');
INSERT INTO l1.source_system_registry (source_system_id, source_system_name, data_domain, ingestion_frequency, system_owner, active_flag, created_ts, updated_ts) VALUES (73, 'Position Ledger 73', 'TRADING', 'DAILY', 'Trading Tech', 'Y', '2024-06-15 12:00:00', '2024-06-15 12:00:00');
INSERT INTO l1.source_system_registry (source_system_id, source_system_name, data_domain, ingestion_frequency, system_owner, active_flag, created_ts, updated_ts) VALUES (74, 'Position Ledger 74', 'TRADING', 'DAILY', 'Trading Tech', 'Y', '2024-06-15 12:00:00', '2024-06-15 12:00:00');
INSERT INTO l1.source_system_registry (source_system_id, source_system_name, data_domain, ingestion_frequency, system_owner, active_flag, created_ts, updated_ts) VALUES (75, 'Position Ledger 75', 'TRADING', 'DAILY', 'Trading Tech', 'Y', '2024-06-15 12:00:00', '2024-06-15 12:00:00');
INSERT INTO l1.source_system_registry (source_system_id, source_system_name, data_domain, ingestion_frequency, system_owner, active_flag, created_ts, updated_ts) VALUES (76, 'Position Ledger 76', 'TRADING', 'DAILY', 'Trading Tech', 'Y', '2024-06-15 12:00:00', '2024-06-15 12:00:00');
INSERT INTO l1.source_system_registry (source_system_id, source_system_name, data_domain, ingestion_frequency, system_owner, active_flag, created_ts, updated_ts) VALUES (77, 'Position Ledger 77', 'TRADING', 'DAILY', 'Trading Tech', 'Y', '2024-06-15 12:00:00', '2024-06-15 12:00:00');
INSERT INTO l1.source_system_registry (source_system_id, source_system_name, data_domain, ingestion_frequency, system_owner, active_flag, created_ts, updated_ts) VALUES (78, 'Position Ledger 78', 'TRADING', 'DAILY', 'Trading Tech', 'Y', '2024-06-15 12:00:00', '2024-06-15 12:00:00');
INSERT INTO l1.source_system_registry (source_system_id, source_system_name, data_domain, ingestion_frequency, system_owner, active_flag, created_ts, updated_ts) VALUES (79, 'Position Ledger 79', 'TRADING', 'DAILY', 'Trading Tech', 'Y', '2024-06-15 12:00:00', '2024-06-15 12:00:00');
INSERT INTO l1.source_system_registry (source_system_id, source_system_name, data_domain, ingestion_frequency, system_owner, active_flag, created_ts, updated_ts) VALUES (80, 'Position Ledger 80', 'TRADING', 'DAILY', 'Trading Tech', 'Y', '2024-06-15 12:00:00', '2024-06-15 12:00:00');
INSERT INTO l1.source_system_registry (source_system_id, source_system_name, data_domain, ingestion_frequency, system_owner, active_flag, created_ts, updated_ts) VALUES (81, 'Position Ledger 81', 'TRADING', 'DAILY', 'Trading Tech', 'Y', '2024-06-15 12:00:00', '2024-06-15 12:00:00');
INSERT INTO l1.source_system_registry (source_system_id, source_system_name, data_domain, ingestion_frequency, system_owner, active_flag, created_ts, updated_ts) VALUES (82, 'Position Ledger 82', 'TRADING', 'DAILY', 'Trading Tech', 'Y', '2024-06-15 12:00:00', '2024-06-15 12:00:00');
INSERT INTO l1.source_system_registry (source_system_id, source_system_name, data_domain, ingestion_frequency, system_owner, active_flag, created_ts, updated_ts) VALUES (83, 'Position Ledger 83', 'TRADING', 'DAILY', 'Trading Tech', 'Y', '2024-06-15 12:00:00', '2024-06-15 12:00:00');
INSERT INTO l1.source_system_registry (source_system_id, source_system_name, data_domain, ingestion_frequency, system_owner, active_flag, created_ts, updated_ts) VALUES (84, 'Position Ledger 84', 'TRADING', 'DAILY', 'Trading Tech', 'Y', '2024-06-15 12:00:00', '2024-06-15 12:00:00');
INSERT INTO l1.source_system_registry (source_system_id, source_system_name, data_domain, ingestion_frequency, system_owner, active_flag, created_ts, updated_ts) VALUES (85, 'Position Ledger 85', 'TRADING', 'DAILY', 'Trading Tech', 'Y', '2024-06-15 12:00:00', '2024-06-15 12:00:00');
INSERT INTO l1.source_system_registry (source_system_id, source_system_name, data_domain, ingestion_frequency, system_owner, active_flag, created_ts, updated_ts) VALUES (86, 'Position Ledger 86', 'TRADING', 'DAILY', 'Trading Tech', 'Y', '2024-06-15 12:00:00', '2024-06-15 12:00:00');
INSERT INTO l1.source_system_registry (source_system_id, source_system_name, data_domain, ingestion_frequency, system_owner, active_flag, created_ts, updated_ts) VALUES (87, 'Position Ledger 87', 'TRADING', 'DAILY', 'Trading Tech', 'Y', '2024-06-15 12:00:00', '2024-06-15 12:00:00');
INSERT INTO l1.source_system_registry (source_system_id, source_system_name, data_domain, ingestion_frequency, system_owner, active_flag, created_ts, updated_ts) VALUES (88, 'Position Ledger 88', 'TRADING', 'DAILY', 'Trading Tech', 'Y', '2024-06-15 12:00:00', '2024-06-15 12:00:00');
INSERT INTO l1.source_system_registry (source_system_id, source_system_name, data_domain, ingestion_frequency, system_owner, active_flag, created_ts, updated_ts) VALUES (89, 'Position Ledger 89', 'TRADING', 'DAILY', 'Trading Tech', 'Y', '2024-06-15 12:00:00', '2024-06-15 12:00:00');
INSERT INTO l1.source_system_registry (source_system_id, source_system_name, data_domain, ingestion_frequency, system_owner, active_flag, created_ts, updated_ts) VALUES (90, 'Position Ledger 90', 'TRADING', 'DAILY', 'Trading Tech', 'Y', '2024-06-15 12:00:00', '2024-06-15 12:00:00');
INSERT INTO l1.source_system_registry (source_system_id, source_system_name, data_domain, ingestion_frequency, system_owner, active_flag, created_ts, updated_ts) VALUES (91, 'Position Ledger 91', 'TRADING', 'DAILY', 'Trading Tech', 'Y', '2024-06-15 12:00:00', '2024-06-15 12:00:00');
INSERT INTO l1.source_system_registry (source_system_id, source_system_name, data_domain, ingestion_frequency, system_owner, active_flag, created_ts, updated_ts) VALUES (92, 'Position Ledger 92', 'TRADING', 'DAILY', 'Trading Tech', 'Y', '2024-06-15 12:00:00', '2024-06-15 12:00:00');
INSERT INTO l1.source_system_registry (source_system_id, source_system_name, data_domain, ingestion_frequency, system_owner, active_flag, created_ts, updated_ts) VALUES (93, 'Position Ledger 93', 'TRADING', 'DAILY', 'Trading Tech', 'Y', '2024-06-15 12:00:00', '2024-06-15 12:00:00');
INSERT INTO l1.source_system_registry (source_system_id, source_system_name, data_domain, ingestion_frequency, system_owner, active_flag, created_ts, updated_ts) VALUES (94, 'Position Ledger 94', 'TRADING', 'DAILY', 'Trading Tech', 'Y', '2024-06-15 12:00:00', '2024-06-15 12:00:00');
INSERT INTO l1.source_system_registry (source_system_id, source_system_name, data_domain, ingestion_frequency, system_owner, active_flag, created_ts, updated_ts) VALUES (95, 'Position Ledger 95', 'TRADING', 'DAILY', 'Trading Tech', 'Y', '2024-06-15 12:00:00', '2024-06-15 12:00:00');
INSERT INTO l1.source_system_registry (source_system_id, source_system_name, data_domain, ingestion_frequency, system_owner, active_flag, created_ts, updated_ts) VALUES (96, 'Position Ledger 96', 'TRADING', 'DAILY', 'Trading Tech', 'Y', '2024-06-15 12:00:00', '2024-06-15 12:00:00');
INSERT INTO l1.source_system_registry (source_system_id, source_system_name, data_domain, ingestion_frequency, system_owner, active_flag, created_ts, updated_ts) VALUES (97, 'Position Ledger 97', 'TRADING', 'DAILY', 'Trading Tech', 'Y', '2024-06-15 12:00:00', '2024-06-15 12:00:00');
INSERT INTO l1.source_system_registry (source_system_id, source_system_name, data_domain, ingestion_frequency, system_owner, active_flag, created_ts, updated_ts) VALUES (98, 'Position Ledger 98', 'TRADING', 'DAILY', 'Trading Tech', 'Y', '2024-06-15 12:00:00', '2024-06-15 12:00:00');
INSERT INTO l1.source_system_registry (source_system_id, source_system_name, data_domain, ingestion_frequency, system_owner, active_flag, created_ts, updated_ts) VALUES (99, 'Position Ledger 99', 'TRADING', 'DAILY', 'Trading Tech', 'Y', '2024-06-15 12:00:00', '2024-06-15 12:00:00');
INSERT INTO l1.source_system_registry (source_system_id, source_system_name, data_domain, ingestion_frequency, system_owner, active_flag, created_ts, updated_ts) VALUES (100, 'Position Ledger 100', 'TRADING', 'DAILY', 'Trading Tech', 'Y', '2024-06-15 12:00:00', '2024-06-15 12:00:00');

-- date_dim (10 rows)
INSERT INTO l1.date_dim (date_id, calendar_date, calendar_year, calendar_quarter, calendar_month, day_of_month, day_of_week, day_name, fiscal_year, fiscal_quarter, fiscal_month, is_weekend_flag, is_month_end_flag, is_quarter_end_flag, is_year_end_flag, is_us_business_day_flag, is_us_bank_holiday_flag, date_day, date_month, date_quarter, date_year) VALUES (1, '2025-01-31', 2025, 'Q1', 1, 31, 6, 'Friday', 2025, 'FQ4', 10, FALSE, TRUE, TRUE, FALSE, TRUE, FALSE, 31, 1, 'Q1', 2025);
INSERT INTO l1.date_dim (date_id, calendar_date, calendar_year, calendar_quarter, calendar_month, day_of_month, day_of_week, day_name, fiscal_year, fiscal_quarter, fiscal_month, is_weekend_flag, is_month_end_flag, is_quarter_end_flag, is_year_end_flag, is_us_business_day_flag, is_us_bank_holiday_flag, date_day, date_month, date_quarter, date_year) VALUES (2, '2024-12-31', 2024, 'Q4', 12, 31, 3, 'Tuesday', 2025, 'FQ3', 9, FALSE, TRUE, TRUE, TRUE, TRUE, FALSE, 31, 12, 'Q4', 2024);
INSERT INTO l1.date_dim (date_id, calendar_date, calendar_year, calendar_quarter, calendar_month, day_of_month, day_of_week, day_name, fiscal_year, fiscal_quarter, fiscal_month, is_weekend_flag, is_month_end_flag, is_quarter_end_flag, is_year_end_flag, is_us_business_day_flag, is_us_bank_holiday_flag, date_day, date_month, date_quarter, date_year) VALUES (3, '2024-11-30', 2024, 'Q4', 11, 30, 7, 'Saturday', 2025, 'FQ3', 8, TRUE, TRUE, FALSE, FALSE, FALSE, FALSE, 30, 11, 'Q4', 2024);
INSERT INTO l1.date_dim (date_id, calendar_date, calendar_year, calendar_quarter, calendar_month, day_of_month, day_of_week, day_name, fiscal_year, fiscal_quarter, fiscal_month, is_weekend_flag, is_month_end_flag, is_quarter_end_flag, is_year_end_flag, is_us_business_day_flag, is_us_bank_holiday_flag, date_day, date_month, date_quarter, date_year) VALUES (4, '2024-10-31', 2024, 'Q4', 10, 31, 4, 'Thursday', 2025, 'FQ3', 7, FALSE, TRUE, FALSE, FALSE, TRUE, FALSE, 31, 10, 'Q4', 2024);
INSERT INTO l1.date_dim (date_id, calendar_date, calendar_year, calendar_quarter, calendar_month, day_of_month, day_of_week, day_name, fiscal_year, fiscal_quarter, fiscal_month, is_weekend_flag, is_month_end_flag, is_quarter_end_flag, is_year_end_flag, is_us_business_day_flag, is_us_bank_holiday_flag, date_day, date_month, date_quarter, date_year) VALUES (5, '2024-09-30', 2024, 'Q3', 9, 30, 1, 'Monday', 2025, 'FQ2', 6, FALSE, TRUE, TRUE, FALSE, TRUE, FALSE, 30, 9, 'Q3', 2024);
INSERT INTO l1.date_dim (date_id, calendar_date, calendar_year, calendar_quarter, calendar_month, day_of_month, day_of_week, day_name, fiscal_year, fiscal_quarter, fiscal_month, is_weekend_flag, is_month_end_flag, is_quarter_end_flag, is_year_end_flag, is_us_business_day_flag, is_us_bank_holiday_flag, date_day, date_month, date_quarter, date_year) VALUES (6, '2024-06-30', 2024, 'Q2', 6, 30, 1, 'Sunday', 2024, 'FQ1', 3, TRUE, TRUE, TRUE, FALSE, FALSE, FALSE, 30, 6, 'Q2', 2024);
INSERT INTO l1.date_dim (date_id, calendar_date, calendar_year, calendar_quarter, calendar_month, day_of_month, day_of_week, day_name, fiscal_year, fiscal_quarter, fiscal_month, is_weekend_flag, is_month_end_flag, is_quarter_end_flag, is_year_end_flag, is_us_business_day_flag, is_us_bank_holiday_flag, date_day, date_month, date_quarter, date_year) VALUES (7, '2024-03-31', 2024, 'Q1', 3, 31, 1, 'Sunday', 2024, 'FQ4', 12, TRUE, TRUE, TRUE, FALSE, FALSE, FALSE, 31, 3, 'Q1', 2024);
INSERT INTO l1.date_dim (date_id, calendar_date, calendar_year, calendar_quarter, calendar_month, day_of_month, day_of_week, day_name, fiscal_year, fiscal_quarter, fiscal_month, is_weekend_flag, is_month_end_flag, is_quarter_end_flag, is_year_end_flag, is_us_business_day_flag, is_us_bank_holiday_flag, date_day, date_month, date_quarter, date_year) VALUES (8, '2023-12-31', 2023, 'Q4', 12, 31, 1, 'Sunday', 2024, 'FQ3', 9, TRUE, TRUE, TRUE, TRUE, FALSE, FALSE, 31, 12, 'Q4', 2023);
INSERT INTO l1.date_dim (date_id, calendar_date, calendar_year, calendar_quarter, calendar_month, day_of_month, day_of_week, day_name, fiscal_year, fiscal_quarter, fiscal_month, is_weekend_flag, is_month_end_flag, is_quarter_end_flag, is_year_end_flag, is_us_business_day_flag, is_us_bank_holiday_flag, date_day, date_month, date_quarter, date_year) VALUES (9, '2023-09-30', 2023, 'Q3', 9, 30, 7, 'Saturday', 2024, 'FQ2', 6, TRUE, TRUE, TRUE, FALSE, FALSE, FALSE, 30, 9, 'Q3', 2023);
INSERT INTO l1.date_dim (date_id, calendar_date, calendar_year, calendar_quarter, calendar_month, day_of_month, day_of_week, day_name, fiscal_year, fiscal_quarter, fiscal_month, is_weekend_flag, is_month_end_flag, is_quarter_end_flag, is_year_end_flag, is_us_business_day_flag, is_us_bank_holiday_flag, date_day, date_month, date_quarter, date_year) VALUES (10, '2023-06-30', 2023, 'Q2', 6, 30, 6, 'Friday', 2024, 'FQ1', 3, FALSE, TRUE, TRUE, FALSE, TRUE, FALSE, 30, 6, 'Q2', 2023);

-- date_time_dim (10 rows)
INSERT INTO l1.date_time_dim (date_time_id, date_id, timestamp_utc, hour_of_day, minute_of_hour, second_of_minute, timezone_code, is_dst_flag) VALUES (1, 1, '2025-01-31 00:00:00', 0, 0, 0, 'EST', FALSE);
INSERT INTO l1.date_time_dim (date_time_id, date_id, timestamp_utc, hour_of_day, minute_of_hour, second_of_minute, timezone_code, is_dst_flag) VALUES (2, 2, '2024-12-31 06:00:00', 6, 0, 0, 'EST', FALSE);
INSERT INTO l1.date_time_dim (date_time_id, date_id, timestamp_utc, hour_of_day, minute_of_hour, second_of_minute, timezone_code, is_dst_flag) VALUES (3, 3, '2024-11-30 08:00:00', 8, 0, 0, 'GMT', FALSE);
INSERT INTO l1.date_time_dim (date_time_id, date_id, timestamp_utc, hour_of_day, minute_of_hour, second_of_minute, timezone_code, is_dst_flag) VALUES (4, 4, '2024-10-31 10:00:00', 10, 0, 0, 'CET', FALSE);
INSERT INTO l1.date_time_dim (date_time_id, date_id, timestamp_utc, hour_of_day, minute_of_hour, second_of_minute, timezone_code, is_dst_flag) VALUES (5, 5, '2024-09-30 12:00:00', 12, 0, 0, 'JST', FALSE);
INSERT INTO l1.date_time_dim (date_time_id, date_id, timestamp_utc, hour_of_day, minute_of_hour, second_of_minute, timezone_code, is_dst_flag) VALUES (6, 6, '2024-06-30 14:00:00', 14, 0, 0, 'CET', TRUE);
INSERT INTO l1.date_time_dim (date_time_id, date_id, timestamp_utc, hour_of_day, minute_of_hour, second_of_minute, timezone_code, is_dst_flag) VALUES (7, 7, '2024-03-31 16:00:00', 16, 0, 0, 'EST', TRUE);
INSERT INTO l1.date_time_dim (date_time_id, date_id, timestamp_utc, hour_of_day, minute_of_hour, second_of_minute, timezone_code, is_dst_flag) VALUES (8, 8, '2023-12-31 18:00:00', 18, 0, 0, 'AEST', FALSE);
INSERT INTO l1.date_time_dim (date_time_id, date_id, timestamp_utc, hour_of_day, minute_of_hour, second_of_minute, timezone_code, is_dst_flag) VALUES (9, 9, '2023-09-30 20:00:00', 20, 0, 0, 'CET', FALSE);
INSERT INTO l1.date_time_dim (date_time_id, date_id, timestamp_utc, hour_of_day, minute_of_hour, second_of_minute, timezone_code, is_dst_flag) VALUES (10, 10, '2023-06-30 23:00:00', 23, 0, 0, 'SGT', FALSE);

-- regulatory_capital_basis_dim (10 rows)
INSERT INTO l1.regulatory_capital_basis_dim (regulatory_capital_basis_id, basis_code, basis_name, created_ts, updated_ts, active_flag, description, effective_from_date, effective_to_date, jurisdiction_code) VALUES (1, 'SA', 'Standardized Approach', '2024-06-15', '2024-06-15 12:00:00', 'Y', 'Basel III Standardized Approach for credit risk', '2024-01-01', '9999-12-31', 'US_FED');
INSERT INTO l1.regulatory_capital_basis_dim (regulatory_capital_basis_id, basis_code, basis_name, created_ts, updated_ts, active_flag, description, effective_from_date, effective_to_date, jurisdiction_code) VALUES (2, 'AIRB', 'Advanced IRB', '2024-06-15', '2024-06-15 12:00:00', 'Y', 'Advanced Internal Ratings-Based approach', '2024-01-01', '9999-12-31', 'US_FED');
INSERT INTO l1.regulatory_capital_basis_dim (regulatory_capital_basis_id, basis_code, basis_name, created_ts, updated_ts, active_flag, description, effective_from_date, effective_to_date, jurisdiction_code) VALUES (3, 'FIRB', 'Foundation IRB', '2024-06-15', '2024-06-15 12:00:00', 'Y', 'Foundation Internal Ratings-Based approach', '2024-01-01', '9999-12-31', 'US_FED');
INSERT INTO l1.regulatory_capital_basis_dim (regulatory_capital_basis_id, basis_code, basis_name, created_ts, updated_ts, active_flag, description, effective_from_date, effective_to_date, jurisdiction_code) VALUES (4, 'SA_CCR', 'SA-CCR', '2024-06-15', '2024-06-15 12:00:00', 'Y', 'Standardized Approach for Counterparty Credit Risk', '2024-01-01', '9999-12-31', 'US_FED');
INSERT INTO l1.regulatory_capital_basis_dim (regulatory_capital_basis_id, basis_code, basis_name, created_ts, updated_ts, active_flag, description, effective_from_date, effective_to_date, jurisdiction_code) VALUES (5, 'IMM', 'Internal Models Method', '2024-06-15', '2024-06-15 12:00:00', 'Y', 'Internal Models Method for counterparty credit risk', '2024-01-01', '9999-12-31', 'US_FED');
INSERT INTO l1.regulatory_capital_basis_dim (regulatory_capital_basis_id, basis_code, basis_name, created_ts, updated_ts, active_flag, description, effective_from_date, effective_to_date, jurisdiction_code) VALUES (6, 'CEM', 'Current Exposure Method', '2024-06-15', '2024-06-15 12:00:00', 'Y', 'Current Exposure Method (legacy)', '2024-01-01', '9999-12-31', 'US_FED');
INSERT INTO l1.regulatory_capital_basis_dim (regulatory_capital_basis_id, basis_code, basis_name, created_ts, updated_ts, active_flag, description, effective_from_date, effective_to_date, jurisdiction_code) VALUES (7, 'BIA', 'Basic Indicator Approach', '2024-06-15', '2024-06-15 12:00:00', 'Y', 'Basic Indicator Approach for operational risk', '2024-01-01', '9999-12-31', 'US_FED');
INSERT INTO l1.regulatory_capital_basis_dim (regulatory_capital_basis_id, basis_code, basis_name, created_ts, updated_ts, active_flag, description, effective_from_date, effective_to_date, jurisdiction_code) VALUES (8, 'STA', 'Standardized Approach (OpRisk)', '2024-06-15', '2024-06-15 12:00:00', 'Y', 'Standardized Approach for operational risk', '2024-01-01', '9999-12-31', 'US_FED');
INSERT INTO l1.regulatory_capital_basis_dim (regulatory_capital_basis_id, basis_code, basis_name, created_ts, updated_ts, active_flag, description, effective_from_date, effective_to_date, jurisdiction_code) VALUES (9, 'AMA', 'Advanced Measurement Approach', '2024-06-15', '2024-06-15 12:00:00', 'Y', 'Advanced Measurement Approach for operational risk', '2024-01-01', '9999-12-31', 'US_FED');
INSERT INTO l1.regulatory_capital_basis_dim (regulatory_capital_basis_id, basis_code, basis_name, created_ts, updated_ts, active_flag, description, effective_from_date, effective_to_date, jurisdiction_code) VALUES (10, 'IMA', 'Internal Models Approach', '2024-06-15', '2024-06-15 12:00:00', 'Y', 'Internal Models Approach for market risk', '2024-01-01', '9999-12-31', 'US_FED');

-- industry_dim (10 rows)
INSERT INTO l1.industry_dim (industry_id, industry_code, industry_name, industry_level, industry_standard, parent_industry_id, active_flag, created_ts, updated_ts) VALUES (1, 'TMT', 'Technology Media Telecom', 'SECTOR', 'GICS', 1, 'Y', '2024-06-15 12:00:00', '2024-06-15 12:00:00');
INSERT INTO l1.industry_dim (industry_id, industry_code, industry_name, industry_level, industry_standard, parent_industry_id, active_flag, created_ts, updated_ts) VALUES (2, 'HC', 'Healthcare', 'SECTOR', 'GICS', 2, 'Y', '2024-06-15 12:00:00', '2024-06-15 12:00:00');
INSERT INTO l1.industry_dim (industry_id, industry_code, industry_name, industry_level, industry_standard, parent_industry_id, active_flag, created_ts, updated_ts) VALUES (3, 'FIN', 'Financials', 'SECTOR', 'GICS', 3, 'Y', '2024-06-15 12:00:00', '2024-06-15 12:00:00');
INSERT INTO l1.industry_dim (industry_id, industry_code, industry_name, industry_level, industry_standard, parent_industry_id, active_flag, created_ts, updated_ts) VALUES (4, 'ENE', 'Energy', 'SECTOR', 'GICS', 4, 'Y', '2024-06-15 12:00:00', '2024-06-15 12:00:00');
INSERT INTO l1.industry_dim (industry_id, industry_code, industry_name, industry_level, industry_standard, parent_industry_id, active_flag, created_ts, updated_ts) VALUES (5, 'IND', 'Industrials', 'SECTOR', 'GICS', 5, 'Y', '2024-06-15 12:00:00', '2024-06-15 12:00:00');
INSERT INTO l1.industry_dim (industry_id, industry_code, industry_name, industry_level, industry_standard, parent_industry_id, active_flag, created_ts, updated_ts) VALUES (6, 'CON', 'Consumer Staples', 'SECTOR', 'GICS', 3, 'Y', '2024-06-15 12:00:00', '2024-06-15 12:00:00');
INSERT INTO l1.industry_dim (industry_id, industry_code, industry_name, industry_level, industry_standard, parent_industry_id, active_flag, created_ts, updated_ts) VALUES (7, 'RET', 'Retail', 'INDUSTRY', 'GICS', 3, 'Y', '2024-06-15 12:00:00', '2024-06-15 12:00:00');
INSERT INTO l1.industry_dim (industry_id, industry_code, industry_name, industry_level, industry_standard, parent_industry_id, active_flag, created_ts, updated_ts) VALUES (8, 'UTL', 'Utilities', 'SECTOR', 'GICS', 4, 'Y', '2024-06-15 12:00:00', '2024-06-15 12:00:00');
INSERT INTO l1.industry_dim (industry_id, industry_code, industry_name, industry_level, industry_standard, parent_industry_id, active_flag, created_ts, updated_ts) VALUES (9, 'MAT', 'Materials', 'SECTOR', 'GICS', 4, 'Y', '2024-06-15 12:00:00', '2024-06-15 12:00:00');
INSERT INTO l1.industry_dim (industry_id, industry_code, industry_name, industry_level, industry_standard, parent_industry_id, active_flag, created_ts, updated_ts) VALUES (10, 'CD', 'Consumer Discretionary', 'SECTOR', 'GICS', 5, 'Y', '2024-06-15 12:00:00', '2024-06-15 12:00:00');

-- enterprise_business_taxonomy (249 rows)
INSERT INTO l1.enterprise_business_taxonomy (managed_segment_id, segment_code, segment_name, parent_segment_id, created_ts, updated_ts, change_event, comments, create_update_date, description, effective_date, long_description, parent, parent_leaf, requestor, status, substatus, substatus_effective_to_date, tree_level) VALUES (249, 'L0-001', 'Enterprise', 1, '2024-06-15', '2024-06-15 12:00:00', 'MOCK_LOAD', 'Enterprise root node — represents the whole bank', '2024-06-15', 'Enterprise', '2024-06-15', 'Enterprise root node representing the consolidated bank', 'ROOT', 'N', 'Enterprise Data Office', 'ACTIVE', 0, '2024-06-15', 0);
INSERT INTO l1.enterprise_business_taxonomy (managed_segment_id, segment_code, segment_name, parent_segment_id, created_ts, updated_ts, change_event, comments, create_update_date, description, effective_date, long_description, parent, parent_leaf, requestor, status, substatus, substatus_effective_to_date, tree_level) VALUES (1, 'L1-001', 'Corporate Banking', 249, '2024-06-15', '2024-06-15 12:00:00', 'MOCK_LOAD', 'Generated for Portfolio Analysis View', '2024-06-15', 'Corporate Banking', '2024-06-15', 'Corporate Banking department', 'L0-001', 'N', 'Enterprise Data Office', 'ACTIVE', 0, '2024-06-15', 1);
INSERT INTO l1.enterprise_business_taxonomy (managed_segment_id, segment_code, segment_name, parent_segment_id, created_ts, updated_ts, change_event, comments, create_update_date, description, effective_date, long_description, parent, parent_leaf, requestor, status, substatus, substatus_effective_to_date, tree_level) VALUES (2, 'L1-001-L2-01', 'Large Corporate Banking', 1, '2024-06-15', '2024-06-15 12:00:00', 'MOCK_LOAD', 'Generated for Portfolio Analysis View', '2024-06-15', 'Large Corporate Banking', '2024-06-15', 'Large Corporate Banking portfolio under Corporate Banking', 'L1-001', 'N', 'Enterprise Data Office', 'ACTIVE', 0, '2024-06-15', 2);
INSERT INTO l1.enterprise_business_taxonomy (managed_segment_id, segment_code, segment_name, parent_segment_id, created_ts, updated_ts, change_event, comments, create_update_date, description, effective_date, long_description, parent, parent_leaf, requestor, status, substatus, substatus_effective_to_date, tree_level) VALUES (3, 'L1-001-L2-01-L3-01', 'Global Corporate Coverage Desk', 2, '2024-06-15', '2024-06-15 12:00:00', 'MOCK_LOAD', 'Generated for Portfolio Analysis View', '2024-06-15', 'Global Corporate Coverage Desk', '2024-06-15', 'Global Corporate Coverage Desk desk under Large Corporate Banking', 'L1-001-L2-01', 'Y', 'Enterprise Data Office', 'ACTIVE', 0, '2024-06-15', 3);
INSERT INTO l1.enterprise_business_taxonomy (managed_segment_id, segment_code, segment_name, parent_segment_id, created_ts, updated_ts, change_event, comments, create_update_date, description, effective_date, long_description, parent, parent_leaf, requestor, status, substatus, substatus_effective_to_date, tree_level) VALUES (4, 'L1-001-L2-01-L3-02', 'Domestic Large-Cap Corporates Desk', 2, '2024-06-15', '2024-06-15 12:00:00', 'MOCK_LOAD', 'Generated for Portfolio Analysis View', '2024-06-15', 'Domestic Large-Cap Corporates Desk', '2024-06-15', 'Domestic Large-Cap Corporates Desk desk under Large Corporate Banking', 'L1-001-L2-01', 'Y', 'Enterprise Data Office', 'ACTIVE', 0, '2024-06-15', 3);
INSERT INTO l1.enterprise_business_taxonomy (managed_segment_id, segment_code, segment_name, parent_segment_id, created_ts, updated_ts, change_event, comments, create_update_date, description, effective_date, long_description, parent, parent_leaf, requestor, status, substatus, substatus_effective_to_date, tree_level) VALUES (5, 'L1-001-L2-01-L3-03', 'Multi-national / Cross-Border Corporates Desk', 2, '2024-06-15', '2024-06-15 12:00:00', 'MOCK_LOAD', 'Generated for Portfolio Analysis View', '2024-06-15', 'Multi-national / Cross-Border Corporates Desk', '2024-06-15', 'Multi-national / Cross-Border Corporates Desk desk under Large Corporate Banking', 'L1-001-L2-01', 'Y', 'Enterprise Data Office', 'ACTIVE', 0, '2024-06-15', 3);
INSERT INTO l1.enterprise_business_taxonomy (managed_segment_id, segment_code, segment_name, parent_segment_id, created_ts, updated_ts, change_event, comments, create_update_date, description, effective_date, long_description, parent, parent_leaf, requestor, status, substatus, substatus_effective_to_date, tree_level) VALUES (6, 'L1-001-L2-01-L3-04', 'Public Company Coverage Desk', 2, '2024-06-15', '2024-06-15 12:00:00', 'MOCK_LOAD', 'Generated for Portfolio Analysis View', '2024-06-15', 'Public Company Coverage Desk', '2024-06-15', 'Public Company Coverage Desk desk under Large Corporate Banking', 'L1-001-L2-01', 'Y', 'Enterprise Data Office', 'ACTIVE', 0, '2024-06-15', 3);
INSERT INTO l1.enterprise_business_taxonomy (managed_segment_id, segment_code, segment_name, parent_segment_id, created_ts, updated_ts, change_event, comments, create_update_date, description, effective_date, long_description, parent, parent_leaf, requestor, status, substatus, substatus_effective_to_date, tree_level) VALUES (7, 'L1-001-L2-01-L3-05', 'Strategic Relationship Management Desk', 2, '2024-06-15', '2024-06-15 12:00:00', 'MOCK_LOAD', 'Generated for Portfolio Analysis View', '2024-06-15', 'Strategic Relationship Management Desk', '2024-06-15', 'Strategic Relationship Management Desk desk under Large Corporate Banking', 'L1-001-L2-01', 'Y', 'Enterprise Data Office', 'ACTIVE', 0, '2024-06-15', 3);
INSERT INTO l1.enterprise_business_taxonomy (managed_segment_id, segment_code, segment_name, parent_segment_id, created_ts, updated_ts, change_event, comments, create_update_date, description, effective_date, long_description, parent, parent_leaf, requestor, status, substatus, substatus_effective_to_date, tree_level) VALUES (8, 'L1-001-L2-02', 'Middle Market Banking', 1, '2024-06-15', '2024-06-15 12:00:00', 'MOCK_LOAD', 'Generated for Portfolio Analysis View', '2024-06-15', 'Middle Market Banking', '2024-06-15', 'Middle Market Banking portfolio under Corporate Banking', 'L1-001', 'N', 'Enterprise Data Office', 'ACTIVE', 0, '2024-06-15', 2);
INSERT INTO l1.enterprise_business_taxonomy (managed_segment_id, segment_code, segment_name, parent_segment_id, created_ts, updated_ts, change_event, comments, create_update_date, description, effective_date, long_description, parent, parent_leaf, requestor, status, substatus, substatus_effective_to_date, tree_level) VALUES (9, 'L1-001-L2-02-L3-01', 'Upper Middle Market Desk', 8, '2024-06-15', '2024-06-15 12:00:00', 'MOCK_LOAD', 'Generated for Portfolio Analysis View', '2024-06-15', 'Upper Middle Market Desk', '2024-06-15', 'Upper Middle Market Desk desk under Middle Market Banking', 'L1-001-L2-02', 'Y', 'Enterprise Data Office', 'ACTIVE', 0, '2024-06-15', 3);
INSERT INTO l1.enterprise_business_taxonomy (managed_segment_id, segment_code, segment_name, parent_segment_id, created_ts, updated_ts, change_event, comments, create_update_date, description, effective_date, long_description, parent, parent_leaf, requestor, status, substatus, substatus_effective_to_date, tree_level) VALUES (10, 'L1-001-L2-02-L3-02', 'Core Middle Market Desk', 8, '2024-06-03 15:04:00', '2024-02-18 02:14:00', 'MOCK_LOAD', 'Generated for Portfolio Analysis View', '2024-04-13', 'Core Middle Market Desk', '2024-07-24', 'Core Middle Market Desk desk under Middle Market Banking', 'L1-001-L2-02', 'Y', 'Enterprise Data Office', 'ACTIVE', 0, '2024-08-06', 3);
INSERT INTO l1.enterprise_business_taxonomy (managed_segment_id, segment_code, segment_name, parent_segment_id, created_ts, updated_ts, change_event, comments, create_update_date, description, effective_date, long_description, parent, parent_leaf, requestor, status, substatus, substatus_effective_to_date, tree_level) VALUES (11, 'L1-001-L2-02-L3-03', 'Regional Middle Market Desk', 8, '2024-01-31 06:27:00', '2024-10-13 05:11:00', 'MOCK_LOAD', 'Generated for Portfolio Analysis View', '2024-07-10', 'Regional Middle Market Desk', '2024-09-04', 'Regional Middle Market Desk desk under Middle Market Banking', 'L1-001-L2-02', 'Y', 'Enterprise Data Office', 'ACTIVE', 0, '2024-09-21', 3);
INSERT INTO l1.enterprise_business_taxonomy (managed_segment_id, segment_code, segment_name, parent_segment_id, created_ts, updated_ts, change_event, comments, create_update_date, description, effective_date, long_description, parent, parent_leaf, requestor, status, substatus, substatus_effective_to_date, tree_level) VALUES (12, 'L1-001-L2-02-L3-04', 'Sponsor-Backed Middle Market Desk', 8, '2024-07-08 05:55:00', '2024-04-25 22:20:00', 'MOCK_LOAD', 'Generated for Portfolio Analysis View', '2024-08-22', 'Sponsor-Backed Middle Market Desk', '2024-12-13', 'Sponsor-Backed Middle Market Desk desk under Middle Market Banking', 'L1-001-L2-02', 'Y', 'Enterprise Data Office', 'ACTIVE', 0, '2024-05-16', 3);
INSERT INTO l1.enterprise_business_taxonomy (managed_segment_id, segment_code, segment_name, parent_segment_id, created_ts, updated_ts, change_event, comments, create_update_date, description, effective_date, long_description, parent, parent_leaf, requestor, status, substatus, substatus_effective_to_date, tree_level) VALUES (13, 'L1-001-L2-03', 'Small Business Banking', 1, '2024-01-23 10:26:00', '2024-11-12 14:12:00', 'MOCK_LOAD', 'Generated for Portfolio Analysis View', '2024-02-27', 'Small Business Banking', '2024-05-08', 'Small Business Banking portfolio under Corporate Banking', 'L1-001', 'N', 'Enterprise Data Office', 'ACTIVE', 0, '2024-05-29', 2);
INSERT INTO l1.enterprise_business_taxonomy (managed_segment_id, segment_code, segment_name, parent_segment_id, created_ts, updated_ts, change_event, comments, create_update_date, description, effective_date, long_description, parent, parent_leaf, requestor, status, substatus, substatus_effective_to_date, tree_level) VALUES (14, 'L1-001-L2-03-L3-01', 'Small Business Lending Desk', 13, '2024-07-01 20:59:00', '2024-07-27 04:41:00', 'MOCK_LOAD', 'Generated for Portfolio Analysis View', '2024-03-17', 'Small Business Lending Desk', '2024-05-19', 'Small Business Lending Desk desk under Small Business Banking', 'L1-001-L2-03', 'Y', 'Enterprise Data Office', 'ACTIVE', 0, '2024-06-16', 3);
INSERT INTO l1.enterprise_business_taxonomy (managed_segment_id, segment_code, segment_name, parent_segment_id, created_ts, updated_ts, change_event, comments, create_update_date, description, effective_date, long_description, parent, parent_leaf, requestor, status, substatus, substatus_effective_to_date, tree_level) VALUES (15, 'L1-001-L2-03-L3-02', 'SBA & Government Programs Desk', 13, '2024-10-31 18:51:00', '2024-10-07 07:46:00', 'MOCK_LOAD', 'Generated for Portfolio Analysis View', '2024-02-23', 'SBA & Government Programs Desk', '2024-08-18', 'SBA & Government Programs Desk desk under Small Business Banking', 'L1-001-L2-03', 'Y', 'Enterprise Data Office', 'ACTIVE', 0, '2024-02-12', 3);
INSERT INTO l1.enterprise_business_taxonomy (managed_segment_id, segment_code, segment_name, parent_segment_id, created_ts, updated_ts, change_event, comments, create_update_date, description, effective_date, long_description, parent, parent_leaf, requestor, status, substatus, substatus_effective_to_date, tree_level) VALUES (16, 'L1-001-L2-03-L3-03', 'Regional Small Business Desk', 13, '2024-05-01 20:04:00', '2024-01-19 22:05:00', 'MOCK_LOAD', 'Generated for Portfolio Analysis View', '2024-05-02', 'Regional Small Business Desk', '2024-10-09', 'Regional Small Business Desk desk under Small Business Banking', 'L1-001-L2-03', 'Y', 'Enterprise Data Office', 'ACTIVE', 0, '2024-05-06', 3);
INSERT INTO l1.enterprise_business_taxonomy (managed_segment_id, segment_code, segment_name, parent_segment_id, created_ts, updated_ts, change_event, comments, create_update_date, description, effective_date, long_description, parent, parent_leaf, requestor, status, substatus, substatus_effective_to_date, tree_level) VALUES (17, 'L1-001-L2-03-L3-04', 'Digital / Platform Lending Desk', 13, '2024-08-17 21:06:00', '2024-11-08 13:45:00', 'MOCK_LOAD', 'Generated for Portfolio Analysis View', '2024-05-04', 'Digital / Platform Lending Desk', '2024-05-26', 'Digital / Platform Lending Desk desk under Small Business Banking', 'L1-001-L2-03', 'Y', 'Enterprise Data Office', 'ACTIVE', 0, '2024-01-02', 3);
INSERT INTO l1.enterprise_business_taxonomy (managed_segment_id, segment_code, segment_name, parent_segment_id, created_ts, updated_ts, change_event, comments, create_update_date, description, effective_date, long_description, parent, parent_leaf, requestor, status, substatus, substatus_effective_to_date, tree_level) VALUES (18, 'L1-001-L2-04', 'Specialized Industries', 1, '2024-08-08 09:21:00', '2024-01-20 18:27:00', 'MOCK_LOAD', 'Generated for Portfolio Analysis View', '2024-08-18', 'Specialized Industries', '2024-08-09', 'Specialized Industries portfolio under Corporate Banking', 'L1-001', 'N', 'Enterprise Data Office', 'ACTIVE', 0, '2024-11-27', 2);
INSERT INTO l1.enterprise_business_taxonomy (managed_segment_id, segment_code, segment_name, parent_segment_id, created_ts, updated_ts, change_event, comments, create_update_date, description, effective_date, long_description, parent, parent_leaf, requestor, status, substatus, substatus_effective_to_date, tree_level) VALUES (19, 'L1-001-L2-04-L3-01', 'Energy & Power Desk', 18, '2024-10-07 03:25:00', '2024-02-13 12:08:00', 'MOCK_LOAD', 'Generated for Portfolio Analysis View', '2024-02-23', 'Energy & Power Desk', '2024-09-26', 'Energy & Power Desk desk under Specialized Industries', 'L1-001-L2-04', 'Y', 'Enterprise Data Office', 'ACTIVE', 0, '2024-10-29', 3);
INSERT INTO l1.enterprise_business_taxonomy (managed_segment_id, segment_code, segment_name, parent_segment_id, created_ts, updated_ts, change_event, comments, create_update_date, description, effective_date, long_description, parent, parent_leaf, requestor, status, substatus, substatus_effective_to_date, tree_level) VALUES (20, 'L1-001-L2-04-L3-02', 'Technology, Media & Telecom (TMT) Desk', 18, '2024-11-20 07:42:00', '2024-01-07 21:42:00', 'MOCK_LOAD', 'Generated for Portfolio Analysis View', '2024-10-13', 'Technology, Media & Telecom (TMT) Desk', '2024-07-23', 'Technology, Media & Telecom (TMT) Desk desk under Specialized Industries', 'L1-001-L2-04', 'Y', 'Enterprise Data Office', 'ACTIVE', 0, '2024-10-15', 3);
INSERT INTO l1.enterprise_business_taxonomy (managed_segment_id, segment_code, segment_name, parent_segment_id, created_ts, updated_ts, change_event, comments, create_update_date, description, effective_date, long_description, parent, parent_leaf, requestor, status, substatus, substatus_effective_to_date, tree_level) VALUES (21, 'L1-001-L2-04-L3-03', 'Healthcare & Life Sciences Desk', 18, '2024-04-15 07:08:00', '2024-01-05 17:42:00', 'MOCK_LOAD', 'Generated for Portfolio Analysis View', '2024-08-09', 'Healthcare & Life Sciences Desk', '2024-11-16', 'Healthcare & Life Sciences Desk desk under Specialized Industries', 'L1-001-L2-04', 'Y', 'Enterprise Data Office', 'ACTIVE', 0, '2024-03-13', 3);
INSERT INTO l1.enterprise_business_taxonomy (managed_segment_id, segment_code, segment_name, parent_segment_id, created_ts, updated_ts, change_event, comments, create_update_date, description, effective_date, long_description, parent, parent_leaf, requestor, status, substatus, substatus_effective_to_date, tree_level) VALUES (22, 'L1-001-L2-04-L3-04', 'Industrials & Manufacturing Desk', 18, '2024-04-27 05:18:00', '2024-02-22 02:37:00', 'MOCK_LOAD', 'Generated for Portfolio Analysis View', '2024-10-27', 'Industrials & Manufacturing Desk', '2024-07-01', 'Industrials & Manufacturing Desk desk under Specialized Industries', 'L1-001-L2-04', 'Y', 'Enterprise Data Office', 'ACTIVE', 0, '2024-02-29', 3);
INSERT INTO l1.enterprise_business_taxonomy (managed_segment_id, segment_code, segment_name, parent_segment_id, created_ts, updated_ts, change_event, comments, create_update_date, description, effective_date, long_description, parent, parent_leaf, requestor, status, substatus, substatus_effective_to_date, tree_level) VALUES (23, 'L1-001-L2-04-L3-05', 'Transportation & Infrastructure Desk', 18, '2024-02-27 17:23:00', '2024-09-02 18:48:00', 'MOCK_LOAD', 'Generated for Portfolio Analysis View', '2024-07-18', 'Transportation & Infrastructure Desk', '2024-05-20', 'Transportation & Infrastructure Desk desk under Specialized Industries', 'L1-001-L2-04', 'Y', 'Enterprise Data Office', 'ACTIVE', 0, '2024-04-15', 3);
INSERT INTO l1.enterprise_business_taxonomy (managed_segment_id, segment_code, segment_name, parent_segment_id, created_ts, updated_ts, change_event, comments, create_update_date, description, effective_date, long_description, parent, parent_leaf, requestor, status, substatus, substatus_effective_to_date, tree_level) VALUES (24, 'L1-001-L2-05', 'Asset-Based Lending', 1, '2024-02-25 12:43:00', '2024-07-21 00:07:00', 'MOCK_LOAD', 'Generated for Portfolio Analysis View', '2024-08-07', 'Asset-Based Lending', '2024-11-19', 'Asset-Based Lending portfolio under Corporate Banking', 'L1-001', 'N', 'Enterprise Data Office', 'ACTIVE', 0, '2024-09-13', 2);
INSERT INTO l1.enterprise_business_taxonomy (managed_segment_id, segment_code, segment_name, parent_segment_id, created_ts, updated_ts, change_event, comments, create_update_date, description, effective_date, long_description, parent, parent_leaf, requestor, status, substatus, substatus_effective_to_date, tree_level) VALUES (25, 'L1-001-L2-05-L3-01', 'Receivables-Based Lending Desk', 24, '2024-02-04 19:09:00', '2024-04-08 04:31:00', 'MOCK_LOAD', 'Generated for Portfolio Analysis View', '2024-11-21', 'Receivables-Based Lending Desk', '2024-05-05', 'Receivables-Based Lending Desk desk under Asset-Based Lending', 'L1-001-L2-05', 'Y', 'Enterprise Data Office', 'ACTIVE', 0, '2024-09-27', 3);
INSERT INTO l1.enterprise_business_taxonomy (managed_segment_id, segment_code, segment_name, parent_segment_id, created_ts, updated_ts, change_event, comments, create_update_date, description, effective_date, long_description, parent, parent_leaf, requestor, status, substatus, substatus_effective_to_date, tree_level) VALUES (26, 'L1-001-L2-05-L3-02', 'Inventory Finance Desk', 24, '2024-02-14 07:14:00', '2024-04-22 20:27:00', 'MOCK_LOAD', 'Generated for Portfolio Analysis View', '2024-01-07', 'Inventory Finance Desk', '2024-04-24', 'Inventory Finance Desk desk under Asset-Based Lending', 'L1-001-L2-05', 'Y', 'Enterprise Data Office', 'ACTIVE', 0, '2024-06-11', 3);
INSERT INTO l1.enterprise_business_taxonomy (managed_segment_id, segment_code, segment_name, parent_segment_id, created_ts, updated_ts, change_event, comments, create_update_date, description, effective_date, long_description, parent, parent_leaf, requestor, status, substatus, substatus_effective_to_date, tree_level) VALUES (27, 'L1-001-L2-05-L3-03', 'Equipment Finance Desk', 24, '2024-07-06 03:32:00', '2024-11-02 17:22:00', 'MOCK_LOAD', 'Generated for Portfolio Analysis View', '2024-12-28', 'Equipment Finance Desk', '2024-09-08', 'Equipment Finance Desk desk under Asset-Based Lending', 'L1-001-L2-05', 'Y', 'Enterprise Data Office', 'ACTIVE', 0, '2024-11-24', 3);
INSERT INTO l1.enterprise_business_taxonomy (managed_segment_id, segment_code, segment_name, parent_segment_id, created_ts, updated_ts, change_event, comments, create_update_date, description, effective_date, long_description, parent, parent_leaf, requestor, status, substatus, substatus_effective_to_date, tree_level) VALUES (28, 'L1-001-L2-05-L3-04', 'Borrowing Base Monitoring Desk', 24, '2024-03-04 21:49:00', '2024-04-08 00:24:00', 'MOCK_LOAD', 'Generated for Portfolio Analysis View', '2024-10-19', 'Borrowing Base Monitoring Desk', '2024-05-21', 'Borrowing Base Monitoring Desk desk under Asset-Based Lending', 'L1-001-L2-05', 'Y', 'Enterprise Data Office', 'ACTIVE', 0, '2024-10-21', 3);
INSERT INTO l1.enterprise_business_taxonomy (managed_segment_id, segment_code, segment_name, parent_segment_id, created_ts, updated_ts, change_event, comments, create_update_date, description, effective_date, long_description, parent, parent_leaf, requestor, status, substatus, substatus_effective_to_date, tree_level) VALUES (29, 'L1-001-L2-06', 'Trade Finance', 1, '2024-07-16 13:44:00', '2024-08-12 20:26:00', 'MOCK_LOAD', 'Generated for Portfolio Analysis View', '2024-06-09', 'Trade Finance', '2024-05-15', 'Trade Finance portfolio under Corporate Banking', 'L1-001', 'N', 'Enterprise Data Office', 'ACTIVE', 0, '2024-02-06', 2);
INSERT INTO l1.enterprise_business_taxonomy (managed_segment_id, segment_code, segment_name, parent_segment_id, created_ts, updated_ts, change_event, comments, create_update_date, description, effective_date, long_description, parent, parent_leaf, requestor, status, substatus, substatus_effective_to_date, tree_level) VALUES (30, 'L1-001-L2-06-L3-01', 'Letters of Credit Desk', 29, '2024-01-08 20:44:00', '2024-05-06 22:37:00', 'MOCK_LOAD', 'Generated for Portfolio Analysis View', '2024-07-28', 'Letters of Credit Desk', '2024-10-23', 'Letters of Credit Desk desk under Trade Finance', 'L1-001-L2-06', 'Y', 'Enterprise Data Office', 'ACTIVE', 0, '2024-05-07', 3);
INSERT INTO l1.enterprise_business_taxonomy (managed_segment_id, segment_code, segment_name, parent_segment_id, created_ts, updated_ts, change_event, comments, create_update_date, description, effective_date, long_description, parent, parent_leaf, requestor, status, substatus, substatus_effective_to_date, tree_level) VALUES (31, 'L1-001-L2-06-L3-02', 'Guarantees & Standby LC Desk', 29, '2024-04-20 10:58:00', '2024-06-01 15:14:00', 'MOCK_LOAD', 'Generated for Portfolio Analysis View', '2024-02-24', 'Guarantees & Standby LC Desk', '2024-06-16', 'Guarantees & Standby LC Desk desk under Trade Finance', 'L1-001-L2-06', 'Y', 'Enterprise Data Office', 'ACTIVE', 0, '2024-07-01', 3);
INSERT INTO l1.enterprise_business_taxonomy (managed_segment_id, segment_code, segment_name, parent_segment_id, created_ts, updated_ts, change_event, comments, create_update_date, description, effective_date, long_description, parent, parent_leaf, requestor, status, substatus, substatus_effective_to_date, tree_level) VALUES (32, 'L1-001-L2-06-L3-03', 'Supply Chain Finance Desk', 29, '2024-01-08 19:18:00', '2024-01-12 15:44:00', 'MOCK_LOAD', 'Generated for Portfolio Analysis View', '2024-09-12', 'Supply Chain Finance Desk', '2024-04-09', 'Supply Chain Finance Desk desk under Trade Finance', 'L1-001-L2-06', 'Y', 'Enterprise Data Office', 'ACTIVE', 0, '2024-12-25', 3);
INSERT INTO l1.enterprise_business_taxonomy (managed_segment_id, segment_code, segment_name, parent_segment_id, created_ts, updated_ts, change_event, comments, create_update_date, description, effective_date, long_description, parent, parent_leaf, requestor, status, substatus, substatus_effective_to_date, tree_level) VALUES (33, 'L1-001-L2-06-L3-04', 'Export / Import Finance Desk', 29, '2024-11-16 22:15:00', '2024-10-01 01:22:00', 'MOCK_LOAD', 'Generated for Portfolio Analysis View', '2024-04-28', 'Export / Import Finance Desk', '2024-01-13', 'Export / Import Finance Desk desk under Trade Finance', 'L1-001-L2-06', 'Y', 'Enterprise Data Office', 'ACTIVE', 0, '2024-01-04', 3);
INSERT INTO l1.enterprise_business_taxonomy (managed_segment_id, segment_code, segment_name, parent_segment_id, created_ts, updated_ts, change_event, comments, create_update_date, description, effective_date, long_description, parent, parent_leaf, requestor, status, substatus, substatus_effective_to_date, tree_level) VALUES (34, 'L1-002', 'Commercial Real Estate (CRE)', 249, '2024-01-10 12:35:00', '2024-06-29 02:07:00', 'MOCK_LOAD', 'Generated for Portfolio Analysis View', '2024-11-20', 'Commercial Real Estate (CRE)', '2024-12-23', 'Commercial Real Estate (CRE) department', 'L0-001', 'N', 'Enterprise Data Office', 'ACTIVE', 0, '2024-12-20', 1);
INSERT INTO l1.enterprise_business_taxonomy (managed_segment_id, segment_code, segment_name, parent_segment_id, created_ts, updated_ts, change_event, comments, create_update_date, description, effective_date, long_description, parent, parent_leaf, requestor, status, substatus, substatus_effective_to_date, tree_level) VALUES (35, 'L1-002-L2-01', 'Office', 34, '2024-01-24 06:33:00', '2024-05-09 01:11:00', 'MOCK_LOAD', 'Generated for Portfolio Analysis View', '2024-01-01', 'Office', '2024-03-21', 'Office portfolio under Commercial Real Estate (CRE)', 'L1-002', 'N', 'Enterprise Data Office', 'ACTIVE', 0, '2024-09-05', 2);
INSERT INTO l1.enterprise_business_taxonomy (managed_segment_id, segment_code, segment_name, parent_segment_id, created_ts, updated_ts, change_event, comments, create_update_date, description, effective_date, long_description, parent, parent_leaf, requestor, status, substatus, substatus_effective_to_date, tree_level) VALUES (36, 'L1-002-L2-01-L3-01', 'CBD Office Desk', 35, '2024-08-06 01:53:00', '2024-10-08 13:10:00', 'MOCK_LOAD', 'Generated for Portfolio Analysis View', '2024-04-19', 'CBD Office Desk', '2024-11-07', 'CBD Office Desk desk under Office', 'L1-002-L2-01', 'Y', 'Enterprise Data Office', 'ACTIVE', 0, '2024-09-27', 3);
INSERT INTO l1.enterprise_business_taxonomy (managed_segment_id, segment_code, segment_name, parent_segment_id, created_ts, updated_ts, change_event, comments, create_update_date, description, effective_date, long_description, parent, parent_leaf, requestor, status, substatus, substatus_effective_to_date, tree_level) VALUES (37, 'L1-002-L2-01-L3-02', 'Suburban Office Desk', 35, '2024-04-17 15:58:00', '2024-09-08 19:21:00', 'MOCK_LOAD', 'Generated for Portfolio Analysis View', '2024-10-12', 'Suburban Office Desk', '2024-02-29', 'Suburban Office Desk desk under Office', 'L1-002-L2-01', 'Y', 'Enterprise Data Office', 'ACTIVE', 0, '2024-09-03', 3);
INSERT INTO l1.enterprise_business_taxonomy (managed_segment_id, segment_code, segment_name, parent_segment_id, created_ts, updated_ts, change_event, comments, create_update_date, description, effective_date, long_description, parent, parent_leaf, requestor, status, substatus, substatus_effective_to_date, tree_level) VALUES (38, 'L1-002-L2-01-L3-03', 'Lease Up Office Desk', 35, '2024-07-16 05:31:00', '2024-09-16 04:38:00', 'MOCK_LOAD', 'Generated for Portfolio Analysis View', '2024-01-02', 'Lease Up Office Desk', '2024-03-13', 'Lease Up Office Desk desk under Office', 'L1-002-L2-01', 'Y', 'Enterprise Data Office', 'ACTIVE', 0, '2024-04-10', 3);
INSERT INTO l1.enterprise_business_taxonomy (managed_segment_id, segment_code, segment_name, parent_segment_id, created_ts, updated_ts, change_event, comments, create_update_date, description, effective_date, long_description, parent, parent_leaf, requestor, status, substatus, substatus_effective_to_date, tree_level) VALUES (39, 'L1-002-L2-01-L3-04', 'Construction Office Desk', 35, '2024-09-14 09:28:00', '2024-08-07 04:31:00', 'MOCK_LOAD', 'Generated for Portfolio Analysis View', '2024-12-31', 'Construction Office Desk', '2024-04-16', 'Construction Office Desk desk under Office', 'L1-002-L2-01', 'Y', 'Enterprise Data Office', 'ACTIVE', 0, '2024-05-27', 3);
INSERT INTO l1.enterprise_business_taxonomy (managed_segment_id, segment_code, segment_name, parent_segment_id, created_ts, updated_ts, change_event, comments, create_update_date, description, effective_date, long_description, parent, parent_leaf, requestor, status, substatus, substatus_effective_to_date, tree_level) VALUES (40, 'L1-002-L2-01-L3-05', 'Stabilized Office Desk', 35, '2024-10-29 14:31:00', '2024-06-02 11:28:00', 'MOCK_LOAD', 'Generated for Portfolio Analysis View', '2024-09-23', 'Stabilized Office Desk', '2024-01-08', 'Stabilized Office Desk desk under Office', 'L1-002-L2-01', 'Y', 'Enterprise Data Office', 'ACTIVE', 0, '2024-05-30', 3);
INSERT INTO l1.enterprise_business_taxonomy (managed_segment_id, segment_code, segment_name, parent_segment_id, created_ts, updated_ts, change_event, comments, create_update_date, description, effective_date, long_description, parent, parent_leaf, requestor, status, substatus, substatus_effective_to_date, tree_level) VALUES (41, 'L1-002-L2-01-L3-06', 'Transitional / Value-Add Office Desk', 35, '2024-11-15 11:50:00', '2024-08-20 15:30:00', 'MOCK_LOAD', 'Generated for Portfolio Analysis View', '2024-05-05', 'Transitional / Value-Add Office Desk', '2024-06-29', 'Transitional / Value-Add Office Desk desk under Office', 'L1-002-L2-01', 'Y', 'Enterprise Data Office', 'ACTIVE', 0, '2024-08-13', 3);
INSERT INTO l1.enterprise_business_taxonomy (managed_segment_id, segment_code, segment_name, parent_segment_id, created_ts, updated_ts, change_event, comments, create_update_date, description, effective_date, long_description, parent, parent_leaf, requestor, status, substatus, substatus_effective_to_date, tree_level) VALUES (42, 'L1-002-L2-02', 'Affordable Housing Desk', 34, '2024-04-27 20:22:00', '2024-12-26 14:12:00', 'MOCK_LOAD', 'Generated for Portfolio Analysis View', '2024-04-25', 'Affordable Housing Desk', '2024-01-18', 'Affordable Housing Desk portfolio under Commercial Real Estate (CRE)', 'L1-002', 'N', 'Enterprise Data Office', 'ACTIVE', 0, '2024-07-09', 2);
INSERT INTO l1.enterprise_business_taxonomy (managed_segment_id, segment_code, segment_name, parent_segment_id, created_ts, updated_ts, change_event, comments, create_update_date, description, effective_date, long_description, parent, parent_leaf, requestor, status, substatus, substatus_effective_to_date, tree_level) VALUES (43, 'L1-002-L2-02-L3-01', 'CBD Affordable Housing Desk', 42, '2024-10-28 01:41:00', '2024-09-15 17:45:00', 'MOCK_LOAD', 'Generated for Portfolio Analysis View', '2024-08-18', 'CBD Affordable Housing Desk', '2024-04-07', 'CBD Affordable Housing Desk desk under Affordable Housing Desk', 'L1-002-L2-02', 'Y', 'Enterprise Data Office', 'ACTIVE', 0, '2024-05-23', 3);
INSERT INTO l1.enterprise_business_taxonomy (managed_segment_id, segment_code, segment_name, parent_segment_id, created_ts, updated_ts, change_event, comments, create_update_date, description, effective_date, long_description, parent, parent_leaf, requestor, status, substatus, substatus_effective_to_date, tree_level) VALUES (44, 'L1-002-L2-02-L3-02', 'Suburban Affordable Housing Desk', 42, '2024-06-01 08:00:00', '2024-04-07 19:48:00', 'MOCK_LOAD', 'Generated for Portfolio Analysis View', '2024-04-03', 'Suburban Affordable Housing Desk', '2024-11-20', 'Suburban Affordable Housing Desk desk under Affordable Housing Desk', 'L1-002-L2-02', 'Y', 'Enterprise Data Office', 'ACTIVE', 0, '2024-07-03', 3);
INSERT INTO l1.enterprise_business_taxonomy (managed_segment_id, segment_code, segment_name, parent_segment_id, created_ts, updated_ts, change_event, comments, create_update_date, description, effective_date, long_description, parent, parent_leaf, requestor, status, substatus, substatus_effective_to_date, tree_level) VALUES (45, 'L1-002-L2-02-L3-03', 'Lease Up Affordable Housing Desk', 42, '2024-01-05 02:31:00', '2024-10-13 21:41:00', 'MOCK_LOAD', 'Generated for Portfolio Analysis View', '2024-05-09', 'Lease Up Affordable Housing Desk', '2024-09-05', 'Lease Up Affordable Housing Desk desk under Affordable Housing Desk', 'L1-002-L2-02', 'Y', 'Enterprise Data Office', 'ACTIVE', 0, '2024-10-20', 3);
INSERT INTO l1.enterprise_business_taxonomy (managed_segment_id, segment_code, segment_name, parent_segment_id, created_ts, updated_ts, change_event, comments, create_update_date, description, effective_date, long_description, parent, parent_leaf, requestor, status, substatus, substatus_effective_to_date, tree_level) VALUES (46, 'L1-002-L2-02-L3-04', 'Construction Affordable Housing Desk', 42, '2024-11-10 07:02:00', '2024-11-07 21:02:00', 'MOCK_LOAD', 'Generated for Portfolio Analysis View', '2024-02-06', 'Construction Affordable Housing Desk', '2024-06-30', 'Construction Affordable Housing Desk desk under Affordable Housing Desk', 'L1-002-L2-02', 'Y', 'Enterprise Data Office', 'ACTIVE', 0, '2024-07-18', 3);
INSERT INTO l1.enterprise_business_taxonomy (managed_segment_id, segment_code, segment_name, parent_segment_id, created_ts, updated_ts, change_event, comments, create_update_date, description, effective_date, long_description, parent, parent_leaf, requestor, status, substatus, substatus_effective_to_date, tree_level) VALUES (47, 'L1-002-L2-02-L3-05', 'Stabilized Affordable Housing Desk', 42, '2024-09-25 04:33:00', '2024-10-29 18:28:00', 'MOCK_LOAD', 'Generated for Portfolio Analysis View', '2024-10-13', 'Stabilized Affordable Housing Desk', '2024-05-25', 'Stabilized Affordable Housing Desk desk under Affordable Housing Desk', 'L1-002-L2-02', 'Y', 'Enterprise Data Office', 'ACTIVE', 0, '2024-11-14', 3);
INSERT INTO l1.enterprise_business_taxonomy (managed_segment_id, segment_code, segment_name, parent_segment_id, created_ts, updated_ts, change_event, comments, create_update_date, description, effective_date, long_description, parent, parent_leaf, requestor, status, substatus, substatus_effective_to_date, tree_level) VALUES (48, 'L1-002-L2-02-L3-06', 'Transitional / Value-Add Affordable Housing Desk', 42, '2024-03-02 00:37:00', '2024-02-25 14:06:00', 'MOCK_LOAD', 'Generated for Portfolio Analysis View', '2024-06-18', 'Transitional / Value-Add Affordable Housing Desk', '2024-07-14', 'Transitional / Value-Add Affordable Housing Desk desk under Affordable Housing Desk', 'L1-002-L2-02', 'Y', 'Enterprise Data Office', 'ACTIVE', 0, '2024-02-27', 3);
INSERT INTO l1.enterprise_business_taxonomy (managed_segment_id, segment_code, segment_name, parent_segment_id, created_ts, updated_ts, change_event, comments, create_update_date, description, effective_date, long_description, parent, parent_leaf, requestor, status, substatus, substatus_effective_to_date, tree_level) VALUES (49, 'L1-002-L2-03', 'Residential', 34, '2024-03-02 01:23:00', '2024-07-23 10:14:00', 'MOCK_LOAD', 'Generated for Portfolio Analysis View', '2024-04-07', 'Residential', '2024-12-29', 'Residential portfolio under Commercial Real Estate (CRE)', 'L1-002', 'N', 'Enterprise Data Office', 'ACTIVE', 0, '2024-04-01', 2);
INSERT INTO l1.enterprise_business_taxonomy (managed_segment_id, segment_code, segment_name, parent_segment_id, created_ts, updated_ts, change_event, comments, create_update_date, description, effective_date, long_description, parent, parent_leaf, requestor, status, substatus, substatus_effective_to_date, tree_level) VALUES (50, 'L1-002-L2-03-L3-01', 'Market-Rate Multifamily Desk', 49, '2024-06-02 03:08:00', '2024-08-23 13:06:00', 'MOCK_LOAD', 'Generated for Portfolio Analysis View', '2024-11-07', 'Market-Rate Multifamily Desk', '2024-07-25', 'Market-Rate Multifamily Desk desk under Residential', 'L1-002-L2-03', 'Y', 'Enterprise Data Office', 'ACTIVE', 0, '2024-01-08', 3);
INSERT INTO l1.enterprise_business_taxonomy (managed_segment_id, segment_code, segment_name, parent_segment_id, created_ts, updated_ts, change_event, comments, create_update_date, description, effective_date, long_description, parent, parent_leaf, requestor, status, substatus, substatus_effective_to_date, tree_level) VALUES (51, 'L1-002-L2-03-L3-02', 'Single Family Rental Desk', 49, '2024-11-10 15:55:00', '2024-05-21 15:10:00', 'MOCK_LOAD', 'Generated for Portfolio Analysis View', '2024-02-12', 'Single Family Rental Desk', '2024-09-05', 'Single Family Rental Desk desk under Residential', 'L1-002-L2-03', 'Y', 'Enterprise Data Office', 'ACTIVE', 0, '2024-06-23', 3);
INSERT INTO l1.enterprise_business_taxonomy (managed_segment_id, segment_code, segment_name, parent_segment_id, created_ts, updated_ts, change_event, comments, create_update_date, description, effective_date, long_description, parent, parent_leaf, requestor, status, substatus, substatus_effective_to_date, tree_level) VALUES (52, 'L1-002-L2-03-L3-03', 'Multifamily Rental Desk', 49, '2024-11-04 14:32:00', '2024-04-12 01:55:00', 'MOCK_LOAD', 'Generated for Portfolio Analysis View', '2024-12-19', 'Multifamily Rental Desk', '2024-05-21', 'Multifamily Rental Desk desk under Residential', 'L1-002-L2-03', 'Y', 'Enterprise Data Office', 'ACTIVE', 0, '2024-08-06', 3);
INSERT INTO l1.enterprise_business_taxonomy (managed_segment_id, segment_code, segment_name, parent_segment_id, created_ts, updated_ts, change_event, comments, create_update_date, description, effective_date, long_description, parent, parent_leaf, requestor, status, substatus, substatus_effective_to_date, tree_level) VALUES (53, 'L1-002-L2-03-L3-04', 'Workforce Housing Desk', 49, '2024-04-17 16:46:00', '2024-05-05 10:23:00', 'MOCK_LOAD', 'Generated for Portfolio Analysis View', '2024-03-31', 'Workforce Housing Desk', '2024-02-26', 'Workforce Housing Desk desk under Residential', 'L1-002-L2-03', 'Y', 'Enterprise Data Office', 'ACTIVE', 0, '2024-03-10', 3);
INSERT INTO l1.enterprise_business_taxonomy (managed_segment_id, segment_code, segment_name, parent_segment_id, created_ts, updated_ts, change_event, comments, create_update_date, description, effective_date, long_description, parent, parent_leaf, requestor, status, substatus, substatus_effective_to_date, tree_level) VALUES (54, 'L1-002-L2-03-L3-05', 'Student-Adjacent Multifamily Desk', 49, '2024-11-09 12:14:00', '2024-08-07 00:43:00', 'MOCK_LOAD', 'Generated for Portfolio Analysis View', '2024-10-22', 'Student-Adjacent Multifamily Desk', '2024-07-17', 'Student-Adjacent Multifamily Desk desk under Residential', 'L1-002-L2-03', 'Y', 'Enterprise Data Office', 'ACTIVE', 0, '2024-05-27', 3);
INSERT INTO l1.enterprise_business_taxonomy (managed_segment_id, segment_code, segment_name, parent_segment_id, created_ts, updated_ts, change_event, comments, create_update_date, description, effective_date, long_description, parent, parent_leaf, requestor, status, substatus, substatus_effective_to_date, tree_level) VALUES (55, 'L1-002-L2-03-L3-06', 'Lease Up Multifamily Desk', 49, '2024-01-13 10:52:00', '2024-03-24 22:23:00', 'MOCK_LOAD', 'Generated for Portfolio Analysis View', '2024-11-24', 'Lease Up Multifamily Desk', '2024-08-06', 'Lease Up Multifamily Desk desk under Residential', 'L1-002-L2-03', 'Y', 'Enterprise Data Office', 'ACTIVE', 0, '2024-05-01', 3);
INSERT INTO l1.enterprise_business_taxonomy (managed_segment_id, segment_code, segment_name, parent_segment_id, created_ts, updated_ts, change_event, comments, create_update_date, description, effective_date, long_description, parent, parent_leaf, requestor, status, substatus, substatus_effective_to_date, tree_level) VALUES (56, 'L1-002-L2-03-L3-07', 'Construction Multifamily Desk', 49, '2024-07-26 01:28:00', '2024-06-19 23:25:00', 'MOCK_LOAD', 'Generated for Portfolio Analysis View', '2024-10-07', 'Construction Multifamily Desk', '2024-07-13', 'Construction Multifamily Desk desk under Residential', 'L1-002-L2-03', 'Y', 'Enterprise Data Office', 'ACTIVE', 0, '2024-04-28', 3);
INSERT INTO l1.enterprise_business_taxonomy (managed_segment_id, segment_code, segment_name, parent_segment_id, created_ts, updated_ts, change_event, comments, create_update_date, description, effective_date, long_description, parent, parent_leaf, requestor, status, substatus, substatus_effective_to_date, tree_level) VALUES (57, 'L1-002-L2-03-L3-08', 'Stabilized Multifamily Desk', 49, '2024-11-10 18:15:00', '2024-11-30 04:36:00', 'MOCK_LOAD', 'Generated for Portfolio Analysis View', '2024-05-03', 'Stabilized Multifamily Desk', '2024-03-11', 'Stabilized Multifamily Desk desk under Residential', 'L1-002-L2-03', 'Y', 'Enterprise Data Office', 'ACTIVE', 0, '2024-08-30', 3);
INSERT INTO l1.enterprise_business_taxonomy (managed_segment_id, segment_code, segment_name, parent_segment_id, created_ts, updated_ts, change_event, comments, create_update_date, description, effective_date, long_description, parent, parent_leaf, requestor, status, substatus, substatus_effective_to_date, tree_level) VALUES (58, 'L1-002-L2-04', 'Retail', 34, '2024-03-18 10:43:00', '2024-09-19 12:20:00', 'MOCK_LOAD', 'Generated for Portfolio Analysis View', '2024-05-06', 'Retail', '2024-09-14', 'Retail portfolio under Commercial Real Estate (CRE)', 'L1-002', 'N', 'Enterprise Data Office', 'ACTIVE', 0, '2024-03-08', 2);
INSERT INTO l1.enterprise_business_taxonomy (managed_segment_id, segment_code, segment_name, parent_segment_id, created_ts, updated_ts, change_event, comments, create_update_date, description, effective_date, long_description, parent, parent_leaf, requestor, status, substatus, substatus_effective_to_date, tree_level) VALUES (59, 'L1-002-L2-04-L3-01', 'Neighborhood & Strip Retail Desk', 58, '2024-03-30 01:01:00', '2024-01-05 05:47:00', 'MOCK_LOAD', 'Generated for Portfolio Analysis View', '2024-05-27', 'Neighborhood & Strip Retail Desk', '2024-12-31', 'Neighborhood & Strip Retail Desk desk under Retail', 'L1-002-L2-04', 'Y', 'Enterprise Data Office', 'ACTIVE', 0, '2024-05-12', 3);
INSERT INTO l1.enterprise_business_taxonomy (managed_segment_id, segment_code, segment_name, parent_segment_id, created_ts, updated_ts, change_event, comments, create_update_date, description, effective_date, long_description, parent, parent_leaf, requestor, status, substatus, substatus_effective_to_date, tree_level) VALUES (60, 'L1-002-L2-04-L3-02', 'Power Centers Desk', 58, '2024-08-03 10:20:00', '2024-09-04 18:33:00', 'MOCK_LOAD', 'Generated for Portfolio Analysis View', '2024-03-25', 'Power Centers Desk', '2024-10-01', 'Power Centers Desk desk under Retail', 'L1-002-L2-04', 'Y', 'Enterprise Data Office', 'ACTIVE', 0, '2024-06-28', 3);
INSERT INTO l1.enterprise_business_taxonomy (managed_segment_id, segment_code, segment_name, parent_segment_id, created_ts, updated_ts, change_event, comments, create_update_date, description, effective_date, long_description, parent, parent_leaf, requestor, status, substatus, substatus_effective_to_date, tree_level) VALUES (61, 'L1-002-L2-04-L3-03', 'Regional Mall / Enclosed Retail Desk', 58, '2024-01-19 02:40:00', '2024-10-04 13:54:00', 'MOCK_LOAD', 'Generated for Portfolio Analysis View', '2024-06-30', 'Regional Mall / Enclosed Retail Desk', '2024-01-19', 'Regional Mall / Enclosed Retail Desk desk under Retail', 'L1-002-L2-04', 'Y', 'Enterprise Data Office', 'ACTIVE', 0, '2024-06-07', 3);
INSERT INTO l1.enterprise_business_taxonomy (managed_segment_id, segment_code, segment_name, parent_segment_id, created_ts, updated_ts, change_event, comments, create_update_date, description, effective_date, long_description, parent, parent_leaf, requestor, status, substatus, substatus_effective_to_date, tree_level) VALUES (62, 'L1-002-L2-04-L3-04', 'Single-Tenant Net-Lease Retail Desk', 58, '2024-03-08 19:37:00', '2024-06-26 22:03:00', 'MOCK_LOAD', 'Generated for Portfolio Analysis View', '2024-01-14', 'Single-Tenant Net-Lease Retail Desk', '2024-10-16', 'Single-Tenant Net-Lease Retail Desk desk under Retail', 'L1-002-L2-04', 'Y', 'Enterprise Data Office', 'ACTIVE', 0, '2024-01-27', 3);
INSERT INTO l1.enterprise_business_taxonomy (managed_segment_id, segment_code, segment_name, parent_segment_id, created_ts, updated_ts, change_event, comments, create_update_date, description, effective_date, long_description, parent, parent_leaf, requestor, status, substatus, substatus_effective_to_date, tree_level) VALUES (63, 'L1-002-L2-04-L3-05', 'Lease Up Retail Desk', 58, '2024-03-29 17:34:00', '2024-01-08 09:44:00', 'MOCK_LOAD', 'Generated for Portfolio Analysis View', '2024-11-07', 'Lease Up Retail Desk', '2024-08-06', 'Lease Up Retail Desk desk under Retail', 'L1-002-L2-04', 'Y', 'Enterprise Data Office', 'ACTIVE', 0, '2024-11-02', 3);
INSERT INTO l1.enterprise_business_taxonomy (managed_segment_id, segment_code, segment_name, parent_segment_id, created_ts, updated_ts, change_event, comments, create_update_date, description, effective_date, long_description, parent, parent_leaf, requestor, status, substatus, substatus_effective_to_date, tree_level) VALUES (64, 'L1-002-L2-04-L3-06', 'Construction Retail Desk', 58, '2024-08-17 12:20:00', '2024-06-14 18:06:00', 'MOCK_LOAD', 'Generated for Portfolio Analysis View', '2024-09-12', 'Construction Retail Desk', '2024-07-03', 'Construction Retail Desk desk under Retail', 'L1-002-L2-04', 'Y', 'Enterprise Data Office', 'ACTIVE', 0, '2024-06-08', 3);
INSERT INTO l1.enterprise_business_taxonomy (managed_segment_id, segment_code, segment_name, parent_segment_id, created_ts, updated_ts, change_event, comments, create_update_date, description, effective_date, long_description, parent, parent_leaf, requestor, status, substatus, substatus_effective_to_date, tree_level) VALUES (65, 'L1-002-L2-04-L3-07', 'Stabilized Retail Desk', 58, '2024-08-21 04:40:00', '2024-07-28 04:00:00', 'MOCK_LOAD', 'Generated for Portfolio Analysis View', '2024-08-24', 'Stabilized Retail Desk', '2024-12-17', 'Stabilized Retail Desk desk under Retail', 'L1-002-L2-04', 'Y', 'Enterprise Data Office', 'ACTIVE', 0, '2024-02-16', 3);
INSERT INTO l1.enterprise_business_taxonomy (managed_segment_id, segment_code, segment_name, parent_segment_id, created_ts, updated_ts, change_event, comments, create_update_date, description, effective_date, long_description, parent, parent_leaf, requestor, status, substatus, substatus_effective_to_date, tree_level) VALUES (66, 'L1-002-L2-05', 'Industrial / Logistics', 34, '2024-04-21 08:51:00', '2024-02-14 01:26:00', 'MOCK_LOAD', 'Generated for Portfolio Analysis View', '2024-03-03', 'Industrial / Logistics', '2024-06-26', 'Industrial / Logistics portfolio under Commercial Real Estate (CRE)', 'L1-002', 'N', 'Enterprise Data Office', 'ACTIVE', 0, '2024-07-25', 2);
INSERT INTO l1.enterprise_business_taxonomy (managed_segment_id, segment_code, segment_name, parent_segment_id, created_ts, updated_ts, change_event, comments, create_update_date, description, effective_date, long_description, parent, parent_leaf, requestor, status, substatus, substatus_effective_to_date, tree_level) VALUES (67, 'L1-002-L2-05-L3-01', 'Warehouse & Distribution Desk', 66, '2024-02-25 12:54:00', '2024-08-06 07:48:00', 'MOCK_LOAD', 'Generated for Portfolio Analysis View', '2024-05-27', 'Warehouse & Distribution Desk', '2024-07-02', 'Warehouse & Distribution Desk desk under Industrial / Logistics', 'L1-002-L2-05', 'Y', 'Enterprise Data Office', 'ACTIVE', 0, '2024-03-12', 3);
INSERT INTO l1.enterprise_business_taxonomy (managed_segment_id, segment_code, segment_name, parent_segment_id, created_ts, updated_ts, change_event, comments, create_update_date, description, effective_date, long_description, parent, parent_leaf, requestor, status, substatus, substatus_effective_to_date, tree_level) VALUES (68, 'L1-002-L2-05-L3-02', 'Last-Mile Logistics Desk', 66, '2024-10-06 04:03:00', '2024-03-27 01:50:00', 'MOCK_LOAD', 'Generated for Portfolio Analysis View', '2024-05-21', 'Last-Mile Logistics Desk', '2024-10-08', 'Last-Mile Logistics Desk desk under Industrial / Logistics', 'L1-002-L2-05', 'Y', 'Enterprise Data Office', 'ACTIVE', 0, '2024-01-18', 3);
INSERT INTO l1.enterprise_business_taxonomy (managed_segment_id, segment_code, segment_name, parent_segment_id, created_ts, updated_ts, change_event, comments, create_update_date, description, effective_date, long_description, parent, parent_leaf, requestor, status, substatus, substatus_effective_to_date, tree_level) VALUES (69, 'L1-002-L2-05-L3-03', 'Cold Storage Desk', 66, '2024-02-24 12:06:00', '2024-11-19 16:37:00', 'MOCK_LOAD', 'Generated for Portfolio Analysis View', '2024-02-11', 'Cold Storage Desk', '2024-03-05', 'Cold Storage Desk desk under Industrial / Logistics', 'L1-002-L2-05', 'Y', 'Enterprise Data Office', 'ACTIVE', 0, '2024-02-26', 3);
INSERT INTO l1.enterprise_business_taxonomy (managed_segment_id, segment_code, segment_name, parent_segment_id, created_ts, updated_ts, change_event, comments, create_update_date, description, effective_date, long_description, parent, parent_leaf, requestor, status, substatus, substatus_effective_to_date, tree_level) VALUES (70, 'L1-002-L2-05-L3-04', 'Light Industrial Desk', 66, '2024-08-22 01:01:00', '2024-08-24 19:38:00', 'MOCK_LOAD', 'Generated for Portfolio Analysis View', '2024-06-30', 'Light Industrial Desk', '2024-11-15', 'Light Industrial Desk desk under Industrial / Logistics', 'L1-002-L2-05', 'Y', 'Enterprise Data Office', 'ACTIVE', 0, '2024-03-31', 3);
INSERT INTO l1.enterprise_business_taxonomy (managed_segment_id, segment_code, segment_name, parent_segment_id, created_ts, updated_ts, change_event, comments, create_update_date, description, effective_date, long_description, parent, parent_leaf, requestor, status, substatus, substatus_effective_to_date, tree_level) VALUES (71, 'L1-002-L2-05-L3-05', 'Lease Up Industrial Desk', 66, '2024-06-02 23:59:00', '2024-09-09 11:34:00', 'MOCK_LOAD', 'Generated for Portfolio Analysis View', '2024-06-28', 'Lease Up Industrial Desk', '2024-03-11', 'Lease Up Industrial Desk desk under Industrial / Logistics', 'L1-002-L2-05', 'Y', 'Enterprise Data Office', 'ACTIVE', 0, '2024-04-18', 3);
INSERT INTO l1.enterprise_business_taxonomy (managed_segment_id, segment_code, segment_name, parent_segment_id, created_ts, updated_ts, change_event, comments, create_update_date, description, effective_date, long_description, parent, parent_leaf, requestor, status, substatus, substatus_effective_to_date, tree_level) VALUES (72, 'L1-002-L2-05-L3-06', 'Construction Industrial Desk', 66, '2024-04-28 08:41:00', '2024-07-11 20:07:00', 'MOCK_LOAD', 'Generated for Portfolio Analysis View', '2024-09-16', 'Construction Industrial Desk', '2024-07-17', 'Construction Industrial Desk desk under Industrial / Logistics', 'L1-002-L2-05', 'Y', 'Enterprise Data Office', 'ACTIVE', 0, '2024-09-14', 3);
INSERT INTO l1.enterprise_business_taxonomy (managed_segment_id, segment_code, segment_name, parent_segment_id, created_ts, updated_ts, change_event, comments, create_update_date, description, effective_date, long_description, parent, parent_leaf, requestor, status, substatus, substatus_effective_to_date, tree_level) VALUES (73, 'L1-002-L2-05-L3-07', 'Stabilized Industrial Desk', 66, '2024-03-12 16:07:00', '2024-08-02 11:49:00', 'MOCK_LOAD', 'Generated for Portfolio Analysis View', '2024-04-18', 'Stabilized Industrial Desk', '2024-08-16', 'Stabilized Industrial Desk desk under Industrial / Logistics', 'L1-002-L2-05', 'Y', 'Enterprise Data Office', 'ACTIVE', 0, '2024-04-04', 3);
INSERT INTO l1.enterprise_business_taxonomy (managed_segment_id, segment_code, segment_name, parent_segment_id, created_ts, updated_ts, change_event, comments, create_update_date, description, effective_date, long_description, parent, parent_leaf, requestor, status, substatus, substatus_effective_to_date, tree_level) VALUES (74, 'L1-002-L2-06', 'Hospitality', 34, '2024-11-24 04:52:00', '2024-09-24 04:48:00', 'MOCK_LOAD', 'Generated for Portfolio Analysis View', '2024-02-21', 'Hospitality', '2024-07-16', 'Hospitality portfolio under Commercial Real Estate (CRE)', 'L1-002', 'N', 'Enterprise Data Office', 'ACTIVE', 0, '2024-01-10', 2);
INSERT INTO l1.enterprise_business_taxonomy (managed_segment_id, segment_code, segment_name, parent_segment_id, created_ts, updated_ts, change_event, comments, create_update_date, description, effective_date, long_description, parent, parent_leaf, requestor, status, substatus, substatus_effective_to_date, tree_level) VALUES (75, 'L1-002-L2-06-L3-01', 'Full-Service Hotels Desk', 74, '2024-01-15 18:02:00', '2024-07-28 20:11:00', 'MOCK_LOAD', 'Generated for Portfolio Analysis View', '2024-05-13', 'Full-Service Hotels Desk', '2024-10-08', 'Full-Service Hotels Desk desk under Hospitality', 'L1-002-L2-06', 'Y', 'Enterprise Data Office', 'ACTIVE', 0, '2024-09-15', 3);
INSERT INTO l1.enterprise_business_taxonomy (managed_segment_id, segment_code, segment_name, parent_segment_id, created_ts, updated_ts, change_event, comments, create_update_date, description, effective_date, long_description, parent, parent_leaf, requestor, status, substatus, substatus_effective_to_date, tree_level) VALUES (76, 'L1-002-L2-06-L3-02', 'Limited-Service Hotels Desk', 74, '2024-02-03 08:19:00', '2024-12-31 05:40:00', 'MOCK_LOAD', 'Generated for Portfolio Analysis View', '2024-10-03', 'Limited-Service Hotels Desk', '2024-09-11', 'Limited-Service Hotels Desk desk under Hospitality', 'L1-002-L2-06', 'Y', 'Enterprise Data Office', 'ACTIVE', 0, '2024-06-22', 3);
INSERT INTO l1.enterprise_business_taxonomy (managed_segment_id, segment_code, segment_name, parent_segment_id, created_ts, updated_ts, change_event, comments, create_update_date, description, effective_date, long_description, parent, parent_leaf, requestor, status, substatus, substatus_effective_to_date, tree_level) VALUES (77, 'L1-002-L2-06-L3-03', 'Resort & Leisure Desk', 74, '2024-02-14 18:54:00', '2024-01-21 16:21:00', 'MOCK_LOAD', 'Generated for Portfolio Analysis View', '2024-11-13', 'Resort & Leisure Desk', '2024-08-13', 'Resort & Leisure Desk desk under Hospitality', 'L1-002-L2-06', 'Y', 'Enterprise Data Office', 'ACTIVE', 0, '2024-10-15', 3);
INSERT INTO l1.enterprise_business_taxonomy (managed_segment_id, segment_code, segment_name, parent_segment_id, created_ts, updated_ts, change_event, comments, create_update_date, description, effective_date, long_description, parent, parent_leaf, requestor, status, substatus, substatus_effective_to_date, tree_level) VALUES (78, 'L1-002-L2-06-L3-04', 'Lease Up Hospitality Desk', 74, '2024-03-27 09:56:00', '2024-12-04 06:56:00', 'MOCK_LOAD', 'Generated for Portfolio Analysis View', '2024-03-18', 'Lease Up Hospitality Desk', '2024-12-20', 'Lease Up Hospitality Desk desk under Hospitality', 'L1-002-L2-06', 'Y', 'Enterprise Data Office', 'ACTIVE', 0, '2024-06-09', 3);
INSERT INTO l1.enterprise_business_taxonomy (managed_segment_id, segment_code, segment_name, parent_segment_id, created_ts, updated_ts, change_event, comments, create_update_date, description, effective_date, long_description, parent, parent_leaf, requestor, status, substatus, substatus_effective_to_date, tree_level) VALUES (79, 'L1-002-L2-06-L3-05', 'Construction Hospitality Desk', 74, '2024-11-18 05:45:00', '2024-04-05 16:37:00', 'MOCK_LOAD', 'Generated for Portfolio Analysis View', '2024-07-29', 'Construction Hospitality Desk', '2024-04-08', 'Construction Hospitality Desk desk under Hospitality', 'L1-002-L2-06', 'Y', 'Enterprise Data Office', 'ACTIVE', 0, '2024-02-05', 3);
INSERT INTO l1.enterprise_business_taxonomy (managed_segment_id, segment_code, segment_name, parent_segment_id, created_ts, updated_ts, change_event, comments, create_update_date, description, effective_date, long_description, parent, parent_leaf, requestor, status, substatus, substatus_effective_to_date, tree_level) VALUES (80, 'L1-002-L2-06-L3-06', 'Stabilized Hospitality Desk', 74, '2024-09-06 15:10:00', '2024-08-06 19:15:00', 'MOCK_LOAD', 'Generated for Portfolio Analysis View', '2024-05-11', 'Stabilized Hospitality Desk', '2024-06-29', 'Stabilized Hospitality Desk desk under Hospitality', 'L1-002-L2-06', 'Y', 'Enterprise Data Office', 'ACTIVE', 0, '2024-05-20', 3);
INSERT INTO l1.enterprise_business_taxonomy (managed_segment_id, segment_code, segment_name, parent_segment_id, created_ts, updated_ts, change_event, comments, create_update_date, description, effective_date, long_description, parent, parent_leaf, requestor, status, substatus, substatus_effective_to_date, tree_level) VALUES (81, 'L1-002-L2-07', 'Self-Storage', 34, '2024-01-03 11:08:00', '2024-07-30 11:24:00', 'MOCK_LOAD', 'Generated for Portfolio Analysis View', '2024-06-17', 'Self-Storage', '2024-06-06', 'Self-Storage portfolio under Commercial Real Estate (CRE)', 'L1-002', 'N', 'Enterprise Data Office', 'ACTIVE', 0, '2024-01-04', 2);
INSERT INTO l1.enterprise_business_taxonomy (managed_segment_id, segment_code, segment_name, parent_segment_id, created_ts, updated_ts, change_event, comments, create_update_date, description, effective_date, long_description, parent, parent_leaf, requestor, status, substatus, substatus_effective_to_date, tree_level) VALUES (82, 'L1-002-L2-07-L3-01', 'Urban Self-Storage Desk', 81, '2024-06-29 18:58:00', '2024-06-03 09:39:00', 'MOCK_LOAD', 'Generated for Portfolio Analysis View', '2024-02-14', 'Urban Self-Storage Desk', '2024-10-01', 'Urban Self-Storage Desk desk under Self-Storage', 'L1-002-L2-07', 'Y', 'Enterprise Data Office', 'ACTIVE', 0, '2024-08-22', 3);
INSERT INTO l1.enterprise_business_taxonomy (managed_segment_id, segment_code, segment_name, parent_segment_id, created_ts, updated_ts, change_event, comments, create_update_date, description, effective_date, long_description, parent, parent_leaf, requestor, status, substatus, substatus_effective_to_date, tree_level) VALUES (83, 'L1-002-L2-07-L3-02', 'Suburban / Regional Self-Storage Desk', 81, '2024-07-15 23:47:00', '2024-01-15 23:59:00', 'MOCK_LOAD', 'Generated for Portfolio Analysis View', '2024-08-11', 'Suburban / Regional Self-Storage Desk', '2024-08-10', 'Suburban / Regional Self-Storage Desk desk under Self-Storage', 'L1-002-L2-07', 'Y', 'Enterprise Data Office', 'ACTIVE', 0, '2024-08-07', 3);
INSERT INTO l1.enterprise_business_taxonomy (managed_segment_id, segment_code, segment_name, parent_segment_id, created_ts, updated_ts, change_event, comments, create_update_date, description, effective_date, long_description, parent, parent_leaf, requestor, status, substatus, substatus_effective_to_date, tree_level) VALUES (84, 'L1-002-L2-07-L3-03', 'Lease Up Self-Storage Desk', 81, '2024-12-17 06:30:00', '2024-06-25 12:37:00', 'MOCK_LOAD', 'Generated for Portfolio Analysis View', '2024-04-09', 'Lease Up Self-Storage Desk', '2024-03-10', 'Lease Up Self-Storage Desk desk under Self-Storage', 'L1-002-L2-07', 'Y', 'Enterprise Data Office', 'ACTIVE', 0, '2024-08-17', 3);
INSERT INTO l1.enterprise_business_taxonomy (managed_segment_id, segment_code, segment_name, parent_segment_id, created_ts, updated_ts, change_event, comments, create_update_date, description, effective_date, long_description, parent, parent_leaf, requestor, status, substatus, substatus_effective_to_date, tree_level) VALUES (85, 'L1-002-L2-07-L3-04', 'Construction Self-Storage Desk', 81, '2024-09-30 14:46:00', '2024-10-05 19:53:00', 'MOCK_LOAD', 'Generated for Portfolio Analysis View', '2024-06-12', 'Construction Self-Storage Desk', '2024-05-21', 'Construction Self-Storage Desk desk under Self-Storage', 'L1-002-L2-07', 'Y', 'Enterprise Data Office', 'ACTIVE', 0, '2024-01-16', 3);
INSERT INTO l1.enterprise_business_taxonomy (managed_segment_id, segment_code, segment_name, parent_segment_id, created_ts, updated_ts, change_event, comments, create_update_date, description, effective_date, long_description, parent, parent_leaf, requestor, status, substatus, substatus_effective_to_date, tree_level) VALUES (86, 'L1-002-L2-07-L3-05', 'Stabilized Self-Storage Desk', 81, '2024-11-09 08:48:00', '2024-08-18 06:01:00', 'MOCK_LOAD', 'Generated for Portfolio Analysis View', '2024-06-26', 'Stabilized Self-Storage Desk', '2024-02-05', 'Stabilized Self-Storage Desk desk under Self-Storage', 'L1-002-L2-07', 'Y', 'Enterprise Data Office', 'ACTIVE', 0, '2024-04-07', 3);
INSERT INTO l1.enterprise_business_taxonomy (managed_segment_id, segment_code, segment_name, parent_segment_id, created_ts, updated_ts, change_event, comments, create_update_date, description, effective_date, long_description, parent, parent_leaf, requestor, status, substatus, substatus_effective_to_date, tree_level) VALUES (87, 'L1-002-L2-08', 'Mixed-Use', 34, '2024-01-04 21:25:00', '2024-03-20 00:58:00', 'MOCK_LOAD', 'Generated for Portfolio Analysis View', '2024-06-04', 'Mixed-Use', '2024-09-24', 'Mixed-Use portfolio under Commercial Real Estate (CRE)', 'L1-002', 'N', 'Enterprise Data Office', 'ACTIVE', 0, '2024-05-13', 2);
INSERT INTO l1.enterprise_business_taxonomy (managed_segment_id, segment_code, segment_name, parent_segment_id, created_ts, updated_ts, change_event, comments, create_update_date, description, effective_date, long_description, parent, parent_leaf, requestor, status, substatus, substatus_effective_to_date, tree_level) VALUES (88, 'L1-002-L2-08-L3-01', 'Urban Mixed-Use Desk', 87, '2024-12-05 03:49:00', '2024-03-12 15:34:00', 'MOCK_LOAD', 'Generated for Portfolio Analysis View', '2024-01-29', 'Urban Mixed-Use Desk', '2024-06-03', 'Urban Mixed-Use Desk desk under Mixed-Use', 'L1-002-L2-08', 'Y', 'Enterprise Data Office', 'ACTIVE', 0, '2024-10-09', 3);
INSERT INTO l1.enterprise_business_taxonomy (managed_segment_id, segment_code, segment_name, parent_segment_id, created_ts, updated_ts, change_event, comments, create_update_date, description, effective_date, long_description, parent, parent_leaf, requestor, status, substatus, substatus_effective_to_date, tree_level) VALUES (89, 'L1-002-L2-08-L3-02', 'Transit-Oriented Development Desk', 87, '2024-07-30 07:50:00', '2024-07-11 16:11:00', 'MOCK_LOAD', 'Generated for Portfolio Analysis View', '2024-11-21', 'Transit-Oriented Development Desk', '2024-09-04', 'Transit-Oriented Development Desk desk under Mixed-Use', 'L1-002-L2-08', 'Y', 'Enterprise Data Office', 'ACTIVE', 0, '2024-07-20', 3);
INSERT INTO l1.enterprise_business_taxonomy (managed_segment_id, segment_code, segment_name, parent_segment_id, created_ts, updated_ts, change_event, comments, create_update_date, description, effective_date, long_description, parent, parent_leaf, requestor, status, substatus, substatus_effective_to_date, tree_level) VALUES (90, 'L1-002-L2-08-L3-03', 'Live-Work-Play Projects Desk', 87, '2024-01-24 01:31:00', '2024-03-19 11:36:00', 'MOCK_LOAD', 'Generated for Portfolio Analysis View', '2024-12-15', 'Live-Work-Play Projects Desk', '2024-02-03', 'Live-Work-Play Projects Desk desk under Mixed-Use', 'L1-002-L2-08', 'Y', 'Enterprise Data Office', 'ACTIVE', 0, '2024-01-14', 3);
INSERT INTO l1.enterprise_business_taxonomy (managed_segment_id, segment_code, segment_name, parent_segment_id, created_ts, updated_ts, change_event, comments, create_update_date, description, effective_date, long_description, parent, parent_leaf, requestor, status, substatus, substatus_effective_to_date, tree_level) VALUES (91, 'L1-002-L2-08-L3-04', 'Lease Up Mixed-Use Desk', 87, '2024-06-03 22:02:00', '2024-10-11 11:47:00', 'MOCK_LOAD', 'Generated for Portfolio Analysis View', '2024-12-24', 'Lease Up Mixed-Use Desk', '2024-09-05', 'Lease Up Mixed-Use Desk desk under Mixed-Use', 'L1-002-L2-08', 'Y', 'Enterprise Data Office', 'ACTIVE', 0, '2024-01-22', 3);
INSERT INTO l1.enterprise_business_taxonomy (managed_segment_id, segment_code, segment_name, parent_segment_id, created_ts, updated_ts, change_event, comments, create_update_date, description, effective_date, long_description, parent, parent_leaf, requestor, status, substatus, substatus_effective_to_date, tree_level) VALUES (92, 'L1-002-L2-08-L3-05', 'Construction Mixed-Use Desk', 87, '2024-05-20 09:13:00', '2024-07-15 07:53:00', 'MOCK_LOAD', 'Generated for Portfolio Analysis View', '2024-02-23', 'Construction Mixed-Use Desk', '2024-08-20', 'Construction Mixed-Use Desk desk under Mixed-Use', 'L1-002-L2-08', 'Y', 'Enterprise Data Office', 'ACTIVE', 0, '2024-07-19', 3);
INSERT INTO l1.enterprise_business_taxonomy (managed_segment_id, segment_code, segment_name, parent_segment_id, created_ts, updated_ts, change_event, comments, create_update_date, description, effective_date, long_description, parent, parent_leaf, requestor, status, substatus, substatus_effective_to_date, tree_level) VALUES (93, 'L1-002-L2-08-L3-06', 'Stabilized Mixed-Use Desk', 87, '2024-09-24 06:10:00', '2024-11-07 00:46:00', 'MOCK_LOAD', 'Generated for Portfolio Analysis View', '2024-04-17', 'Stabilized Mixed-Use Desk', '2024-06-17', 'Stabilized Mixed-Use Desk desk under Mixed-Use', 'L1-002-L2-08', 'Y', 'Enterprise Data Office', 'ACTIVE', 0, '2024-12-07', 3);
INSERT INTO l1.enterprise_business_taxonomy (managed_segment_id, segment_code, segment_name, parent_segment_id, created_ts, updated_ts, change_event, comments, create_update_date, description, effective_date, long_description, parent, parent_leaf, requestor, status, substatus, substatus_effective_to_date, tree_level) VALUES (94, 'L1-002-L2-09', 'Data Center', 34, '2024-03-02 19:00:00', '2024-04-01 11:20:00', 'MOCK_LOAD', 'Generated for Portfolio Analysis View', '2024-08-03', 'Data Center', '2024-12-11', 'Data Center portfolio under Commercial Real Estate (CRE)', 'L1-002', 'N', 'Enterprise Data Office', 'ACTIVE', 0, '2024-07-01', 2);
INSERT INTO l1.enterprise_business_taxonomy (managed_segment_id, segment_code, segment_name, parent_segment_id, created_ts, updated_ts, change_event, comments, create_update_date, description, effective_date, long_description, parent, parent_leaf, requestor, status, substatus, substatus_effective_to_date, tree_level) VALUES (95, 'L1-002-L2-09-L3-01', 'Lease Up Data Center Desk', 94, '2024-06-23 04:59:00', '2024-08-26 10:44:00', 'MOCK_LOAD', 'Generated for Portfolio Analysis View', '2024-02-22', 'Lease Up Data Center Desk', '2024-04-12', 'Lease Up Data Center Desk desk under Data Center', 'L1-002-L2-09', 'Y', 'Enterprise Data Office', 'ACTIVE', 0, '2024-07-01', 3);
INSERT INTO l1.enterprise_business_taxonomy (managed_segment_id, segment_code, segment_name, parent_segment_id, created_ts, updated_ts, change_event, comments, create_update_date, description, effective_date, long_description, parent, parent_leaf, requestor, status, substatus, substatus_effective_to_date, tree_level) VALUES (96, 'L1-002-L2-09-L3-02', 'Construction Data Center Desk', 94, '2024-01-12 23:24:00', '2024-12-24 19:37:00', 'MOCK_LOAD', 'Generated for Portfolio Analysis View', '2024-02-08', 'Construction Data Center Desk', '2024-05-19', 'Construction Data Center Desk desk under Data Center', 'L1-002-L2-09', 'Y', 'Enterprise Data Office', 'ACTIVE', 0, '2024-08-13', 3);
INSERT INTO l1.enterprise_business_taxonomy (managed_segment_id, segment_code, segment_name, parent_segment_id, created_ts, updated_ts, change_event, comments, create_update_date, description, effective_date, long_description, parent, parent_leaf, requestor, status, substatus, substatus_effective_to_date, tree_level) VALUES (97, 'L1-002-L2-09-L3-03', 'Stabilized Date Center Desk', 94, '2024-09-07 01:19:00', '2024-10-25 15:40:00', 'MOCK_LOAD', 'Generated for Portfolio Analysis View', '2024-12-17', 'Stabilized Date Center Desk', '2024-08-15', 'Stabilized Date Center Desk desk under Data Center', 'L1-002-L2-09', 'Y', 'Enterprise Data Office', 'ACTIVE', 0, '2024-10-13', 3);
INSERT INTO l1.enterprise_business_taxonomy (managed_segment_id, segment_code, segment_name, parent_segment_id, created_ts, updated_ts, change_event, comments, create_update_date, description, effective_date, long_description, parent, parent_leaf, requestor, status, substatus, substatus_effective_to_date, tree_level) VALUES (98, 'L1-002-L2-10', 'CRE Structured Finance', 34, '2024-01-26 08:08:00', '2024-05-16 22:11:00', 'MOCK_LOAD', 'Generated for Portfolio Analysis View', '2024-05-18', 'CRE Structured Finance', '2024-06-18', 'CRE Structured Finance portfolio under Commercial Real Estate (CRE)', 'L1-002', 'N', 'Enterprise Data Office', 'ACTIVE', 0, '2024-09-08', 2);
INSERT INTO l1.enterprise_business_taxonomy (managed_segment_id, segment_code, segment_name, parent_segment_id, created_ts, updated_ts, change_event, comments, create_update_date, description, effective_date, long_description, parent, parent_leaf, requestor, status, substatus, substatus_effective_to_date, tree_level) VALUES (99, 'L1-002-L2-10-L3-01', 'Unsecured REITs / Private Equity Funds Desk', 98, '2024-12-19 10:45:00', '2024-07-09 17:12:00', 'MOCK_LOAD', 'Generated for Portfolio Analysis View', '2024-02-26', 'Unsecured REITs / Private Equity Funds Desk', '2024-06-17', 'Unsecured REITs / Private Equity Funds Desk desk under Structured Finance', 'L1-002-L2-10', 'Y', 'Enterprise Data Office', 'ACTIVE', 0, '2024-03-11', 3);
INSERT INTO l1.enterprise_business_taxonomy (managed_segment_id, segment_code, segment_name, parent_segment_id, created_ts, updated_ts, change_event, comments, create_update_date, description, effective_date, long_description, parent, parent_leaf, requestor, status, substatus, substatus_effective_to_date, tree_level) VALUES (100, 'L1-002-L2-10-L3-02', 'Master Repurchase Agreement (MRA) Desk', 98, '2024-01-25 04:34:00', '2024-12-29 01:28:00', 'MOCK_LOAD', 'Generated for Portfolio Analysis View', '2024-01-12', 'Master Repurchase Agreement (MRA) Desk', '2024-12-21', 'Master Repurchase Agreement (MRA) Desk desk under Structured Finance', 'L1-002-L2-10', 'Y', 'Enterprise Data Office', 'ACTIVE', 0, '2024-12-20', 3);
INSERT INTO l1.enterprise_business_taxonomy (managed_segment_id, segment_code, segment_name, parent_segment_id, created_ts, updated_ts, change_event, comments, create_update_date, description, effective_date, long_description, parent, parent_leaf, requestor, status, substatus, substatus_effective_to_date, tree_level) VALUES (101, 'L1-002-L2-10-L3-03', 'Capital Call Line Desk', 98, '2024-05-14 15:20:00', '2024-11-19 11:53:00', 'MOCK_LOAD', 'Generated for Portfolio Analysis View', '2024-04-22', 'Capital Call Line Desk', '2024-04-18', 'Capital Call Line Desk desk under Structured Finance', 'L1-002-L2-10', 'Y', 'Enterprise Data Office', 'ACTIVE', 0, '2024-04-08', 3);
INSERT INTO l1.enterprise_business_taxonomy (managed_segment_id, segment_code, segment_name, parent_segment_id, created_ts, updated_ts, change_event, comments, create_update_date, description, effective_date, long_description, parent, parent_leaf, requestor, status, substatus, substatus_effective_to_date, tree_level) VALUES (102, 'L1-002-L2-10-L3-04', 'Net Asset Value (NAV) Desk', 98, '2024-01-21 19:35:00', '2024-10-10 05:01:00', 'MOCK_LOAD', 'Generated for Portfolio Analysis View', '2024-11-23', 'Net Asset Value (NAV) Desk', '2024-06-19', 'Net Asset Value (NAV) Desk desk under Structured Finance', 'L1-002-L2-10', 'Y', 'Enterprise Data Office', 'ACTIVE', 0, '2024-02-27', 3);
INSERT INTO l1.enterprise_business_taxonomy (managed_segment_id, segment_code, segment_name, parent_segment_id, created_ts, updated_ts, change_event, comments, create_update_date, description, effective_date, long_description, parent, parent_leaf, requestor, status, substatus, substatus_effective_to_date, tree_level) VALUES (103, 'L1-002-L2-11', 'Healthcare Real Estate', 34, '2024-11-19 01:15:00', '2024-02-06 07:39:00', 'MOCK_LOAD', 'Generated for Portfolio Analysis View', '2024-11-08', 'Healthcare Real Estate', '2024-11-23', 'Healthcare Real Estate portfolio under Commercial Real Estate (CRE)', 'L1-002', 'N', 'Enterprise Data Office', 'ACTIVE', 0, '2024-05-13', 2);
INSERT INTO l1.enterprise_business_taxonomy (managed_segment_id, segment_code, segment_name, parent_segment_id, created_ts, updated_ts, change_event, comments, create_update_date, description, effective_date, long_description, parent, parent_leaf, requestor, status, substatus, substatus_effective_to_date, tree_level) VALUES (104, 'L1-002-L2-11-L3-01', 'Medical Office Buildings Desk', 103, '2024-01-08 12:16:00', '2024-11-10 15:43:00', 'MOCK_LOAD', 'Generated for Portfolio Analysis View', '2024-12-01', 'Medical Office Buildings Desk', '2024-05-20', 'Medical Office Buildings Desk desk under Healthcare Real Estate', 'L1-002-L2-11', 'Y', 'Enterprise Data Office', 'ACTIVE', 0, '2024-10-30', 3);
INSERT INTO l1.enterprise_business_taxonomy (managed_segment_id, segment_code, segment_name, parent_segment_id, created_ts, updated_ts, change_event, comments, create_update_date, description, effective_date, long_description, parent, parent_leaf, requestor, status, substatus, substatus_effective_to_date, tree_level) VALUES (105, 'L1-002-L2-11-L3-02', 'Senior Housing Desk', 103, '2024-01-26 14:03:00', '2024-03-18 12:55:00', 'MOCK_LOAD', 'Generated for Portfolio Analysis View', '2024-07-08', 'Senior Housing Desk', '2024-02-01', 'Senior Housing Desk desk under Healthcare Real Estate', 'L1-002-L2-11', 'Y', 'Enterprise Data Office', 'ACTIVE', 0, '2024-07-05', 3);
INSERT INTO l1.enterprise_business_taxonomy (managed_segment_id, segment_code, segment_name, parent_segment_id, created_ts, updated_ts, change_event, comments, create_update_date, description, effective_date, long_description, parent, parent_leaf, requestor, status, substatus, substatus_effective_to_date, tree_level) VALUES (106, 'L1-002-L2-11-L3-03', 'Skilled Nursing / Assisted Living Desk', 103, '2024-11-17 19:19:00', '2024-12-25 03:08:00', 'MOCK_LOAD', 'Generated for Portfolio Analysis View', '2024-04-24', 'Skilled Nursing / Assisted Living Desk', '2024-08-06', 'Skilled Nursing / Assisted Living Desk desk under Healthcare Real Estate', 'L1-002-L2-11', 'Y', 'Enterprise Data Office', 'ACTIVE', 0, '2024-02-05', 3);
INSERT INTO l1.enterprise_business_taxonomy (managed_segment_id, segment_code, segment_name, parent_segment_id, created_ts, updated_ts, change_event, comments, create_update_date, description, effective_date, long_description, parent, parent_leaf, requestor, status, substatus, substatus_effective_to_date, tree_level) VALUES (107, 'L1-002-L2-11-L3-04', 'Lease Up Healthcare Desk', 103, '2024-11-24 09:28:00', '2024-09-01 09:20:00', 'MOCK_LOAD', 'Generated for Portfolio Analysis View', '2024-09-29', 'Lease Up Healthcare Desk', '2024-09-23', 'Lease Up Healthcare Desk desk under Healthcare Real Estate', 'L1-002-L2-11', 'Y', 'Enterprise Data Office', 'ACTIVE', 0, '2024-11-23', 3);
INSERT INTO l1.enterprise_business_taxonomy (managed_segment_id, segment_code, segment_name, parent_segment_id, created_ts, updated_ts, change_event, comments, create_update_date, description, effective_date, long_description, parent, parent_leaf, requestor, status, substatus, substatus_effective_to_date, tree_level) VALUES (108, 'L1-002-L2-11-L3-05', 'Construction Healthcare Desk', 103, '2024-05-09 10:13:00', '2024-08-31 08:21:00', 'MOCK_LOAD', 'Generated for Portfolio Analysis View', '2024-04-15', 'Construction Healthcare Desk', '2024-06-04', 'Construction Healthcare Desk desk under Healthcare Real Estate', 'L1-002-L2-11', 'Y', 'Enterprise Data Office', 'ACTIVE', 0, '2024-08-16', 3);
INSERT INTO l1.enterprise_business_taxonomy (managed_segment_id, segment_code, segment_name, parent_segment_id, created_ts, updated_ts, change_event, comments, create_update_date, description, effective_date, long_description, parent, parent_leaf, requestor, status, substatus, substatus_effective_to_date, tree_level) VALUES (109, 'L1-002-L2-11-L3-06', 'Stabilized Healthcare Desk', 103, '2024-06-12 07:03:00', '2024-01-15 11:53:00', 'MOCK_LOAD', 'Generated for Portfolio Analysis View', '2024-10-19', 'Stabilized Healthcare Desk', '2024-04-04', 'Stabilized Healthcare Desk desk under Healthcare Real Estate', 'L1-002-L2-11', 'Y', 'Enterprise Data Office', 'ACTIVE', 0, '2024-06-29', 3);
INSERT INTO l1.enterprise_business_taxonomy (managed_segment_id, segment_code, segment_name, parent_segment_id, created_ts, updated_ts, change_event, comments, create_update_date, description, effective_date, long_description, parent, parent_leaf, requestor, status, substatus, substatus_effective_to_date, tree_level) VALUES (110, 'L1-002-L2-12', 'Student Housing', 34, '2024-10-26 04:22:00', '2024-04-14 08:48:00', 'MOCK_LOAD', 'Generated for Portfolio Analysis View', '2024-03-13', 'Student Housing', '2024-11-17', 'Student Housing portfolio under Commercial Real Estate (CRE)', 'L1-002', 'N', 'Enterprise Data Office', 'ACTIVE', 0, '2024-11-05', 2);
INSERT INTO l1.enterprise_business_taxonomy (managed_segment_id, segment_code, segment_name, parent_segment_id, created_ts, updated_ts, change_event, comments, create_update_date, description, effective_date, long_description, parent, parent_leaf, requestor, status, substatus, substatus_effective_to_date, tree_level) VALUES (111, 'L1-002-L2-12-L3-01', 'On-Campus Student Housing Desk', 110, '2024-04-01 22:25:00', '2024-11-30 09:35:00', 'MOCK_LOAD', 'Generated for Portfolio Analysis View', '2024-12-08', 'On-Campus Student Housing Desk', '2024-01-23', 'On-Campus Student Housing Desk desk under Student Housing', 'L1-002-L2-12', 'Y', 'Enterprise Data Office', 'ACTIVE', 0, '2024-11-04', 3);
INSERT INTO l1.enterprise_business_taxonomy (managed_segment_id, segment_code, segment_name, parent_segment_id, created_ts, updated_ts, change_event, comments, create_update_date, description, effective_date, long_description, parent, parent_leaf, requestor, status, substatus, substatus_effective_to_date, tree_level) VALUES (112, 'L1-002-L2-12-L3-02', 'Off-Campus Student Housing Desk', 110, '2024-06-27 13:59:00', '2024-10-22 22:56:00', 'MOCK_LOAD', 'Generated for Portfolio Analysis View', '2024-05-25', 'Off-Campus Student Housing Desk', '2024-11-06', 'Off-Campus Student Housing Desk desk under Student Housing', 'L1-002-L2-12', 'Y', 'Enterprise Data Office', 'ACTIVE', 0, '2024-03-10', 3);
INSERT INTO l1.enterprise_business_taxonomy (managed_segment_id, segment_code, segment_name, parent_segment_id, created_ts, updated_ts, change_event, comments, create_update_date, description, effective_date, long_description, parent, parent_leaf, requestor, status, substatus, substatus_effective_to_date, tree_level) VALUES (113, 'L1-002-L2-12-L3-03', 'Lease Up Student Housing Desk', 110, '2024-03-27 16:20:00', '2024-01-31 22:56:00', 'MOCK_LOAD', 'Generated for Portfolio Analysis View', '2024-08-10', 'Lease Up Student Housing Desk', '2024-05-27', 'Lease Up Student Housing Desk desk under Student Housing', 'L1-002-L2-12', 'Y', 'Enterprise Data Office', 'ACTIVE', 0, '2024-07-07', 3);
INSERT INTO l1.enterprise_business_taxonomy (managed_segment_id, segment_code, segment_name, parent_segment_id, created_ts, updated_ts, change_event, comments, create_update_date, description, effective_date, long_description, parent, parent_leaf, requestor, status, substatus, substatus_effective_to_date, tree_level) VALUES (114, 'L1-002-L2-12-L3-04', 'Construction Student Housing Desk', 110, '2024-02-15 05:43:00', '2024-06-24 02:04:00', 'MOCK_LOAD', 'Generated for Portfolio Analysis View', '2024-10-26', 'Construction Student Housing Desk', '2024-12-14', 'Construction Student Housing Desk desk under Student Housing', 'L1-002-L2-12', 'Y', 'Enterprise Data Office', 'ACTIVE', 0, '2024-01-19', 3);
INSERT INTO l1.enterprise_business_taxonomy (managed_segment_id, segment_code, segment_name, parent_segment_id, created_ts, updated_ts, change_event, comments, create_update_date, description, effective_date, long_description, parent, parent_leaf, requestor, status, substatus, substatus_effective_to_date, tree_level) VALUES (115, 'L1-002-L2-12-L3-05', 'Stabilized Student Housing Desk', 110, '2024-03-09 23:27:00', '2024-04-17 21:13:00', 'MOCK_LOAD', 'Generated for Portfolio Analysis View', '2024-12-03', 'Stabilized Student Housing Desk', '2024-06-24', 'Stabilized Student Housing Desk desk under Student Housing', 'L1-002-L2-12', 'Y', 'Enterprise Data Office', 'ACTIVE', 0, '2024-08-11', 3);
INSERT INTO l1.enterprise_business_taxonomy (managed_segment_id, segment_code, segment_name, parent_segment_id, created_ts, updated_ts, change_event, comments, create_update_date, description, effective_date, long_description, parent, parent_leaf, requestor, status, substatus, substatus_effective_to_date, tree_level) VALUES (116, 'L1-003', 'Investment Banking', 249, '2024-02-22 23:44:00', '2024-11-21 07:59:00', 'MOCK_LOAD', 'Generated for Portfolio Analysis View', '2024-07-15', 'Investment Banking', '2024-12-24', 'Investment Banking department', 'L0-001', 'N', 'Enterprise Data Office', 'ACTIVE', 0, '2024-07-19', 1);
INSERT INTO l1.enterprise_business_taxonomy (managed_segment_id, segment_code, segment_name, parent_segment_id, created_ts, updated_ts, change_event, comments, create_update_date, description, effective_date, long_description, parent, parent_leaf, requestor, status, substatus, substatus_effective_to_date, tree_level) VALUES (117, 'L1-003-L2-01', 'Mergers & Acquisitions (Advisory)', 116, '2024-10-01 18:08:00', '2024-06-08 08:55:00', 'MOCK_LOAD', 'Generated for Portfolio Analysis View', '2024-08-14', 'Mergers & Acquisitions (Advisory)', '2024-02-28', 'Mergers & Acquisitions (Advisory) portfolio under Investment Banking', 'L1-003', 'N', 'Enterprise Data Office', 'ACTIVE', 0, '2024-11-20', 2);
INSERT INTO l1.enterprise_business_taxonomy (managed_segment_id, segment_code, segment_name, parent_segment_id, created_ts, updated_ts, change_event, comments, create_update_date, description, effective_date, long_description, parent, parent_leaf, requestor, status, substatus, substatus_effective_to_date, tree_level) VALUES (118, 'L1-003-L2-01-L3-01', 'Strategic M&A Advisory Desk', 117, '2024-10-08 00:39:00', '2024-04-06 02:40:00', 'MOCK_LOAD', 'Generated for Portfolio Analysis View', '2024-05-01', 'Strategic M&A Advisory Desk', '2024-01-29', 'Strategic M&A Advisory Desk desk under Mergers & Acquisitions (Advisory)', 'L1-003-L2-01', 'Y', 'Enterprise Data Office', 'ACTIVE', 0, '2024-06-07', 3);
INSERT INTO l1.enterprise_business_taxonomy (managed_segment_id, segment_code, segment_name, parent_segment_id, created_ts, updated_ts, change_event, comments, create_update_date, description, effective_date, long_description, parent, parent_leaf, requestor, status, substatus, substatus_effective_to_date, tree_level) VALUES (119, 'L1-003-L2-01-L3-02', 'Cross-Border M&A Desk', 117, '2024-07-04 07:06:00', '2024-09-05 23:57:00', 'MOCK_LOAD', 'Generated for Portfolio Analysis View', '2024-10-23', 'Cross-Border M&A Desk', '2024-12-19', 'Cross-Border M&A Desk desk under Mergers & Acquisitions (Advisory)', 'L1-003-L2-01', 'Y', 'Enterprise Data Office', 'ACTIVE', 0, '2024-08-10', 3);
INSERT INTO l1.enterprise_business_taxonomy (managed_segment_id, segment_code, segment_name, parent_segment_id, created_ts, updated_ts, change_event, comments, create_update_date, description, effective_date, long_description, parent, parent_leaf, requestor, status, substatus, substatus_effective_to_date, tree_level) VALUES (120, 'L1-003-L2-01-L3-03', 'Fairness Opinions Desk', 117, '2024-07-25 06:02:00', '2024-08-03 07:59:00', 'MOCK_LOAD', 'Generated for Portfolio Analysis View', '2024-10-09', 'Fairness Opinions Desk', '2024-07-12', 'Fairness Opinions Desk desk under Mergers & Acquisitions (Advisory)', 'L1-003-L2-01', 'Y', 'Enterprise Data Office', 'ACTIVE', 0, '2024-10-13', 3);
INSERT INTO l1.enterprise_business_taxonomy (managed_segment_id, segment_code, segment_name, parent_segment_id, created_ts, updated_ts, change_event, comments, create_update_date, description, effective_date, long_description, parent, parent_leaf, requestor, status, substatus, substatus_effective_to_date, tree_level) VALUES (121, 'L1-003-L2-02', 'Equity Capital Markets (ECM)', 116, '2024-09-01 10:27:00', '2024-02-15 15:36:00', 'MOCK_LOAD', 'Generated for Portfolio Analysis View', '2024-02-23', 'Equity Capital Markets (ECM)', '2024-12-10', 'Equity Capital Markets (ECM) portfolio under Investment Banking', 'L1-003', 'N', 'Enterprise Data Office', 'ACTIVE', 0, '2024-05-27', 2);
INSERT INTO l1.enterprise_business_taxonomy (managed_segment_id, segment_code, segment_name, parent_segment_id, created_ts, updated_ts, change_event, comments, create_update_date, description, effective_date, long_description, parent, parent_leaf, requestor, status, substatus, substatus_effective_to_date, tree_level) VALUES (122, 'L1-003-L2-02-L3-01', 'IPO Origination Desk', 121, '2024-11-28 01:28:00', '2024-02-19 19:06:00', 'MOCK_LOAD', 'Generated for Portfolio Analysis View', '2024-10-01', 'IPO Origination Desk', '2024-04-18', 'IPO Origination Desk desk under Equity Capital Markets (ECM)', 'L1-003-L2-02', 'Y', 'Enterprise Data Office', 'ACTIVE', 0, '2024-07-21', 3);
INSERT INTO l1.enterprise_business_taxonomy (managed_segment_id, segment_code, segment_name, parent_segment_id, created_ts, updated_ts, change_event, comments, create_update_date, description, effective_date, long_description, parent, parent_leaf, requestor, status, substatus, substatus_effective_to_date, tree_level) VALUES (123, 'L1-003-L2-02-L3-02', 'Follow-On Equity Desk', 121, '2024-01-02 12:30:00', '2024-11-29 21:07:00', 'MOCK_LOAD', 'Generated for Portfolio Analysis View', '2024-08-17', 'Follow-On Equity Desk', '2024-08-08', 'Follow-On Equity Desk desk under Equity Capital Markets (ECM)', 'L1-003-L2-02', 'Y', 'Enterprise Data Office', 'ACTIVE', 0, '2024-03-18', 3);
INSERT INTO l1.enterprise_business_taxonomy (managed_segment_id, segment_code, segment_name, parent_segment_id, created_ts, updated_ts, change_event, comments, create_update_date, description, effective_date, long_description, parent, parent_leaf, requestor, status, substatus, substatus_effective_to_date, tree_level) VALUES (124, 'L1-003-L2-02-L3-03', 'Equity-Linked Products Desk', 121, '2024-05-14 10:04:00', '2024-12-28 01:26:00', 'MOCK_LOAD', 'Generated for Portfolio Analysis View', '2024-03-13', 'Equity-Linked Products Desk', '2024-11-16', 'Equity-Linked Products Desk desk under Equity Capital Markets (ECM)', 'L1-003-L2-02', 'Y', 'Enterprise Data Office', 'ACTIVE', 0, '2024-10-23', 3);
INSERT INTO l1.enterprise_business_taxonomy (managed_segment_id, segment_code, segment_name, parent_segment_id, created_ts, updated_ts, change_event, comments, create_update_date, description, effective_date, long_description, parent, parent_leaf, requestor, status, substatus, substatus_effective_to_date, tree_level) VALUES (125, 'L1-003-L2-03', 'Debt Capital Markets (DCM)', 116, '2024-01-15 09:23:00', '2024-08-22 06:56:00', 'MOCK_LOAD', 'Generated for Portfolio Analysis View', '2024-10-21', 'Debt Capital Markets (DCM)', '2024-02-05', 'Debt Capital Markets (DCM) portfolio under Investment Banking', 'L1-003', 'N', 'Enterprise Data Office', 'ACTIVE', 0, '2024-11-30', 2);
INSERT INTO l1.enterprise_business_taxonomy (managed_segment_id, segment_code, segment_name, parent_segment_id, created_ts, updated_ts, change_event, comments, create_update_date, description, effective_date, long_description, parent, parent_leaf, requestor, status, substatus, substatus_effective_to_date, tree_level) VALUES (126, 'L1-003-L2-03-L3-01', 'Investment Grade DCM Desk', 125, '2024-02-06 10:49:00', '2024-06-17 17:56:00', 'MOCK_LOAD', 'Generated for Portfolio Analysis View', '2024-03-29', 'Investment Grade DCM Desk', '2024-05-01', 'Investment Grade DCM Desk desk under Debt Capital Markets (DCM)', 'L1-003-L2-03', 'Y', 'Enterprise Data Office', 'ACTIVE', 0, '2024-12-10', 3);
INSERT INTO l1.enterprise_business_taxonomy (managed_segment_id, segment_code, segment_name, parent_segment_id, created_ts, updated_ts, change_event, comments, create_update_date, description, effective_date, long_description, parent, parent_leaf, requestor, status, substatus, substatus_effective_to_date, tree_level) VALUES (127, 'L1-003-L2-03-L3-02', 'High Yield DCM Desk', 125, '2024-04-04 10:37:00', '2024-04-17 02:05:00', 'MOCK_LOAD', 'Generated for Portfolio Analysis View', '2024-02-12', 'High Yield DCM Desk', '2024-12-30', 'High Yield DCM Desk desk under Debt Capital Markets (DCM)', 'L1-003-L2-03', 'Y', 'Enterprise Data Office', 'ACTIVE', 0, '2024-03-08', 3);
INSERT INTO l1.enterprise_business_taxonomy (managed_segment_id, segment_code, segment_name, parent_segment_id, created_ts, updated_ts, change_event, comments, create_update_date, description, effective_date, long_description, parent, parent_leaf, requestor, status, substatus, substatus_effective_to_date, tree_level) VALUES (128, 'L1-003-L2-03-L3-03', 'Private Placements Desk', 125, '2024-09-22 16:23:00', '2024-04-11 15:42:00', 'MOCK_LOAD', 'Generated for Portfolio Analysis View', '2024-05-27', 'Private Placements Desk', '2024-09-09', 'Private Placements Desk desk under Debt Capital Markets (DCM)', 'L1-003-L2-03', 'Y', 'Enterprise Data Office', 'ACTIVE', 0, '2024-03-27', 3);
INSERT INTO l1.enterprise_business_taxonomy (managed_segment_id, segment_code, segment_name, parent_segment_id, created_ts, updated_ts, change_event, comments, create_update_date, description, effective_date, long_description, parent, parent_leaf, requestor, status, substatus, substatus_effective_to_date, tree_level) VALUES (129, 'L1-003-L2-04', 'Leveraged Finance', 116, '2024-03-18 14:55:00', '2024-02-11 05:04:00', 'MOCK_LOAD', 'Generated for Portfolio Analysis View', '2024-11-08', 'Leveraged Finance', '2024-10-03', 'Leveraged Finance portfolio under Investment Banking', 'L1-003', 'N', 'Enterprise Data Office', 'ACTIVE', 0, '2024-02-28', 2);
INSERT INTO l1.enterprise_business_taxonomy (managed_segment_id, segment_code, segment_name, parent_segment_id, created_ts, updated_ts, change_event, comments, create_update_date, description, effective_date, long_description, parent, parent_leaf, requestor, status, substatus, substatus_effective_to_date, tree_level) VALUES (130, 'L1-003-L2-04-L3-01', 'Sponsor-Backed Acquisition Finance Desk', 129, '2024-02-15 18:13:00', '2024-11-19 12:25:00', 'MOCK_LOAD', 'Generated for Portfolio Analysis View', '2024-08-08', 'Sponsor-Backed Acquisition Finance Desk', '2024-12-20', 'Sponsor-Backed Acquisition Finance Desk desk under Leveraged Finance', 'L1-003-L2-04', 'Y', 'Enterprise Data Office', 'ACTIVE', 0, '2024-08-24', 3);
INSERT INTO l1.enterprise_business_taxonomy (managed_segment_id, segment_code, segment_name, parent_segment_id, created_ts, updated_ts, change_event, comments, create_update_date, description, effective_date, long_description, parent, parent_leaf, requestor, status, substatus, substatus_effective_to_date, tree_level) VALUES (131, 'L1-003-L2-04-L3-02', 'Corporate Leveraged Loans Desk', 129, '2024-04-18 09:42:00', '2024-03-01 02:22:00', 'MOCK_LOAD', 'Generated for Portfolio Analysis View', '2024-03-19', 'Corporate Leveraged Loans Desk', '2024-04-10', 'Corporate Leveraged Loans Desk desk under Leveraged Finance', 'L1-003-L2-04', 'Y', 'Enterprise Data Office', 'ACTIVE', 0, '2024-04-20', 3);
INSERT INTO l1.enterprise_business_taxonomy (managed_segment_id, segment_code, segment_name, parent_segment_id, created_ts, updated_ts, change_event, comments, create_update_date, description, effective_date, long_description, parent, parent_leaf, requestor, status, substatus, substatus_effective_to_date, tree_level) VALUES (132, 'L1-003-L2-04-L3-03', 'Recapitalization & Refinancing Desk', 129, '2024-11-22 08:38:00', '2024-09-09 04:31:00', 'MOCK_LOAD', 'Generated for Portfolio Analysis View', '2024-10-03', 'Recapitalization & Refinancing Desk', '2024-05-24', 'Recapitalization & Refinancing Desk desk under Leveraged Finance', 'L1-003-L2-04', 'Y', 'Enterprise Data Office', 'ACTIVE', 0, '2024-10-13', 3);
INSERT INTO l1.enterprise_business_taxonomy (managed_segment_id, segment_code, segment_name, parent_segment_id, created_ts, updated_ts, change_event, comments, create_update_date, description, effective_date, long_description, parent, parent_leaf, requestor, status, substatus, substatus_effective_to_date, tree_level) VALUES (133, 'L1-003-L2-05', 'Sponsor Coverage', 116, '2024-08-10 18:04:00', '2024-05-19 17:50:00', 'MOCK_LOAD', 'Generated for Portfolio Analysis View', '2024-12-21', 'Sponsor Coverage', '2024-06-27', 'Sponsor Coverage portfolio under Investment Banking', 'L1-003', 'N', 'Enterprise Data Office', 'ACTIVE', 0, '2024-04-03', 2);
INSERT INTO l1.enterprise_business_taxonomy (managed_segment_id, segment_code, segment_name, parent_segment_id, created_ts, updated_ts, change_event, comments, create_update_date, description, effective_date, long_description, parent, parent_leaf, requestor, status, substatus, substatus_effective_to_date, tree_level) VALUES (134, 'L1-003-L2-05-L3-01', 'Private Equity Coverage Desk', 133, '2024-08-07 02:06:00', '2024-04-13 05:22:00', 'MOCK_LOAD', 'Generated for Portfolio Analysis View', '2024-04-04', 'Private Equity Coverage Desk', '2024-04-03', 'Private Equity Coverage Desk desk under Sponsor Coverage', 'L1-003-L2-05', 'Y', 'Enterprise Data Office', 'ACTIVE', 0, '2024-07-04', 3);
INSERT INTO l1.enterprise_business_taxonomy (managed_segment_id, segment_code, segment_name, parent_segment_id, created_ts, updated_ts, change_event, comments, create_update_date, description, effective_date, long_description, parent, parent_leaf, requestor, status, substatus, substatus_effective_to_date, tree_level) VALUES (135, 'L1-003-L2-05-L3-02', 'Infrastructure Funds Coverage Desk', 133, '2024-01-13 15:45:00', '2024-01-12 01:08:00', 'MOCK_LOAD', 'Generated for Portfolio Analysis View', '2024-12-09', 'Infrastructure Funds Coverage Desk', '2024-03-24', 'Infrastructure Funds Coverage Desk desk under Sponsor Coverage', 'L1-003-L2-05', 'Y', 'Enterprise Data Office', 'ACTIVE', 0, '2024-05-21', 3);
INSERT INTO l1.enterprise_business_taxonomy (managed_segment_id, segment_code, segment_name, parent_segment_id, created_ts, updated_ts, change_event, comments, create_update_date, description, effective_date, long_description, parent, parent_leaf, requestor, status, substatus, substatus_effective_to_date, tree_level) VALUES (136, 'L1-003-L2-05-L3-03', 'Credit & Private Debt Funds Desk', 133, '2024-08-05 09:29:00', '2024-01-05 06:54:00', 'MOCK_LOAD', 'Generated for Portfolio Analysis View', '2024-10-08', 'Credit & Private Debt Funds Desk', '2024-08-18', 'Credit & Private Debt Funds Desk desk under Sponsor Coverage', 'L1-003-L2-05', 'Y', 'Enterprise Data Office', 'ACTIVE', 0, '2024-04-13', 3);
INSERT INTO l1.enterprise_business_taxonomy (managed_segment_id, segment_code, segment_name, parent_segment_id, created_ts, updated_ts, change_event, comments, create_update_date, description, effective_date, long_description, parent, parent_leaf, requestor, status, substatus, substatus_effective_to_date, tree_level) VALUES (137, 'L1-003-L2-06', 'IB Structured Finance', 116, '2024-12-08 13:43:00', '2024-04-10 13:05:00', 'MOCK_LOAD', 'Generated for Portfolio Analysis View', '2024-03-01', 'IB Structured Finance', '2024-02-16', 'IB Structured Finance portfolio under Investment Banking', 'L1-003', 'N', 'Enterprise Data Office', 'ACTIVE', 0, '2024-08-27', 2);
INSERT INTO l1.enterprise_business_taxonomy (managed_segment_id, segment_code, segment_name, parent_segment_id, created_ts, updated_ts, change_event, comments, create_update_date, description, effective_date, long_description, parent, parent_leaf, requestor, status, substatus, substatus_effective_to_date, tree_level) VALUES (138, 'L1-003-L2-06-L3-01', 'Asset-Backed Securities (ABS) Desk', 137, '2024-02-02 10:24:00', '2024-11-21 00:21:00', 'MOCK_LOAD', 'Generated for Portfolio Analysis View', '2024-05-21', 'Asset-Backed Securities (ABS) Desk', '2024-07-28', 'Asset-Backed Securities (ABS) Desk desk under Structured Finance', 'L1-003-L2-06', 'Y', 'Enterprise Data Office', 'ACTIVE', 0, '2024-01-15', 3);
INSERT INTO l1.enterprise_business_taxonomy (managed_segment_id, segment_code, segment_name, parent_segment_id, created_ts, updated_ts, change_event, comments, create_update_date, description, effective_date, long_description, parent, parent_leaf, requestor, status, substatus, substatus_effective_to_date, tree_level) VALUES (139, 'L1-003-L2-06-L3-02', 'CMBS / RMBS Desk', 137, '2024-10-01 15:28:00', '2024-08-29 22:53:00', 'MOCK_LOAD', 'Generated for Portfolio Analysis View', '2024-01-24', 'CMBS / RMBS Desk', '2024-07-18', 'CMBS / RMBS Desk desk under Structured Finance', 'L1-003-L2-06', 'Y', 'Enterprise Data Office', 'ACTIVE', 0, '2024-02-21', 3);
INSERT INTO l1.enterprise_business_taxonomy (managed_segment_id, segment_code, segment_name, parent_segment_id, created_ts, updated_ts, change_event, comments, create_update_date, description, effective_date, long_description, parent, parent_leaf, requestor, status, substatus, substatus_effective_to_date, tree_level) VALUES (140, 'L1-003-L2-06-L3-03', 'CLO Structuring Desk', 137, '2024-08-02 12:13:00', '2024-09-06 11:56:00', 'MOCK_LOAD', 'Generated for Portfolio Analysis View', '2024-05-13', 'CLO Structuring Desk', '2024-03-08', 'CLO Structuring Desk desk under Structured Finance', 'L1-003-L2-06', 'Y', 'Enterprise Data Office', 'ACTIVE', 0, '2024-09-16', 3);
INSERT INTO l1.enterprise_business_taxonomy (managed_segment_id, segment_code, segment_name, parent_segment_id, created_ts, updated_ts, change_event, comments, create_update_date, description, effective_date, long_description, parent, parent_leaf, requestor, status, substatus, substatus_effective_to_date, tree_level) VALUES (141, 'L1-004', 'Global Markets', 249, '2024-11-17 10:37:00', '2024-02-24 18:20:00', 'MOCK_LOAD', 'Generated for Portfolio Analysis View', '2024-06-17', 'Global Markets', '2024-10-26', 'Global Markets department', 'L0-001', 'N', 'Enterprise Data Office', 'ACTIVE', 0, '2024-01-31', 1);
INSERT INTO l1.enterprise_business_taxonomy (managed_segment_id, segment_code, segment_name, parent_segment_id, created_ts, updated_ts, change_event, comments, create_update_date, description, effective_date, long_description, parent, parent_leaf, requestor, status, substatus, substatus_effective_to_date, tree_level) VALUES (142, 'L1-004-L2-01', 'Fixed Income (Rates, Credit)', 141, '2024-01-23 20:06:00', '2024-10-29 16:17:00', 'MOCK_LOAD', 'Generated for Portfolio Analysis View', '2024-08-15', 'Fixed Income (Rates, Credit)', '2024-03-04', 'Fixed Income (Rates, Credit) portfolio under Global Markets', 'L1-004', 'N', 'Enterprise Data Office', 'ACTIVE', 0, '2024-05-24', 2);
INSERT INTO l1.enterprise_business_taxonomy (managed_segment_id, segment_code, segment_name, parent_segment_id, created_ts, updated_ts, change_event, comments, create_update_date, description, effective_date, long_description, parent, parent_leaf, requestor, status, substatus, substatus_effective_to_date, tree_level) VALUES (143, 'L1-004-L2-01-L3-01', 'Rates Trading Desk', 142, '2024-07-26 08:59:00', '2024-03-12 13:53:00', 'MOCK_LOAD', 'Generated for Portfolio Analysis View', '2024-02-21', 'Rates Trading Desk', '2024-06-05', 'Rates Trading Desk desk under Fixed Income (Rates, Credit)', 'L1-004-L2-01', 'Y', 'Enterprise Data Office', 'ACTIVE', 0, '2024-10-16', 3);
INSERT INTO l1.enterprise_business_taxonomy (managed_segment_id, segment_code, segment_name, parent_segment_id, created_ts, updated_ts, change_event, comments, create_update_date, description, effective_date, long_description, parent, parent_leaf, requestor, status, substatus, substatus_effective_to_date, tree_level) VALUES (144, 'L1-004-L2-01-L3-02', 'Investment Grade Credit Desk', 142, '2024-10-08 00:21:00', '2024-01-30 23:33:00', 'MOCK_LOAD', 'Generated for Portfolio Analysis View', '2024-03-07', 'Investment Grade Credit Desk', '2024-03-23', 'Investment Grade Credit Desk desk under Fixed Income (Rates, Credit)', 'L1-004-L2-01', 'Y', 'Enterprise Data Office', 'ACTIVE', 0, '2024-11-14', 3);
INSERT INTO l1.enterprise_business_taxonomy (managed_segment_id, segment_code, segment_name, parent_segment_id, created_ts, updated_ts, change_event, comments, create_update_date, description, effective_date, long_description, parent, parent_leaf, requestor, status, substatus, substatus_effective_to_date, tree_level) VALUES (145, 'L1-004-L2-01-L3-03', 'High Yield Credit Desk', 142, '2024-12-25 13:52:00', '2024-12-19 16:25:00', 'MOCK_LOAD', 'Generated for Portfolio Analysis View', '2024-02-05', 'High Yield Credit Desk', '2024-03-18', 'High Yield Credit Desk desk under Fixed Income (Rates, Credit)', 'L1-004-L2-01', 'Y', 'Enterprise Data Office', 'ACTIVE', 0, '2024-06-16', 3);
INSERT INTO l1.enterprise_business_taxonomy (managed_segment_id, segment_code, segment_name, parent_segment_id, created_ts, updated_ts, change_event, comments, create_update_date, description, effective_date, long_description, parent, parent_leaf, requestor, status, substatus, substatus_effective_to_date, tree_level) VALUES (146, 'L1-004-L2-01-L3-04', 'Structured Credit Desk', 142, '2024-04-23 15:47:00', '2024-09-07 04:16:00', 'MOCK_LOAD', 'Generated for Portfolio Analysis View', '2024-05-03', 'Structured Credit Desk', '2024-02-29', 'Structured Credit Desk desk under Fixed Income (Rates, Credit)', 'L1-004-L2-01', 'Y', 'Enterprise Data Office', 'ACTIVE', 0, '2024-10-13', 3);
INSERT INTO l1.enterprise_business_taxonomy (managed_segment_id, segment_code, segment_name, parent_segment_id, created_ts, updated_ts, change_event, comments, create_update_date, description, effective_date, long_description, parent, parent_leaf, requestor, status, substatus, substatus_effective_to_date, tree_level) VALUES (147, 'L1-004-L2-02', 'Equities Trading', 141, '2024-02-01 01:37:00', '2024-12-10 10:34:00', 'MOCK_LOAD', 'Generated for Portfolio Analysis View', '2024-02-16', 'Equities Trading', '2024-05-08', 'Equities Trading portfolio under Global Markets', 'L1-004', 'N', 'Enterprise Data Office', 'ACTIVE', 0, '2024-03-11', 2);
INSERT INTO l1.enterprise_business_taxonomy (managed_segment_id, segment_code, segment_name, parent_segment_id, created_ts, updated_ts, change_event, comments, create_update_date, description, effective_date, long_description, parent, parent_leaf, requestor, status, substatus, substatus_effective_to_date, tree_level) VALUES (148, 'L1-004-L2-02-L3-01', 'Cash Equities Desk', 147, '2024-06-07 16:07:00', '2024-08-08 09:21:00', 'MOCK_LOAD', 'Generated for Portfolio Analysis View', '2024-08-31', 'Cash Equities Desk', '2024-04-13', 'Cash Equities Desk desk under Equities Trading', 'L1-004-L2-02', 'Y', 'Enterprise Data Office', 'ACTIVE', 0, '2024-10-28', 3);
INSERT INTO l1.enterprise_business_taxonomy (managed_segment_id, segment_code, segment_name, parent_segment_id, created_ts, updated_ts, change_event, comments, create_update_date, description, effective_date, long_description, parent, parent_leaf, requestor, status, substatus, substatus_effective_to_date, tree_level) VALUES (149, 'L1-004-L2-02-L3-02', 'Equity Derivatives Desk', 147, '2024-06-03 08:26:00', '2024-05-07 00:08:00', 'MOCK_LOAD', 'Generated for Portfolio Analysis View', '2024-10-18', 'Equity Derivatives Desk', '2024-11-16', 'Equity Derivatives Desk desk under Equities Trading', 'L1-004-L2-02', 'Y', 'Enterprise Data Office', 'ACTIVE', 0, '2024-03-04', 3);
INSERT INTO l1.enterprise_business_taxonomy (managed_segment_id, segment_code, segment_name, parent_segment_id, created_ts, updated_ts, change_event, comments, create_update_date, description, effective_date, long_description, parent, parent_leaf, requestor, status, substatus, substatus_effective_to_date, tree_level) VALUES (150, 'L1-004-L2-02-L3-03', 'Program / Algorithmic Trading Desk', 147, '2024-12-18 10:36:00', '2024-08-04 00:55:00', 'MOCK_LOAD', 'Generated for Portfolio Analysis View', '2024-01-23', 'Program / Algorithmic Trading Desk', '2024-09-29', 'Program / Algorithmic Trading Desk desk under Equities Trading', 'L1-004-L2-02', 'Y', 'Enterprise Data Office', 'ACTIVE', 0, '2024-08-26', 3);
INSERT INTO l1.enterprise_business_taxonomy (managed_segment_id, segment_code, segment_name, parent_segment_id, created_ts, updated_ts, change_event, comments, create_update_date, description, effective_date, long_description, parent, parent_leaf, requestor, status, substatus, substatus_effective_to_date, tree_level) VALUES (151, 'L1-004-L2-03', 'Foreign Exchange', 141, '2024-09-17 18:53:00', '2024-06-04 22:37:00', 'MOCK_LOAD', 'Generated for Portfolio Analysis View', '2024-01-10', 'Foreign Exchange', '2024-06-30', 'Foreign Exchange portfolio under Global Markets', 'L1-004', 'N', 'Enterprise Data Office', 'ACTIVE', 0, '2024-10-26', 2);
INSERT INTO l1.enterprise_business_taxonomy (managed_segment_id, segment_code, segment_name, parent_segment_id, created_ts, updated_ts, change_event, comments, create_update_date, description, effective_date, long_description, parent, parent_leaf, requestor, status, substatus, substatus_effective_to_date, tree_level) VALUES (152, 'L1-004-L2-03-L3-01', 'G10 FX Trading Desk', 151, '2024-12-10 18:48:00', '2024-09-09 01:58:00', 'MOCK_LOAD', 'Generated for Portfolio Analysis View', '2024-04-14', 'G10 FX Trading Desk', '2024-02-20', 'G10 FX Trading Desk desk under Foreign Exchange', 'L1-004-L2-03', 'Y', 'Enterprise Data Office', 'ACTIVE', 0, '2024-10-10', 3);
INSERT INTO l1.enterprise_business_taxonomy (managed_segment_id, segment_code, segment_name, parent_segment_id, created_ts, updated_ts, change_event, comments, create_update_date, description, effective_date, long_description, parent, parent_leaf, requestor, status, substatus, substatus_effective_to_date, tree_level) VALUES (153, 'L1-004-L2-03-L3-02', 'Emerging Markets FX Desk', 151, '2024-09-20 23:32:00', '2024-07-27 02:49:00', 'MOCK_LOAD', 'Generated for Portfolio Analysis View', '2024-04-03', 'Emerging Markets FX Desk', '2024-04-22', 'Emerging Markets FX Desk desk under Foreign Exchange', 'L1-004-L2-03', 'Y', 'Enterprise Data Office', 'ACTIVE', 0, '2024-10-11', 3);
INSERT INTO l1.enterprise_business_taxonomy (managed_segment_id, segment_code, segment_name, parent_segment_id, created_ts, updated_ts, change_event, comments, create_update_date, description, effective_date, long_description, parent, parent_leaf, requestor, status, substatus, substatus_effective_to_date, tree_level) VALUES (154, 'L1-004-L2-03-L3-03', 'FX Options Desk', 151, '2024-02-14 12:29:00', '2024-11-30 05:01:00', 'MOCK_LOAD', 'Generated for Portfolio Analysis View', '2024-04-19', 'FX Options Desk', '2024-04-12', 'FX Options Desk desk under Foreign Exchange', 'L1-004-L2-03', 'Y', 'Enterprise Data Office', 'ACTIVE', 0, '2024-09-10', 3);
INSERT INTO l1.enterprise_business_taxonomy (managed_segment_id, segment_code, segment_name, parent_segment_id, created_ts, updated_ts, change_event, comments, create_update_date, description, effective_date, long_description, parent, parent_leaf, requestor, status, substatus, substatus_effective_to_date, tree_level) VALUES (155, 'L1-004-L2-04', 'Commodities', 141, '2024-10-25 07:00:00', '2024-08-04 01:35:00', 'MOCK_LOAD', 'Generated for Portfolio Analysis View', '2024-06-03', 'Commodities', '2024-10-04', 'Commodities portfolio under Global Markets', 'L1-004', 'N', 'Enterprise Data Office', 'ACTIVE', 0, '2024-12-22', 2);
INSERT INTO l1.enterprise_business_taxonomy (managed_segment_id, segment_code, segment_name, parent_segment_id, created_ts, updated_ts, change_event, comments, create_update_date, description, effective_date, long_description, parent, parent_leaf, requestor, status, substatus, substatus_effective_to_date, tree_level) VALUES (156, 'L1-004-L2-04-L3-01', 'Energy Commodities Desk', 155, '2024-08-11 03:16:00', '2024-07-06 02:20:00', 'MOCK_LOAD', 'Generated for Portfolio Analysis View', '2024-02-04', 'Energy Commodities Desk', '2024-04-10', 'Energy Commodities Desk desk under Commodities', 'L1-004-L2-04', 'Y', 'Enterprise Data Office', 'ACTIVE', 0, '2024-05-08', 3);
INSERT INTO l1.enterprise_business_taxonomy (managed_segment_id, segment_code, segment_name, parent_segment_id, created_ts, updated_ts, change_event, comments, create_update_date, description, effective_date, long_description, parent, parent_leaf, requestor, status, substatus, substatus_effective_to_date, tree_level) VALUES (157, 'L1-004-L2-04-L3-02', 'Metals Trading Desk', 155, '2024-09-30 07:18:00', '2024-09-29 21:48:00', 'MOCK_LOAD', 'Generated for Portfolio Analysis View', '2024-11-04', 'Metals Trading Desk', '2024-08-18', 'Metals Trading Desk desk under Commodities', 'L1-004-L2-04', 'Y', 'Enterprise Data Office', 'ACTIVE', 0, '2024-07-27', 3);
INSERT INTO l1.enterprise_business_taxonomy (managed_segment_id, segment_code, segment_name, parent_segment_id, created_ts, updated_ts, change_event, comments, create_update_date, description, effective_date, long_description, parent, parent_leaf, requestor, status, substatus, substatus_effective_to_date, tree_level) VALUES (158, 'L1-004-L2-04-L3-03', 'Agricultural Commodities Desk', 155, '2024-06-21 15:47:00', '2024-07-27 15:32:00', 'MOCK_LOAD', 'Generated for Portfolio Analysis View', '2024-03-09', 'Agricultural Commodities Desk', '2024-02-14', 'Agricultural Commodities Desk desk under Commodities', 'L1-004-L2-04', 'Y', 'Enterprise Data Office', 'ACTIVE', 0, '2024-07-01', 3);
INSERT INTO l1.enterprise_business_taxonomy (managed_segment_id, segment_code, segment_name, parent_segment_id, created_ts, updated_ts, change_event, comments, create_update_date, description, effective_date, long_description, parent, parent_leaf, requestor, status, substatus, substatus_effective_to_date, tree_level) VALUES (159, 'L1-004-L2-05', 'Structured Products', 141, '2024-10-07 01:57:00', '2024-07-05 03:32:00', 'MOCK_LOAD', 'Generated for Portfolio Analysis View', '2024-10-02', 'Structured Products', '2024-04-11', 'Structured Products portfolio under Global Markets', 'L1-004', 'N', 'Enterprise Data Office', 'ACTIVE', 0, '2024-02-15', 2);
INSERT INTO l1.enterprise_business_taxonomy (managed_segment_id, segment_code, segment_name, parent_segment_id, created_ts, updated_ts, change_event, comments, create_update_date, description, effective_date, long_description, parent, parent_leaf, requestor, status, substatus, substatus_effective_to_date, tree_level) VALUES (160, 'L1-004-L2-05-L3-01', 'Equity-Linked Notes Desk', 159, '2024-01-27 03:47:00', '2024-12-21 14:53:00', 'MOCK_LOAD', 'Generated for Portfolio Analysis View', '2024-05-13', 'Equity-Linked Notes Desk', '2024-12-14', 'Equity-Linked Notes Desk desk under Structured Products', 'L1-004-L2-05', 'Y', 'Enterprise Data Office', 'ACTIVE', 0, '2024-07-21', 3);
INSERT INTO l1.enterprise_business_taxonomy (managed_segment_id, segment_code, segment_name, parent_segment_id, created_ts, updated_ts, change_event, comments, create_update_date, description, effective_date, long_description, parent, parent_leaf, requestor, status, substatus, substatus_effective_to_date, tree_level) VALUES (161, 'L1-004-L2-05-L3-02', 'Credit-Linked Notes Desk', 159, '2024-05-08 13:45:00', '2024-02-23 13:30:00', 'MOCK_LOAD', 'Generated for Portfolio Analysis View', '2024-09-11', 'Credit-Linked Notes Desk', '2024-06-30', 'Credit-Linked Notes Desk desk under Structured Products', 'L1-004-L2-05', 'Y', 'Enterprise Data Office', 'ACTIVE', 0, '2024-03-30', 3);
INSERT INTO l1.enterprise_business_taxonomy (managed_segment_id, segment_code, segment_name, parent_segment_id, created_ts, updated_ts, change_event, comments, create_update_date, description, effective_date, long_description, parent, parent_leaf, requestor, status, substatus, substatus_effective_to_date, tree_level) VALUES (162, 'L1-004-L2-05-L3-03', 'Hybrid / Multi-Asset Structures Desk', 159, '2024-07-17 19:00:00', '2024-03-12 12:28:00', 'MOCK_LOAD', 'Generated for Portfolio Analysis View', '2024-10-10', 'Hybrid / Multi-Asset Structures Desk', '2024-06-19', 'Hybrid / Multi-Asset Structures Desk desk under Structured Products', 'L1-004-L2-05', 'Y', 'Enterprise Data Office', 'ACTIVE', 0, '2024-11-26', 3);
INSERT INTO l1.enterprise_business_taxonomy (managed_segment_id, segment_code, segment_name, parent_segment_id, created_ts, updated_ts, change_event, comments, create_update_date, description, effective_date, long_description, parent, parent_leaf, requestor, status, substatus, substatus_effective_to_date, tree_level) VALUES (163, 'L1-004-L2-06', 'Prime Brokerage', 141, '2024-07-27 18:14:00', '2024-08-22 07:04:00', 'MOCK_LOAD', 'Generated for Portfolio Analysis View', '2024-02-21', 'Prime Brokerage', '2024-02-12', 'Prime Brokerage portfolio under Global Markets', 'L1-004', 'N', 'Enterprise Data Office', 'ACTIVE', 0, '2024-08-07', 2);
INSERT INTO l1.enterprise_business_taxonomy (managed_segment_id, segment_code, segment_name, parent_segment_id, created_ts, updated_ts, change_event, comments, create_update_date, description, effective_date, long_description, parent, parent_leaf, requestor, status, substatus, substatus_effective_to_date, tree_level) VALUES (164, 'L1-004-L2-06-L3-01', 'Hedge Fund Financing Desk', 163, '2024-04-09 08:09:00', '2024-03-28 21:25:00', 'MOCK_LOAD', 'Generated for Portfolio Analysis View', '2024-09-01', 'Hedge Fund Financing Desk', '2024-10-17', 'Hedge Fund Financing Desk desk under Prime Brokerage', 'L1-004-L2-06', 'Y', 'Enterprise Data Office', 'ACTIVE', 0, '2024-10-26', 3);
INSERT INTO l1.enterprise_business_taxonomy (managed_segment_id, segment_code, segment_name, parent_segment_id, created_ts, updated_ts, change_event, comments, create_update_date, description, effective_date, long_description, parent, parent_leaf, requestor, status, substatus, substatus_effective_to_date, tree_level) VALUES (165, 'L1-004-L2-06-L3-02', 'Margin & Securities Lending Desk', 163, '2024-12-13 13:09:00', '2024-05-19 16:13:00', 'MOCK_LOAD', 'Generated for Portfolio Analysis View', '2024-03-01', 'Margin & Securities Lending Desk', '2024-01-04', 'Margin & Securities Lending Desk desk under Prime Brokerage', 'L1-004-L2-06', 'Y', 'Enterprise Data Office', 'ACTIVE', 0, '2024-03-26', 3);
INSERT INTO l1.enterprise_business_taxonomy (managed_segment_id, segment_code, segment_name, parent_segment_id, created_ts, updated_ts, change_event, comments, create_update_date, description, effective_date, long_description, parent, parent_leaf, requestor, status, substatus, substatus_effective_to_date, tree_level) VALUES (166, 'L1-004-L2-06-L3-03', 'Synthetic Prime Desk', 163, '2024-03-06 15:39:00', '2024-04-01 16:35:00', 'MOCK_LOAD', 'Generated for Portfolio Analysis View', '2024-11-16', 'Synthetic Prime Desk', '2024-09-10', 'Synthetic Prime Desk desk under Prime Brokerage', 'L1-004-L2-06', 'Y', 'Enterprise Data Office', 'ACTIVE', 0, '2024-08-20', 3);
INSERT INTO l1.enterprise_business_taxonomy (managed_segment_id, segment_code, segment_name, parent_segment_id, created_ts, updated_ts, change_event, comments, create_update_date, description, effective_date, long_description, parent, parent_leaf, requestor, status, substatus, substatus_effective_to_date, tree_level) VALUES (167, 'L1-004-L2-07', 'Securities Financing (Repo / SFT)', 141, '2024-12-29 12:29:00', '2024-09-23 03:27:00', 'MOCK_LOAD', 'Generated for Portfolio Analysis View', '2024-12-29', 'Securities Financing (Repo / SFT)', '2024-08-13', 'Securities Financing (Repo / SFT) portfolio under Global Markets', 'L1-004', 'N', 'Enterprise Data Office', 'ACTIVE', 0, '2024-06-03', 2);
INSERT INTO l1.enterprise_business_taxonomy (managed_segment_id, segment_code, segment_name, parent_segment_id, created_ts, updated_ts, change_event, comments, create_update_date, description, effective_date, long_description, parent, parent_leaf, requestor, status, substatus, substatus_effective_to_date, tree_level) VALUES (168, 'L1-004-L2-07-L3-01', 'Repo Trading Desk', 167, '2024-06-04 08:03:00', '2024-07-04 09:59:00', 'MOCK_LOAD', 'Generated for Portfolio Analysis View', '2024-02-22', 'Repo Trading Desk', '2024-11-29', 'Repo Trading Desk desk under Securities Financing (Repo / SFT)', 'L1-004-L2-07', 'Y', 'Enterprise Data Office', 'ACTIVE', 0, '2024-02-12', 3);
INSERT INTO l1.enterprise_business_taxonomy (managed_segment_id, segment_code, segment_name, parent_segment_id, created_ts, updated_ts, change_event, comments, create_update_date, description, effective_date, long_description, parent, parent_leaf, requestor, status, substatus, substatus_effective_to_date, tree_level) VALUES (169, 'L1-004-L2-07-L3-02', 'Securities Lending Desk', 167, '2024-02-13 15:06:00', '2024-02-12 08:40:00', 'MOCK_LOAD', 'Generated for Portfolio Analysis View', '2024-01-19', 'Securities Lending Desk', '2024-10-06', 'Securities Lending Desk desk under Securities Financing (Repo / SFT)', 'L1-004-L2-07', 'Y', 'Enterprise Data Office', 'ACTIVE', 0, '2024-10-10', 3);
INSERT INTO l1.enterprise_business_taxonomy (managed_segment_id, segment_code, segment_name, parent_segment_id, created_ts, updated_ts, change_event, comments, create_update_date, description, effective_date, long_description, parent, parent_leaf, requestor, status, substatus, substatus_effective_to_date, tree_level) VALUES (170, 'L1-004-L2-07-L3-03', 'Collateral Optimization Desk', 167, '2024-09-20 01:28:00', '2024-03-28 02:58:00', 'MOCK_LOAD', 'Generated for Portfolio Analysis View', '2024-05-08', 'Collateral Optimization Desk', '2024-01-06', 'Collateral Optimization Desk desk under Securities Financing (Repo / SFT)', 'L1-004-L2-07', 'Y', 'Enterprise Data Office', 'ACTIVE', 0, '2024-09-10', 3);
INSERT INTO l1.enterprise_business_taxonomy (managed_segment_id, segment_code, segment_name, parent_segment_id, created_ts, updated_ts, change_event, comments, create_update_date, description, effective_date, long_description, parent, parent_leaf, requestor, status, substatus, substatus_effective_to_date, tree_level) VALUES (171, 'L1-005', 'Wealth Management', 249, '2024-06-05 10:17:00', '2024-07-02 12:31:00', 'MOCK_LOAD', 'Generated for Portfolio Analysis View', '2024-12-03', 'Wealth Management', '2024-01-26', 'Wealth Management department', 'L0-001', 'N', 'Enterprise Data Office', 'ACTIVE', 0, '2024-05-28', 1);
INSERT INTO l1.enterprise_business_taxonomy (managed_segment_id, segment_code, segment_name, parent_segment_id, created_ts, updated_ts, change_event, comments, create_update_date, description, effective_date, long_description, parent, parent_leaf, requestor, status, substatus, substatus_effective_to_date, tree_level) VALUES (172, 'L1-005-L2-01', 'Private Banking', 171, '2024-11-17 09:17:00', '2024-01-09 10:32:00', 'MOCK_LOAD', 'Generated for Portfolio Analysis View', '2024-08-21', 'Private Banking', '2024-06-10', 'Private Banking portfolio under Wealth Management', 'L1-005', 'N', 'Enterprise Data Office', 'ACTIVE', 0, '2024-04-08', 2);
INSERT INTO l1.enterprise_business_taxonomy (managed_segment_id, segment_code, segment_name, parent_segment_id, created_ts, updated_ts, change_event, comments, create_update_date, description, effective_date, long_description, parent, parent_leaf, requestor, status, substatus, substatus_effective_to_date, tree_level) VALUES (173, 'L1-005-L2-01-L3-01', 'Domestic Private Banking Desk', 172, '2024-12-12 11:14:00', '2024-03-07 18:03:00', 'MOCK_LOAD', 'Generated for Portfolio Analysis View', '2024-03-11', 'Domestic Private Banking Desk', '2024-11-09', 'Domestic Private Banking Desk desk under Private Banking', 'L1-005-L2-01', 'Y', 'Enterprise Data Office', 'ACTIVE', 0, '2024-07-29', 3);
INSERT INTO l1.enterprise_business_taxonomy (managed_segment_id, segment_code, segment_name, parent_segment_id, created_ts, updated_ts, change_event, comments, create_update_date, description, effective_date, long_description, parent, parent_leaf, requestor, status, substatus, substatus_effective_to_date, tree_level) VALUES (174, 'L1-005-L2-01-L3-02', 'International Private Banking Deks', 172, '2024-10-18 17:24:00', '2024-05-21 00:58:00', 'MOCK_LOAD', 'Generated for Portfolio Analysis View', '2024-07-28', 'International Private Banking Deks', '2024-06-09', 'International Private Banking Deks desk under Private Banking', 'L1-005-L2-01', 'Y', 'Enterprise Data Office', 'ACTIVE', 0, '2024-12-06', 3);
INSERT INTO l1.enterprise_business_taxonomy (managed_segment_id, segment_code, segment_name, parent_segment_id, created_ts, updated_ts, change_event, comments, create_update_date, description, effective_date, long_description, parent, parent_leaf, requestor, status, substatus, substatus_effective_to_date, tree_level) VALUES (175, 'L1-005-L2-02', 'Investment Advisory', 171, '2024-01-13 09:53:00', '2024-09-15 08:18:00', 'MOCK_LOAD', 'Generated for Portfolio Analysis View', '2024-12-08', 'Investment Advisory', '2024-02-25', 'Investment Advisory portfolio under Wealth Management', 'L1-005', 'N', 'Enterprise Data Office', 'ACTIVE', 0, '2024-10-30', 2);
INSERT INTO l1.enterprise_business_taxonomy (managed_segment_id, segment_code, segment_name, parent_segment_id, created_ts, updated_ts, change_event, comments, create_update_date, description, effective_date, long_description, parent, parent_leaf, requestor, status, substatus, substatus_effective_to_date, tree_level) VALUES (176, 'L1-005-L2-02-L3-01', 'Discretionary Portfolio Management Deks', 175, '2024-03-18 00:56:00', '2024-06-20 05:08:00', 'MOCK_LOAD', 'Generated for Portfolio Analysis View', '2024-05-27', 'Discretionary Portfolio Management Deks', '2024-10-31', 'Discretionary Portfolio Management Deks desk under Investment Advisory', 'L1-005-L2-02', 'Y', 'Enterprise Data Office', 'ACTIVE', 0, '2024-01-19', 3);
INSERT INTO l1.enterprise_business_taxonomy (managed_segment_id, segment_code, segment_name, parent_segment_id, created_ts, updated_ts, change_event, comments, create_update_date, description, effective_date, long_description, parent, parent_leaf, requestor, status, substatus, substatus_effective_to_date, tree_level) VALUES (177, 'L1-005-L2-02-L3-02', 'Advisory Solutions Desk', 175, '2024-10-09 22:40:00', '2024-04-18 08:09:00', 'MOCK_LOAD', 'Generated for Portfolio Analysis View', '2024-08-18', 'Advisory Solutions Desk', '2024-01-25', 'Advisory Solutions Desk desk under Investment Advisory', 'L1-005-L2-02', 'Y', 'Enterprise Data Office', 'ACTIVE', 0, '2024-07-07', 3);
INSERT INTO l1.enterprise_business_taxonomy (managed_segment_id, segment_code, segment_name, parent_segment_id, created_ts, updated_ts, change_event, comments, create_update_date, description, effective_date, long_description, parent, parent_leaf, requestor, status, substatus, substatus_effective_to_date, tree_level) VALUES (178, 'L1-005-L2-03', 'Family Office Services', 171, '2024-11-03 23:49:00', '2024-11-23 10:48:00', 'MOCK_LOAD', 'Generated for Portfolio Analysis View', '2024-12-27', 'Family Office Services', '2024-04-26', 'Family Office Services portfolio under Wealth Management', 'L1-005', 'N', 'Enterprise Data Office', 'ACTIVE', 0, '2024-12-15', 2);
INSERT INTO l1.enterprise_business_taxonomy (managed_segment_id, segment_code, segment_name, parent_segment_id, created_ts, updated_ts, change_event, comments, create_update_date, description, effective_date, long_description, parent, parent_leaf, requestor, status, substatus, substatus_effective_to_date, tree_level) VALUES (179, 'L1-005-L2-03-L3-01', 'Single Family Office Desk', 178, '2024-07-08 08:39:00', '2024-06-18 09:50:00', 'MOCK_LOAD', 'Generated for Portfolio Analysis View', '2024-03-14', 'Single Family Office Desk', '2024-04-26', 'Single Family Office Desk desk under Family Office Services', 'L1-005-L2-03', 'Y', 'Enterprise Data Office', 'ACTIVE', 0, '2024-02-20', 3);
INSERT INTO l1.enterprise_business_taxonomy (managed_segment_id, segment_code, segment_name, parent_segment_id, created_ts, updated_ts, change_event, comments, create_update_date, description, effective_date, long_description, parent, parent_leaf, requestor, status, substatus, substatus_effective_to_date, tree_level) VALUES (180, 'L1-005-L2-03-L3-02', 'Multi-Family Office Desk', 178, '2024-12-28 03:44:00', '2024-09-02 08:08:00', 'MOCK_LOAD', 'Generated for Portfolio Analysis View', '2024-09-28', 'Multi-Family Office Desk', '2024-05-11', 'Multi-Family Office Desk desk under Family Office Services', 'L1-005-L2-03', 'Y', 'Enterprise Data Office', 'ACTIVE', 0, '2024-11-20', 3);
INSERT INTO l1.enterprise_business_taxonomy (managed_segment_id, segment_code, segment_name, parent_segment_id, created_ts, updated_ts, change_event, comments, create_update_date, description, effective_date, long_description, parent, parent_leaf, requestor, status, substatus, substatus_effective_to_date, tree_level) VALUES (181, 'L1-005-L2-04', 'Margin Lending', 171, '2024-10-26 18:55:00', '2024-09-01 16:36:00', 'MOCK_LOAD', 'Generated for Portfolio Analysis View', '2024-05-29', 'Margin Lending', '2024-05-28', 'Margin Lending portfolio under Wealth Management', 'L1-005', 'N', 'Enterprise Data Office', 'ACTIVE', 0, '2024-02-29', 2);
INSERT INTO l1.enterprise_business_taxonomy (managed_segment_id, segment_code, segment_name, parent_segment_id, created_ts, updated_ts, change_event, comments, create_update_date, description, effective_date, long_description, parent, parent_leaf, requestor, status, substatus, substatus_effective_to_date, tree_level) VALUES (182, 'L1-005-L2-04-L3-01', 'Securities-Based Lending Desk', 181, '2024-04-11 13:34:00', '2024-05-20 07:21:00', 'MOCK_LOAD', 'Generated for Portfolio Analysis View', '2024-11-08', 'Securities-Based Lending Desk', '2024-05-09', 'Securities-Based Lending Desk desk under Margin Lending', 'L1-005-L2-04', 'Y', 'Enterprise Data Office', 'ACTIVE', 0, '2024-02-19', 3);
INSERT INTO l1.enterprise_business_taxonomy (managed_segment_id, segment_code, segment_name, parent_segment_id, created_ts, updated_ts, change_event, comments, create_update_date, description, effective_date, long_description, parent, parent_leaf, requestor, status, substatus, substatus_effective_to_date, tree_level) VALUES (183, 'L1-005-L2-04-L3-02', 'Custom Credit & Liquidity Solutions Desk', 181, '2024-12-10 15:17:00', '2024-06-02 17:57:00', 'MOCK_LOAD', 'Generated for Portfolio Analysis View', '2024-01-01', 'Custom Credit & Liquidity Solutions Desk', '2024-11-16', 'Custom Credit & Liquidity Solutions Desk desk under Margin Lending', 'L1-005-L2-04', 'Y', 'Enterprise Data Office', 'ACTIVE', 0, '2024-09-05', 3);
INSERT INTO l1.enterprise_business_taxonomy (managed_segment_id, segment_code, segment_name, parent_segment_id, created_ts, updated_ts, change_event, comments, create_update_date, description, effective_date, long_description, parent, parent_leaf, requestor, status, substatus, substatus_effective_to_date, tree_level) VALUES (184, 'L1-005-L2-05', 'Ultra-High-Net-Worth (UHNW)', 171, '2024-03-31 10:17:00', '2024-12-26 04:42:00', 'MOCK_LOAD', 'Generated for Portfolio Analysis View', '2024-03-08', 'Ultra-High-Net-Worth (UHNW)', '2024-06-25', 'Ultra-High-Net-Worth (UHNW) portfolio under Wealth Management', 'L1-005', 'N', 'Enterprise Data Office', 'ACTIVE', 0, '2024-03-17', 2);
INSERT INTO l1.enterprise_business_taxonomy (managed_segment_id, segment_code, segment_name, parent_segment_id, created_ts, updated_ts, change_event, comments, create_update_date, description, effective_date, long_description, parent, parent_leaf, requestor, status, substatus, substatus_effective_to_date, tree_level) VALUES (185, 'L1-005-L2-05-L3-01', 'UHNW Relationship Management Desk', 184, '2024-08-21 11:35:00', '2024-03-12 10:07:00', 'MOCK_LOAD', 'Generated for Portfolio Analysis View', '2024-01-03', 'UHNW Relationship Management Desk', '2024-10-29', 'UHNW Relationship Management Desk desk under Ultra-High-Net-Worth (UHNW)', 'L1-005-L2-05', 'Y', 'Enterprise Data Office', 'ACTIVE', 0, '2024-10-06', 3);
INSERT INTO l1.enterprise_business_taxonomy (managed_segment_id, segment_code, segment_name, parent_segment_id, created_ts, updated_ts, change_event, comments, create_update_date, description, effective_date, long_description, parent, parent_leaf, requestor, status, substatus, substatus_effective_to_date, tree_level) VALUES (186, 'L1-005-L2-05-L3-02', 'Customized Lending & Structuring Desk', 184, '2024-07-12 08:30:00', '2024-10-16 17:06:00', 'MOCK_LOAD', 'Generated for Portfolio Analysis View', '2024-02-28', 'Customized Lending & Structuring Desk', '2024-12-09', 'Customized Lending & Structuring Desk desk under Ultra-High-Net-Worth (UHNW)', 'L1-005-L2-05', 'Y', 'Enterprise Data Office', 'ACTIVE', 0, '2024-11-19', 3);
INSERT INTO l1.enterprise_business_taxonomy (managed_segment_id, segment_code, segment_name, parent_segment_id, created_ts, updated_ts, change_event, comments, create_update_date, description, effective_date, long_description, parent, parent_leaf, requestor, status, substatus, substatus_effective_to_date, tree_level) VALUES (187, 'L1-006', 'Asset Management', 249, '2024-04-22 17:44:00', '2024-03-15 05:04:00', 'MOCK_LOAD', 'Generated for Portfolio Analysis View', '2024-01-01', 'Asset Management', '2024-05-20', 'Asset Management department', 'L0-001', 'N', 'Enterprise Data Office', 'ACTIVE', 0, '2024-12-06', 1);
INSERT INTO l1.enterprise_business_taxonomy (managed_segment_id, segment_code, segment_name, parent_segment_id, created_ts, updated_ts, change_event, comments, create_update_date, description, effective_date, long_description, parent, parent_leaf, requestor, status, substatus, substatus_effective_to_date, tree_level) VALUES (188, 'L1-006-L2-01', 'Institutional Asset Management', 187, '2024-03-09 13:05:00', '2024-12-21 16:55:00', 'MOCK_LOAD', 'Generated for Portfolio Analysis View', '2024-01-08', 'Institutional Asset Management', '2024-04-06', 'Institutional Asset Management portfolio under Asset Management', 'L1-006', 'N', 'Enterprise Data Office', 'ACTIVE', 0, '2024-01-10', 2);
INSERT INTO l1.enterprise_business_taxonomy (managed_segment_id, segment_code, segment_name, parent_segment_id, created_ts, updated_ts, change_event, comments, create_update_date, description, effective_date, long_description, parent, parent_leaf, requestor, status, substatus, substatus_effective_to_date, tree_level) VALUES (189, 'L1-006-L2-01-L3-01', 'Pension & Insurance Desk', 188, '2024-07-22 15:47:00', '2024-01-24 16:08:00', 'MOCK_LOAD', 'Generated for Portfolio Analysis View', '2024-05-06', 'Pension & Insurance Desk', '2024-08-22', 'Pension & Insurance Desk desk under Institutional Asset Management', 'L1-006-L2-01', 'Y', 'Enterprise Data Office', 'ACTIVE', 0, '2024-05-04', 3);
INSERT INTO l1.enterprise_business_taxonomy (managed_segment_id, segment_code, segment_name, parent_segment_id, created_ts, updated_ts, change_event, comments, create_update_date, description, effective_date, long_description, parent, parent_leaf, requestor, status, substatus, substatus_effective_to_date, tree_level) VALUES (190, 'L1-006-L2-01-L3-02', 'Sovereign & Central Bank Clients Desk', 188, '2024-04-08 02:35:00', '2024-04-29 12:55:00', 'MOCK_LOAD', 'Generated for Portfolio Analysis View', '2024-09-08', 'Sovereign & Central Bank Clients Desk', '2024-01-16', 'Sovereign & Central Bank Clients Desk desk under Institutional Asset Management', 'L1-006-L2-01', 'Y', 'Enterprise Data Office', 'ACTIVE', 0, '2024-12-14', 3);
INSERT INTO l1.enterprise_business_taxonomy (managed_segment_id, segment_code, segment_name, parent_segment_id, created_ts, updated_ts, change_event, comments, create_update_date, description, effective_date, long_description, parent, parent_leaf, requestor, status, substatus, substatus_effective_to_date, tree_level) VALUES (191, 'L1-006-L2-02', 'Retail / Mutual Funds', 187, '2024-06-12 05:02:00', '2024-06-20 05:42:00', 'MOCK_LOAD', 'Generated for Portfolio Analysis View', '2024-12-06', 'Retail / Mutual Funds', '2024-11-26', 'Retail / Mutual Funds portfolio under Asset Management', 'L1-006', 'N', 'Enterprise Data Office', 'ACTIVE', 0, '2024-08-29', 2);
INSERT INTO l1.enterprise_business_taxonomy (managed_segment_id, segment_code, segment_name, parent_segment_id, created_ts, updated_ts, change_event, comments, create_update_date, description, effective_date, long_description, parent, parent_leaf, requestor, status, substatus, substatus_effective_to_date, tree_level) VALUES (192, 'L1-006-L2-02-L3-01', 'Equity Funds Desk', 191, '2024-09-21 02:45:00', '2024-10-20 08:31:00', 'MOCK_LOAD', 'Generated for Portfolio Analysis View', '2024-09-12', 'Equity Funds Desk', '2024-11-13', 'Equity Funds Desk desk under Retail / Mutual Funds', 'L1-006-L2-02', 'Y', 'Enterprise Data Office', 'ACTIVE', 0, '2024-06-10', 3);
INSERT INTO l1.enterprise_business_taxonomy (managed_segment_id, segment_code, segment_name, parent_segment_id, created_ts, updated_ts, change_event, comments, create_update_date, description, effective_date, long_description, parent, parent_leaf, requestor, status, substatus, substatus_effective_to_date, tree_level) VALUES (193, 'L1-006-L2-02-L3-02', 'Fixed Income Funds Desk', 191, '2024-05-11 12:49:00', '2024-12-29 03:19:00', 'MOCK_LOAD', 'Generated for Portfolio Analysis View', '2024-11-27', 'Fixed Income Funds Desk', '2024-05-25', 'Fixed Income Funds Desk desk under Retail / Mutual Funds', 'L1-006-L2-02', 'Y', 'Enterprise Data Office', 'ACTIVE', 0, '2024-06-14', 3);
INSERT INTO l1.enterprise_business_taxonomy (managed_segment_id, segment_code, segment_name, parent_segment_id, created_ts, updated_ts, change_event, comments, create_update_date, description, effective_date, long_description, parent, parent_leaf, requestor, status, substatus, substatus_effective_to_date, tree_level) VALUES (194, 'L1-006-L2-02-L3-03', 'Multi-Asset Funds Desk', 191, '2024-04-23 02:57:00', '2024-03-20 00:07:00', 'MOCK_LOAD', 'Generated for Portfolio Analysis View', '2024-01-24', 'Multi-Asset Funds Desk', '2024-10-22', 'Multi-Asset Funds Desk desk under Retail / Mutual Funds', 'L1-006-L2-02', 'Y', 'Enterprise Data Office', 'ACTIVE', 0, '2024-02-09', 3);
INSERT INTO l1.enterprise_business_taxonomy (managed_segment_id, segment_code, segment_name, parent_segment_id, created_ts, updated_ts, change_event, comments, create_update_date, description, effective_date, long_description, parent, parent_leaf, requestor, status, substatus, substatus_effective_to_date, tree_level) VALUES (195, 'L1-006-L2-03', 'Alternatives (Private Credit, PE, Real Assets)', 187, '2024-09-08 23:34:00', '2024-06-25 16:21:00', 'MOCK_LOAD', 'Generated for Portfolio Analysis View', '2024-06-07', 'Alternatives (Private Credit, PE, Real Assets)', '2024-04-12', 'Alternatives (Private Credit, PE, Real Assets) portfolio under Asset Management', 'L1-006', 'N', 'Enterprise Data Office', 'ACTIVE', 0, '2024-08-12', 2);
INSERT INTO l1.enterprise_business_taxonomy (managed_segment_id, segment_code, segment_name, parent_segment_id, created_ts, updated_ts, change_event, comments, create_update_date, description, effective_date, long_description, parent, parent_leaf, requestor, status, substatus, substatus_effective_to_date, tree_level) VALUES (196, 'L1-006-L2-03-L3-01', 'Private Credit Desk', 195, '2024-06-16 02:07:00', '2024-03-08 03:31:00', 'MOCK_LOAD', 'Generated for Portfolio Analysis View', '2024-10-14', 'Private Credit Desk', '2024-01-30', 'Private Credit Desk desk under Alternatives (Private Credit, PE, Real Assets)', 'L1-006-L2-03', 'Y', 'Enterprise Data Office', 'ACTIVE', 0, '2024-07-04', 3);
INSERT INTO l1.enterprise_business_taxonomy (managed_segment_id, segment_code, segment_name, parent_segment_id, created_ts, updated_ts, change_event, comments, create_update_date, description, effective_date, long_description, parent, parent_leaf, requestor, status, substatus, substatus_effective_to_date, tree_level) VALUES (197, 'L1-006-L2-03-L3-02', 'Private Equity Desk', 195, '2024-06-03 20:43:00', '2024-12-07 08:43:00', 'MOCK_LOAD', 'Generated for Portfolio Analysis View', '2024-05-29', 'Private Equity Desk', '2024-06-27', 'Private Equity Desk desk under Alternatives (Private Credit, PE, Real Assets)', 'L1-006-L2-03', 'Y', 'Enterprise Data Office', 'ACTIVE', 0, '2024-11-11', 3);
INSERT INTO l1.enterprise_business_taxonomy (managed_segment_id, segment_code, segment_name, parent_segment_id, created_ts, updated_ts, change_event, comments, create_update_date, description, effective_date, long_description, parent, parent_leaf, requestor, status, substatus, substatus_effective_to_date, tree_level) VALUES (198, 'L1-006-L2-03-L3-03', 'Real Assets Desk (Real Estate, Infrastructure)', 195, '2024-05-15 15:03:00', '2024-11-14 18:00:00', 'MOCK_LOAD', 'Generated for Portfolio Analysis View', '2024-08-01', 'Real Assets Desk (Real Estate, Infrastructure)', '2024-01-14', 'Real Assets Desk (Real Estate, Infrastructure) desk under Alternatives (Private Credit, PE, Real Assets)', 'L1-006-L2-03', 'Y', 'Enterprise Data Office', 'ACTIVE', 0, '2024-02-28', 3);
INSERT INTO l1.enterprise_business_taxonomy (managed_segment_id, segment_code, segment_name, parent_segment_id, created_ts, updated_ts, change_event, comments, create_update_date, description, effective_date, long_description, parent, parent_leaf, requestor, status, substatus, substatus_effective_to_date, tree_level) VALUES (199, 'L1-007', 'Retail Banking', 249, '2024-07-09 16:16:00', '2024-08-15 01:38:00', 'MOCK_LOAD', 'Generated for Portfolio Analysis View', '2024-04-26', 'Retail Banking', '2024-08-09', 'Retail Banking department', 'L0-001', 'N', 'Enterprise Data Office', 'ACTIVE', 0, '2024-12-14', 1);
INSERT INTO l1.enterprise_business_taxonomy (managed_segment_id, segment_code, segment_name, parent_segment_id, created_ts, updated_ts, change_event, comments, create_update_date, description, effective_date, long_description, parent, parent_leaf, requestor, status, substatus, substatus_effective_to_date, tree_level) VALUES (200, 'L1-007-L2-01', 'Residential Mortgages', 199, '2024-05-19 01:05:00', '2024-05-31 20:07:00', 'MOCK_LOAD', 'Generated for Portfolio Analysis View', '2024-07-04', 'Residential Mortgages', '2024-03-11', 'Residential Mortgages portfolio under Retail Banking', 'L1-007', 'N', 'Enterprise Data Office', 'ACTIVE', 0, '2024-08-19', 2);
INSERT INTO l1.enterprise_business_taxonomy (managed_segment_id, segment_code, segment_name, parent_segment_id, created_ts, updated_ts, change_event, comments, create_update_date, description, effective_date, long_description, parent, parent_leaf, requestor, status, substatus, substatus_effective_to_date, tree_level) VALUES (201, 'L1-007-L2-01-L3-01', 'Prime Mortgage Desk', 200, '2024-04-04 07:36:00', '2024-02-16 21:25:00', 'MOCK_LOAD', 'Generated for Portfolio Analysis View', '2024-07-06', 'Prime Mortgage Desk', '2024-03-11', 'Prime Mortgage Desk desk under Residential Mortgages', 'L1-007-L2-01', 'Y', 'Enterprise Data Office', 'ACTIVE', 0, '2024-12-18', 3);
INSERT INTO l1.enterprise_business_taxonomy (managed_segment_id, segment_code, segment_name, parent_segment_id, created_ts, updated_ts, change_event, comments, create_update_date, description, effective_date, long_description, parent, parent_leaf, requestor, status, substatus, substatus_effective_to_date, tree_level) VALUES (202, 'L1-007-L2-01-L3-02', 'Jumbo Mortgage Desk', 200, '2024-06-28 06:31:00', '2024-05-19 05:12:00', 'MOCK_LOAD', 'Generated for Portfolio Analysis View', '2024-12-27', 'Jumbo Mortgage Desk', '2024-02-13', 'Jumbo Mortgage Desk desk under Residential Mortgages', 'L1-007-L2-01', 'Y', 'Enterprise Data Office', 'ACTIVE', 0, '2024-07-07', 3);
INSERT INTO l1.enterprise_business_taxonomy (managed_segment_id, segment_code, segment_name, parent_segment_id, created_ts, updated_ts, change_event, comments, create_update_date, description, effective_date, long_description, parent, parent_leaf, requestor, status, substatus, substatus_effective_to_date, tree_level) VALUES (203, 'L1-007-L2-01-L3-03', 'Government-Insured Mortgage Desk', 200, '2024-03-27 21:50:00', '2024-09-08 23:23:00', 'MOCK_LOAD', 'Generated for Portfolio Analysis View', '2024-04-17', 'Government-Insured Mortgage Desk', '2024-05-06', 'Government-Insured Mortgage Desk desk under Residential Mortgages', 'L1-007-L2-01', 'Y', 'Enterprise Data Office', 'ACTIVE', 0, '2024-05-05', 3);
INSERT INTO l1.enterprise_business_taxonomy (managed_segment_id, segment_code, segment_name, parent_segment_id, created_ts, updated_ts, change_event, comments, create_update_date, description, effective_date, long_description, parent, parent_leaf, requestor, status, substatus, substatus_effective_to_date, tree_level) VALUES (204, 'L1-007-L2-02', 'Home Equity / HELOC', 199, '2024-02-24 05:03:00', '2024-08-17 07:43:00', 'MOCK_LOAD', 'Generated for Portfolio Analysis View', '2024-07-09', 'Home Equity / HELOC', '2024-03-13', 'Home Equity / HELOC portfolio under Retail Banking', 'L1-007', 'N', 'Enterprise Data Office', 'ACTIVE', 0, '2024-06-17', 2);
INSERT INTO l1.enterprise_business_taxonomy (managed_segment_id, segment_code, segment_name, parent_segment_id, created_ts, updated_ts, change_event, comments, create_update_date, description, effective_date, long_description, parent, parent_leaf, requestor, status, substatus, substatus_effective_to_date, tree_level) VALUES (205, 'L1-007-L2-02-L3-01', 'Closed-End Home Equity Desk', 204, '2024-10-02 22:32:00', '2024-11-10 04:53:00', 'MOCK_LOAD', 'Generated for Portfolio Analysis View', '2024-04-22', 'Closed-End Home Equity Desk', '2024-12-10', 'Closed-End Home Equity Desk desk under Home Equity / HELOC', 'L1-007-L2-02', 'Y', 'Enterprise Data Office', 'ACTIVE', 0, '2024-03-08', 3);
INSERT INTO l1.enterprise_business_taxonomy (managed_segment_id, segment_code, segment_name, parent_segment_id, created_ts, updated_ts, change_event, comments, create_update_date, description, effective_date, long_description, parent, parent_leaf, requestor, status, substatus, substatus_effective_to_date, tree_level) VALUES (206, 'L1-007-L2-02-L3-02', 'HELOC Desk', 204, '2024-03-06 00:10:00', '2024-05-04 14:17:00', 'MOCK_LOAD', 'Generated for Portfolio Analysis View', '2024-10-08', 'HELOC Desk', '2024-01-13', 'HELOC Desk desk under Home Equity / HELOC', 'L1-007-L2-02', 'Y', 'Enterprise Data Office', 'ACTIVE', 0, '2024-06-24', 3);
INSERT INTO l1.enterprise_business_taxonomy (managed_segment_id, segment_code, segment_name, parent_segment_id, created_ts, updated_ts, change_event, comments, create_update_date, description, effective_date, long_description, parent, parent_leaf, requestor, status, substatus, substatus_effective_to_date, tree_level) VALUES (207, 'L1-007-L2-03', 'Credit Cards', 199, '2024-03-11 09:57:00', '2024-04-14 10:11:00', 'MOCK_LOAD', 'Generated for Portfolio Analysis View', '2024-03-02', 'Credit Cards', '2024-01-25', 'Credit Cards portfolio under Retail Banking', 'L1-007', 'N', 'Enterprise Data Office', 'ACTIVE', 0, '2024-10-14', 2);
INSERT INTO l1.enterprise_business_taxonomy (managed_segment_id, segment_code, segment_name, parent_segment_id, created_ts, updated_ts, change_event, comments, create_update_date, description, effective_date, long_description, parent, parent_leaf, requestor, status, substatus, substatus_effective_to_date, tree_level) VALUES (208, 'L1-007-L2-03-L3-01', 'Core Customer Cards Desk', 207, '2024-03-13 21:41:00', '2024-06-01 15:05:00', 'MOCK_LOAD', 'Generated for Portfolio Analysis View', '2024-03-30', 'Core Customer Cards Desk', '2024-04-09', 'Core Customer Cards Desk desk under Credit Cards', 'L1-007-L2-03', 'Y', 'Enterprise Data Office', 'ACTIVE', 0, '2024-11-18', 3);
INSERT INTO l1.enterprise_business_taxonomy (managed_segment_id, segment_code, segment_name, parent_segment_id, created_ts, updated_ts, change_event, comments, create_update_date, description, effective_date, long_description, parent, parent_leaf, requestor, status, substatus, substatus_effective_to_date, tree_level) VALUES (209, 'L1-007-L2-03-L3-02', 'Co-Brand / Affinity Cards Desk', 207, '2024-08-26 08:23:00', '2024-07-16 17:36:00', 'MOCK_LOAD', 'Generated for Portfolio Analysis View', '2024-06-14', 'Co-Brand / Affinity Cards Desk', '2024-07-11', 'Co-Brand / Affinity Cards Desk desk under Credit Cards', 'L1-007-L2-03', 'Y', 'Enterprise Data Office', 'ACTIVE', 0, '2024-02-18', 3);
INSERT INTO l1.enterprise_business_taxonomy (managed_segment_id, segment_code, segment_name, parent_segment_id, created_ts, updated_ts, change_event, comments, create_update_date, description, effective_date, long_description, parent, parent_leaf, requestor, status, substatus, substatus_effective_to_date, tree_level) VALUES (210, 'L1-007-L2-04', 'Auto Loans', 199, '2024-03-06 03:36:00', '2024-11-27 01:34:00', 'MOCK_LOAD', 'Generated for Portfolio Analysis View', '2024-03-21', 'Auto Loans', '2024-08-19', 'Auto Loans portfolio under Retail Banking', 'L1-007', 'N', 'Enterprise Data Office', 'ACTIVE', 0, '2024-03-16', 2);
INSERT INTO l1.enterprise_business_taxonomy (managed_segment_id, segment_code, segment_name, parent_segment_id, created_ts, updated_ts, change_event, comments, create_update_date, description, effective_date, long_description, parent, parent_leaf, requestor, status, substatus, substatus_effective_to_date, tree_level) VALUES (211, 'L1-007-L2-04-L3-01', 'Direct Auto Lending Desk', 210, '2024-02-03 23:08:00', '2024-12-26 01:07:00', 'MOCK_LOAD', 'Generated for Portfolio Analysis View', '2024-03-10', 'Direct Auto Lending Desk', '2024-12-24', 'Direct Auto Lending Desk desk under Auto Loans', 'L1-007-L2-04', 'Y', 'Enterprise Data Office', 'ACTIVE', 0, '2024-07-20', 3);
INSERT INTO l1.enterprise_business_taxonomy (managed_segment_id, segment_code, segment_name, parent_segment_id, created_ts, updated_ts, change_event, comments, create_update_date, description, effective_date, long_description, parent, parent_leaf, requestor, status, substatus, substatus_effective_to_date, tree_level) VALUES (212, 'L1-007-L2-04-L3-02', 'Prime Auto Lending Desk', 210, '2024-06-25 04:12:00', '2024-09-22 00:57:00', 'MOCK_LOAD', 'Generated for Portfolio Analysis View', '2024-11-06', 'Prime Auto Lending Desk', '2024-07-05', 'Prime Auto Lending Desk desk under Auto Loans', 'L1-007-L2-04', 'Y', 'Enterprise Data Office', 'ACTIVE', 0, '2024-11-23', 3);
INSERT INTO l1.enterprise_business_taxonomy (managed_segment_id, segment_code, segment_name, parent_segment_id, created_ts, updated_ts, change_event, comments, create_update_date, description, effective_date, long_description, parent, parent_leaf, requestor, status, substatus, substatus_effective_to_date, tree_level) VALUES (213, 'L1-007-L2-04-L3-03', 'Dealer / Indirect Auto Finance Desk', 210, '2024-11-12 07:46:00', '2024-10-30 14:52:00', 'MOCK_LOAD', 'Generated for Portfolio Analysis View', '2024-03-24', 'Dealer / Indirect Auto Finance Desk', '2024-01-19', 'Dealer / Indirect Auto Finance Desk desk under Auto Loans', 'L1-007-L2-04', 'Y', 'Enterprise Data Office', 'ACTIVE', 0, '2024-08-26', 3);
INSERT INTO l1.enterprise_business_taxonomy (managed_segment_id, segment_code, segment_name, parent_segment_id, created_ts, updated_ts, change_event, comments, create_update_date, description, effective_date, long_description, parent, parent_leaf, requestor, status, substatus, substatus_effective_to_date, tree_level) VALUES (214, 'L1-007-L2-05', 'Personal Loans', 199, '2024-06-29 04:12:00', '2024-05-18 08:41:00', 'MOCK_LOAD', 'Generated for Portfolio Analysis View', '2024-08-01', 'Personal Loans', '2024-11-22', 'Personal Loans portfolio under Retail Banking', 'L1-007', 'N', 'Enterprise Data Office', 'ACTIVE', 0, '2024-12-22', 2);
INSERT INTO l1.enterprise_business_taxonomy (managed_segment_id, segment_code, segment_name, parent_segment_id, created_ts, updated_ts, change_event, comments, create_update_date, description, effective_date, long_description, parent, parent_leaf, requestor, status, substatus, substatus_effective_to_date, tree_level) VALUES (215, 'L1-007-L2-05-L3-01', 'Unsecured Personal Lending Desk', 214, '2024-01-02 18:57:00', '2024-04-25 18:40:00', 'MOCK_LOAD', 'Generated for Portfolio Analysis View', '2024-09-24', 'Unsecured Personal Lending Desk', '2024-12-16', 'Unsecured Personal Lending Desk desk under Personal Loans', 'L1-007-L2-05', 'Y', 'Enterprise Data Office', 'ACTIVE', 0, '2024-11-08', 3);
INSERT INTO l1.enterprise_business_taxonomy (managed_segment_id, segment_code, segment_name, parent_segment_id, created_ts, updated_ts, change_event, comments, create_update_date, description, effective_date, long_description, parent, parent_leaf, requestor, status, substatus, substatus_effective_to_date, tree_level) VALUES (216, 'L1-007-L2-05-L3-02', 'Installment / Point-of-Sale Lending Desk', 214, '2024-11-25 01:30:00', '2024-09-08 07:36:00', 'MOCK_LOAD', 'Generated for Portfolio Analysis View', '2024-09-04', 'Installment / Point-of-Sale Lending Desk', '2024-02-10', 'Installment / Point-of-Sale Lending Desk desk under Personal Loans', 'L1-007-L2-05', 'Y', 'Enterprise Data Office', 'ACTIVE', 0, '2024-04-17', 3);
INSERT INTO l1.enterprise_business_taxonomy (managed_segment_id, segment_code, segment_name, parent_segment_id, created_ts, updated_ts, change_event, comments, create_update_date, description, effective_date, long_description, parent, parent_leaf, requestor, status, substatus, substatus_effective_to_date, tree_level) VALUES (217, 'L1-007-L2-06', 'Consumer Deposits', 199, '2024-12-22 00:49:00', '2024-07-27 09:57:00', 'MOCK_LOAD', 'Generated for Portfolio Analysis View', '2024-04-05', 'Consumer Deposits', '2024-12-12', 'Consumer Deposits portfolio under Retail Banking', 'L1-007', 'N', 'Enterprise Data Office', 'ACTIVE', 0, '2024-10-30', 2);
INSERT INTO l1.enterprise_business_taxonomy (managed_segment_id, segment_code, segment_name, parent_segment_id, created_ts, updated_ts, change_event, comments, create_update_date, description, effective_date, long_description, parent, parent_leaf, requestor, status, substatus, substatus_effective_to_date, tree_level) VALUES (218, 'L1-007-L2-06-L3-01', 'Branch-Based Deposits Desk', 217, '2024-05-01 21:43:00', '2024-03-27 19:51:00', 'MOCK_LOAD', 'Generated for Portfolio Analysis View', '2024-03-07', 'Branch-Based Deposits Desk', '2024-12-12', 'Branch-Based Deposits Desk desk under Consumer Deposits', 'L1-007-L2-06', 'Y', 'Enterprise Data Office', 'ACTIVE', 0, '2024-03-09', 3);
INSERT INTO l1.enterprise_business_taxonomy (managed_segment_id, segment_code, segment_name, parent_segment_id, created_ts, updated_ts, change_event, comments, create_update_date, description, effective_date, long_description, parent, parent_leaf, requestor, status, substatus, substatus_effective_to_date, tree_level) VALUES (219, 'L1-007-L2-06-L3-02', 'Digital / Online Deposits Desk', 217, '2024-02-29 11:48:00', '2024-04-15 12:48:00', 'MOCK_LOAD', 'Generated for Portfolio Analysis View', '2024-01-29', 'Digital / Online Deposits Desk', '2024-05-28', 'Digital / Online Deposits Desk desk under Consumer Deposits', 'L1-007-L2-06', 'Y', 'Enterprise Data Office', 'ACTIVE', 0, '2024-03-22', 3);
INSERT INTO l1.enterprise_business_taxonomy (managed_segment_id, segment_code, segment_name, parent_segment_id, created_ts, updated_ts, change_event, comments, create_update_date, description, effective_date, long_description, parent, parent_leaf, requestor, status, substatus, substatus_effective_to_date, tree_level) VALUES (220, 'L1-008', 'Public Sector', 249, '2024-07-03 01:05:00', '2024-03-05 12:18:00', 'MOCK_LOAD', 'Generated for Portfolio Analysis View', '2024-05-10', 'Public Sector', '2024-01-10', 'Public Sector department', 'L0-001', 'N', 'Enterprise Data Office', 'ACTIVE', 0, '2024-10-31', 1);
INSERT INTO l1.enterprise_business_taxonomy (managed_segment_id, segment_code, segment_name, parent_segment_id, created_ts, updated_ts, change_event, comments, create_update_date, description, effective_date, long_description, parent, parent_leaf, requestor, status, substatus, substatus_effective_to_date, tree_level) VALUES (221, 'L1-008-L2-01', 'Sovereigns', 220, '2024-04-10 10:53:00', '2024-09-12 18:21:00', 'MOCK_LOAD', 'Generated for Portfolio Analysis View', '2024-06-22', 'Sovereigns', '2024-02-11', 'Sovereigns portfolio under Public Sector', 'L1-008', 'N', 'Enterprise Data Office', 'ACTIVE', 0, '2024-09-30', 2);
INSERT INTO l1.enterprise_business_taxonomy (managed_segment_id, segment_code, segment_name, parent_segment_id, created_ts, updated_ts, change_event, comments, create_update_date, description, effective_date, long_description, parent, parent_leaf, requestor, status, substatus, substatus_effective_to_date, tree_level) VALUES (222, 'L1-008-L2-01-L3-01', 'Developed Markets Sovereigns Desk', 221, '2024-03-19 14:42:00', '2024-07-10 01:52:00', 'MOCK_LOAD', 'Generated for Portfolio Analysis View', '2024-04-03', 'Developed Markets Sovereigns Desk', '2024-03-27', 'Developed Markets Sovereigns Desk desk under Sovereigns', 'L1-008-L2-01', 'Y', 'Enterprise Data Office', 'ACTIVE', 0, '2024-12-09', 3);
INSERT INTO l1.enterprise_business_taxonomy (managed_segment_id, segment_code, segment_name, parent_segment_id, created_ts, updated_ts, change_event, comments, create_update_date, description, effective_date, long_description, parent, parent_leaf, requestor, status, substatus, substatus_effective_to_date, tree_level) VALUES (223, 'L1-008-L2-01-L3-02', 'Emerging Markets Sovereigns Desk', 221, '2024-08-10 06:19:00', '2024-02-23 22:25:00', 'MOCK_LOAD', 'Generated for Portfolio Analysis View', '2024-12-19', 'Emerging Markets Sovereigns Desk', '2024-03-12', 'Emerging Markets Sovereigns Desk desk under Sovereigns', 'L1-008-L2-01', 'Y', 'Enterprise Data Office', 'ACTIVE', 0, '2024-11-22', 3);
INSERT INTO l1.enterprise_business_taxonomy (managed_segment_id, segment_code, segment_name, parent_segment_id, created_ts, updated_ts, change_event, comments, create_update_date, description, effective_date, long_description, parent, parent_leaf, requestor, status, substatus, substatus_effective_to_date, tree_level) VALUES (224, 'L1-008-L2-02', 'Central Banks', 220, '2024-10-28 10:45:00', '2024-09-27 14:49:00', 'MOCK_LOAD', 'Generated for Portfolio Analysis View', '2024-11-24', 'Central Banks', '2024-11-26', 'Central Banks portfolio under Public Sector', 'L1-008', 'N', 'Enterprise Data Office', 'ACTIVE', 0, '2024-01-24', 2);
INSERT INTO l1.enterprise_business_taxonomy (managed_segment_id, segment_code, segment_name, parent_segment_id, created_ts, updated_ts, change_event, comments, create_update_date, description, effective_date, long_description, parent, parent_leaf, requestor, status, substatus, substatus_effective_to_date, tree_level) VALUES (225, 'L1-008-L2-02-L3-01', 'Reserve Management Desk', 224, '2024-02-21 21:14:00', '2024-12-12 19:53:00', 'MOCK_LOAD', 'Generated for Portfolio Analysis View', '2024-11-26', 'Reserve Management Desk', '2024-04-03', 'Reserve Management Desk desk under Central Banks', 'L1-008-L2-02', 'Y', 'Enterprise Data Office', 'ACTIVE', 0, '2024-02-25', 3);
INSERT INTO l1.enterprise_business_taxonomy (managed_segment_id, segment_code, segment_name, parent_segment_id, created_ts, updated_ts, change_event, comments, create_update_date, description, effective_date, long_description, parent, parent_leaf, requestor, status, substatus, substatus_effective_to_date, tree_level) VALUES (226, 'L1-008-L2-02-L3-02', 'Central Bank Services Desk', 224, '2024-01-09 14:39:00', '2024-04-29 10:03:00', 'MOCK_LOAD', 'Generated for Portfolio Analysis View', '2024-07-30', 'Central Bank Services Desk', '2024-04-04', 'Central Bank Services Desk desk under Central Banks', 'L1-008-L2-02', 'Y', 'Enterprise Data Office', 'ACTIVE', 0, '2024-04-26', 3);
INSERT INTO l1.enterprise_business_taxonomy (managed_segment_id, segment_code, segment_name, parent_segment_id, created_ts, updated_ts, change_event, comments, create_update_date, description, effective_date, long_description, parent, parent_leaf, requestor, status, substatus, substatus_effective_to_date, tree_level) VALUES (227, 'L1-008-L2-03', 'Agencies & GSEs', 220, '2024-12-05 03:12:00', '2024-12-26 10:18:00', 'MOCK_LOAD', 'Generated for Portfolio Analysis View', '2024-06-10', 'Agencies & GSEs', '2024-11-06', 'Agencies & GSEs portfolio under Public Sector', 'L1-008', 'N', 'Enterprise Data Office', 'ACTIVE', 0, '2024-07-31', 2);
INSERT INTO l1.enterprise_business_taxonomy (managed_segment_id, segment_code, segment_name, parent_segment_id, created_ts, updated_ts, change_event, comments, create_update_date, description, effective_date, long_description, parent, parent_leaf, requestor, status, substatus, substatus_effective_to_date, tree_level) VALUES (228, 'L1-008-L2-03-L3-01', 'Housing GSEs Desk', 227, '2024-10-09 10:51:00', '2024-02-27 09:17:00', 'MOCK_LOAD', 'Generated for Portfolio Analysis View', '2024-05-16', 'Housing GSEs Desk', '2024-05-13', 'Housing GSEs Desk desk under Agencies & GSEs', 'L1-008-L2-03', 'Y', 'Enterprise Data Office', 'ACTIVE', 0, '2024-12-07', 3);
INSERT INTO l1.enterprise_business_taxonomy (managed_segment_id, segment_code, segment_name, parent_segment_id, created_ts, updated_ts, change_event, comments, create_update_date, description, effective_date, long_description, parent, parent_leaf, requestor, status, substatus, substatus_effective_to_date, tree_level) VALUES (229, 'L1-008-L2-03-L3-02', 'Government Agencies Desk', 227, '2024-08-22 08:56:00', '2024-07-23 01:49:00', 'MOCK_LOAD', 'Generated for Portfolio Analysis View', '2024-12-20', 'Government Agencies Desk', '2024-10-18', 'Government Agencies Desk desk under Agencies & GSEs', 'L1-008-L2-03', 'Y', 'Enterprise Data Office', 'ACTIVE', 0, '2024-03-10', 3);
INSERT INTO l1.enterprise_business_taxonomy (managed_segment_id, segment_code, segment_name, parent_segment_id, created_ts, updated_ts, change_event, comments, create_update_date, description, effective_date, long_description, parent, parent_leaf, requestor, status, substatus, substatus_effective_to_date, tree_level) VALUES (230, 'L1-008-L2-04', 'Municipal Finance', 220, '2024-12-05 22:04:00', '2024-01-20 15:37:00', 'MOCK_LOAD', 'Generated for Portfolio Analysis View', '2024-01-03', 'Municipal Finance', '2024-08-31', 'Municipal Finance portfolio under Public Sector', 'L1-008', 'N', 'Enterprise Data Office', 'ACTIVE', 0, '2024-08-28', 2);
INSERT INTO l1.enterprise_business_taxonomy (managed_segment_id, segment_code, segment_name, parent_segment_id, created_ts, updated_ts, change_event, comments, create_update_date, description, effective_date, long_description, parent, parent_leaf, requestor, status, substatus, substatus_effective_to_date, tree_level) VALUES (231, 'L1-008-L2-04-L3-01', 'General Obligation Bonds Desk', 230, '2024-10-31 10:20:00', '2024-03-15 01:32:00', 'MOCK_LOAD', 'Generated for Portfolio Analysis View', '2024-07-05', 'General Obligation Bonds Desk', '2024-09-03', 'General Obligation Bonds Desk desk under Municipal Finance', 'L1-008-L2-04', 'Y', 'Enterprise Data Office', 'ACTIVE', 0, '2024-10-09', 3);
INSERT INTO l1.enterprise_business_taxonomy (managed_segment_id, segment_code, segment_name, parent_segment_id, created_ts, updated_ts, change_event, comments, create_update_date, description, effective_date, long_description, parent, parent_leaf, requestor, status, substatus, substatus_effective_to_date, tree_level) VALUES (232, 'L1-008-L2-04-L3-02', 'Revenue Bonds Desk', 230, '2024-05-20 20:14:00', '2024-10-17 12:20:00', 'MOCK_LOAD', 'Generated for Portfolio Analysis View', '2024-07-27', 'Revenue Bonds Desk', '2024-10-29', 'Revenue Bonds Desk desk under Municipal Finance', 'L1-008-L2-04', 'Y', 'Enterprise Data Office', 'ACTIVE', 0, '2024-04-09', 3);
INSERT INTO l1.enterprise_business_taxonomy (managed_segment_id, segment_code, segment_name, parent_segment_id, created_ts, updated_ts, change_event, comments, create_update_date, description, effective_date, long_description, parent, parent_leaf, requestor, status, substatus, substatus_effective_to_date, tree_level) VALUES (233, 'L1-008-L2-05', 'Multilateral Institutions', 220, '2024-05-18 22:31:00', '2024-03-12 03:33:00', 'MOCK_LOAD', 'Generated for Portfolio Analysis View', '2024-12-23', 'Multilateral Institutions', '2024-02-29', 'Multilateral Institutions portfolio under Public Sector', 'L1-008', 'N', 'Enterprise Data Office', 'ACTIVE', 0, '2024-01-08', 2);
INSERT INTO l1.enterprise_business_taxonomy (managed_segment_id, segment_code, segment_name, parent_segment_id, created_ts, updated_ts, change_event, comments, create_update_date, description, effective_date, long_description, parent, parent_leaf, requestor, status, substatus, substatus_effective_to_date, tree_level) VALUES (234, 'L1-008-L2-05-L3-01', 'Development Banks Desk', 233, '2024-11-04 13:04:00', '2024-02-27 22:57:00', 'MOCK_LOAD', 'Generated for Portfolio Analysis View', '2024-02-28', 'Development Banks Desk', '2024-10-18', 'Development Banks Desk desk under Multilateral Institutions', 'L1-008-L2-05', 'Y', 'Enterprise Data Office', 'ACTIVE', 0, '2024-06-08', 3);
INSERT INTO l1.enterprise_business_taxonomy (managed_segment_id, segment_code, segment_name, parent_segment_id, created_ts, updated_ts, change_event, comments, create_update_date, description, effective_date, long_description, parent, parent_leaf, requestor, status, substatus, substatus_effective_to_date, tree_level) VALUES (235, 'L1-008-L2-05-L3-02', 'Supranational Desk', 233, '2024-03-04 21:05:00', '2024-07-18 15:35:00', 'MOCK_LOAD', 'Generated for Portfolio Analysis View', '2024-07-15', 'Supranational Desk', '2024-11-04', 'Supranational Desk desk under Multilateral Institutions', 'L1-008-L2-05', 'Y', 'Enterprise Data Office', 'ACTIVE', 0, '2024-11-10', 3);
INSERT INTO l1.enterprise_business_taxonomy (managed_segment_id, segment_code, segment_name, parent_segment_id, created_ts, updated_ts, change_event, comments, create_update_date, description, effective_date, long_description, parent, parent_leaf, requestor, status, substatus, substatus_effective_to_date, tree_level) VALUES (236, 'L1-009', 'Other / Corporate', 249, '2024-09-19 14:37:00', '2024-05-02 04:02:00', 'MOCK_LOAD', 'Generated for Portfolio Analysis View', '2024-05-18', 'Other / Corporate', '2024-03-08', 'Other / Corporate department', 'L0-001', 'N', 'Enterprise Data Office', 'ACTIVE', 0, '2024-10-11', 1);
INSERT INTO l1.enterprise_business_taxonomy (managed_segment_id, segment_code, segment_name, parent_segment_id, created_ts, updated_ts, change_event, comments, create_update_date, description, effective_date, long_description, parent, parent_leaf, requestor, status, substatus, substatus_effective_to_date, tree_level) VALUES (237, 'L1-009-L2-01', 'Intercompany / Intragroup', 236, '2024-02-26 19:48:00', '2024-09-26 10:24:00', 'MOCK_LOAD', 'Generated for Portfolio Analysis View', '2024-06-26', 'Intercompany / Intragroup', '2024-12-23', 'Intercompany / Intragroup portfolio under Other / Corporate', 'L1-009', 'N', 'Enterprise Data Office', 'ACTIVE', 0, '2024-06-09', 2);
INSERT INTO l1.enterprise_business_taxonomy (managed_segment_id, segment_code, segment_name, parent_segment_id, created_ts, updated_ts, change_event, comments, create_update_date, description, effective_date, long_description, parent, parent_leaf, requestor, status, substatus, substatus_effective_to_date, tree_level) VALUES (238, 'L1-009-L2-01-L3-01', 'Intercompany Funding Desk', 237, '2024-06-27 01:17:00', '2024-04-08 15:49:00', 'MOCK_LOAD', 'Generated for Portfolio Analysis View', '2024-04-19', 'Intercompany Funding Desk', '2024-03-12', 'Intercompany Funding Desk desk under Intercompany / Intragroup', 'L1-009-L2-01', 'Y', 'Enterprise Data Office', 'ACTIVE', 0, '2024-02-16', 3);
INSERT INTO l1.enterprise_business_taxonomy (managed_segment_id, segment_code, segment_name, parent_segment_id, created_ts, updated_ts, change_event, comments, create_update_date, description, effective_date, long_description, parent, parent_leaf, requestor, status, substatus, substatus_effective_to_date, tree_level) VALUES (239, 'L1-009-L2-01-L3-02', 'Internal Guarantees & Support Desk', 237, '2024-01-31 13:08:00', '2024-04-20 15:41:00', 'MOCK_LOAD', 'Generated for Portfolio Analysis View', '2024-02-13', 'Internal Guarantees & Support Desk', '2024-06-22', 'Internal Guarantees & Support Desk desk under Intercompany / Intragroup', 'L1-009-L2-01', 'Y', 'Enterprise Data Office', 'ACTIVE', 0, '2024-02-29', 3);
INSERT INTO l1.enterprise_business_taxonomy (managed_segment_id, segment_code, segment_name, parent_segment_id, created_ts, updated_ts, change_event, comments, create_update_date, description, effective_date, long_description, parent, parent_leaf, requestor, status, substatus, substatus_effective_to_date, tree_level) VALUES (240, 'L1-009-L2-02', 'Legacy Portfolios', 236, '2024-02-23 05:02:00', '2024-08-10 08:01:00', 'MOCK_LOAD', 'Generated for Portfolio Analysis View', '2024-09-05', 'Legacy Portfolios', '2024-02-19', 'Legacy Portfolios portfolio under Other / Corporate', 'L1-009', 'N', 'Enterprise Data Office', 'ACTIVE', 0, '2024-08-28', 2);
INSERT INTO l1.enterprise_business_taxonomy (managed_segment_id, segment_code, segment_name, parent_segment_id, created_ts, updated_ts, change_event, comments, create_update_date, description, effective_date, long_description, parent, parent_leaf, requestor, status, substatus, substatus_effective_to_date, tree_level) VALUES (241, 'L1-009-L2-02-L3-01', 'Non-Core Credit Desk', 240, '2024-08-02 17:39:00', '2024-09-27 21:32:00', 'MOCK_LOAD', 'Generated for Portfolio Analysis View', '2024-02-18', 'Non-Core Credit Desk', '2024-11-15', 'Non-Core Credit Desk desk under Legacy Portfolios', 'L1-009-L2-02', 'Y', 'Enterprise Data Office', 'ACTIVE', 0, '2024-11-09', 3);
INSERT INTO l1.enterprise_business_taxonomy (managed_segment_id, segment_code, segment_name, parent_segment_id, created_ts, updated_ts, change_event, comments, create_update_date, description, effective_date, long_description, parent, parent_leaf, requestor, status, substatus, substatus_effective_to_date, tree_level) VALUES (242, 'L1-009-L2-02-L3-02', 'Run-Off Asset Management Desk', 240, '2024-01-15 18:31:00', '2024-06-17 20:24:00', 'MOCK_LOAD', 'Generated for Portfolio Analysis View', '2024-03-04', 'Run-Off Asset Management Desk', '2024-09-20', 'Run-Off Asset Management Desk desk under Legacy Portfolios', 'L1-009-L2-02', 'Y', 'Enterprise Data Office', 'ACTIVE', 0, '2024-12-04', 3);
INSERT INTO l1.enterprise_business_taxonomy (managed_segment_id, segment_code, segment_name, parent_segment_id, created_ts, updated_ts, change_event, comments, create_update_date, description, effective_date, long_description, parent, parent_leaf, requestor, status, substatus, substatus_effective_to_date, tree_level) VALUES (243, 'L1-009-L2-03', 'Wind-Down Units', 236, '2024-12-10 14:08:00', '2024-12-02 03:01:00', 'MOCK_LOAD', 'Generated for Portfolio Analysis View', '2024-05-30', 'Wind-Down Units', '2024-04-25', 'Wind-Down Units portfolio under Other / Corporate', 'L1-009', 'N', 'Enterprise Data Office', 'ACTIVE', 0, '2024-05-13', 2);
INSERT INTO l1.enterprise_business_taxonomy (managed_segment_id, segment_code, segment_name, parent_segment_id, created_ts, updated_ts, change_event, comments, create_update_date, description, effective_date, long_description, parent, parent_leaf, requestor, status, substatus, substatus_effective_to_date, tree_level) VALUES (244, 'L1-009-L2-03-L3-01', 'Resolution & Recovery Desk', 243, '2024-07-21 06:41:00', '2024-04-07 17:18:00', 'MOCK_LOAD', 'Generated for Portfolio Analysis View', '2024-06-20', 'Resolution & Recovery Desk', '2024-06-09', 'Resolution & Recovery Desk desk under Wind-Down Units', 'L1-009-L2-03', 'Y', 'Enterprise Data Office', 'ACTIVE', 0, '2024-08-13', 3);
INSERT INTO l1.enterprise_business_taxonomy (managed_segment_id, segment_code, segment_name, parent_segment_id, created_ts, updated_ts, change_event, comments, create_update_date, description, effective_date, long_description, parent, parent_leaf, requestor, status, substatus, substatus_effective_to_date, tree_level) VALUES (245, 'L1-009-L2-03-L3-02', 'Asset Disposition Desk', 243, '2024-08-06 15:04:00', '2024-09-14 07:17:00', 'MOCK_LOAD', 'Generated for Portfolio Analysis View', '2024-03-10', 'Asset Disposition Desk', '2024-08-05', 'Asset Disposition Desk desk under Wind-Down Units', 'L1-009-L2-03', 'Y', 'Enterprise Data Office', 'ACTIVE', 0, '2024-04-19', 3);
INSERT INTO l1.enterprise_business_taxonomy (managed_segment_id, segment_code, segment_name, parent_segment_id, created_ts, updated_ts, change_event, comments, create_update_date, description, effective_date, long_description, parent, parent_leaf, requestor, status, substatus, substatus_effective_to_date, tree_level) VALUES (246, 'L1-009-L2-04', 'Corporate Investments', 236, '2024-09-14 23:31:00', '2024-12-24 18:39:00', 'MOCK_LOAD', 'Generated for Portfolio Analysis View', '2024-12-03', 'Corporate Investments', '2024-03-06', 'Corporate Investments portfolio under Other / Corporate', 'L1-009', 'N', 'Enterprise Data Office', 'ACTIVE', 0, '2024-12-15', 2);
INSERT INTO l1.enterprise_business_taxonomy (managed_segment_id, segment_code, segment_name, parent_segment_id, created_ts, updated_ts, change_event, comments, create_update_date, description, effective_date, long_description, parent, parent_leaf, requestor, status, substatus, substatus_effective_to_date, tree_level) VALUES (247, 'L1-009-L2-04-L3-01', 'Strategic Equity Investments Desk', 246, '2024-11-20 13:55:00', '2024-06-30 01:05:00', 'MOCK_LOAD', 'Generated for Portfolio Analysis View', '2024-06-20', 'Strategic Equity Investments Desk', '2024-02-10', 'Strategic Equity Investments Desk desk under Corporate Investments', 'L1-009-L2-04', 'Y', 'Enterprise Data Office', 'ACTIVE', 0, '2024-07-18', 3);
INSERT INTO l1.enterprise_business_taxonomy (managed_segment_id, segment_code, segment_name, parent_segment_id, created_ts, updated_ts, change_event, comments, create_update_date, description, effective_date, long_description, parent, parent_leaf, requestor, status, substatus, substatus_effective_to_date, tree_level) VALUES (248, 'L1-009-L2-04-L3-02', 'Joint Ventures & Partnerships Desk', 246, '2024-03-23 01:21:00', '2024-11-05 00:29:00', 'MOCK_LOAD', 'Generated for Portfolio Analysis View', '2024-09-06', 'Joint Ventures & Partnerships Desk', '2024-07-22', 'Joint Ventures & Partnerships Desk desk under Corporate Investments', 'L1-009-L2-04', 'Y', 'Enterprise Data Office', 'ACTIVE', 0, '2024-11-06', 3);

-- enterprise_product_taxonomy (123 rows: 5 tiers + 18 product types + 100 product codes)
-- Level 1: Tiers (IDs 1001-1005)
INSERT INTO l1.enterprise_product_taxonomy (product_node_id, product_code, product_name, parent_node_id, created_ts, updated_ts, change_event, comments, create_update_date, description, effective_date, fr2590_category_code, long_description, parent, parent_leaf, requestor, status, substatus, substatus_effective_to_date, tree_level) VALUES (1001, 'WLC', 'Wholesale Loans & Commitments', NULL, '2024-06-15', '2024-06-15 12:00:00', 'INITIAL_LOAD', 'Enterprise product taxonomy tier', '2024-06-15', 'Wholesale Loans & Commitments', '2024-06-15', '1', 'All wholesale lending products including term loans, revolving credit, bridge financing, and unfunded commitments', 'ROOT', 'N', 'Enterprise Data Office', 'ACTIVE', 0, '2024-06-15', 1);
INSERT INTO l1.enterprise_product_taxonomy (product_node_id, product_code, product_name, parent_node_id, created_ts, updated_ts, change_event, comments, create_update_date, description, effective_date, fr2590_category_code, long_description, parent, parent_leaf, requestor, status, substatus, substatus_effective_to_date, tree_level) VALUES (1002, 'SFT', 'Securities Financing Transactions', NULL, '2024-06-15', '2024-06-15 12:00:00', 'INITIAL_LOAD', 'Enterprise product taxonomy tier', '2024-06-15', 'Securities Financing Transactions', '2024-06-15', '10', 'Repurchase agreements, securities lending, and margin lending', 'ROOT', 'N', 'Enterprise Data Office', 'ACTIVE', 0, '2024-06-15', 1);
INSERT INTO l1.enterprise_product_taxonomy (product_node_id, product_code, product_name, parent_node_id, created_ts, updated_ts, change_event, comments, create_update_date, description, effective_date, fr2590_category_code, long_description, parent, parent_leaf, requestor, status, substatus, substatus_effective_to_date, tree_level) VALUES (1003, 'DRV', 'Derivatives', NULL, '2024-06-15', '2024-06-15 12:00:00', 'INITIAL_LOAD', 'Enterprise product taxonomy tier', '2024-06-15', 'Derivatives', '2024-06-15', '10', 'Interest rate, FX, credit, and equity derivative instruments', 'ROOT', 'N', 'Enterprise Data Office', 'ACTIVE', 0, '2024-06-15', 1);
INSERT INTO l1.enterprise_product_taxonomy (product_node_id, product_code, product_name, parent_node_id, created_ts, updated_ts, change_event, comments, create_update_date, description, effective_date, fr2590_category_code, long_description, parent, parent_leaf, requestor, status, substatus, substatus_effective_to_date, tree_level) VALUES (1004, 'TF', 'Trade Finance & Letters of Credit', NULL, '2024-06-15', '2024-06-15 12:00:00', 'INITIAL_LOAD', 'Enterprise product taxonomy tier', '2024-06-15', 'Trade Finance & Letters of Credit', '2024-06-15', '2', 'Letters of credit, trade finance facilities, and guarantees', 'ROOT', 'N', 'Enterprise Data Office', 'ACTIVE', 0, '2024-06-15', 1);
INSERT INTO l1.enterprise_product_taxonomy (product_node_id, product_code, product_name, parent_node_id, created_ts, updated_ts, change_event, comments, create_update_date, description, effective_date, fr2590_category_code, long_description, parent, parent_leaf, requestor, status, substatus, substatus_effective_to_date, tree_level) VALUES (1005, 'CM', 'Capital Markets', NULL, '2024-06-15', '2024-06-15 12:00:00', 'INITIAL_LOAD', 'Enterprise product taxonomy tier', '2024-06-15', 'Capital Markets', '2024-06-15', '10', 'Corporate bonds, commercial paper, money market, and structured finance products', 'ROOT', 'N', 'Enterprise Data Office', 'ACTIVE', 0, '2024-06-15', 1);
-- Level 2: Product Types (IDs 1011-1028)
INSERT INTO l1.enterprise_product_taxonomy (product_node_id, product_code, product_name, parent_node_id, created_ts, updated_ts, change_event, comments, create_update_date, description, effective_date, fr2590_category_code, long_description, parent, parent_leaf, requestor, status, substatus, substatus_effective_to_date, tree_level) VALUES (1011, 'TL', 'Term Loans', 1001, '2024-06-15', '2024-06-15 12:00:00', 'INITIAL_LOAD', 'Product type under Wholesale Loans', '2024-06-15', 'Term Loans', '2024-06-15', '1', 'Funded term loan facilities with scheduled amortization or bullet maturity', 'WLC', 'N', 'Enterprise Data Office', 'ACTIVE', 0, '2024-06-15', 2);
INSERT INTO l1.enterprise_product_taxonomy (product_node_id, product_code, product_name, parent_node_id, created_ts, updated_ts, change_event, comments, create_update_date, description, effective_date, fr2590_category_code, long_description, parent, parent_leaf, requestor, status, substatus, substatus_effective_to_date, tree_level) VALUES (1012, 'REV', 'Revolving Credit', 1001, '2024-06-15', '2024-06-15 12:00:00', 'INITIAL_LOAD', 'Product type under Wholesale Loans', '2024-06-15', 'Revolving Credit', '2024-06-15', '2', 'Revolving credit facilities allowing draw-down and repayment within commitment', 'WLC', 'N', 'Enterprise Data Office', 'ACTIVE', 0, '2024-06-15', 2);
INSERT INTO l1.enterprise_product_taxonomy (product_node_id, product_code, product_name, parent_node_id, created_ts, updated_ts, change_event, comments, create_update_date, description, effective_date, fr2590_category_code, long_description, parent, parent_leaf, requestor, status, substatus, substatus_effective_to_date, tree_level) VALUES (1013, 'BRG', 'Bridge Financing', 1001, '2024-06-15', '2024-06-15 12:00:00', 'INITIAL_LOAD', 'Product type under Wholesale Loans', '2024-06-15', 'Bridge Financing', '2024-06-15', '1', 'Short-term bridge facilities pending permanent financing or capital markets take-out', 'WLC', 'N', 'Enterprise Data Office', 'ACTIVE', 0, '2024-06-15', 2);
INSERT INTO l1.enterprise_product_taxonomy (product_node_id, product_code, product_name, parent_node_id, created_ts, updated_ts, change_event, comments, create_update_date, description, effective_date, fr2590_category_code, long_description, parent, parent_leaf, requestor, status, substatus, substatus_effective_to_date, tree_level) VALUES (1014, 'CMT', 'Commitments (Unfunded)', 1001, '2024-06-15', '2024-06-15 12:00:00', 'INITIAL_LOAD', 'Product type under Wholesale Loans', '2024-06-15', 'Commitments (Unfunded)', '2024-06-15', '2', 'Unfunded commitments including unconditional and conditional facilities', 'WLC', 'N', 'Enterprise Data Office', 'ACTIVE', 0, '2024-06-15', 2);
INSERT INTO l1.enterprise_product_taxonomy (product_node_id, product_code, product_name, parent_node_id, created_ts, updated_ts, change_event, comments, create_update_date, description, effective_date, fr2590_category_code, long_description, parent, parent_leaf, requestor, status, substatus, substatus_effective_to_date, tree_level) VALUES (1015, 'REPO', 'Repurchase Agreements', 1002, '2024-06-15', '2024-06-15 12:00:00', 'INITIAL_LOAD', 'Product type under SFT', '2024-06-15', 'Repurchase Agreements', '2024-06-15', '10', 'Securities sold under agreement to repurchase (repos and reverse repos)', 'SFT', 'N', 'Enterprise Data Office', 'ACTIVE', 0, '2024-06-15', 2);
INSERT INTO l1.enterprise_product_taxonomy (product_node_id, product_code, product_name, parent_node_id, created_ts, updated_ts, change_event, comments, create_update_date, description, effective_date, fr2590_category_code, long_description, parent, parent_leaf, requestor, status, substatus, substatus_effective_to_date, tree_level) VALUES (1016, 'SLND', 'Securities Lending', 1002, '2024-06-15', '2024-06-15 12:00:00', 'INITIAL_LOAD', 'Product type under SFT', '2024-06-15', 'Securities Lending', '2024-06-15', '10', 'Securities borrowing and lending transactions', 'SFT', 'N', 'Enterprise Data Office', 'ACTIVE', 0, '2024-06-15', 2);
INSERT INTO l1.enterprise_product_taxonomy (product_node_id, product_code, product_name, parent_node_id, created_ts, updated_ts, change_event, comments, create_update_date, description, effective_date, fr2590_category_code, long_description, parent, parent_leaf, requestor, status, substatus, substatus_effective_to_date, tree_level) VALUES (1017, 'MRGN', 'Margin Lending', 1002, '2024-06-15', '2024-06-15 12:00:00', 'INITIAL_LOAD', 'Product type under SFT', '2024-06-15', 'Margin Lending', '2024-06-15', '10', 'Margin loans and prime brokerage financing', 'SFT', 'N', 'Enterprise Data Office', 'ACTIVE', 0, '2024-06-15', 2);
INSERT INTO l1.enterprise_product_taxonomy (product_node_id, product_code, product_name, parent_node_id, created_ts, updated_ts, change_event, comments, create_update_date, description, effective_date, fr2590_category_code, long_description, parent, parent_leaf, requestor, status, substatus, substatus_effective_to_date, tree_level) VALUES (1018, 'IRD', 'Interest Rate Derivatives', 1003, '2024-06-15', '2024-06-15 12:00:00', 'INITIAL_LOAD', 'Product type under Derivatives', '2024-06-15', 'Interest Rate Derivatives', '2024-06-15', '10', 'Interest rate swaps, caps, floors, swaptions, and FRAs', 'DRV', 'N', 'Enterprise Data Office', 'ACTIVE', 0, '2024-06-15', 2);
INSERT INTO l1.enterprise_product_taxonomy (product_node_id, product_code, product_name, parent_node_id, created_ts, updated_ts, change_event, comments, create_update_date, description, effective_date, fr2590_category_code, long_description, parent, parent_leaf, requestor, status, substatus, substatus_effective_to_date, tree_level) VALUES (1019, 'FXD', 'FX Derivatives', 1003, '2024-06-15', '2024-06-15 12:00:00', 'INITIAL_LOAD', 'Product type under Derivatives', '2024-06-15', 'FX Derivatives', '2024-06-15', '10', 'FX forwards, swaps, options, NDFs, and cross-currency swaps', 'DRV', 'N', 'Enterprise Data Office', 'ACTIVE', 0, '2024-06-15', 2);
INSERT INTO l1.enterprise_product_taxonomy (product_node_id, product_code, product_name, parent_node_id, created_ts, updated_ts, change_event, comments, create_update_date, description, effective_date, fr2590_category_code, long_description, parent, parent_leaf, requestor, status, substatus, substatus_effective_to_date, tree_level) VALUES (1020, 'CRD', 'Credit Derivatives', 1003, '2024-06-15', '2024-06-15 12:00:00', 'INITIAL_LOAD', 'Product type under Derivatives', '2024-06-15', 'Credit Derivatives', '2024-06-15', '10', 'CDS, total return swaps, CLNs, and index CDS', 'DRV', 'N', 'Enterprise Data Office', 'ACTIVE', 0, '2024-06-15', 2);
INSERT INTO l1.enterprise_product_taxonomy (product_node_id, product_code, product_name, parent_node_id, created_ts, updated_ts, change_event, comments, create_update_date, description, effective_date, fr2590_category_code, long_description, parent, parent_leaf, requestor, status, substatus, substatus_effective_to_date, tree_level) VALUES (1021, 'EQD', 'Equity Derivatives', 1003, '2024-06-15', '2024-06-15 12:00:00', 'INITIAL_LOAD', 'Product type under Derivatives', '2024-06-15', 'Equity Derivatives', '2024-06-15', '10', 'Equity swaps, options, variance swaps, and convertible options', 'DRV', 'N', 'Enterprise Data Office', 'ACTIVE', 0, '2024-06-15', 2);
INSERT INTO l1.enterprise_product_taxonomy (product_node_id, product_code, product_name, parent_node_id, created_ts, updated_ts, change_event, comments, create_update_date, description, effective_date, fr2590_category_code, long_description, parent, parent_leaf, requestor, status, substatus, substatus_effective_to_date, tree_level) VALUES (1022, 'LOC', 'Letters of Credit', 1004, '2024-06-15', '2024-06-15 12:00:00', 'INITIAL_LOAD', 'Product type under Trade Finance', '2024-06-15', 'Letters of Credit', '2024-06-15', '2', 'Standby and commercial letters of credit', 'TF', 'N', 'Enterprise Data Office', 'ACTIVE', 0, '2024-06-15', 2);
INSERT INTO l1.enterprise_product_taxonomy (product_node_id, product_code, product_name, parent_node_id, created_ts, updated_ts, change_event, comments, create_update_date, description, effective_date, fr2590_category_code, long_description, parent, parent_leaf, requestor, status, substatus, substatus_effective_to_date, tree_level) VALUES (1023, 'TRF', 'Trade Finance Facilities', 1004, '2024-06-15', '2024-06-15 12:00:00', 'INITIAL_LOAD', 'Product type under Trade Finance', '2024-06-15', 'Trade Finance Facilities', '2024-06-15', '1', 'Supply chain finance, forfaiting, and factoring', 'TF', 'N', 'Enterprise Data Office', 'ACTIVE', 0, '2024-06-15', 2);
INSERT INTO l1.enterprise_product_taxonomy (product_node_id, product_code, product_name, parent_node_id, created_ts, updated_ts, change_event, comments, create_update_date, description, effective_date, fr2590_category_code, long_description, parent, parent_leaf, requestor, status, substatus, substatus_effective_to_date, tree_level) VALUES (1024, 'GUAR', 'Guarantees', 1004, '2024-06-15', '2024-06-15 12:00:00', 'INITIAL_LOAD', 'Product type under Trade Finance', '2024-06-15', 'Guarantees', '2024-06-15', '2', 'Financial and performance guarantees, bid bonds, and customs bonds', 'TF', 'N', 'Enterprise Data Office', 'ACTIVE', 0, '2024-06-15', 2);
INSERT INTO l1.enterprise_product_taxonomy (product_node_id, product_code, product_name, parent_node_id, created_ts, updated_ts, change_event, comments, create_update_date, description, effective_date, fr2590_category_code, long_description, parent, parent_leaf, requestor, status, substatus, substatus_effective_to_date, tree_level) VALUES (1025, 'BOND', 'Corporate Bonds', 1005, '2024-06-15', '2024-06-15 12:00:00', 'INITIAL_LOAD', 'Product type under Capital Markets', '2024-06-15', 'Corporate Bonds', '2024-06-15', '1', 'Investment grade, high yield, convertible, and subordinated bonds', 'CM', 'N', 'Enterprise Data Office', 'ACTIVE', 0, '2024-06-15', 2);
INSERT INTO l1.enterprise_product_taxonomy (product_node_id, product_code, product_name, parent_node_id, created_ts, updated_ts, change_event, comments, create_update_date, description, effective_date, fr2590_category_code, long_description, parent, parent_leaf, requestor, status, substatus, substatus_effective_to_date, tree_level) VALUES (1026, 'CPR', 'Commercial Paper', 1005, '2024-06-15', '2024-06-15 12:00:00', 'INITIAL_LOAD', 'Product type under Capital Markets', '2024-06-15', 'Commercial Paper', '2024-06-15', '10', 'A1/P1 and A2/P2 commercial paper, euro CP, and ABCP', 'CM', 'N', 'Enterprise Data Office', 'ACTIVE', 0, '2024-06-15', 2);
INSERT INTO l1.enterprise_product_taxonomy (product_node_id, product_code, product_name, parent_node_id, created_ts, updated_ts, change_event, comments, create_update_date, description, effective_date, fr2590_category_code, long_description, parent, parent_leaf, requestor, status, substatus, substatus_effective_to_date, tree_level) VALUES (1027, 'MMK', 'Money Market', 1005, '2024-06-15', '2024-06-15 12:00:00', 'INITIAL_LOAD', 'Product type under Capital Markets', '2024-06-15', 'Money Market', '2024-06-15', '10', 'Money market deposits, funds, T-bills, and bankers acceptances', 'CM', 'N', 'Enterprise Data Office', 'ACTIVE', 0, '2024-06-15', 2);
INSERT INTO l1.enterprise_product_taxonomy (product_node_id, product_code, product_name, parent_node_id, created_ts, updated_ts, change_event, comments, create_update_date, description, effective_date, fr2590_category_code, long_description, parent, parent_leaf, requestor, status, substatus, substatus_effective_to_date, tree_level) VALUES (1028, 'STRF', 'Structured Finance', 1005, '2024-06-15', '2024-06-15 12:00:00', 'INITIAL_LOAD', 'Product type under Capital Markets', '2024-06-15', 'Structured Finance', '2024-06-15', '1', 'CLOs, MBS, ABS, CMBS, and CDO tranches', 'CM', 'N', 'Enterprise Data Office', 'ACTIVE', 0, '2024-06-15', 2);
-- Level 3: Product Codes — leaf nodes (IDs 1-100)
-- Term Loans (parent=1011)
INSERT INTO l1.enterprise_product_taxonomy (product_node_id, product_code, product_name, parent_node_id, created_ts, updated_ts, change_event, comments, create_update_date, description, effective_date, fr2590_category_code, long_description, parent, parent_leaf, requestor, status, substatus, substatus_effective_to_date, tree_level) VALUES (1, 'TLA', 'Term Loan A', 1011, '2024-06-15', '2024-06-15 12:00:00', 'INITIAL_LOAD', 'Leaf product code', '2024-06-15', 'Term Loan A', '2024-06-15', '1', 'Senior secured term loan with scheduled amortization (pro-rata tranche)', 'TL', 'Y', 'Enterprise Data Office', 'ACTIVE', 0, '2024-06-15', 3);
INSERT INTO l1.enterprise_product_taxonomy (product_node_id, product_code, product_name, parent_node_id, created_ts, updated_ts, change_event, comments, create_update_date, description, effective_date, fr2590_category_code, long_description, parent, parent_leaf, requestor, status, substatus, substatus_effective_to_date, tree_level) VALUES (2, 'TLB', 'Term Loan B', 1011, '2024-06-15', '2024-06-15 12:00:00', 'INITIAL_LOAD', 'Leaf product code', '2024-06-15', 'Term Loan B', '2024-06-15', '1', 'Institutional term loan tranche with bullet maturity (covenant-lite)', 'TL', 'Y', 'Enterprise Data Office', 'ACTIVE', 0, '2024-06-15', 3);
INSERT INTO l1.enterprise_product_taxonomy (product_node_id, product_code, product_name, parent_node_id, created_ts, updated_ts, change_event, comments, create_update_date, description, effective_date, fr2590_category_code, long_description, parent, parent_leaf, requestor, status, substatus, substatus_effective_to_date, tree_level) VALUES (3, 'DDTL', 'Delayed Draw Term Loan', 1011, '2024-06-15', '2024-06-15 12:00:00', 'INITIAL_LOAD', 'Leaf product code', '2024-06-15', 'Delayed Draw Term Loan', '2024-06-15', '1', 'Term loan with deferred draw-down period for acquisition or capex funding', 'TL', 'Y', 'Enterprise Data Office', 'ACTIVE', 0, '2024-06-15', 3);
INSERT INTO l1.enterprise_product_taxonomy (product_node_id, product_code, product_name, parent_node_id, created_ts, updated_ts, change_event, comments, create_update_date, description, effective_date, fr2590_category_code, long_description, parent, parent_leaf, requestor, status, substatus, substatus_effective_to_date, tree_level) VALUES (4, 'ABL_TL', 'Asset-Based Term Loan', 1011, '2024-06-15', '2024-06-15 12:00:00', 'INITIAL_LOAD', 'Leaf product code', '2024-06-15', 'Asset-Based Term Loan', '2024-06-15', '1', 'Term loan secured by borrowing base of receivables, inventory, or equipment', 'TL', 'Y', 'Enterprise Data Office', 'ACTIVE', 0, '2024-06-15', 3);
INSERT INTO l1.enterprise_product_taxonomy (product_node_id, product_code, product_name, parent_node_id, created_ts, updated_ts, change_event, comments, create_update_date, description, effective_date, fr2590_category_code, long_description, parent, parent_leaf, requestor, status, substatus, substatus_effective_to_date, tree_level) VALUES (5, 'BILAT_TL', 'Bilateral Term Loan', 1011, '2024-06-15', '2024-06-15 12:00:00', 'INITIAL_LOAD', 'Leaf product code', '2024-06-15', 'Bilateral Term Loan', '2024-06-15', '1', 'Bilateral term loan directly between bank and borrower', 'TL', 'Y', 'Enterprise Data Office', 'ACTIVE', 0, '2024-06-15', 3);
INSERT INTO l1.enterprise_product_taxonomy (product_node_id, product_code, product_name, parent_node_id, created_ts, updated_ts, change_event, comments, create_update_date, description, effective_date, fr2590_category_code, long_description, parent, parent_leaf, requestor, status, substatus, substatus_effective_to_date, tree_level) VALUES (6, 'SYND_TL', 'Syndicated Term Loan', 1011, '2024-06-15', '2024-06-15 12:00:00', 'INITIAL_LOAD', 'Leaf product code', '2024-06-15', 'Syndicated Term Loan', '2024-06-15', '1', 'Term loan underwritten and distributed to a syndicate of lenders', 'TL', 'Y', 'Enterprise Data Office', 'ACTIVE', 0, '2024-06-15', 3);
INSERT INTO l1.enterprise_product_taxonomy (product_node_id, product_code, product_name, parent_node_id, created_ts, updated_ts, change_event, comments, create_update_date, description, effective_date, fr2590_category_code, long_description, parent, parent_leaf, requestor, status, substatus, substatus_effective_to_date, tree_level) VALUES (7, 'CLUB_TL', 'Club Deal Term Loan', 1011, '2024-06-15', '2024-06-15 12:00:00', 'INITIAL_LOAD', 'Leaf product code', '2024-06-15', 'Club Deal Term Loan', '2024-06-15', '1', 'Term loan with small group of relationship lenders (club deal)', 'TL', 'Y', 'Enterprise Data Office', 'ACTIVE', 0, '2024-06-15', 3);
INSERT INTO l1.enterprise_product_taxonomy (product_node_id, product_code, product_name, parent_node_id, created_ts, updated_ts, change_event, comments, create_update_date, description, effective_date, fr2590_category_code, long_description, parent, parent_leaf, requestor, status, substatus, substatus_effective_to_date, tree_level) VALUES (8, 'ACQ_TL', 'Acquisition Term Loan', 1011, '2024-06-15', '2024-06-15 12:00:00', 'INITIAL_LOAD', 'Leaf product code', '2024-06-15', 'Acquisition Term Loan', '2024-06-15', '1', 'Term loan facility specifically for M&A financing', 'TL', 'Y', 'Enterprise Data Office', 'ACTIVE', 0, '2024-06-15', 3);
INSERT INTO l1.enterprise_product_taxonomy (product_node_id, product_code, product_name, parent_node_id, created_ts, updated_ts, change_event, comments, create_update_date, description, effective_date, fr2590_category_code, long_description, parent, parent_leaf, requestor, status, substatus, substatus_effective_to_date, tree_level) VALUES (9, 'RCF', 'Revolving Credit Facility', 1012, '2024-06-15', '2024-06-15 12:00:00', 'INITIAL_LOAD', 'Leaf product code', '2024-06-15', 'Revolving Credit Facility', '2024-06-15', '2', 'Standard revolving credit facility with draw/repay flexibility', 'REV', 'Y', 'Enterprise Data Office', 'ACTIVE', 0, '2024-06-15', 3);
INSERT INTO l1.enterprise_product_taxonomy (product_node_id, product_code, product_name, parent_node_id, created_ts, updated_ts, change_event, comments, create_update_date, description, effective_date, fr2590_category_code, long_description, parent, parent_leaf, requestor, status, substatus, substatus_effective_to_date, tree_level) VALUES (10, 'MCR', 'Multi-Currency Revolver', 1012, '2024-06-15', '2024-06-15 12:00:00', 'INITIAL_LOAD', 'Leaf product code', '2024-06-15', 'Multi-Currency Revolver', '2024-06-15', '2', 'Revolving facility allowing draw-down in multiple currencies', 'REV', 'Y', 'Enterprise Data Office', 'ACTIVE', 0, '2024-06-15', 3);
INSERT INTO l1.enterprise_product_taxonomy (product_node_id, product_code, product_name, parent_node_id, created_ts, updated_ts, change_event, comments, create_update_date, description, effective_date, fr2590_category_code, long_description, parent, parent_leaf, requestor, status, substatus, substatus_effective_to_date, tree_level) VALUES (11, 'ABR', 'Asset-Based Revolver', 1012, '2024-06-15', '2024-06-15 12:00:00', 'INITIAL_LOAD', 'Leaf product code', '2024-06-15', 'Asset-Based Revolver', '2024-06-15', '2', 'Revolving credit secured by receivables and inventory borrowing base', 'REV', 'Y', 'Enterprise Data Office', 'ACTIVE', 0, '2024-06-15', 3);
INSERT INTO l1.enterprise_product_taxonomy (product_node_id, product_code, product_name, parent_node_id, created_ts, updated_ts, change_event, comments, create_update_date, description, effective_date, fr2590_category_code, long_description, parent, parent_leaf, requestor, status, substatus, substatus_effective_to_date, tree_level) VALUES (12, 'SWG', 'Swingline Facility', 1012, '2024-06-15', '2024-06-15 12:00:00', 'INITIAL_LOAD', 'Leaf product code', '2024-06-15', 'Swingline Facility', '2024-06-15', '2', 'Short-term sub-facility for same-day or next-day funding needs', 'REV', 'Y', 'Enterprise Data Office', 'ACTIVE', 0, '2024-06-15', 3);
INSERT INTO l1.enterprise_product_taxonomy (product_node_id, product_code, product_name, parent_node_id, created_ts, updated_ts, change_event, comments, create_update_date, description, effective_date, fr2590_category_code, long_description, parent, parent_leaf, requestor, status, substatus, substatus_effective_to_date, tree_level) VALUES (13, 'R364', '364-Day Revolving Facility', 1012, '2024-06-15', '2024-06-15 12:00:00', 'INITIAL_LOAD', 'Leaf product code', '2024-06-15', '364-Day Revolving Facility', '2024-06-15', '2', 'Short-dated revolving facility (under 1 year) for capital efficiency', 'REV', 'Y', 'Enterprise Data Office', 'ACTIVE', 0, '2024-06-15', 3);
INSERT INTO l1.enterprise_product_taxonomy (product_node_id, product_code, product_name, parent_node_id, created_ts, updated_ts, change_event, comments, create_update_date, description, effective_date, fr2590_category_code, long_description, parent, parent_leaf, requestor, status, substatus, substatus_effective_to_date, tree_level) VALUES (14, 'ULINE', 'Uncommitted Line', 1012, '2024-06-15', '2024-06-15 12:00:00', 'INITIAL_LOAD', 'Leaf product code', '2024-06-15', 'Uncommitted Line', '2024-06-15', '2', 'Uncommitted revolving line provided at discretion of lender', 'REV', 'Y', 'Enterprise Data Office', 'ACTIVE', 0, '2024-06-15', 3);
INSERT INTO l1.enterprise_product_taxonomy (product_node_id, product_code, product_name, parent_node_id, created_ts, updated_ts, change_event, comments, create_update_date, description, effective_date, fr2590_category_code, long_description, parent, parent_leaf, requestor, status, substatus, substatus_effective_to_date, tree_level) VALUES (15, 'OPREV', 'Operating Revolver', 1012, '2024-06-15', '2024-06-15 12:00:00', 'INITIAL_LOAD', 'Leaf product code', '2024-06-15', 'Operating Revolver', '2024-06-15', '2', 'Working capital revolving facility for day-to-day operations', 'REV', 'Y', 'Enterprise Data Office', 'ACTIVE', 0, '2024-06-15', 3);
INSERT INTO l1.enterprise_product_taxonomy (product_node_id, product_code, product_name, parent_node_id, created_ts, updated_ts, change_event, comments, create_update_date, description, effective_date, fr2590_category_code, long_description, parent, parent_leaf, requestor, status, substatus, substatus_effective_to_date, tree_level) VALUES (16, 'WCREV', 'Working Capital Revolver', 1012, '2024-06-15', '2024-06-15 12:00:00', 'INITIAL_LOAD', 'Leaf product code', '2024-06-15', 'Working Capital Revolver', '2024-06-15', '2', 'Revolving credit dedicated to working capital finance', 'REV', 'Y', 'Enterprise Data Office', 'ACTIVE', 0, '2024-06-15', 3);
INSERT INTO l1.enterprise_product_taxonomy (product_node_id, product_code, product_name, parent_node_id, created_ts, updated_ts, change_event, comments, create_update_date, description, effective_date, fr2590_category_code, long_description, parent, parent_leaf, requestor, status, substatus, substatus_effective_to_date, tree_level) VALUES (17, 'BL', 'Bridge Loan', 1013, '2024-06-15', '2024-06-15 12:00:00', 'INITIAL_LOAD', 'Leaf product code', '2024-06-15', 'Bridge Loan', '2024-06-15', '1', 'Short-term bridge facility pending permanent financing', 'BRG', 'Y', 'Enterprise Data Office', 'ACTIVE', 0, '2024-06-15', 3);
INSERT INTO l1.enterprise_product_taxonomy (product_node_id, product_code, product_name, parent_node_id, created_ts, updated_ts, change_event, comments, create_update_date, description, effective_date, fr2590_category_code, long_description, parent, parent_leaf, requestor, status, substatus, substatus_effective_to_date, tree_level) VALUES (18, 'B2B', 'Bridge to Bond', 1013, '2024-06-15', '2024-06-15 12:00:00', 'INITIAL_LOAD', 'Leaf product code', '2024-06-15', 'Bridge to Bond', '2024-06-15', '1', 'Bridge facility with take-out via bond issuance', 'BRG', 'Y', 'Enterprise Data Office', 'ACTIVE', 0, '2024-06-15', 3);
INSERT INTO l1.enterprise_product_taxonomy (product_node_id, product_code, product_name, parent_node_id, created_ts, updated_ts, change_event, comments, create_update_date, description, effective_date, fr2590_category_code, long_description, parent, parent_leaf, requestor, status, substatus, substatus_effective_to_date, tree_level) VALUES (19, 'BIPO', 'Bridge to IPO', 1013, '2024-06-15', '2024-06-15 12:00:00', 'INITIAL_LOAD', 'Leaf product code', '2024-06-15', 'Bridge to IPO', '2024-06-15', '1', 'Bridge facility with take-out via equity IPO proceeds', 'BRG', 'Y', 'Enterprise Data Office', 'ACTIVE', 0, '2024-06-15', 3);
INSERT INTO l1.enterprise_product_taxonomy (product_node_id, product_code, product_name, parent_node_id, created_ts, updated_ts, change_event, comments, create_update_date, description, effective_date, fr2590_category_code, long_description, parent, parent_leaf, requestor, status, substatus, substatus_effective_to_date, tree_level) VALUES (20, 'INTFN', 'Interim Financing', 1013, '2024-06-15', '2024-06-15 12:00:00', 'INITIAL_LOAD', 'Leaf product code', '2024-06-15', 'Interim Financing', '2024-06-15', '1', 'Interim financing facility for transitional periods', 'BRG', 'Y', 'Enterprise Data Office', 'ACTIVE', 0, '2024-06-15', 3);
INSERT INTO l1.enterprise_product_taxonomy (product_node_id, product_code, product_name, parent_node_id, created_ts, updated_ts, change_event, comments, create_update_date, description, effective_date, fr2590_category_code, long_description, parent, parent_leaf, requestor, status, substatus, substatus_effective_to_date, tree_level) VALUES (21, 'UCMT', 'Unconditional Commitment', 1014, '2024-06-15', '2024-06-15 12:00:00', 'INITIAL_LOAD', 'Leaf product code', '2024-06-15', 'Unconditional Commitment', '2024-06-15', '2', 'Irrevocable commitment to extend credit upon borrower request', 'CMT', 'Y', 'Enterprise Data Office', 'ACTIVE', 0, '2024-06-15', 3);
INSERT INTO l1.enterprise_product_taxonomy (product_node_id, product_code, product_name, parent_node_id, created_ts, updated_ts, change_event, comments, create_update_date, description, effective_date, fr2590_category_code, long_description, parent, parent_leaf, requestor, status, substatus, substatus_effective_to_date, tree_level) VALUES (22, 'CCMT', 'Conditional Commitment', 1014, '2024-06-15', '2024-06-15 12:00:00', 'INITIAL_LOAD', 'Leaf product code', '2024-06-15', 'Conditional Commitment', '2024-06-15', '2', 'Commitment contingent on conditions precedent being met', 'CMT', 'Y', 'Enterprise Data Office', 'ACTIVE', 0, '2024-06-15', 3);
INSERT INTO l1.enterprise_product_taxonomy (product_node_id, product_code, product_name, parent_node_id, created_ts, updated_ts, change_event, comments, create_update_date, description, effective_date, fr2590_category_code, long_description, parent, parent_leaf, requestor, status, substatus, substatus_effective_to_date, tree_level) VALUES (23, 'BKST', 'Backstop Facility', 1014, '2024-06-15', '2024-06-15 12:00:00', 'INITIAL_LOAD', 'Leaf product code', '2024-06-15', 'Backstop Facility', '2024-06-15', '2', 'Backstop commitment supporting commercial paper or securitization', 'CMT', 'Y', 'Enterprise Data Office', 'ACTIVE', 0, '2024-06-15', 3);
INSERT INTO l1.enterprise_product_taxonomy (product_node_id, product_code, product_name, parent_node_id, created_ts, updated_ts, change_event, comments, create_update_date, description, effective_date, fr2590_category_code, long_description, parent, parent_leaf, requestor, status, substatus, substatus_effective_to_date, tree_level) VALUES (24, 'STBY', 'Standby Facility', 1014, '2024-06-15', '2024-06-15 12:00:00', 'INITIAL_LOAD', 'Leaf product code', '2024-06-15', 'Standby Facility', '2024-06-15', '2', 'Standby credit facility available as fallback financing', 'CMT', 'Y', 'Enterprise Data Office', 'ACTIVE', 0, '2024-06-15', 3);
INSERT INTO l1.enterprise_product_taxonomy (product_node_id, product_code, product_name, parent_node_id, created_ts, updated_ts, change_event, comments, create_update_date, description, effective_date, fr2590_category_code, long_description, parent, parent_leaf, requestor, status, substatus, substatus_effective_to_date, tree_level) VALUES (25, 'FNCMT', 'Funding Commitment', 1014, '2024-06-15', '2024-06-15 12:00:00', 'INITIAL_LOAD', 'Leaf product code', '2024-06-15', 'Funding Commitment', '2024-06-15', '2', 'Committed funding obligation for project or infrastructure finance', 'CMT', 'Y', 'Enterprise Data Office', 'ACTIVE', 0, '2024-06-15', 3);
INSERT INTO l1.enterprise_product_taxonomy (product_node_id, product_code, product_name, parent_node_id, created_ts, updated_ts, change_event, comments, create_update_date, description, effective_date, fr2590_category_code, long_description, parent, parent_leaf, requestor, status, substatus, substatus_effective_to_date, tree_level) VALUES (26, 'BREP', 'Bilateral Repo', 1015, '2024-06-15', '2024-06-15 12:00:00', 'INITIAL_LOAD', 'Leaf product code', '2024-06-15', 'Bilateral Repo', '2024-06-15', '10', 'Bilateral repurchase agreement between two counterparties', 'REPO', 'Y', 'Enterprise Data Office', 'ACTIVE', 0, '2024-06-15', 3);
INSERT INTO l1.enterprise_product_taxonomy (product_node_id, product_code, product_name, parent_node_id, created_ts, updated_ts, change_event, comments, create_update_date, description, effective_date, fr2590_category_code, long_description, parent, parent_leaf, requestor, status, substatus, substatus_effective_to_date, tree_level) VALUES (27, 'TREP', 'Tri-Party Repo', 1015, '2024-06-15', '2024-06-15 12:00:00', 'INITIAL_LOAD', 'Leaf product code', '2024-06-15', 'Tri-Party Repo', '2024-06-15', '10', 'Tri-party repo cleared through a third-party agent (e.g. BNY, JPM)', 'REPO', 'Y', 'Enterprise Data Office', 'ACTIVE', 0, '2024-06-15', 3);
INSERT INTO l1.enterprise_product_taxonomy (product_node_id, product_code, product_name, parent_node_id, created_ts, updated_ts, change_event, comments, create_update_date, description, effective_date, fr2590_category_code, long_description, parent, parent_leaf, requestor, status, substatus, substatus_effective_to_date, tree_level) VALUES (28, 'RREP', 'Reverse Repo', 1015, '2024-06-15', '2024-06-15 12:00:00', 'INITIAL_LOAD', 'Leaf product code', '2024-06-15', 'Reverse Repo', '2024-06-15', '10', 'Reverse repurchase agreement (securities purchased under agreement to resell)', 'REPO', 'Y', 'Enterprise Data Office', 'ACTIVE', 0, '2024-06-15', 3);
INSERT INTO l1.enterprise_product_taxonomy (product_node_id, product_code, product_name, parent_node_id, created_ts, updated_ts, change_event, comments, create_update_date, description, effective_date, fr2590_category_code, long_description, parent, parent_leaf, requestor, status, substatus, substatus_effective_to_date, tree_level) VALUES (29, 'OREP', 'Open Repo', 1015, '2024-06-15', '2024-06-15 12:00:00', 'INITIAL_LOAD', 'Leaf product code', '2024-06-15', 'Open Repo', '2024-06-15', '10', 'Open-dated repo with no fixed maturity (rolling overnight)', 'REPO', 'Y', 'Enterprise Data Office', 'ACTIVE', 0, '2024-06-15', 3);
INSERT INTO l1.enterprise_product_taxonomy (product_node_id, product_code, product_name, parent_node_id, created_ts, updated_ts, change_event, comments, create_update_date, description, effective_date, fr2590_category_code, long_description, parent, parent_leaf, requestor, status, substatus, substatus_effective_to_date, tree_level) VALUES (30, 'TMREP', 'Term Repo', 1015, '2024-06-15', '2024-06-15 12:00:00', 'INITIAL_LOAD', 'Leaf product code', '2024-06-15', 'Term Repo', '2024-06-15', '10', 'Fixed-term repo with defined maturity date', 'REPO', 'Y', 'Enterprise Data Office', 'ACTIVE', 0, '2024-06-15', 3);
INSERT INTO l1.enterprise_product_taxonomy (product_node_id, product_code, product_name, parent_node_id, created_ts, updated_ts, change_event, comments, create_update_date, description, effective_date, fr2590_category_code, long_description, parent, parent_leaf, requestor, status, substatus, substatus_effective_to_date, tree_level) VALUES (31, 'SECL', 'Securities Loan', 1016, '2024-06-15', '2024-06-15 12:00:00', 'INITIAL_LOAD', 'Leaf product code', '2024-06-15', 'Securities Loan', '2024-06-15', '10', 'Standard securities loan against cash or non-cash collateral', 'SLND', 'Y', 'Enterprise Data Office', 'ACTIVE', 0, '2024-06-15', 3);
INSERT INTO l1.enterprise_product_taxonomy (product_node_id, product_code, product_name, parent_node_id, created_ts, updated_ts, change_event, comments, create_update_date, description, effective_date, fr2590_category_code, long_description, parent, parent_leaf, requestor, status, substatus, substatus_effective_to_date, tree_level) VALUES (32, 'CCSECL', 'Cash Collateral Sec Loan', 1016, '2024-06-15', '2024-06-15 12:00:00', 'INITIAL_LOAD', 'Leaf product code', '2024-06-15', 'Cash Collateral Sec Loan', '2024-06-15', '10', 'Securities loan with cash collateral posted by borrower', 'SLND', 'Y', 'Enterprise Data Office', 'ACTIVE', 0, '2024-06-15', 3);
INSERT INTO l1.enterprise_product_taxonomy (product_node_id, product_code, product_name, parent_node_id, created_ts, updated_ts, change_event, comments, create_update_date, description, effective_date, fr2590_category_code, long_description, parent, parent_leaf, requestor, status, substatus, substatus_effective_to_date, tree_level) VALUES (33, 'NCSECL', 'Non-Cash Collateral Sec Loan', 1016, '2024-06-15', '2024-06-15 12:00:00', 'INITIAL_LOAD', 'Leaf product code', '2024-06-15', 'Non-Cash Collateral Sec Loan', '2024-06-15', '10', 'Securities loan with non-cash collateral (bonds, equities)', 'SLND', 'Y', 'Enterprise Data Office', 'ACTIVE', 0, '2024-06-15', 3);
INSERT INTO l1.enterprise_product_taxonomy (product_node_id, product_code, product_name, parent_node_id, created_ts, updated_ts, change_event, comments, create_update_date, description, effective_date, fr2590_category_code, long_description, parent, parent_leaf, requestor, status, substatus, substatus_effective_to_date, tree_level) VALUES (34, 'AGSECL', 'Agency Securities Loan', 1016, '2024-06-15', '2024-06-15 12:00:00', 'INITIAL_LOAD', 'Leaf product code', '2024-06-15', 'Agency Securities Loan', '2024-06-15', '10', 'Securities lending via agent lender (custody bank)', 'SLND', 'Y', 'Enterprise Data Office', 'ACTIVE', 0, '2024-06-15', 3);
INSERT INTO l1.enterprise_product_taxonomy (product_node_id, product_code, product_name, parent_node_id, created_ts, updated_ts, change_event, comments, create_update_date, description, effective_date, fr2590_category_code, long_description, parent, parent_leaf, requestor, status, substatus, substatus_effective_to_date, tree_level) VALUES (35, 'BLSECL', 'Bilateral Securities Loan', 1016, '2024-06-15', '2024-06-15 12:00:00', 'INITIAL_LOAD', 'Leaf product code', '2024-06-15', 'Bilateral Securities Loan', '2024-06-15', '10', 'Direct bilateral securities lending arrangement', 'SLND', 'Y', 'Enterprise Data Office', 'ACTIVE', 0, '2024-06-15', 3);
INSERT INTO l1.enterprise_product_taxonomy (product_node_id, product_code, product_name, parent_node_id, created_ts, updated_ts, change_event, comments, create_update_date, description, effective_date, fr2590_category_code, long_description, parent, parent_leaf, requestor, status, substatus, substatus_effective_to_date, tree_level) VALUES (36, 'MRGL', 'Margin Loan', 1017, '2024-06-15', '2024-06-15 12:00:00', 'INITIAL_LOAD', 'Leaf product code', '2024-06-15', 'Margin Loan', '2024-06-15', '10', 'Margin loan against listed securities portfolio', 'MRGN', 'Y', 'Enterprise Data Office', 'ACTIVE', 0, '2024-06-15', 3);
INSERT INTO l1.enterprise_product_taxonomy (product_node_id, product_code, product_name, parent_node_id, created_ts, updated_ts, change_event, comments, create_update_date, description, effective_date, fr2590_category_code, long_description, parent, parent_leaf, requestor, status, substatus, substatus_effective_to_date, tree_level) VALUES (37, 'PMRGN', 'Portfolio Margin', 1017, '2024-06-15', '2024-06-15 12:00:00', 'INITIAL_LOAD', 'Leaf product code', '2024-06-15', 'Portfolio Margin', '2024-06-15', '10', 'Portfolio-based margin lending with risk-based haircuts', 'MRGN', 'Y', 'Enterprise Data Office', 'ACTIVE', 0, '2024-06-15', 3);
INSERT INTO l1.enterprise_product_taxonomy (product_node_id, product_code, product_name, parent_node_id, created_ts, updated_ts, change_event, comments, create_update_date, description, effective_date, fr2590_category_code, long_description, parent, parent_leaf, requestor, status, substatus, substatus_effective_to_date, tree_level) VALUES (38, 'CCMRGN', 'Cross-Currency Margin', 1017, '2024-06-15', '2024-06-15 12:00:00', 'INITIAL_LOAD', 'Leaf product code', '2024-06-15', 'Cross-Currency Margin', '2024-06-15', '10', 'Margin loan with cross-currency collateral', 'MRGN', 'Y', 'Enterprise Data Office', 'ACTIVE', 0, '2024-06-15', 3);
INSERT INTO l1.enterprise_product_taxonomy (product_node_id, product_code, product_name, parent_node_id, created_ts, updated_ts, change_event, comments, create_update_date, description, effective_date, fr2590_category_code, long_description, parent, parent_leaf, requestor, status, substatus, substatus_effective_to_date, tree_level) VALUES (39, 'PBML', 'Prime Brokerage Margin Loan', 1017, '2024-06-15', '2024-06-15 12:00:00', 'INITIAL_LOAD', 'Leaf product code', '2024-06-15', 'Prime Brokerage Margin Loan', '2024-06-15', '10', 'Margin lending within prime brokerage relationship', 'MRGN', 'Y', 'Enterprise Data Office', 'ACTIVE', 0, '2024-06-15', 3);
INSERT INTO l1.enterprise_product_taxonomy (product_node_id, product_code, product_name, parent_node_id, created_ts, updated_ts, change_event, comments, create_update_date, description, effective_date, fr2590_category_code, long_description, parent, parent_leaf, requestor, status, substatus, substatus_effective_to_date, tree_level) VALUES (40, 'SYNPR', 'Synthetic Prime Brokerage', 1017, '2024-06-15', '2024-06-15 12:00:00', 'INITIAL_LOAD', 'Leaf product code', '2024-06-15', 'Synthetic Prime Brokerage', '2024-06-15', '10', 'Synthetic prime brokerage via total return swap structure', 'MRGN', 'Y', 'Enterprise Data Office', 'ACTIVE', 0, '2024-06-15', 3);
INSERT INTO l1.enterprise_product_taxonomy (product_node_id, product_code, product_name, parent_node_id, created_ts, updated_ts, change_event, comments, create_update_date, description, effective_date, fr2590_category_code, long_description, parent, parent_leaf, requestor, status, substatus, substatus_effective_to_date, tree_level) VALUES (41, 'IRS', 'Interest Rate Swap', 1018, '2024-06-15', '2024-06-15 12:00:00', 'INITIAL_LOAD', 'Leaf product code', '2024-06-15', 'Interest Rate Swap', '2024-06-15', '10', 'Plain vanilla interest rate swap (fixed-for-floating)', 'IRD', 'Y', 'Enterprise Data Office', 'ACTIVE', 0, '2024-06-15', 3);
INSERT INTO l1.enterprise_product_taxonomy (product_node_id, product_code, product_name, parent_node_id, created_ts, updated_ts, change_event, comments, create_update_date, description, effective_date, fr2590_category_code, long_description, parent, parent_leaf, requestor, status, substatus, substatus_effective_to_date, tree_level) VALUES (42, 'IRCAP', 'Interest Rate Cap', 1018, '2024-06-15', '2024-06-15 12:00:00', 'INITIAL_LOAD', 'Leaf product code', '2024-06-15', 'Interest Rate Cap', '2024-06-15', '10', 'Interest rate cap providing protection against rising rates', 'IRD', 'Y', 'Enterprise Data Office', 'ACTIVE', 0, '2024-06-15', 3);
INSERT INTO l1.enterprise_product_taxonomy (product_node_id, product_code, product_name, parent_node_id, created_ts, updated_ts, change_event, comments, create_update_date, description, effective_date, fr2590_category_code, long_description, parent, parent_leaf, requestor, status, substatus, substatus_effective_to_date, tree_level) VALUES (43, 'IRFLR', 'Interest Rate Floor', 1018, '2024-06-15', '2024-06-15 12:00:00', 'INITIAL_LOAD', 'Leaf product code', '2024-06-15', 'Interest Rate Floor', '2024-06-15', '10', 'Interest rate floor providing minimum rate guarantee', 'IRD', 'Y', 'Enterprise Data Office', 'ACTIVE', 0, '2024-06-15', 3);
INSERT INTO l1.enterprise_product_taxonomy (product_node_id, product_code, product_name, parent_node_id, created_ts, updated_ts, change_event, comments, create_update_date, description, effective_date, fr2590_category_code, long_description, parent, parent_leaf, requestor, status, substatus, substatus_effective_to_date, tree_level) VALUES (44, 'SWPTN', 'Swaption', 1018, '2024-06-15', '2024-06-15 12:00:00', 'INITIAL_LOAD', 'Leaf product code', '2024-06-15', 'Swaption', '2024-06-15', '10', 'Option to enter into an interest rate swap at a future date', 'IRD', 'Y', 'Enterprise Data Office', 'ACTIVE', 0, '2024-06-15', 3);
INSERT INTO l1.enterprise_product_taxonomy (product_node_id, product_code, product_name, parent_node_id, created_ts, updated_ts, change_event, comments, create_update_date, description, effective_date, fr2590_category_code, long_description, parent, parent_leaf, requestor, status, substatus, substatus_effective_to_date, tree_level) VALUES (45, 'FRA', 'Forward Rate Agreement', 1018, '2024-06-15', '2024-06-15 12:00:00', 'INITIAL_LOAD', 'Leaf product code', '2024-06-15', 'Forward Rate Agreement', '2024-06-15', '10', 'OTC contract fixing interest rate for future period', 'IRD', 'Y', 'Enterprise Data Office', 'ACTIVE', 0, '2024-06-15', 3);
INSERT INTO l1.enterprise_product_taxonomy (product_node_id, product_code, product_name, parent_node_id, created_ts, updated_ts, change_event, comments, create_update_date, description, effective_date, fr2590_category_code, long_description, parent, parent_leaf, requestor, status, substatus, substatus_effective_to_date, tree_level) VALUES (46, 'IROPT', 'Interest Rate Option', 1018, '2024-06-15', '2024-06-15 12:00:00', 'INITIAL_LOAD', 'Leaf product code', '2024-06-15', 'Interest Rate Option', '2024-06-15', '10', 'Option on interest rate futures or underlying rate', 'IRD', 'Y', 'Enterprise Data Office', 'ACTIVE', 0, '2024-06-15', 3);
INSERT INTO l1.enterprise_product_taxonomy (product_node_id, product_code, product_name, parent_node_id, created_ts, updated_ts, change_event, comments, create_update_date, description, effective_date, fr2590_category_code, long_description, parent, parent_leaf, requestor, status, substatus, substatus_effective_to_date, tree_level) VALUES (47, 'FXFWD', 'FX Forward', 1019, '2024-06-15', '2024-06-15 12:00:00', 'INITIAL_LOAD', 'Leaf product code', '2024-06-15', 'FX Forward', '2024-06-15', '10', 'OTC forward contract to exchange currencies at future date', 'FXD', 'Y', 'Enterprise Data Office', 'ACTIVE', 0, '2024-06-15', 3);
INSERT INTO l1.enterprise_product_taxonomy (product_node_id, product_code, product_name, parent_node_id, created_ts, updated_ts, change_event, comments, create_update_date, description, effective_date, fr2590_category_code, long_description, parent, parent_leaf, requestor, status, substatus, substatus_effective_to_date, tree_level) VALUES (48, 'FXSWP', 'FX Swap', 1019, '2024-06-15', '2024-06-15 12:00:00', 'INITIAL_LOAD', 'Leaf product code', '2024-06-15', 'FX Swap', '2024-06-15', '10', 'Simultaneous spot and forward FX transaction (swap)', 'FXD', 'Y', 'Enterprise Data Office', 'ACTIVE', 0, '2024-06-15', 3);
INSERT INTO l1.enterprise_product_taxonomy (product_node_id, product_code, product_name, parent_node_id, created_ts, updated_ts, change_event, comments, create_update_date, description, effective_date, fr2590_category_code, long_description, parent, parent_leaf, requestor, status, substatus, substatus_effective_to_date, tree_level) VALUES (49, 'FXOPT', 'FX Option', 1019, '2024-06-15', '2024-06-15 12:00:00', 'INITIAL_LOAD', 'Leaf product code', '2024-06-15', 'FX Option', '2024-06-15', '10', 'Option to buy or sell currency at predetermined rate', 'FXD', 'Y', 'Enterprise Data Office', 'ACTIVE', 0, '2024-06-15', 3);
INSERT INTO l1.enterprise_product_taxonomy (product_node_id, product_code, product_name, parent_node_id, created_ts, updated_ts, change_event, comments, create_update_date, description, effective_date, fr2590_category_code, long_description, parent, parent_leaf, requestor, status, substatus, substatus_effective_to_date, tree_level) VALUES (50, 'NDF', 'Non-Deliverable Forward', 1019, '2024-06-15', '2024-06-15 12:00:00', 'INITIAL_LOAD', 'Leaf product code', '2024-06-15', 'Non-Deliverable Forward', '2024-06-15', '10', 'FX forward settled in cash (no physical delivery of restricted currency)', 'FXD', 'Y', 'Enterprise Data Office', 'ACTIVE', 0, '2024-06-15', 3);
INSERT INTO l1.enterprise_product_taxonomy (product_node_id, product_code, product_name, parent_node_id, created_ts, updated_ts, change_event, comments, create_update_date, description, effective_date, fr2590_category_code, long_description, parent, parent_leaf, requestor, status, substatus, substatus_effective_to_date, tree_level) VALUES (51, 'XCSWP', 'Cross-Currency Swap', 1019, '2024-06-15', '2024-06-15 12:00:00', 'INITIAL_LOAD', 'Leaf product code', '2024-06-15', 'Cross-Currency Swap', '2024-06-15', '10', 'Swap exchanging principal and interest in two currencies', 'FXD', 'Y', 'Enterprise Data Office', 'ACTIVE', 0, '2024-06-15', 3);
INSERT INTO l1.enterprise_product_taxonomy (product_node_id, product_code, product_name, parent_node_id, created_ts, updated_ts, change_event, comments, create_update_date, description, effective_date, fr2590_category_code, long_description, parent, parent_leaf, requestor, status, substatus, substatus_effective_to_date, tree_level) VALUES (52, 'CDS', 'Credit Default Swap', 1020, '2024-06-15', '2024-06-15 12:00:00', 'INITIAL_LOAD', 'Leaf product code', '2024-06-15', 'Credit Default Swap', '2024-06-15', '10', 'CDS providing credit protection on reference entity or obligation', 'CRD', 'Y', 'Enterprise Data Office', 'ACTIVE', 0, '2024-06-15', 3);
INSERT INTO l1.enterprise_product_taxonomy (product_node_id, product_code, product_name, parent_node_id, created_ts, updated_ts, change_event, comments, create_update_date, description, effective_date, fr2590_category_code, long_description, parent, parent_leaf, requestor, status, substatus, substatus_effective_to_date, tree_level) VALUES (53, 'TRS', 'Total Return Swap', 1020, '2024-06-15', '2024-06-15 12:00:00', 'INITIAL_LOAD', 'Leaf product code', '2024-06-15', 'Total Return Swap', '2024-06-15', '10', 'Swap exchanging total return of reference asset for floating rate', 'CRD', 'Y', 'Enterprise Data Office', 'ACTIVE', 0, '2024-06-15', 3);
INSERT INTO l1.enterprise_product_taxonomy (product_node_id, product_code, product_name, parent_node_id, created_ts, updated_ts, change_event, comments, create_update_date, description, effective_date, fr2590_category_code, long_description, parent, parent_leaf, requestor, status, substatus, substatus_effective_to_date, tree_level) VALUES (54, 'CLN', 'Credit-Linked Note', 1020, '2024-06-15', '2024-06-15 12:00:00', 'INITIAL_LOAD', 'Leaf product code', '2024-06-15', 'Credit-Linked Note', '2024-06-15', '10', 'Note with embedded CDS linking repayment to credit event', 'CRD', 'Y', 'Enterprise Data Office', 'ACTIVE', 0, '2024-06-15', 3);
INSERT INTO l1.enterprise_product_taxonomy (product_node_id, product_code, product_name, parent_node_id, created_ts, updated_ts, change_event, comments, create_update_date, description, effective_date, fr2590_category_code, long_description, parent, parent_leaf, requestor, status, substatus, substatus_effective_to_date, tree_level) VALUES (55, 'ICDS', 'Index CDS', 1020, '2024-06-15', '2024-06-15 12:00:00', 'INITIAL_LOAD', 'Leaf product code', '2024-06-15', 'Index CDS', '2024-06-15', '10', 'CDS on standardized credit index (CDX, iTraxx)', 'CRD', 'Y', 'Enterprise Data Office', 'ACTIVE', 0, '2024-06-15', 3);
INSERT INTO l1.enterprise_product_taxonomy (product_node_id, product_code, product_name, parent_node_id, created_ts, updated_ts, change_event, comments, create_update_date, description, effective_date, fr2590_category_code, long_description, parent, parent_leaf, requestor, status, substatus, substatus_effective_to_date, tree_level) VALUES (56, 'BCDO', 'Bespoke CDO Tranche', 1020, '2024-06-15', '2024-06-15 12:00:00', 'INITIAL_LOAD', 'Leaf product code', '2024-06-15', 'Bespoke CDO Tranche', '2024-06-15', '10', 'Customized synthetic CDO tranche referencing bespoke portfolio', 'CRD', 'Y', 'Enterprise Data Office', 'ACTIVE', 0, '2024-06-15', 3);
INSERT INTO l1.enterprise_product_taxonomy (product_node_id, product_code, product_name, parent_node_id, created_ts, updated_ts, change_event, comments, create_update_date, description, effective_date, fr2590_category_code, long_description, parent, parent_leaf, requestor, status, substatus, substatus_effective_to_date, tree_level) VALUES (57, 'EQSWP', 'Equity Swap', 1021, '2024-06-15', '2024-06-15 12:00:00', 'INITIAL_LOAD', 'Leaf product code', '2024-06-15', 'Equity Swap', '2024-06-15', '10', 'Swap exchanging equity returns for fixed or floating rate', 'EQD', 'Y', 'Enterprise Data Office', 'ACTIVE', 0, '2024-06-15', 3);
INSERT INTO l1.enterprise_product_taxonomy (product_node_id, product_code, product_name, parent_node_id, created_ts, updated_ts, change_event, comments, create_update_date, description, effective_date, fr2590_category_code, long_description, parent, parent_leaf, requestor, status, substatus, substatus_effective_to_date, tree_level) VALUES (58, 'EQOPT', 'Equity Option', 1021, '2024-06-15', '2024-06-15 12:00:00', 'INITIAL_LOAD', 'Leaf product code', '2024-06-15', 'Equity Option', '2024-06-15', '10', 'Listed or OTC option on single stock or equity index', 'EQD', 'Y', 'Enterprise Data Office', 'ACTIVE', 0, '2024-06-15', 3);
INSERT INTO l1.enterprise_product_taxonomy (product_node_id, product_code, product_name, parent_node_id, created_ts, updated_ts, change_event, comments, create_update_date, description, effective_date, fr2590_category_code, long_description, parent, parent_leaf, requestor, status, substatus, substatus_effective_to_date, tree_level) VALUES (59, 'VARSWP', 'Variance Swap', 1021, '2024-06-15', '2024-06-15 12:00:00', 'INITIAL_LOAD', 'Leaf product code', '2024-06-15', 'Variance Swap', '2024-06-15', '10', 'Swap on realized vs implied variance of equity price', 'EQD', 'Y', 'Enterprise Data Office', 'ACTIVE', 0, '2024-06-15', 3);
INSERT INTO l1.enterprise_product_taxonomy (product_node_id, product_code, product_name, parent_node_id, created_ts, updated_ts, change_event, comments, create_update_date, description, effective_date, fr2590_category_code, long_description, parent, parent_leaf, requestor, status, substatus, substatus_effective_to_date, tree_level) VALUES (60, 'CVOPT', 'Convertible Option', 1021, '2024-06-15', '2024-06-15 12:00:00', 'INITIAL_LOAD', 'Leaf product code', '2024-06-15', 'Convertible Option', '2024-06-15', '10', 'Option embedded in convertible bond or standalone convertible', 'EQD', 'Y', 'Enterprise Data Office', 'ACTIVE', 0, '2024-06-15', 3);
INSERT INTO l1.enterprise_product_taxonomy (product_node_id, product_code, product_name, parent_node_id, created_ts, updated_ts, change_event, comments, create_update_date, description, effective_date, fr2590_category_code, long_description, parent, parent_leaf, requestor, status, substatus, substatus_effective_to_date, tree_level) VALUES (61, 'SBLC', 'Standby Letter of Credit', 1022, '2024-06-15', '2024-06-15 12:00:00', 'INITIAL_LOAD', 'Leaf product code', '2024-06-15', 'Standby Letter of Credit', '2024-06-15', '2', 'Standby LC serving as guarantee of payment or performance', 'LOC', 'Y', 'Enterprise Data Office', 'ACTIVE', 0, '2024-06-15', 3);
INSERT INTO l1.enterprise_product_taxonomy (product_node_id, product_code, product_name, parent_node_id, created_ts, updated_ts, change_event, comments, create_update_date, description, effective_date, fr2590_category_code, long_description, parent, parent_leaf, requestor, status, substatus, substatus_effective_to_date, tree_level) VALUES (62, 'CLOC', 'Commercial Letter of Credit', 1022, '2024-06-15', '2024-06-15 12:00:00', 'INITIAL_LOAD', 'Leaf product code', '2024-06-15', 'Commercial Letter of Credit', '2024-06-15', '2', 'Commercial LC facilitating international trade payment', 'LOC', 'Y', 'Enterprise Data Office', 'ACTIVE', 0, '2024-06-15', 3);
INSERT INTO l1.enterprise_product_taxonomy (product_node_id, product_code, product_name, parent_node_id, created_ts, updated_ts, change_event, comments, create_update_date, description, effective_date, fr2590_category_code, long_description, parent, parent_leaf, requestor, status, substatus, substatus_effective_to_date, tree_level) VALUES (63, 'ILOC', 'Import Letter of Credit', 1022, '2024-06-15', '2024-06-15 12:00:00', 'INITIAL_LOAD', 'Leaf product code', '2024-06-15', 'Import Letter of Credit', '2024-06-15', '2', 'LC issued on behalf of importer to pay foreign supplier', 'LOC', 'Y', 'Enterprise Data Office', 'ACTIVE', 0, '2024-06-15', 3);
INSERT INTO l1.enterprise_product_taxonomy (product_node_id, product_code, product_name, parent_node_id, created_ts, updated_ts, change_event, comments, create_update_date, description, effective_date, fr2590_category_code, long_description, parent, parent_leaf, requestor, status, substatus, substatus_effective_to_date, tree_level) VALUES (64, 'ELOC', 'Export Letter of Credit', 1022, '2024-06-15', '2024-06-15 12:00:00', 'INITIAL_LOAD', 'Leaf product code', '2024-06-15', 'Export Letter of Credit', '2024-06-15', '2', 'LC advised or confirmed for exporter by correspondent bank', 'LOC', 'Y', 'Enterprise Data Office', 'ACTIVE', 0, '2024-06-15', 3);
INSERT INTO l1.enterprise_product_taxonomy (product_node_id, product_code, product_name, parent_node_id, created_ts, updated_ts, change_event, comments, create_update_date, description, effective_date, fr2590_category_code, long_description, parent, parent_leaf, requestor, status, substatus, substatus_effective_to_date, tree_level) VALUES (65, 'CFLOC', 'Confirmed Letter of Credit', 1022, '2024-06-15', '2024-06-15 12:00:00', 'INITIAL_LOAD', 'Leaf product code', '2024-06-15', 'Confirmed Letter of Credit', '2024-06-15', '2', 'LC with payment guarantee added by a confirming bank', 'LOC', 'Y', 'Enterprise Data Office', 'ACTIVE', 0, '2024-06-15', 3);
INSERT INTO l1.enterprise_product_taxonomy (product_node_id, product_code, product_name, parent_node_id, created_ts, updated_ts, change_event, comments, create_update_date, description, effective_date, fr2590_category_code, long_description, parent, parent_leaf, requestor, status, substatus, substatus_effective_to_date, tree_level) VALUES (66, 'TFAC', 'Trade Finance Facility', 1023, '2024-06-15', '2024-06-15 12:00:00', 'INITIAL_LOAD', 'Leaf product code', '2024-06-15', 'Trade Finance Facility', '2024-06-15', '1', 'General trade finance facility for import/export transactions', 'TRF', 'Y', 'Enterprise Data Office', 'ACTIVE', 0, '2024-06-15', 3);
INSERT INTO l1.enterprise_product_taxonomy (product_node_id, product_code, product_name, parent_node_id, created_ts, updated_ts, change_event, comments, create_update_date, description, effective_date, fr2590_category_code, long_description, parent, parent_leaf, requestor, status, substatus, substatus_effective_to_date, tree_level) VALUES (67, 'SCF', 'Supply Chain Finance', 1023, '2024-06-15', '2024-06-15 12:00:00', 'INITIAL_LOAD', 'Leaf product code', '2024-06-15', 'Supply Chain Finance', '2024-06-15', '1', 'Buyer-led payables finance program (approved payables finance)', 'TRF', 'Y', 'Enterprise Data Office', 'ACTIVE', 0, '2024-06-15', 3);
INSERT INTO l1.enterprise_product_taxonomy (product_node_id, product_code, product_name, parent_node_id, created_ts, updated_ts, change_event, comments, create_update_date, description, effective_date, fr2590_category_code, long_description, parent, parent_leaf, requestor, status, substatus, substatus_effective_to_date, tree_level) VALUES (68, 'FORF', 'Forfaiting', 1023, '2024-06-15', '2024-06-15 12:00:00', 'INITIAL_LOAD', 'Leaf product code', '2024-06-15', 'Forfaiting', '2024-06-15', '1', 'Purchase of receivables on a without-recourse basis', 'TRF', 'Y', 'Enterprise Data Office', 'ACTIVE', 0, '2024-06-15', 3);
INSERT INTO l1.enterprise_product_taxonomy (product_node_id, product_code, product_name, parent_node_id, created_ts, updated_ts, change_event, comments, create_update_date, description, effective_date, fr2590_category_code, long_description, parent, parent_leaf, requestor, status, substatus, substatus_effective_to_date, tree_level) VALUES (69, 'FACT', 'Factoring', 1023, '2024-06-15', '2024-06-15 12:00:00', 'INITIAL_LOAD', 'Leaf product code', '2024-06-15', 'Factoring', '2024-06-15', '1', 'Purchase of accounts receivable with or without recourse', 'TRF', 'Y', 'Enterprise Data Office', 'ACTIVE', 0, '2024-06-15', 3);
INSERT INTO l1.enterprise_product_taxonomy (product_node_id, product_code, product_name, parent_node_id, created_ts, updated_ts, change_event, comments, create_update_date, description, effective_date, fr2590_category_code, long_description, parent, parent_leaf, requestor, status, substatus, substatus_effective_to_date, tree_level) VALUES (70, 'ECA', 'Export Credit Agency', 1023, '2024-06-15', '2024-06-15 12:00:00', 'INITIAL_LOAD', 'Leaf product code', '2024-06-15', 'Export Credit Agency', '2024-06-15', '1', 'Export credit backed by government export credit agency', 'TRF', 'Y', 'Enterprise Data Office', 'ACTIVE', 0, '2024-06-15', 3);
INSERT INTO l1.enterprise_product_taxonomy (product_node_id, product_code, product_name, parent_node_id, created_ts, updated_ts, change_event, comments, create_update_date, description, effective_date, fr2590_category_code, long_description, parent, parent_leaf, requestor, status, substatus, substatus_effective_to_date, tree_level) VALUES (71, 'FGUAR', 'Financial Guarantee', 1024, '2024-06-15', '2024-06-15 12:00:00', 'INITIAL_LOAD', 'Leaf product code', '2024-06-15', 'Financial Guarantee', '2024-06-15', '2', 'Guarantee of financial obligation (debt service, payment)', 'GUAR', 'Y', 'Enterprise Data Office', 'ACTIVE', 0, '2024-06-15', 3);
INSERT INTO l1.enterprise_product_taxonomy (product_node_id, product_code, product_name, parent_node_id, created_ts, updated_ts, change_event, comments, create_update_date, description, effective_date, fr2590_category_code, long_description, parent, parent_leaf, requestor, status, substatus, substatus_effective_to_date, tree_level) VALUES (72, 'PGUAR', 'Performance Guarantee', 1024, '2024-06-15', '2024-06-15 12:00:00', 'INITIAL_LOAD', 'Leaf product code', '2024-06-15', 'Performance Guarantee', '2024-06-15', '2', 'Guarantee of contractual performance obligation', 'GUAR', 'Y', 'Enterprise Data Office', 'ACTIVE', 0, '2024-06-15', 3);
INSERT INTO l1.enterprise_product_taxonomy (product_node_id, product_code, product_name, parent_node_id, created_ts, updated_ts, change_event, comments, create_update_date, description, effective_date, fr2590_category_code, long_description, parent, parent_leaf, requestor, status, substatus, substatus_effective_to_date, tree_level) VALUES (73, 'BDBND', 'Bid Bond', 1024, '2024-06-15', '2024-06-15 12:00:00', 'INITIAL_LOAD', 'Leaf product code', '2024-06-15', 'Bid Bond', '2024-06-15', '2', 'Guarantee accompanying tender/bid submission', 'GUAR', 'Y', 'Enterprise Data Office', 'ACTIVE', 0, '2024-06-15', 3);
INSERT INTO l1.enterprise_product_taxonomy (product_node_id, product_code, product_name, parent_node_id, created_ts, updated_ts, change_event, comments, create_update_date, description, effective_date, fr2590_category_code, long_description, parent, parent_leaf, requestor, status, substatus, substatus_effective_to_date, tree_level) VALUES (74, 'PYMTG', 'Payment Guarantee', 1024, '2024-06-15', '2024-06-15 12:00:00', 'INITIAL_LOAD', 'Leaf product code', '2024-06-15', 'Payment Guarantee', '2024-06-15', '2', 'Guarantee of scheduled payment obligations', 'GUAR', 'Y', 'Enterprise Data Office', 'ACTIVE', 0, '2024-06-15', 3);
INSERT INTO l1.enterprise_product_taxonomy (product_node_id, product_code, product_name, parent_node_id, created_ts, updated_ts, change_event, comments, create_update_date, description, effective_date, fr2590_category_code, long_description, parent, parent_leaf, requestor, status, substatus, substatus_effective_to_date, tree_level) VALUES (75, 'CSTBND', 'Customs Bond', 1024, '2024-06-15', '2024-06-15 12:00:00', 'INITIAL_LOAD', 'Leaf product code', '2024-06-15', 'Customs Bond', '2024-06-15', '2', 'Guarantee for customs duties and import obligations', 'GUAR', 'Y', 'Enterprise Data Office', 'ACTIVE', 0, '2024-06-15', 3);
INSERT INTO l1.enterprise_product_taxonomy (product_node_id, product_code, product_name, parent_node_id, created_ts, updated_ts, change_event, comments, create_update_date, description, effective_date, fr2590_category_code, long_description, parent, parent_leaf, requestor, status, substatus, substatus_effective_to_date, tree_level) VALUES (76, 'IGBND', 'Investment Grade Bond', 1025, '2024-06-15', '2024-06-15 12:00:00', 'INITIAL_LOAD', 'Leaf product code', '2024-06-15', 'Investment Grade Bond', '2024-06-15', '1', 'Corporate bond rated BBB-/Baa3 or above', 'BOND', 'Y', 'Enterprise Data Office', 'ACTIVE', 0, '2024-06-15', 3);
INSERT INTO l1.enterprise_product_taxonomy (product_node_id, product_code, product_name, parent_node_id, created_ts, updated_ts, change_event, comments, create_update_date, description, effective_date, fr2590_category_code, long_description, parent, parent_leaf, requestor, status, substatus, substatus_effective_to_date, tree_level) VALUES (77, 'HYBND', 'High Yield Bond', 1025, '2024-06-15', '2024-06-15 12:00:00', 'INITIAL_LOAD', 'Leaf product code', '2024-06-15', 'High Yield Bond', '2024-06-15', '1', 'Corporate bond rated below BBB-/Baa3 (speculative grade)', 'BOND', 'Y', 'Enterprise Data Office', 'ACTIVE', 0, '2024-06-15', 3);
INSERT INTO l1.enterprise_product_taxonomy (product_node_id, product_code, product_name, parent_node_id, created_ts, updated_ts, change_event, comments, create_update_date, description, effective_date, fr2590_category_code, long_description, parent, parent_leaf, requestor, status, substatus, substatus_effective_to_date, tree_level) VALUES (78, 'CVBND', 'Convertible Bond', 1025, '2024-06-15', '2024-06-15 12:00:00', 'INITIAL_LOAD', 'Leaf product code', '2024-06-15', 'Convertible Bond', '2024-06-15', '1', 'Bond convertible into equity of the issuer', 'BOND', 'Y', 'Enterprise Data Office', 'ACTIVE', 0, '2024-06-15', 3);
INSERT INTO l1.enterprise_product_taxonomy (product_node_id, product_code, product_name, parent_node_id, created_ts, updated_ts, change_event, comments, create_update_date, description, effective_date, fr2590_category_code, long_description, parent, parent_leaf, requestor, status, substatus, substatus_effective_to_date, tree_level) VALUES (79, 'SRUNSEC', 'Senior Unsecured Bond', 1025, '2024-06-15', '2024-06-15 12:00:00', 'INITIAL_LOAD', 'Leaf product code', '2024-06-15', 'Senior Unsecured Bond', '2024-06-15', '1', 'Senior unsecured corporate bond', 'BOND', 'Y', 'Enterprise Data Office', 'ACTIVE', 0, '2024-06-15', 3);
INSERT INTO l1.enterprise_product_taxonomy (product_node_id, product_code, product_name, parent_node_id, created_ts, updated_ts, change_event, comments, create_update_date, description, effective_date, fr2590_category_code, long_description, parent, parent_leaf, requestor, status, substatus, substatus_effective_to_date, tree_level) VALUES (80, 'SUBBND', 'Subordinated Bond', 1025, '2024-06-15', '2024-06-15 12:00:00', 'INITIAL_LOAD', 'Leaf product code', '2024-06-15', 'Subordinated Bond', '2024-06-15', '1', 'Subordinated or junior bond ranking below senior debt', 'BOND', 'Y', 'Enterprise Data Office', 'ACTIVE', 0, '2024-06-15', 3);
INSERT INTO l1.enterprise_product_taxonomy (product_node_id, product_code, product_name, parent_node_id, created_ts, updated_ts, change_event, comments, create_update_date, description, effective_date, fr2590_category_code, long_description, parent, parent_leaf, requestor, status, substatus, substatus_effective_to_date, tree_level) VALUES (81, 'PVTPL', 'Private Placement', 1025, '2024-06-15', '2024-06-15 12:00:00', 'INITIAL_LOAD', 'Leaf product code', '2024-06-15', 'Private Placement', '2024-06-15', '1', 'Privately placed bond (144A or Reg D)', 'BOND', 'Y', 'Enterprise Data Office', 'ACTIVE', 0, '2024-06-15', 3);
INSERT INTO l1.enterprise_product_taxonomy (product_node_id, product_code, product_name, parent_node_id, created_ts, updated_ts, change_event, comments, create_update_date, description, effective_date, fr2590_category_code, long_description, parent, parent_leaf, requestor, status, substatus, substatus_effective_to_date, tree_level) VALUES (82, 'GRNBND', 'Green Bond', 1025, '2024-06-15', '2024-06-15 12:00:00', 'INITIAL_LOAD', 'Leaf product code', '2024-06-15', 'Green Bond', '2024-06-15', '1', 'Bond with proceeds dedicated to environmental/climate projects', 'BOND', 'Y', 'Enterprise Data Office', 'ACTIVE', 0, '2024-06-15', 3);
INSERT INTO l1.enterprise_product_taxonomy (product_node_id, product_code, product_name, parent_node_id, created_ts, updated_ts, change_event, comments, create_update_date, description, effective_date, fr2590_category_code, long_description, parent, parent_leaf, requestor, status, substatus, substatus_effective_to_date, tree_level) VALUES (83, 'A1CP', 'A1/P1 Commercial Paper', 1026, '2024-06-15', '2024-06-15 12:00:00', 'INITIAL_LOAD', 'Leaf product code', '2024-06-15', 'A1/P1 Commercial Paper', '2024-06-15', '10', 'Top-tier short-term unsecured promissory note', 'CPR', 'Y', 'Enterprise Data Office', 'ACTIVE', 0, '2024-06-15', 3);
INSERT INTO l1.enterprise_product_taxonomy (product_node_id, product_code, product_name, parent_node_id, created_ts, updated_ts, change_event, comments, create_update_date, description, effective_date, fr2590_category_code, long_description, parent, parent_leaf, requestor, status, substatus, substatus_effective_to_date, tree_level) VALUES (84, 'A2CP', 'A2/P2 Commercial Paper', 1026, '2024-06-15', '2024-06-15 12:00:00', 'INITIAL_LOAD', 'Leaf product code', '2024-06-15', 'A2/P2 Commercial Paper', '2024-06-15', '10', 'Second-tier short-term unsecured promissory note', 'CPR', 'Y', 'Enterprise Data Office', 'ACTIVE', 0, '2024-06-15', 3);
INSERT INTO l1.enterprise_product_taxonomy (product_node_id, product_code, product_name, parent_node_id, created_ts, updated_ts, change_event, comments, create_update_date, description, effective_date, fr2590_category_code, long_description, parent, parent_leaf, requestor, status, substatus, substatus_effective_to_date, tree_level) VALUES (85, 'ECP', 'Euro Commercial Paper', 1026, '2024-06-15', '2024-06-15 12:00:00', 'INITIAL_LOAD', 'Leaf product code', '2024-06-15', 'Euro Commercial Paper', '2024-06-15', '10', 'Commercial paper issued in eurocurrency markets', 'CPR', 'Y', 'Enterprise Data Office', 'ACTIVE', 0, '2024-06-15', 3);
INSERT INTO l1.enterprise_product_taxonomy (product_node_id, product_code, product_name, parent_node_id, created_ts, updated_ts, change_event, comments, create_update_date, description, effective_date, fr2590_category_code, long_description, parent, parent_leaf, requestor, status, substatus, substatus_effective_to_date, tree_level) VALUES (86, 'ABCP', 'Asset-Backed Commercial Paper', 1026, '2024-06-15', '2024-06-15 12:00:00', 'INITIAL_LOAD', 'Leaf product code', '2024-06-15', 'Asset-Backed Commercial Paper', '2024-06-15', '10', 'Commercial paper backed by financial assets in a conduit', 'CPR', 'Y', 'Enterprise Data Office', 'ACTIVE', 0, '2024-06-15', 3);
INSERT INTO l1.enterprise_product_taxonomy (product_node_id, product_code, product_name, parent_node_id, created_ts, updated_ts, change_event, comments, create_update_date, description, effective_date, fr2590_category_code, long_description, parent, parent_leaf, requestor, status, substatus, substatus_effective_to_date, tree_level) VALUES (87, 'MTN', 'Medium-Term Note', 1026, '2024-06-15', '2024-06-15 12:00:00', 'INITIAL_LOAD', 'Leaf product code', '2024-06-15', 'Medium-Term Note', '2024-06-15', '10', 'Debt note issued under an MTN program (flexible maturity)', 'CPR', 'Y', 'Enterprise Data Office', 'ACTIVE', 0, '2024-06-15', 3);
INSERT INTO l1.enterprise_product_taxonomy (product_node_id, product_code, product_name, parent_node_id, created_ts, updated_ts, change_event, comments, create_update_date, description, effective_date, fr2590_category_code, long_description, parent, parent_leaf, requestor, status, substatus, substatus_effective_to_date, tree_level) VALUES (88, 'CD', 'Certificate of Deposit', 1026, '2024-06-15', '2024-06-15 12:00:00', 'INITIAL_LOAD', 'Leaf product code', '2024-06-15', 'Certificate of Deposit', '2024-06-15', '10', 'Negotiable time deposit with fixed maturity and rate', 'CPR', 'Y', 'Enterprise Data Office', 'ACTIVE', 0, '2024-06-15', 3);
INSERT INTO l1.enterprise_product_taxonomy (product_node_id, product_code, product_name, parent_node_id, created_ts, updated_ts, change_event, comments, create_update_date, description, effective_date, fr2590_category_code, long_description, parent, parent_leaf, requestor, status, substatus, substatus_effective_to_date, tree_level) VALUES (89, 'MMDEP', 'Money Market Deposit', 1027, '2024-06-15', '2024-06-15 12:00:00', 'INITIAL_LOAD', 'Leaf product code', '2024-06-15', 'Money Market Deposit', '2024-06-15', '10', 'Short-term institutional deposit in money market', 'MMK', 'Y', 'Enterprise Data Office', 'ACTIVE', 0, '2024-06-15', 3);
INSERT INTO l1.enterprise_product_taxonomy (product_node_id, product_code, product_name, parent_node_id, created_ts, updated_ts, change_event, comments, create_update_date, description, effective_date, fr2590_category_code, long_description, parent, parent_leaf, requestor, status, substatus, substatus_effective_to_date, tree_level) VALUES (90, 'MMF', 'Money Market Fund', 1027, '2024-06-15', '2024-06-15 12:00:00', 'INITIAL_LOAD', 'Leaf product code', '2024-06-15', 'Money Market Fund', '2024-06-15', '10', 'Investment in regulated money market fund', 'MMK', 'Y', 'Enterprise Data Office', 'ACTIVE', 0, '2024-06-15', 3);
INSERT INTO l1.enterprise_product_taxonomy (product_node_id, product_code, product_name, parent_node_id, created_ts, updated_ts, change_event, comments, create_update_date, description, effective_date, fr2590_category_code, long_description, parent, parent_leaf, requestor, status, substatus, substatus_effective_to_date, tree_level) VALUES (91, 'TBILL', 'Treasury Bill', 1027, '2024-06-15', '2024-06-15 12:00:00', 'INITIAL_LOAD', 'Leaf product code', '2024-06-15', 'Treasury Bill', '2024-06-15', '10', 'Short-term government security (T-bill)', 'MMK', 'Y', 'Enterprise Data Office', 'ACTIVE', 0, '2024-06-15', 3);
INSERT INTO l1.enterprise_product_taxonomy (product_node_id, product_code, product_name, parent_node_id, created_ts, updated_ts, change_event, comments, create_update_date, description, effective_date, fr2590_category_code, long_description, parent, parent_leaf, requestor, status, substatus, substatus_effective_to_date, tree_level) VALUES (92, 'BA', 'Bankers Acceptance', 1027, '2024-06-15', '2024-06-15 12:00:00', 'INITIAL_LOAD', 'Leaf product code', '2024-06-15', 'Bankers Acceptance', '2024-06-15', '10', 'Time draft accepted by bank for trade finance', 'MMK', 'Y', 'Enterprise Data Office', 'ACTIVE', 0, '2024-06-15', 3);
INSERT INTO l1.enterprise_product_taxonomy (product_node_id, product_code, product_name, parent_node_id, created_ts, updated_ts, change_event, comments, create_update_date, description, effective_date, fr2590_category_code, long_description, parent, parent_leaf, requestor, status, substatus, substatus_effective_to_date, tree_level) VALUES (93, 'MMREP', 'Money Market Repo', 1027, '2024-06-15', '2024-06-15 12:00:00', 'INITIAL_LOAD', 'Leaf product code', '2024-06-15', 'Money Market Repo', '2024-06-15', '10', 'Very short-term repo in money market', 'MMK', 'Y', 'Enterprise Data Office', 'ACTIVE', 0, '2024-06-15', 3);
INSERT INTO l1.enterprise_product_taxonomy (product_node_id, product_code, product_name, parent_node_id, created_ts, updated_ts, change_event, comments, create_update_date, description, effective_date, fr2590_category_code, long_description, parent, parent_leaf, requestor, status, substatus, substatus_effective_to_date, tree_level) VALUES (94, 'CALLM', 'Call Money', 1027, '2024-06-15', '2024-06-15 12:00:00', 'INITIAL_LOAD', 'Leaf product code', '2024-06-15', 'Call Money', '2024-06-15', '10', 'Overnight or demand lending in interbank market', 'MMK', 'Y', 'Enterprise Data Office', 'ACTIVE', 0, '2024-06-15', 3);
INSERT INTO l1.enterprise_product_taxonomy (product_node_id, product_code, product_name, parent_node_id, created_ts, updated_ts, change_event, comments, create_update_date, description, effective_date, fr2590_category_code, long_description, parent, parent_leaf, requestor, status, substatus, substatus_effective_to_date, tree_level) VALUES (95, 'MMABCP', 'Money Market ABCP', 1027, '2024-06-15', '2024-06-15 12:00:00', 'INITIAL_LOAD', 'Leaf product code', '2024-06-15', 'Money Market ABCP', '2024-06-15', '10', 'ABCP held in money market portfolio', 'MMK', 'Y', 'Enterprise Data Office', 'ACTIVE', 0, '2024-06-15', 3);
INSERT INTO l1.enterprise_product_taxonomy (product_node_id, product_code, product_name, parent_node_id, created_ts, updated_ts, change_event, comments, create_update_date, description, effective_date, fr2590_category_code, long_description, parent, parent_leaf, requestor, status, substatus, substatus_effective_to_date, tree_level) VALUES (96, 'CLO', 'Collateralized Loan Obligation', 1028, '2024-06-15', '2024-06-15 12:00:00', 'INITIAL_LOAD', 'Leaf product code', '2024-06-15', 'Collateralized Loan Obligation', '2024-06-15', '1', 'Securitization of leveraged loan portfolio', 'STRF', 'Y', 'Enterprise Data Office', 'ACTIVE', 0, '2024-06-15', 3);
INSERT INTO l1.enterprise_product_taxonomy (product_node_id, product_code, product_name, parent_node_id, created_ts, updated_ts, change_event, comments, create_update_date, description, effective_date, fr2590_category_code, long_description, parent, parent_leaf, requestor, status, substatus, substatus_effective_to_date, tree_level) VALUES (97, 'MBS', 'Mortgage-Backed Security', 1028, '2024-06-15', '2024-06-15 12:00:00', 'INITIAL_LOAD', 'Leaf product code', '2024-06-15', 'Mortgage-Backed Security', '2024-06-15', '1', 'Security backed by pool of residential mortgages', 'STRF', 'Y', 'Enterprise Data Office', 'ACTIVE', 0, '2024-06-15', 3);
INSERT INTO l1.enterprise_product_taxonomy (product_node_id, product_code, product_name, parent_node_id, created_ts, updated_ts, change_event, comments, create_update_date, description, effective_date, fr2590_category_code, long_description, parent, parent_leaf, requestor, status, substatus, substatus_effective_to_date, tree_level) VALUES (98, 'ABS', 'Asset-Backed Security', 1028, '2024-06-15', '2024-06-15 12:00:00', 'INITIAL_LOAD', 'Leaf product code', '2024-06-15', 'Asset-Backed Security', '2024-06-15', '1', 'Security backed by financial assets (auto, student, credit card)', 'STRF', 'Y', 'Enterprise Data Office', 'ACTIVE', 0, '2024-06-15', 3);
INSERT INTO l1.enterprise_product_taxonomy (product_node_id, product_code, product_name, parent_node_id, created_ts, updated_ts, change_event, comments, create_update_date, description, effective_date, fr2590_category_code, long_description, parent, parent_leaf, requestor, status, substatus, substatus_effective_to_date, tree_level) VALUES (99, 'CMBS', 'Commercial MBS', 1028, '2024-06-15', '2024-06-15 12:00:00', 'INITIAL_LOAD', 'Leaf product code', '2024-06-15', 'Commercial MBS', '2024-06-15', '1', 'Security backed by pool of commercial real estate mortgages', 'STRF', 'Y', 'Enterprise Data Office', 'ACTIVE', 0, '2024-06-15', 3);
INSERT INTO l1.enterprise_product_taxonomy (product_node_id, product_code, product_name, parent_node_id, created_ts, updated_ts, change_event, comments, create_update_date, description, effective_date, fr2590_category_code, long_description, parent, parent_leaf, requestor, status, substatus, substatus_effective_to_date, tree_level) VALUES (100, 'CDO', 'Collateralized Debt Obligation', 1028, '2024-06-15', '2024-06-15 12:00:00', 'INITIAL_LOAD', 'Leaf product code', '2024-06-15', 'Collateralized Debt Obligation', '2024-06-15', '1', 'Structured product backed by diversified debt portfolio', 'STRF', 'Y', 'Enterprise Data Office', 'ACTIVE', 0, '2024-06-15', 3);

-- portfolio_dim (10 rows)
INSERT INTO l1.portfolio_dim (portfolio_id, portfolio_code, portfolio_name, created_ts, updated_ts, active_flag, lob_segment_id, parent_portfolio_id, portfolio_type) VALUES (1, 'IG-CORP', 'Investment Grade Corporate', '2024-06-15', '2024-06-15 12:00:00', 'Y', 1, 1, 'SECTOR');
INSERT INTO l1.portfolio_dim (portfolio_id, portfolio_code, portfolio_name, created_ts, updated_ts, active_flag, lob_segment_id, parent_portfolio_id, portfolio_type) VALUES (2, 'LEV-FIN', 'Leveraged Finance', '2024-06-15', '2024-06-15 12:00:00', 'Y', 2, 2, 'RISK_TIER');
INSERT INTO l1.portfolio_dim (portfolio_id, portfolio_code, portfolio_name, created_ts, updated_ts, active_flag, lob_segment_id, parent_portfolio_id, portfolio_type) VALUES (3, 'COMM', 'Commercial Banking', '2024-06-15', '2024-06-15 12:00:00', 'Y', 3, 3, 'LOB');
INSERT INTO l1.portfolio_dim (portfolio_id, portfolio_code, portfolio_name, created_ts, updated_ts, active_flag, lob_segment_id, parent_portfolio_id, portfolio_type) VALUES (4, 'CRE', 'Commercial Real Estate', '2024-06-15', '2024-06-15 12:00:00', 'Y', 4, 4, 'ASSET_CLASS');
INSERT INTO l1.portfolio_dim (portfolio_id, portfolio_code, portfolio_name, created_ts, updated_ts, active_flag, lob_segment_id, parent_portfolio_id, portfolio_type) VALUES (5, 'FIG', 'Financial Institutions', '2024-06-15', '2024-06-15 12:00:00', 'Y', 5, 1, 'SECTOR');
INSERT INTO l1.portfolio_dim (portfolio_id, portfolio_code, portfolio_name, created_ts, updated_ts, active_flag, lob_segment_id, parent_portfolio_id, portfolio_type) VALUES (6, 'TMT', 'TMT Sector', '2024-06-15', '2024-06-15 12:00:00', 'Y', 1, 2, 'SECTOR');
INSERT INTO l1.portfolio_dim (portfolio_id, portfolio_code, portfolio_name, created_ts, updated_ts, active_flag, lob_segment_id, parent_portfolio_id, portfolio_type) VALUES (7, 'ENERGY', 'Energy & Natural Resources', '2024-06-15', '2024-06-15 12:00:00', 'Y', 2, 3, 'SECTOR');
INSERT INTO l1.portfolio_dim (portfolio_id, portfolio_code, portfolio_name, created_ts, updated_ts, active_flag, lob_segment_id, parent_portfolio_id, portfolio_type) VALUES (8, 'HEALTH', 'Healthcare', '2024-06-15', '2024-06-15 12:00:00', 'Y', 3, 4, 'SECTOR');
INSERT INTO l1.portfolio_dim (portfolio_id, portfolio_code, portfolio_name, created_ts, updated_ts, active_flag, lob_segment_id, parent_portfolio_id, portfolio_type) VALUES (9, 'SYND', 'Syndicated Loans', '2024-06-15', '2024-06-15 12:00:00', 'Y', 4, 1, 'ORIGINATION');
INSERT INTO l1.portfolio_dim (portfolio_id, portfolio_code, portfolio_name, created_ts, updated_ts, active_flag, lob_segment_id, parent_portfolio_id, portfolio_type) VALUES (10, 'BILAT', 'Bilateral Facilities', '2024-06-15', '2024-06-15 12:00:00', 'Y', 5, 2, 'ORIGINATION');

-- org_unit_dim (10 rows)
INSERT INTO l1.org_unit_dim (org_unit_id, org_unit_code, org_unit_name, parent_org_unit_id, created_ts, updated_ts, cost_center_code, effective_from_date, effective_to_date, is_current, lob_segment_id, manager_user_id, org_unit_type, source_system_id) VALUES (1, 'NY-CB', 'New York - Commercial Banking', 1, '2024-06-15', '2024-06-15 12:00:00', 'CC-1001', '2024-01-01', '9999-12-31', 'Y', 1, 1, 'COVERAGE', 7);
INSERT INTO l1.org_unit_dim (org_unit_id, org_unit_code, org_unit_name, parent_org_unit_id, created_ts, updated_ts, cost_center_code, effective_from_date, effective_to_date, is_current, lob_segment_id, manager_user_id, org_unit_type, source_system_id) VALUES (2, 'NY-GCB', 'New York - Global Corporate Banking', 2, '2024-06-15', '2024-06-15 12:00:00', 'CC-1002', '2024-01-01', '9999-12-31', 'Y', 2, 2, 'COVERAGE', 7);
INSERT INTO l1.org_unit_dim (org_unit_id, org_unit_code, org_unit_name, parent_org_unit_id, created_ts, updated_ts, cost_center_code, effective_from_date, effective_to_date, is_current, lob_segment_id, manager_user_id, org_unit_type, source_system_id) VALUES (3, 'LN-EMEA', 'London - EMEA Coverage', 1, '2024-06-15', '2024-06-15 12:00:00', 'CC-2001', '2024-01-01', '9999-12-31', 'Y', 3, 3, 'REGIONAL', 7);
INSERT INTO l1.org_unit_dim (org_unit_id, org_unit_code, org_unit_name, parent_org_unit_id, created_ts, updated_ts, cost_center_code, effective_from_date, effective_to_date, is_current, lob_segment_id, manager_user_id, org_unit_type, source_system_id) VALUES (4, 'TK-APAC', 'Tokyo - APAC Coverage', 2, '2024-06-15', '2024-06-15 12:00:00', 'CC-3001', '2024-01-01', '9999-12-31', 'Y', 4, 4, 'REGIONAL', 7);
INSERT INTO l1.org_unit_dim (org_unit_id, org_unit_code, org_unit_name, parent_org_unit_id, created_ts, updated_ts, cost_center_code, effective_from_date, effective_to_date, is_current, lob_segment_id, manager_user_id, org_unit_type, source_system_id) VALUES (5, 'NY-CRE', 'New York - CRE Lending', 1, '2024-06-15', '2024-06-15 12:00:00', 'CC-1003', '2024-01-01', '9999-12-31', 'Y', 5, 5, 'PRODUCT', 7);
INSERT INTO l1.org_unit_dim (org_unit_id, org_unit_code, org_unit_name, parent_org_unit_id, created_ts, updated_ts, cost_center_code, effective_from_date, effective_to_date, is_current, lob_segment_id, manager_user_id, org_unit_type, source_system_id) VALUES (6, 'CH-WM', 'Charlotte - Wealth Management', 2, '2024-06-15', '2024-06-15 12:00:00', 'CC-4001', '2024-01-01', '9999-12-31', 'Y', 1, 6, 'LOB', 7);
INSERT INTO l1.org_unit_dim (org_unit_id, org_unit_code, org_unit_name, parent_org_unit_id, created_ts, updated_ts, cost_center_code, effective_from_date, effective_to_date, is_current, lob_segment_id, manager_user_id, org_unit_type, source_system_id) VALUES (7, 'NY-RISK', 'New York - Enterprise Risk', 1, '2024-06-15', '2024-06-15 12:00:00', 'CC-5001', '2024-01-01', '9999-12-31', 'Y', 2, 7, 'CONTROL', 7);
INSERT INTO l1.org_unit_dim (org_unit_id, org_unit_code, org_unit_name, parent_org_unit_id, created_ts, updated_ts, cost_center_code, effective_from_date, effective_to_date, is_current, lob_segment_id, manager_user_id, org_unit_type, source_system_id) VALUES (8, 'NY-GTS', 'New York - Global Transaction Services', 2, '2024-06-15', '2024-06-15 12:00:00', 'CC-1004', '2024-01-01', '9999-12-31', 'Y', 3, 8, 'PRODUCT', 7);
INSERT INTO l1.org_unit_dim (org_unit_id, org_unit_code, org_unit_name, parent_org_unit_id, created_ts, updated_ts, cost_center_code, effective_from_date, effective_to_date, is_current, lob_segment_id, manager_user_id, org_unit_type, source_system_id) VALUES (9, 'SF-TECH', 'San Francisco - Technology Banking', 1, '2024-06-15', '2024-06-15 12:00:00', 'CC-1005', '2024-01-01', '9999-12-31', 'Y', 4, 9, 'SECTOR', 7);
INSERT INTO l1.org_unit_dim (org_unit_id, org_unit_code, org_unit_name, parent_org_unit_id, created_ts, updated_ts, cost_center_code, effective_from_date, effective_to_date, is_current, lob_segment_id, manager_user_id, org_unit_type, source_system_id) VALUES (10, 'HK-ASIA', 'Hong Kong - Asia Coverage', 2, '2024-06-15', '2024-06-15 12:00:00', 'CC-3002', '2024-01-01', '9999-12-31', 'Y', 5, 10, 'REGIONAL', 7);

-- rating_source (10 rows)
INSERT INTO l1.rating_source (rating_source_id, source_name, created_ts, updated_ts, active_flag, priority_rank, rating_source_name, rating_source_type, vendor_code) VALUES (1, 'S&P Global Ratings', '2024-06-15', '2024-06-15 12:00:00', 'Y', 1, 'S&P Global Ratings', 'EXTERNAL', 'SP');
INSERT INTO l1.rating_source (rating_source_id, source_name, created_ts, updated_ts, active_flag, priority_rank, rating_source_name, rating_source_type, vendor_code) VALUES (2, 'Moody''s Investors Service', '2024-06-15', '2024-06-15 12:00:00', 'Y', 2, 'Moody''s Investors Service', 'EXTERNAL', 'MOODYS');
INSERT INTO l1.rating_source (rating_source_id, source_name, created_ts, updated_ts, active_flag, priority_rank, rating_source_name, rating_source_type, vendor_code) VALUES (3, 'Fitch Ratings', '2024-06-15', '2024-06-15 12:00:00', 'Y', 3, 'Fitch Ratings', 'EXTERNAL', 'FITCH');
INSERT INTO l1.rating_source (rating_source_id, source_name, created_ts, updated_ts, active_flag, priority_rank, rating_source_name, rating_source_type, vendor_code) VALUES (4, 'DBRS Morningstar', '2024-06-15', '2024-06-15 12:00:00', 'Y', 4, 'DBRS Morningstar', 'EXTERNAL', 'DBRS');
INSERT INTO l1.rating_source (rating_source_id, source_name, created_ts, updated_ts, active_flag, priority_rank, rating_source_name, rating_source_type, vendor_code) VALUES (5, 'Internal PD Model', '2024-06-15', '2024-06-15 12:00:00', 'Y', 5, 'Internal PD Model', 'INTERNAL', 'INT_PD');
INSERT INTO l1.rating_source (rating_source_id, source_name, created_ts, updated_ts, active_flag, priority_rank, rating_source_name, rating_source_type, vendor_code) VALUES (6, 'Internal Expert Judgment', '2024-06-15', '2024-06-15 12:00:00', 'Y', 6, 'Internal Expert Judgment', 'INTERNAL', 'INT_EJ');
INSERT INTO l1.rating_source (rating_source_id, source_name, created_ts, updated_ts, active_flag, priority_rank, rating_source_name, rating_source_type, vendor_code) VALUES (7, 'Kroll Bond Rating Agency', '2024-06-15', '2024-06-15 12:00:00', 'Y', 7, 'Kroll Bond Rating Agency', 'EXTERNAL', 'KBRA');
INSERT INTO l1.rating_source (rating_source_id, source_name, created_ts, updated_ts, active_flag, priority_rank, rating_source_name, rating_source_type, vendor_code) VALUES (8, 'Japan Credit Rating', '2024-06-15', '2024-06-15 12:00:00', 'Y', 8, 'Japan Credit Rating', 'EXTERNAL', 'JCR');
INSERT INTO l1.rating_source (rating_source_id, source_name, created_ts, updated_ts, active_flag, priority_rank, rating_source_name, rating_source_type, vendor_code) VALUES (9, 'China Chengxin Intl', '2024-06-15', '2024-06-15 12:00:00', 'Y', 9, 'China Chengxin Intl', 'EXTERNAL', 'CCXI');
INSERT INTO l1.rating_source (rating_source_id, source_name, created_ts, updated_ts, active_flag, priority_rank, rating_source_name, rating_source_type, vendor_code) VALUES (10, 'RAM Holdings', '2024-06-15', '2024-06-15 12:00:00', 'Y', 10, 'RAM Holdings', 'EXTERNAL', 'RAM');

-- rating_grade_dim (10 rows)
INSERT INTO l1.rating_grade_dim (rating_grade_id, rating_scale_id, grade_code, grade_name, created_ts, updated_ts, default_flag, effective_from_date, effective_to_date, is_current, lgd_downturn, pd_12m, rating_grade_code, rating_grade_name, rating_notch, rating_scale_code, source_system_id) VALUES (1, 1, 'AAA', 'Prime', '2024-06-15', '2024-06-15 12:00:00', 'N', '2024-01-01', '9999-12-31', 'Y', 0.3, 0.0001, 1, 'Prime', 'AAA', 'INTERNAL', 5);
INSERT INTO l1.rating_grade_dim (rating_grade_id, rating_scale_id, grade_code, grade_name, created_ts, updated_ts, default_flag, effective_from_date, effective_to_date, is_current, lgd_downturn, pd_12m, rating_grade_code, rating_grade_name, rating_notch, rating_scale_code, source_system_id) VALUES (2, 2, 'AA+', 'High Grade', '2024-06-15', '2024-06-15 12:00:00', 'N', '2024-01-01', '9999-12-31', 'Y', 0.32, 0.0002, 2, 'High Grade', 'AA+', 'INTERNAL', 5);
INSERT INTO l1.rating_grade_dim (rating_grade_id, rating_scale_id, grade_code, grade_name, created_ts, updated_ts, default_flag, effective_from_date, effective_to_date, is_current, lgd_downturn, pd_12m, rating_grade_code, rating_grade_name, rating_notch, rating_scale_code, source_system_id) VALUES (3, 3, 'AA', 'High Grade', '2024-06-15', '2024-06-15 12:00:00', 'N', '2024-01-01', '9999-12-31', 'Y', 0.35, 0.0003, 3, 'High Grade', 'AA', 'INTERNAL', 5);
INSERT INTO l1.rating_grade_dim (rating_grade_id, rating_scale_id, grade_code, grade_name, created_ts, updated_ts, default_flag, effective_from_date, effective_to_date, is_current, lgd_downturn, pd_12m, rating_grade_code, rating_grade_name, rating_notch, rating_scale_code, source_system_id) VALUES (4, 4, 'A+', 'Upper Medium Grade', '2024-06-15', '2024-06-15 12:00:00', 'N', '2024-01-01', '9999-12-31', 'Y', 0.38, 0.0005, 4, 'Upper Medium Grade', 'A+', 'INTERNAL', 5);
INSERT INTO l1.rating_grade_dim (rating_grade_id, rating_scale_id, grade_code, grade_name, created_ts, updated_ts, default_flag, effective_from_date, effective_to_date, is_current, lgd_downturn, pd_12m, rating_grade_code, rating_grade_name, rating_notch, rating_scale_code, source_system_id) VALUES (5, 5, 'A', 'Upper Medium Grade', '2024-06-15', '2024-06-15 12:00:00', 'N', '2024-01-01', '9999-12-31', 'Y', 0.4, 0.0008, 5, 'Upper Medium Grade', 'A', 'INTERNAL', 7);
INSERT INTO l1.rating_grade_dim (rating_grade_id, rating_scale_id, grade_code, grade_name, created_ts, updated_ts, default_flag, effective_from_date, effective_to_date, is_current, lgd_downturn, pd_12m, rating_grade_code, rating_grade_name, rating_notch, rating_scale_code, source_system_id) VALUES (6, 6, 'BBB+', 'Lower Medium Grade', '2024-06-15', '2024-06-15 12:00:00', 'N', '2024-01-01', '9999-12-31', 'Y', 0.42, 0.0015, 6, 'Lower Medium Grade', 'BBB+', 'EXTERNAL', 7);
INSERT INTO l1.rating_grade_dim (rating_grade_id, rating_scale_id, grade_code, grade_name, created_ts, updated_ts, default_flag, effective_from_date, effective_to_date, is_current, lgd_downturn, pd_12m, rating_grade_code, rating_grade_name, rating_notch, rating_scale_code, source_system_id) VALUES (7, 7, 'BBB', 'Lower Medium Grade', '2024-06-15', '2024-06-15 12:00:00', 'N', '2024-01-01', '9999-12-31', 'Y', 0.45, 0.0025, 7, 'Lower Medium Grade', 'BBB', 'EXTERNAL', 7);
INSERT INTO l1.rating_grade_dim (rating_grade_id, rating_scale_id, grade_code, grade_name, created_ts, updated_ts, default_flag, effective_from_date, effective_to_date, is_current, lgd_downturn, pd_12m, rating_grade_code, rating_grade_name, rating_notch, rating_scale_code, source_system_id) VALUES (8, 8, 'BBB-', 'Lower Medium Grade', '2024-06-15', '2024-06-15 12:00:00', 'N', '2024-01-01', '9999-12-31', 'Y', 0.48, 0.004, 8, 'Lower Medium Grade', 'BBB-', 'EXTERNAL', 7);
INSERT INTO l1.rating_grade_dim (rating_grade_id, rating_scale_id, grade_code, grade_name, created_ts, updated_ts, default_flag, effective_from_date, effective_to_date, is_current, lgd_downturn, pd_12m, rating_grade_code, rating_grade_name, rating_notch, rating_scale_code, source_system_id) VALUES (9, 9, 'BB+', 'Non-Investment Grade Speculative', '2024-06-15', '2024-06-15 12:00:00', 'N', '2024-01-01', '9999-12-31', 'Y', 0.5, 0.0075, 9, 'Non-Investment Grade Speculative', 'BB+', 'EXTERNAL', 7);
INSERT INTO l1.rating_grade_dim (rating_grade_id, rating_scale_id, grade_code, grade_name, created_ts, updated_ts, default_flag, effective_from_date, effective_to_date, is_current, lgd_downturn, pd_12m, rating_grade_code, rating_grade_name, rating_notch, rating_scale_code, source_system_id) VALUES (10, 10, 'BB', 'Non-Investment Grade Speculative', '2024-06-15', '2024-06-15 12:00:00', 'Y', '2024-01-01', '9999-12-31', 'Y', 0.55, 0.012, 10, 'Non-Investment Grade Speculative', 'BB', 'EXTERNAL', 7);

-- collateral_type (10 rows)
INSERT INTO l1.collateral_type (collateral_type_id, name, collateral_category, description, active_flag, created_ts, updated_ts, basel_rwa_weight, hqla_level, is_eligible_crm, is_financial_collateral, minimum_holding_period_days, risk_mitigant_subtype_code, standard_haircut_pct, volatility_adjustment_pct) VALUES (1, 'CASH', 'FINANCIAL', 'Cash and cash equivalents', 'Y', '2024-06-15', '2024-06-15 12:00:00', '0%', 'L1', 'Y', 'Y', 0, 'CASH', 0, 0);
INSERT INTO l1.collateral_type (collateral_type_id, name, collateral_category, description, active_flag, created_ts, updated_ts, basel_rwa_weight, hqla_level, is_eligible_crm, is_financial_collateral, minimum_holding_period_days, risk_mitigant_subtype_code, standard_haircut_pct, volatility_adjustment_pct) VALUES (2, 'GOVT_SEC', 'FINANCIAL', 'Government securities and sovereign debt', 'Y', '2024-06-15', '2024-06-15 12:00:00', '0%', 'L1', 'Y', 'Y', 5, 'DEBT_SEC', 0.5, 1);
INSERT INTO l1.collateral_type (collateral_type_id, name, collateral_category, description, active_flag, created_ts, updated_ts, basel_rwa_weight, hqla_level, is_eligible_crm, is_financial_collateral, minimum_holding_period_days, risk_mitigant_subtype_code, standard_haircut_pct, volatility_adjustment_pct) VALUES (3, 'CORP_BOND', 'FINANCIAL', 'Investment-grade corporate bonds', 'Y', '2024-06-15', '2024-06-15 12:00:00', '20%', 'L2A', 'Y', 'Y', 10, 'DEBT_SEC', 4, 6);
INSERT INTO l1.collateral_type (collateral_type_id, name, collateral_category, description, active_flag, created_ts, updated_ts, basel_rwa_weight, hqla_level, is_eligible_crm, is_financial_collateral, minimum_holding_period_days, risk_mitigant_subtype_code, standard_haircut_pct, volatility_adjustment_pct) VALUES (4, 'EQUITY', 'FINANCIAL', 'Listed equities on major exchanges', 'Y', '2024-06-15', '2024-06-15 12:00:00', '100%', 'L2B', 'Y', 'Y', 10, 'EQUITY_SEC', 15, 20);
INSERT INTO l1.collateral_type (collateral_type_id, name, collateral_category, description, active_flag, created_ts, updated_ts, basel_rwa_weight, hqla_level, is_eligible_crm, is_financial_collateral, minimum_holding_period_days, risk_mitigant_subtype_code, standard_haircut_pct, volatility_adjustment_pct) VALUES (5, 'REAL_ESTATE', 'PHYSICAL', 'Commercial and residential real estate', 'Y', '2024-06-15', '2024-06-15 12:00:00', '100%', 'NONE', 'Y', 'N', 0, 'CRE', 30, 0);
INSERT INTO l1.collateral_type (collateral_type_id, name, collateral_category, description, active_flag, created_ts, updated_ts, basel_rwa_weight, hqla_level, is_eligible_crm, is_financial_collateral, minimum_holding_period_days, risk_mitigant_subtype_code, standard_haircut_pct, volatility_adjustment_pct) VALUES (6, 'RECEIVABLES', 'RECEIVABLES', 'Trade receivables and invoices', 'Y', '2024-06-15', '2024-06-15 12:00:00', '100%', 'NONE', 'N', 'N', 0, 'REC', 20, 0);
INSERT INTO l1.collateral_type (collateral_type_id, name, collateral_category, description, active_flag, created_ts, updated_ts, basel_rwa_weight, hqla_level, is_eligible_crm, is_financial_collateral, minimum_holding_period_days, risk_mitigant_subtype_code, standard_haircut_pct, volatility_adjustment_pct) VALUES (7, 'GUARANTEE', 'UNFUNDED', 'Third-party financial guarantees', 'Y', '2024-06-15', '2024-06-15 12:00:00', '0%', 'NONE', 'Y', 'N', 0, 'GUARANTEE', 0, 0);
INSERT INTO l1.collateral_type (collateral_type_id, name, collateral_category, description, active_flag, created_ts, updated_ts, basel_rwa_weight, hqla_level, is_eligible_crm, is_financial_collateral, minimum_holding_period_days, risk_mitigant_subtype_code, standard_haircut_pct, volatility_adjustment_pct) VALUES (8, 'GOLD', 'PHYSICAL', 'Gold bullion and certificates', 'Y', '2024-06-15', '2024-06-15 12:00:00', '0%', 'L1', 'Y', 'Y', 10, 'COMMODITY', 5, 8);
INSERT INTO l1.collateral_type (collateral_type_id, name, collateral_category, description, active_flag, created_ts, updated_ts, basel_rwa_weight, hqla_level, is_eligible_crm, is_financial_collateral, minimum_holding_period_days, risk_mitigant_subtype_code, standard_haircut_pct, volatility_adjustment_pct) VALUES (9, 'INVENTORY', 'PHYSICAL', 'Raw materials and finished goods inventory', 'Y', '2024-06-15', '2024-06-15 12:00:00', '100%', 'NONE', 'N', 'N', 0, 'PHYSICAL', 25, 0);
INSERT INTO l1.collateral_type (collateral_type_id, name, collateral_category, description, active_flag, created_ts, updated_ts, basel_rwa_weight, hqla_level, is_eligible_crm, is_financial_collateral, minimum_holding_period_days, risk_mitigant_subtype_code, standard_haircut_pct, volatility_adjustment_pct) VALUES (10, 'EQUIPMENT', 'PHYSICAL', 'Plant, machinery and equipment', 'Y', '2024-06-15', '2024-06-15 12:00:00', '100%', 'NONE', 'N', 'N', 0, 'PHYSICAL', 35, 0);

-- interest_rate_index_dim (10 rows)
INSERT INTO l1.interest_rate_index_dim (rate_index_id, index_code, index_name, created_ts, updated_ts, active_flag, cessation_date, compounding_method, currency_code, day_count_convention, fallback_spread_bps, fallback_to_index_id, index_family, is_bmu_compliant, is_fallback_rate, publication_source, tenor_code) VALUES (1, 'SOFR', 'Secured Overnight Financing Rate', '2024-06-15', '2024-06-15 12:00:00', 'Y', '9999-12-31', 'SIMPLE', 'USD', 'ACT/360', 0, 1, 'SOFR', 'Y', 'N', 'FRBNY', 'ON');
INSERT INTO l1.interest_rate_index_dim (rate_index_id, index_code, index_name, created_ts, updated_ts, active_flag, cessation_date, compounding_method, currency_code, day_count_convention, fallback_spread_bps, fallback_to_index_id, index_family, is_bmu_compliant, is_fallback_rate, publication_source, tenor_code) VALUES (2, 'SOFR-90', 'SOFR 90-Day', '2024-06-15', '2024-06-15 12:00:00', 'Y', '9999-12-31', 'COMPOUNDED', 'USD', 'ACT/360', 26.161, 2, 'SOFR', 'Y', 'N', 'FRBNY', '3M');
INSERT INTO l1.interest_rate_index_dim (rate_index_id, index_code, index_name, created_ts, updated_ts, active_flag, cessation_date, compounding_method, currency_code, day_count_convention, fallback_spread_bps, fallback_to_index_id, index_family, is_bmu_compliant, is_fallback_rate, publication_source, tenor_code) VALUES (3, 'EURIBOR', 'Euro Interbank Offered Rate', '2024-06-15', '2024-06-15 12:00:00', 'Y', '9999-12-31', 'SIMPLE', 'EUR', 'ACT/360', 0, 1, 'IBOR', 'Y', 'N', 'EMMI', '3M');
INSERT INTO l1.interest_rate_index_dim (rate_index_id, index_code, index_name, created_ts, updated_ts, active_flag, cessation_date, compounding_method, currency_code, day_count_convention, fallback_spread_bps, fallback_to_index_id, index_family, is_bmu_compliant, is_fallback_rate, publication_source, tenor_code) VALUES (4, 'SONIA', 'Sterling Overnight Index', '2024-06-15', '2024-06-15 12:00:00', 'Y', '9999-12-31', 'COMPOUNDED', 'GBP', 'ACT/365', 0, 4, 'RFR', 'Y', 'N', 'BOE', 'ON');
INSERT INTO l1.interest_rate_index_dim (rate_index_id, index_code, index_name, created_ts, updated_ts, active_flag, cessation_date, compounding_method, currency_code, day_count_convention, fallback_spread_bps, fallback_to_index_id, index_family, is_bmu_compliant, is_fallback_rate, publication_source, tenor_code) VALUES (5, 'FF', 'Fed Funds', '2024-06-15', '2024-06-15 12:00:00', 'Y', '9999-12-31', 'SIMPLE', 'USD', 'ACT/360', 0, 5, 'OVERNIGHT', 'Y', 'N', 'FRBNY', 'ON');
INSERT INTO l1.interest_rate_index_dim (rate_index_id, index_code, index_name, created_ts, updated_ts, active_flag, cessation_date, compounding_method, currency_code, day_count_convention, fallback_spread_bps, fallback_to_index_id, index_family, is_bmu_compliant, is_fallback_rate, publication_source, tenor_code) VALUES (6, 'PRIME', 'Prime Rate', '2024-06-15', '2024-06-15 12:00:00', 'Y', '9999-12-31', 'NONE', 'USD', 'ACT/360', 0, 6, 'PRIME', 'N', 'N', 'WSJ', 'DAILY');
INSERT INTO l1.interest_rate_index_dim (rate_index_id, index_code, index_name, created_ts, updated_ts, active_flag, cessation_date, compounding_method, currency_code, day_count_convention, fallback_spread_bps, fallback_to_index_id, index_family, is_bmu_compliant, is_fallback_rate, publication_source, tenor_code) VALUES (7, 'CDOR', 'Canadian Dollar Offered Rate', '2024-06-15', '2024-06-15 12:00:00', 'Y', '9999-12-31', 'SIMPLE', 'CAD', 'ACT/365', 29.547, 1, 'IBOR', 'N', 'N', 'REFINITIV', '3M');
INSERT INTO l1.interest_rate_index_dim (rate_index_id, index_code, index_name, created_ts, updated_ts, active_flag, cessation_date, compounding_method, currency_code, day_count_convention, fallback_spread_bps, fallback_to_index_id, index_family, is_bmu_compliant, is_fallback_rate, publication_source, tenor_code) VALUES (8, 'BBSW', 'Bank Bill Swap Rate', '2024-06-15', '2024-06-15 12:00:00', 'Y', '9999-12-31', 'SIMPLE', 'AUD', 'ACT/365', 0, 8, 'IBOR', 'Y', 'N', 'ASX', '3M');
INSERT INTO l1.interest_rate_index_dim (rate_index_id, index_code, index_name, created_ts, updated_ts, active_flag, cessation_date, compounding_method, currency_code, day_count_convention, fallback_spread_bps, fallback_to_index_id, index_family, is_bmu_compliant, is_fallback_rate, publication_source, tenor_code) VALUES (9, 'HIBOR', 'HKD Interbank', '2024-06-15', '2024-06-15 12:00:00', 'Y', '9999-12-31', 'SIMPLE', 'HKD', 'ACT/365', 0, 9, 'IBOR', 'N', 'N', 'HKAB', '3M');
INSERT INTO l1.interest_rate_index_dim (rate_index_id, index_code, index_name, created_ts, updated_ts, active_flag, cessation_date, compounding_method, currency_code, day_count_convention, fallback_spread_bps, fallback_to_index_id, index_family, is_bmu_compliant, is_fallback_rate, publication_source, tenor_code) VALUES (10, 'SOR', 'SGD Swap Offer', '2024-06-15', '2024-06-15 12:00:00', 'Y', '9999-12-31', 'SIMPLE', 'SGD', 'ACT/365', 0, 10, 'IBOR', 'N', 'N', 'ABS', '3M');

-- ledger_account_dim (10 rows)
INSERT INTO l1.ledger_account_dim (ledger_account_id, account_code, account_name, created_ts, updated_ts, account_category, account_type, is_balance_sheet_flag, active_flag, currency_code, effective_from_date, effective_to_date, is_reconciliation_account, legal_entity_id, lob_segment_id, parent_account_id, regulatory_report_code, source_system_id) VALUES (1, '1200', 'Commercial Loans', '2024-06-15', '2024-06-15 12:00:00', 'LOAN_RECEIVABLE', 'ASSET', true, 'Y', 'USD', '2020-01-01', '9999-12-31', 'Y', 1, 1, 1, 'FFIEC031_SC_C', 9);
INSERT INTO l1.ledger_account_dim (ledger_account_id, account_code, account_name, created_ts, updated_ts, account_category, account_type, is_balance_sheet_flag, active_flag, currency_code, effective_from_date, effective_to_date, is_reconciliation_account, legal_entity_id, lob_segment_id, parent_account_id, regulatory_report_code, source_system_id) VALUES (2, '1201', 'Revolvers Drawn', '2024-06-15', '2024-06-15 12:00:00', 'LOAN_RECEIVABLE', 'ASSET', true, 'Y', 'USD', '2020-01-01', '9999-12-31', 'Y', 1, 2, 2, 'FFIEC031_SC_C', 9);
INSERT INTO l1.ledger_account_dim (ledger_account_id, account_code, account_name, created_ts, updated_ts, account_category, account_type, is_balance_sheet_flag, active_flag, currency_code, effective_from_date, effective_to_date, is_reconciliation_account, legal_entity_id, lob_segment_id, parent_account_id, regulatory_report_code, source_system_id) VALUES (3, '1202', 'Term Loans', '2024-06-15', '2024-06-15 12:00:00', 'LOAN_RECEIVABLE', 'ASSET', true, 'Y', 'USD', '2020-01-01', '9999-12-31', 'Y', 1, 3, 3, 'FFIEC031_SC_C', 9);
INSERT INTO l1.ledger_account_dim (ledger_account_id, account_code, account_name, created_ts, updated_ts, account_category, account_type, is_balance_sheet_flag, active_flag, currency_code, effective_from_date, effective_to_date, is_reconciliation_account, legal_entity_id, lob_segment_id, parent_account_id, regulatory_report_code, source_system_id) VALUES (4, '1300', 'Commitments', '2024-06-15', '2024-06-15 12:00:00', 'COMMITMENT', 'LIABILITY', false, 'Y', 'USD', '2020-01-01', '9999-12-31', 'N', 1, 4, 1, 'FFIEC031_SC_L', 9);
INSERT INTO l1.ledger_account_dim (ledger_account_id, account_code, account_name, created_ts, updated_ts, account_category, account_type, is_balance_sheet_flag, active_flag, currency_code, effective_from_date, effective_to_date, is_reconciliation_account, legal_entity_id, lob_segment_id, parent_account_id, regulatory_report_code, source_system_id) VALUES (5, '1301', 'Unfunded Revolvers', '2024-06-15', '2024-06-15 12:00:00', 'COMMITMENT', 'LIABILITY', false, 'Y', 'USD', '2020-01-01', '9999-12-31', 'N', 1, 5, 1, 'FFIEC031_SC_L', 9);
INSERT INTO l1.ledger_account_dim (ledger_account_id, account_code, account_name, created_ts, updated_ts, account_category, account_type, is_balance_sheet_flag, active_flag, currency_code, effective_from_date, effective_to_date, is_reconciliation_account, legal_entity_id, lob_segment_id, parent_account_id, regulatory_report_code, source_system_id) VALUES (6, '1400', 'Letters of Credit', '2024-06-15', '2024-06-15 12:00:00', 'CONTINGENT', 'LIABILITY', false, 'Y', 'USD', '2020-01-01', '9999-12-31', 'N', 1, 1, 1, 'FFIEC031_SC_L', 9);
INSERT INTO l1.ledger_account_dim (ledger_account_id, account_code, account_name, created_ts, updated_ts, account_category, account_type, is_balance_sheet_flag, active_flag, currency_code, effective_from_date, effective_to_date, is_reconciliation_account, legal_entity_id, lob_segment_id, parent_account_id, regulatory_report_code, source_system_id) VALUES (7, '1500', 'Derivatives Receivable', '2024-06-15', '2024-06-15 12:00:00', 'DERIVATIVE_ASSET', 'ASSET', true, 'Y', 'USD', '2020-01-01', '9999-12-31', 'Y', 1, 2, 4, 'FFIEC031_SC_Q', 9);
INSERT INTO l1.ledger_account_dim (ledger_account_id, account_code, account_name, created_ts, updated_ts, account_category, account_type, is_balance_sheet_flag, active_flag, currency_code, effective_from_date, effective_to_date, is_reconciliation_account, legal_entity_id, lob_segment_id, parent_account_id, regulatory_report_code, source_system_id) VALUES (8, '1600', 'Collateral Held', '2024-06-15', '2024-06-15 12:00:00', 'COLLATERAL', 'ASSET', true, 'Y', 'USD', '2020-01-01', '9999-12-31', 'N', 1, 3, 4, 'FFIEC031_SC_R', 9);
INSERT INTO l1.ledger_account_dim (ledger_account_id, account_code, account_name, created_ts, updated_ts, account_category, account_type, is_balance_sheet_flag, active_flag, currency_code, effective_from_date, effective_to_date, is_reconciliation_account, legal_entity_id, lob_segment_id, parent_account_id, regulatory_report_code, source_system_id) VALUES (9, '1700', 'Allowance', '2024-06-15', '2024-06-15 12:00:00', 'PROVISION', 'ASSET', true, 'Y', 'USD', '2020-01-01', '9999-12-31', 'Y', 1, 4, 4, 'FFIEC031_SC_C', 9);
INSERT INTO l1.ledger_account_dim (ledger_account_id, account_code, account_name, created_ts, updated_ts, account_category, account_type, is_balance_sheet_flag, active_flag, currency_code, effective_from_date, effective_to_date, is_reconciliation_account, legal_entity_id, lob_segment_id, parent_account_id, regulatory_report_code, source_system_id) VALUES (10, '1800', 'Interest Receivable', '2024-06-15', '2024-06-15 12:00:00', 'ACCRUAL', 'ASSET', true, 'Y', 'USD', '2020-01-01', '9999-12-31', 'Y', 1, 5, 4, 'FFIEC031_SC_C', 9);

-- context_dim (10 rows)
INSERT INTO l1.context_dim (context_id, context_domain, context_code, context_name, description, is_active_flag, created_ts, updated_ts) VALUES (1, 'RISK', 'RISK_MGMT', 'Risk Management', 'Internal risk management and monitoring', 'Y', '2024-06-15 12:00:00', '2024-06-15 12:00:00');
INSERT INTO l1.context_dim (context_id, context_domain, context_code, context_name, description, is_active_flag, created_ts, updated_ts) VALUES (2, 'REGULATORY', 'REG_REPORT', 'Regulatory Reporting', 'Regulatory report submissions (FR Y-14Q, FFIEC)', 'Y', '2024-06-15 12:00:00', '2024-06-15 12:00:00');
INSERT INTO l1.context_dim (context_id, context_domain, context_code, context_name, description, is_active_flag, created_ts, updated_ts) VALUES (3, 'FINANCIAL', 'FIN_STMT', 'Financial Statement', 'GAAP/IFRS financial statement preparation', 'Y', '2024-06-15 12:00:00', '2024-06-15 12:00:00');
INSERT INTO l1.context_dim (context_id, context_domain, context_code, context_name, description, is_active_flag, created_ts, updated_ts) VALUES (4, 'OPERATIONAL', 'OPS_DAILY', 'Operational Daily', 'Daily operational risk monitoring', 'Y', '2024-06-15 12:00:00', '2024-06-15 12:00:00');
INSERT INTO l1.context_dim (context_id, context_domain, context_code, context_name, description, is_active_flag, created_ts, updated_ts) VALUES (5, 'MANAGEMENT', 'MGMT_REVIEW', 'Management Review', 'Senior management portfolio review', 'Y', '2024-06-15 12:00:00', '2024-06-15 12:00:00');
INSERT INTO l1.context_dim (context_id, context_domain, context_code, context_name, description, is_active_flag, created_ts, updated_ts) VALUES (6, 'STRESS_TEST', 'CCAR_BASE', 'CCAR Baseline', 'CCAR/DFAST stress test baseline scenario', 'Y', '2024-06-15 12:00:00', '2024-06-15 12:00:00');
INSERT INTO l1.context_dim (context_id, context_domain, context_code, context_name, description, is_active_flag, created_ts, updated_ts) VALUES (7, 'AUDIT', 'IA_REVIEW', 'Internal Audit Review', 'Internal audit and SOX review', 'Y', '2024-06-15 12:00:00', '2024-06-15 12:00:00');
INSERT INTO l1.context_dim (context_id, context_domain, context_code, context_name, description, is_active_flag, created_ts, updated_ts) VALUES (8, 'PRICING', 'PRICING_GRID', 'Pricing Grid', 'Client pricing and profitability analysis', 'Y', '2024-06-15 12:00:00', '2024-06-15 12:00:00');
INSERT INTO l1.context_dim (context_id, context_domain, context_code, context_name, description, is_active_flag, created_ts, updated_ts) VALUES (9, 'COMPLIANCE', 'BSA_AML', 'BSA/AML Compliance', 'BSA/AML compliance monitoring', 'Y', '2024-06-15 12:00:00', '2024-06-15 12:00:00');
INSERT INTO l1.context_dim (context_id, context_domain, context_code, context_name, description, is_active_flag, created_ts, updated_ts) VALUES (10, 'TREASURY', 'ALM', 'Asset-Liability Management', 'Interest rate risk and liquidity management', 'Y', '2024-06-15 12:00:00', '2024-06-15 12:00:00');

-- metric_definition_dim (10 rows)
INSERT INTO l1.metric_definition_dim (metric_definition_id, metric_code, metric_name, created_ts, updated_ts, calculation_rule_id, definition_text, effective_from_date, effective_to_date, is_active_flag, metric_domain, periodicity_code, source_system_id, unit_of_measure, version) VALUES (1, 'PD_TTC', 'Probability of Default (TTC)', '2024-06-15', '2024-06-15 12:00:00', 1, 'Through-the-cycle probability of obligor default within 12 months', '2024-01-01', '9999-12-31', 'Y', 'CREDIT_RISK', 'MONTHLY', 7, 'RATIO', '3.2');
INSERT INTO l1.metric_definition_dim (metric_definition_id, metric_code, metric_name, created_ts, updated_ts, calculation_rule_id, definition_text, effective_from_date, effective_to_date, is_active_flag, metric_domain, periodicity_code, source_system_id, unit_of_measure, version) VALUES (2, 'LGD_DTWN', 'Loss Given Default (Downturn)', '2024-06-15', '2024-06-15 12:00:00', 2, 'Expected loss severity in economic downturn conditions', '2024-01-01', '9999-12-31', 'Y', 'CREDIT_RISK', 'QUARTERLY', 7, 'RATIO', '3.2');
INSERT INTO l1.metric_definition_dim (metric_definition_id, metric_code, metric_name, created_ts, updated_ts, calculation_rule_id, definition_text, effective_from_date, effective_to_date, is_active_flag, metric_domain, periodicity_code, source_system_id, unit_of_measure, version) VALUES (3, 'EAD', 'Exposure at Default', '2024-06-15', '2024-06-15 12:00:00', 3, 'Total exposure amount at time of potential default', '2024-01-01', '9999-12-31', 'Y', 'CREDIT_RISK', 'DAILY', 7, 'USD', '3.2');
INSERT INTO l1.metric_definition_dim (metric_definition_id, metric_code, metric_name, created_ts, updated_ts, calculation_rule_id, definition_text, effective_from_date, effective_to_date, is_active_flag, metric_domain, periodicity_code, source_system_id, unit_of_measure, version) VALUES (4, 'RWA', 'Risk-Weighted Assets', '2024-06-15', '2024-06-15 12:00:00', 4, 'Risk-weighted asset amount per Basel III capital rules', '2024-01-01', '9999-12-31', 'Y', 'CAPITAL', 'QUARTERLY', 7, 'USD', '3.2');
INSERT INTO l1.metric_definition_dim (metric_definition_id, metric_code, metric_name, created_ts, updated_ts, calculation_rule_id, definition_text, effective_from_date, effective_to_date, is_active_flag, metric_domain, periodicity_code, source_system_id, unit_of_measure, version) VALUES (5, 'ECL', 'Expected Credit Loss', '2024-06-15', '2024-06-15 12:00:00', 5, 'Expected credit loss under CECL/IFRS 9 methodology', '2024-01-01', '9999-12-31', 'Y', 'LOSS', 'MONTHLY', 7, 'USD', '2.1');
INSERT INTO l1.metric_definition_dim (metric_definition_id, metric_code, metric_name, created_ts, updated_ts, calculation_rule_id, definition_text, effective_from_date, effective_to_date, is_active_flag, metric_domain, periodicity_code, source_system_id, unit_of_measure, version) VALUES (6, 'DSCR', 'Debt Service Coverage Ratio', '2024-06-15', '2024-06-15 12:00:00', 6, 'Ratio of net operating income to total debt service', '2024-01-01', '9999-12-31', 'Y', 'CREDIT_QUALITY', 'QUARTERLY', 7, 'RATIO', '2.0');
INSERT INTO l1.metric_definition_dim (metric_definition_id, metric_code, metric_name, created_ts, updated_ts, calculation_rule_id, definition_text, effective_from_date, effective_to_date, is_active_flag, metric_domain, periodicity_code, source_system_id, unit_of_measure, version) VALUES (7, 'LTV', 'Loan-to-Value Ratio', '2024-06-15', '2024-06-15 12:00:00', 7, 'Ratio of outstanding loan balance to appraised property value', '2024-01-01', '9999-12-31', 'Y', 'CREDIT_QUALITY', 'QUARTERLY', 7, 'RATIO', '2.0');
INSERT INTO l1.metric_definition_dim (metric_definition_id, metric_code, metric_name, created_ts, updated_ts, calculation_rule_id, definition_text, effective_from_date, effective_to_date, is_active_flag, metric_domain, periodicity_code, source_system_id, unit_of_measure, version) VALUES (8, 'UTIL', 'Utilization Rate', '2024-06-15', '2024-06-15 12:00:00', 8, 'Ratio of drawn amount to total committed facility amount', '2024-01-01', '9999-12-31', 'Y', 'EXPOSURE', 'DAILY', 7, 'RATIO', '1.5');
INSERT INTO l1.metric_definition_dim (metric_definition_id, metric_code, metric_name, created_ts, updated_ts, calculation_rule_id, definition_text, effective_from_date, effective_to_date, is_active_flag, metric_domain, periodicity_code, source_system_id, unit_of_measure, version) VALUES (9, 'ROE', 'Return on Equity', '2024-06-15', '2024-06-15 12:00:00', 9, 'Net income attributable to allocated equity capital', '2024-01-01', '9999-12-31', 'Y', 'PROFITABILITY', 'QUARTERLY', 7, 'RATIO', '1.5');
INSERT INTO l1.metric_definition_dim (metric_definition_id, metric_code, metric_name, created_ts, updated_ts, calculation_rule_id, definition_text, effective_from_date, effective_to_date, is_active_flag, metric_domain, periodicity_code, source_system_id, unit_of_measure, version) VALUES (10, 'NCO_RATE', 'Net Charge-Off Rate', '2024-06-15', '2024-06-15 12:00:00', 10, 'Annualized net charge-offs as percentage of average loans', '2024-01-01', '9999-12-31', 'Y', 'LOSS', 'QUARTERLY', 7, 'RATIO', '1.5');


-- risk_mitigant_type_dim (10 rows)
INSERT INTO l1.risk_mitigant_type_dim (risk_mitigant_subtype_code, subtype_name, created_ts, updated_ts, active_flag, display_order, eligible_flag, mitigant_category, parent_group_code, parent_group_name, source_system_id) VALUES ('CASH', 'Cash Collateral', '2024-06-15', '2024-06-15 12:00:00', 'Y', 1, 'Y', 'FINANCIAL', 'FUNDED', 'Funded CRM', 7);
INSERT INTO l1.risk_mitigant_type_dim (risk_mitigant_subtype_code, subtype_name, created_ts, updated_ts, active_flag, display_order, eligible_flag, mitigant_category, parent_group_code, parent_group_name, source_system_id) VALUES ('DEBT_SEC', 'Debt Securities', '2024-06-15', '2024-06-15 12:00:00', 'Y', 2, 'Y', 'FINANCIAL', 'FUNDED', 'Funded CRM', 7);
INSERT INTO l1.risk_mitigant_type_dim (risk_mitigant_subtype_code, subtype_name, created_ts, updated_ts, active_flag, display_order, eligible_flag, mitigant_category, parent_group_code, parent_group_name, source_system_id) VALUES ('EQUITY_SEC', 'Equity Securities', '2024-06-15', '2024-06-15 12:00:00', 'Y', 3, 'Y', 'FINANCIAL', 'FUNDED', 'Funded CRM', 7);
INSERT INTO l1.risk_mitigant_type_dim (risk_mitigant_subtype_code, subtype_name, created_ts, updated_ts, active_flag, display_order, eligible_flag, mitigant_category, parent_group_code, parent_group_name, source_system_id) VALUES ('CRE', 'Commercial Real Estate', '2024-06-15', '2024-06-15 12:00:00', 'Y', 4, 'Y', 'PHYSICAL', 'FUNDED', 'Funded CRM', 7);
INSERT INTO l1.risk_mitigant_type_dim (risk_mitigant_subtype_code, subtype_name, created_ts, updated_ts, active_flag, display_order, eligible_flag, mitigant_category, parent_group_code, parent_group_name, source_system_id) VALUES ('RRE', 'Residential Real Estate', '2024-06-15', '2024-06-15 12:00:00', 'Y', 5, 'Y', 'PHYSICAL', 'FUNDED', 'Funded CRM', 7);
INSERT INTO l1.risk_mitigant_type_dim (risk_mitigant_subtype_code, subtype_name, created_ts, updated_ts, active_flag, display_order, eligible_flag, mitigant_category, parent_group_code, parent_group_name, source_system_id) VALUES ('RECEIVABLE', 'Receivables', '2024-06-15', '2024-06-15 12:00:00', 'Y', 6, 'N', 'RECEIVABLES', 'FUNDED', 'Funded CRM', 7);
INSERT INTO l1.risk_mitigant_type_dim (risk_mitigant_subtype_code, subtype_name, created_ts, updated_ts, active_flag, display_order, eligible_flag, mitigant_category, parent_group_code, parent_group_name, source_system_id) VALUES ('REC', 'Receivables (short code)', '2024-06-15', '2024-06-15 12:00:00', 'Y', 6, 'N', 'RECEIVABLES', 'FUNDED', 'Funded CRM', 7);
INSERT INTO l1.risk_mitigant_type_dim (risk_mitigant_subtype_code, subtype_name, created_ts, updated_ts, active_flag, display_order, eligible_flag, mitigant_category, parent_group_code, parent_group_name, source_system_id) VALUES ('GUARANTEE', 'Third-Party Guarantee', '2024-06-15', '2024-06-15 12:00:00', 'Y', 7, 'Y', 'UNFUNDED', 'UNFUNDED', 'Unfunded CRM', 7);
INSERT INTO l1.risk_mitigant_type_dim (risk_mitigant_subtype_code, subtype_name, created_ts, updated_ts, active_flag, display_order, eligible_flag, mitigant_category, parent_group_code, parent_group_name, source_system_id) VALUES ('CDS', 'Credit Default Swap', '2024-06-15', '2024-06-15 12:00:00', 'Y', 8, 'Y', 'UNFUNDED', 'UNFUNDED', 'Unfunded CRM', 7);
INSERT INTO l1.risk_mitigant_type_dim (risk_mitigant_subtype_code, subtype_name, created_ts, updated_ts, active_flag, display_order, eligible_flag, mitigant_category, parent_group_code, parent_group_name, source_system_id) VALUES ('PHYSICAL', 'Physical Collateral', '2024-06-15', '2024-06-15 12:00:00', 'Y', 9, 'N', 'PHYSICAL', 'FUNDED', 'Funded CRM', 7);
INSERT INTO l1.risk_mitigant_type_dim (risk_mitigant_subtype_code, subtype_name, created_ts, updated_ts, active_flag, display_order, eligible_flag, mitigant_category, parent_group_code, parent_group_name, source_system_id) VALUES ('INSURANCE', 'Credit Insurance', '2024-06-15', '2024-06-15 12:00:00', 'Y', 10, 'Y', 'UNFUNDED', 'UNFUNDED', 'Unfunded CRM', 7);
INSERT INTO l1.risk_mitigant_type_dim (risk_mitigant_subtype_code, subtype_name, created_ts, updated_ts, active_flag, display_order, eligible_flag, mitigant_category, parent_group_code, parent_group_name, source_system_id) VALUES ('COMMODITY', 'Commodity Collateral', '2024-06-15', '2024-06-15 12:00:00', 'Y', 11, 'Y', 'PHYSICAL', 'FUNDED', 'Funded CRM', 7);


-- instrument_identifier (50 rows)
INSERT INTO l1.instrument_identifier (instrument_id, id_type, effective_start_date, effective_end_date, id_value, source_system_id, created_ts, is_primary, updated_ts) VALUES (1, 'CUSIP', '2024-06-15', '2024-06-15', '12345A100', 1, '2024-06-15', 'Y', '2024-06-15 12:00:00');
INSERT INTO l1.instrument_identifier (instrument_id, id_type, effective_start_date, effective_end_date, id_value, source_system_id, created_ts, is_primary, updated_ts) VALUES (2, 'ISIN', '2024-06-15', '2024-06-15', 'US12345A1007', 1, '2024-06-15', 'Y', '2024-06-15 12:00:00');
INSERT INTO l1.instrument_identifier (instrument_id, id_type, effective_start_date, effective_end_date, id_value, source_system_id, created_ts, is_primary, updated_ts) VALUES (3, 'CUSIP', '2024-06-15', '2024-06-15', '23456B200', 1, '2024-06-15', 'Y', '2024-06-15 12:00:00');
INSERT INTO l1.instrument_identifier (instrument_id, id_type, effective_start_date, effective_end_date, id_value, source_system_id, created_ts, is_primary, updated_ts) VALUES (4, 'ISIN', '2024-06-15', '2024-06-15', 'GB23456B2008', 1, '2024-06-15', 'Y', '2024-06-15 12:00:00');
INSERT INTO l1.instrument_identifier (instrument_id, id_type, effective_start_date, effective_end_date, id_value, source_system_id, created_ts, is_primary, updated_ts) VALUES (5, 'CUSIP', '2024-06-15', '2024-06-15', '34567C300', 1, '2024-06-15', 'Y', '2024-06-15 12:00:00');
INSERT INTO l1.instrument_identifier (instrument_id, id_type, effective_start_date, effective_end_date, id_value, source_system_id, created_ts, is_primary, updated_ts) VALUES (6, 'ISIN', '2024-06-15', '2024-06-15', 'DE34567C3009', 1, '2024-06-15', 'Y', '2024-06-15 12:00:00');
INSERT INTO l1.instrument_identifier (instrument_id, id_type, effective_start_date, effective_end_date, id_value, source_system_id, created_ts, is_primary, updated_ts) VALUES (7, 'CUSIP', '2024-06-15', '2024-06-15', '45678D400', 1, '2024-06-15', 'Y', '2024-06-15 12:00:00');
INSERT INTO l1.instrument_identifier (instrument_id, id_type, effective_start_date, effective_end_date, id_value, source_system_id, created_ts, is_primary, updated_ts) VALUES (8, 'ISIN', '2024-06-15', '2024-06-15', 'FR45678D4000', 1, '2024-06-15', 'Y', '2024-06-15 12:00:00');
INSERT INTO l1.instrument_identifier (instrument_id, id_type, effective_start_date, effective_end_date, id_value, source_system_id, created_ts, is_primary, updated_ts) VALUES (9, 'CUSIP', '2024-06-15', '2024-06-15', '56789E500', 1, '2024-06-15', 'Y', '2024-06-15 12:00:00');
INSERT INTO l1.instrument_identifier (instrument_id, id_type, effective_start_date, effective_end_date, id_value, source_system_id, created_ts, is_primary, updated_ts) VALUES (10, 'ISIN', '2024-06-15', '2024-06-15', 'JP56789E5001', 1, '2024-06-15', 'Y', '2024-06-15 12:00:00');
INSERT INTO l1.instrument_identifier (instrument_id, id_type, effective_start_date, effective_end_date, id_value, source_system_id, created_ts, is_primary, updated_ts) VALUES (11, 'CUSIP', '2024-11-30', '2024-07-28', '12345A100', 1, '2024-08-04 13:39:00', 'Y', '2024-06-15 12:00:00');
INSERT INTO l1.instrument_identifier (instrument_id, id_type, effective_start_date, effective_end_date, id_value, source_system_id, created_ts, is_primary, updated_ts) VALUES (12, 'ISIN', '2024-03-22', '2024-07-23', 'US12345A1007', 1, '2024-08-09 09:23:00', 'Y', '2024-06-15 12:00:00');
INSERT INTO l1.instrument_identifier (instrument_id, id_type, effective_start_date, effective_end_date, id_value, source_system_id, created_ts, is_primary, updated_ts) VALUES (13, 'CUSIP', '2024-02-14', '2024-09-02', '23456B200', 1, '2024-05-15 16:49:00', 'Y', '2024-06-15 12:00:00');
INSERT INTO l1.instrument_identifier (instrument_id, id_type, effective_start_date, effective_end_date, id_value, source_system_id, created_ts, is_primary, updated_ts) VALUES (14, 'ISIN', '2024-12-24', '2024-11-14', 'GB23456B2008', 1, '2024-04-23 05:45:00', 'Y', '2024-06-15 12:00:00');
INSERT INTO l1.instrument_identifier (instrument_id, id_type, effective_start_date, effective_end_date, id_value, source_system_id, created_ts, is_primary, updated_ts) VALUES (15, 'CUSIP', '2024-09-28', '2024-02-04', '34567C300', 1, '2024-06-12 04:54:00', 'Y', '2024-06-15 12:00:00');
INSERT INTO l1.instrument_identifier (instrument_id, id_type, effective_start_date, effective_end_date, id_value, source_system_id, created_ts, is_primary, updated_ts) VALUES (16, 'ISIN', '2024-10-15', '2024-01-14', 'DE34567C3009', 1, '2024-09-03 22:32:00', 'Y', '2024-06-15 12:00:00');
INSERT INTO l1.instrument_identifier (instrument_id, id_type, effective_start_date, effective_end_date, id_value, source_system_id, created_ts, is_primary, updated_ts) VALUES (17, 'CUSIP', '2024-11-12', '2024-05-18', '45678D400', 1, '2024-01-02 18:48:00', 'Y', '2024-06-15 12:00:00');
INSERT INTO l1.instrument_identifier (instrument_id, id_type, effective_start_date, effective_end_date, id_value, source_system_id, created_ts, is_primary, updated_ts) VALUES (18, 'ISIN', '2024-04-26', '2024-09-18', 'FR45678D4000', 1, '2024-04-09 10:04:00', 'Y', '2024-06-15 12:00:00');
INSERT INTO l1.instrument_identifier (instrument_id, id_type, effective_start_date, effective_end_date, id_value, source_system_id, created_ts, is_primary, updated_ts) VALUES (19, 'CUSIP', '2024-02-07', '2024-01-14', '56789E500', 1, '2024-03-09 18:38:00', 'Y', '2024-06-15 12:00:00');
INSERT INTO l1.instrument_identifier (instrument_id, id_type, effective_start_date, effective_end_date, id_value, source_system_id, created_ts, is_primary, updated_ts) VALUES (20, 'ISIN', '2024-03-14', '2024-11-01', 'JP56789E5001', 1, '2024-07-09 14:51:00', 'Y', '2024-06-15 12:00:00');
INSERT INTO l1.instrument_identifier (instrument_id, id_type, effective_start_date, effective_end_date, id_value, source_system_id, created_ts, is_primary, updated_ts) VALUES (21, 'CUSIP', '2024-10-23', '2024-10-09', '12345A100', 1, '2024-08-08 15:51:00', 'Y', '2024-06-15 12:00:00');
INSERT INTO l1.instrument_identifier (instrument_id, id_type, effective_start_date, effective_end_date, id_value, source_system_id, created_ts, is_primary, updated_ts) VALUES (22, 'ISIN', '2024-06-26', '2024-01-27', 'US12345A1007', 1, '2024-10-11 00:01:00', 'Y', '2024-06-15 12:00:00');
INSERT INTO l1.instrument_identifier (instrument_id, id_type, effective_start_date, effective_end_date, id_value, source_system_id, created_ts, is_primary, updated_ts) VALUES (23, 'CUSIP', '2024-06-01', '2024-11-16', '23456B200', 1, '2024-04-20 18:45:00', 'Y', '2024-06-15 12:00:00');
INSERT INTO l1.instrument_identifier (instrument_id, id_type, effective_start_date, effective_end_date, id_value, source_system_id, created_ts, is_primary, updated_ts) VALUES (24, 'ISIN', '2024-09-02', '2024-02-20', 'GB23456B2008', 1, '2024-09-18 21:24:00', 'Y', '2024-06-15 12:00:00');
INSERT INTO l1.instrument_identifier (instrument_id, id_type, effective_start_date, effective_end_date, id_value, source_system_id, created_ts, is_primary, updated_ts) VALUES (25, 'CUSIP', '2024-07-15', '2024-03-04', '34567C300', 1, '2024-10-03 19:59:00', 'Y', '2024-06-15 12:00:00');
INSERT INTO l1.instrument_identifier (instrument_id, id_type, effective_start_date, effective_end_date, id_value, source_system_id, created_ts, is_primary, updated_ts) VALUES (26, 'ISIN', '2024-04-25', '2024-03-28', 'DE34567C3009', 1, '2024-01-06 07:56:00', 'Y', '2024-06-15 12:00:00');
INSERT INTO l1.instrument_identifier (instrument_id, id_type, effective_start_date, effective_end_date, id_value, source_system_id, created_ts, is_primary, updated_ts) VALUES (27, 'CUSIP', '2024-12-27', '2024-07-04', '45678D400', 1, '2024-12-30 12:35:00', 'Y', '2024-06-15 12:00:00');
INSERT INTO l1.instrument_identifier (instrument_id, id_type, effective_start_date, effective_end_date, id_value, source_system_id, created_ts, is_primary, updated_ts) VALUES (28, 'ISIN', '2024-07-30', '2024-03-06', 'FR45678D4000', 1, '2024-09-16 09:52:00', 'Y', '2024-06-15 12:00:00');
INSERT INTO l1.instrument_identifier (instrument_id, id_type, effective_start_date, effective_end_date, id_value, source_system_id, created_ts, is_primary, updated_ts) VALUES (29, 'CUSIP', '2024-11-18', '2024-12-15', '56789E500', 1, '2024-11-22 15:19:00', 'Y', '2024-06-15 12:00:00');
INSERT INTO l1.instrument_identifier (instrument_id, id_type, effective_start_date, effective_end_date, id_value, source_system_id, created_ts, is_primary, updated_ts) VALUES (30, 'ISIN', '2024-02-26', '2024-11-05', 'JP56789E5001', 1, '2024-07-17 21:43:00', 'Y', '2024-06-15 12:00:00');
INSERT INTO l1.instrument_identifier (instrument_id, id_type, effective_start_date, effective_end_date, id_value, source_system_id, created_ts, is_primary, updated_ts) VALUES (31, 'CUSIP', '2024-09-05', '2024-06-16', '12345A100', 1, '2024-03-25 13:01:00', 'Y', '2024-06-15 12:00:00');
INSERT INTO l1.instrument_identifier (instrument_id, id_type, effective_start_date, effective_end_date, id_value, source_system_id, created_ts, is_primary, updated_ts) VALUES (32, 'ISIN', '2024-11-05', '2024-01-26', 'US12345A1007', 1, '2024-10-31 06:40:00', 'Y', '2024-06-15 12:00:00');
INSERT INTO l1.instrument_identifier (instrument_id, id_type, effective_start_date, effective_end_date, id_value, source_system_id, created_ts, is_primary, updated_ts) VALUES (33, 'CUSIP', '2024-08-02', '2024-08-12', '23456B200', 1, '2024-03-01 15:52:00', 'Y', '2024-06-15 12:00:00');
INSERT INTO l1.instrument_identifier (instrument_id, id_type, effective_start_date, effective_end_date, id_value, source_system_id, created_ts, is_primary, updated_ts) VALUES (34, 'ISIN', '2024-07-04', '2024-08-31', 'GB23456B2008', 1, '2024-10-21 19:16:00', 'Y', '2024-06-15 12:00:00');
INSERT INTO l1.instrument_identifier (instrument_id, id_type, effective_start_date, effective_end_date, id_value, source_system_id, created_ts, is_primary, updated_ts) VALUES (35, 'CUSIP', '2024-08-31', '2024-02-09', '34567C300', 1, '2024-06-11 19:20:00', 'Y', '2024-06-15 12:00:00');
INSERT INTO l1.instrument_identifier (instrument_id, id_type, effective_start_date, effective_end_date, id_value, source_system_id, created_ts, is_primary, updated_ts) VALUES (36, 'ISIN', '2024-06-01', '2024-04-30', 'DE34567C3009', 1, '2024-09-13 12:55:00', 'Y', '2024-06-15 12:00:00');
INSERT INTO l1.instrument_identifier (instrument_id, id_type, effective_start_date, effective_end_date, id_value, source_system_id, created_ts, is_primary, updated_ts) VALUES (37, 'CUSIP', '2024-10-29', '2024-04-26', '45678D400', 1, '2024-03-21 15:21:00', 'Y', '2024-06-15 12:00:00');
INSERT INTO l1.instrument_identifier (instrument_id, id_type, effective_start_date, effective_end_date, id_value, source_system_id, created_ts, is_primary, updated_ts) VALUES (38, 'ISIN', '2024-04-26', '2024-11-26', 'FR45678D4000', 1, '2024-06-15 21:24:00', 'Y', '2024-06-15 12:00:00');
INSERT INTO l1.instrument_identifier (instrument_id, id_type, effective_start_date, effective_end_date, id_value, source_system_id, created_ts, is_primary, updated_ts) VALUES (39, 'CUSIP', '2024-07-06', '2024-03-12', '56789E500', 1, '2024-11-14 07:29:00', 'Y', '2024-06-15 12:00:00');
INSERT INTO l1.instrument_identifier (instrument_id, id_type, effective_start_date, effective_end_date, id_value, source_system_id, created_ts, is_primary, updated_ts) VALUES (40, 'ISIN', '2024-10-26', '2024-09-03', 'JP56789E5001', 1, '2024-12-10 23:40:00', 'Y', '2024-06-15 12:00:00');
INSERT INTO l1.instrument_identifier (instrument_id, id_type, effective_start_date, effective_end_date, id_value, source_system_id, created_ts, is_primary, updated_ts) VALUES (41, 'CUSIP', '2024-01-12', '2024-03-17', '12345A100', 1, '2024-03-17 09:10:00', 'Y', '2024-06-15 12:00:00');
INSERT INTO l1.instrument_identifier (instrument_id, id_type, effective_start_date, effective_end_date, id_value, source_system_id, created_ts, is_primary, updated_ts) VALUES (42, 'ISIN', '2024-08-25', '2024-03-06', 'US12345A1007', 1, '2024-08-10 18:57:00', 'Y', '2024-06-15 12:00:00');
INSERT INTO l1.instrument_identifier (instrument_id, id_type, effective_start_date, effective_end_date, id_value, source_system_id, created_ts, is_primary, updated_ts) VALUES (43, 'CUSIP', '2024-02-11', '2024-05-14', '23456B200', 1, '2024-06-21 00:43:00', 'Y', '2024-06-15 12:00:00');
INSERT INTO l1.instrument_identifier (instrument_id, id_type, effective_start_date, effective_end_date, id_value, source_system_id, created_ts, is_primary, updated_ts) VALUES (44, 'ISIN', '2024-12-06', '2024-05-03', 'GB23456B2008', 1, '2024-10-30 01:58:00', 'Y', '2024-06-15 12:00:00');
INSERT INTO l1.instrument_identifier (instrument_id, id_type, effective_start_date, effective_end_date, id_value, source_system_id, created_ts, is_primary, updated_ts) VALUES (45, 'CUSIP', '2024-01-15', '2024-04-20', '34567C300', 1, '2024-02-18 11:54:00', 'Y', '2024-06-15 12:00:00');
INSERT INTO l1.instrument_identifier (instrument_id, id_type, effective_start_date, effective_end_date, id_value, source_system_id, created_ts, is_primary, updated_ts) VALUES (46, 'ISIN', '2024-11-06', '2024-03-11', 'DE34567C3009', 1, '2024-01-07 13:01:00', 'Y', '2024-06-15 12:00:00');
INSERT INTO l1.instrument_identifier (instrument_id, id_type, effective_start_date, effective_end_date, id_value, source_system_id, created_ts, is_primary, updated_ts) VALUES (47, 'CUSIP', '2024-11-07', '2024-03-12', '45678D400', 1, '2024-03-25 13:15:00', 'Y', '2024-06-15 12:00:00');
INSERT INTO l1.instrument_identifier (instrument_id, id_type, effective_start_date, effective_end_date, id_value, source_system_id, created_ts, is_primary, updated_ts) VALUES (48, 'ISIN', '2024-08-28', '2024-12-04', 'FR45678D4000', 1, '2024-07-25 04:23:00', 'Y', '2024-06-15 12:00:00');
INSERT INTO l1.instrument_identifier (instrument_id, id_type, effective_start_date, effective_end_date, id_value, source_system_id, created_ts, is_primary, updated_ts) VALUES (49, 'CUSIP', '2024-09-12', '2024-07-13', '56789E500', 1, '2024-11-23 11:01:00', 'Y', '2024-06-15 12:00:00');
INSERT INTO l1.instrument_identifier (instrument_id, id_type, effective_start_date, effective_end_date, id_value, source_system_id, created_ts, is_primary, updated_ts) VALUES (50, 'ISIN', '2024-05-04', '2024-01-12', 'JP56789E5001', 1, '2024-09-25 11:31:00', 'Y', '2024-06-15 12:00:00');

-- collateral_eligibility_dim (10 rows)
INSERT INTO l1.collateral_eligibility_dim (collateral_eligibility_id, collateral_type_id, effective_from_date, effective_to_date, eligible_flag, jurisdiction_code, regulatory_capital_basis_id, haircut_method, created_ts, updated_ts) VALUES (1, 1, '2024-01-01', '9999-12-31', 'Y', 'US_FED', 1, 'SUPERVISORY', '2024-06-15 12:00:00', '2024-06-15 12:00:00');
INSERT INTO l1.collateral_eligibility_dim (collateral_eligibility_id, collateral_type_id, effective_from_date, effective_to_date, eligible_flag, jurisdiction_code, regulatory_capital_basis_id, haircut_method, created_ts, updated_ts) VALUES (2, 2, '2024-01-01', '9999-12-31', 'Y', 'US_FED', 2, 'SUPERVISORY', '2024-06-15 12:00:00', '2024-06-15 12:00:00');
INSERT INTO l1.collateral_eligibility_dim (collateral_eligibility_id, collateral_type_id, effective_from_date, effective_to_date, eligible_flag, jurisdiction_code, regulatory_capital_basis_id, haircut_method, created_ts, updated_ts) VALUES (3, 3, '2024-01-01', '9999-12-31', 'Y', 'US_FED', 3, 'OWN_ESTIMATES', '2024-06-15 12:00:00', '2024-06-15 12:00:00');
INSERT INTO l1.collateral_eligibility_dim (collateral_eligibility_id, collateral_type_id, effective_from_date, effective_to_date, eligible_flag, jurisdiction_code, regulatory_capital_basis_id, haircut_method, created_ts, updated_ts) VALUES (4, 4, '2024-01-01', '9999-12-31', 'Y', 'US_FED', 4, 'SUPERVISORY', '2024-06-15 12:00:00', '2024-06-15 12:00:00');
INSERT INTO l1.collateral_eligibility_dim (collateral_eligibility_id, collateral_type_id, effective_from_date, effective_to_date, eligible_flag, jurisdiction_code, regulatory_capital_basis_id, haircut_method, created_ts, updated_ts) VALUES (5, 5, '2024-01-01', '9999-12-31', 'Y', 'US_FED', 5, 'OWN_ESTIMATES', '2024-06-15 12:00:00', '2024-06-15 12:00:00');
INSERT INTO l1.collateral_eligibility_dim (collateral_eligibility_id, collateral_type_id, effective_from_date, effective_to_date, eligible_flag, jurisdiction_code, regulatory_capital_basis_id, haircut_method, created_ts, updated_ts) VALUES (6, 6, '2024-01-01', '9999-12-31', 'N', 'US_FED', 6, 'OWN_ESTIMATES', '2024-06-15 12:00:00', '2024-06-15 12:00:00');
INSERT INTO l1.collateral_eligibility_dim (collateral_eligibility_id, collateral_type_id, effective_from_date, effective_to_date, eligible_flag, jurisdiction_code, regulatory_capital_basis_id, haircut_method, created_ts, updated_ts) VALUES (7, 7, '2024-01-01', '9999-12-31', 'Y', 'US_FED', 7, 'SUPERVISORY', '2024-06-15 12:00:00', '2024-06-15 12:00:00');
INSERT INTO l1.collateral_eligibility_dim (collateral_eligibility_id, collateral_type_id, effective_from_date, effective_to_date, eligible_flag, jurisdiction_code, regulatory_capital_basis_id, haircut_method, created_ts, updated_ts) VALUES (8, 8, '2024-01-01', '9999-12-31', 'Y', 'US_FED', 8, 'SUPERVISORY', '2024-06-15 12:00:00', '2024-06-15 12:00:00');
INSERT INTO l1.collateral_eligibility_dim (collateral_eligibility_id, collateral_type_id, effective_from_date, effective_to_date, eligible_flag, jurisdiction_code, regulatory_capital_basis_id, haircut_method, created_ts, updated_ts) VALUES (9, 9, '2024-01-01', '9999-12-31', 'N', 'US_FED', 9, 'OWN_ESTIMATES', '2024-06-15 12:00:00', '2024-06-15 12:00:00');
INSERT INTO l1.collateral_eligibility_dim (collateral_eligibility_id, collateral_type_id, effective_from_date, effective_to_date, eligible_flag, jurisdiction_code, regulatory_capital_basis_id, haircut_method, created_ts, updated_ts) VALUES (10, 10, '2024-01-01', '9999-12-31', 'N', 'US_FED', 10, 'SUPERVISORY', '2024-06-15 12:00:00', '2024-06-15 12:00:00');

-- collateral_haircut_dim (10 rows)
INSERT INTO l1.collateral_haircut_dim (collateral_haircut_id, collateral_type_id, effective_from_date, effective_to_date, haircut_pct, jurisdiction_code, maturity_bucket_id, regulatory_capital_basis_id, volatility_adjustment_pct, created_ts, updated_ts) VALUES (1, 1, '2024-01-01', '9999-12-31', 0, 'US_FED', 1, 1, 0, '2024-06-15 12:00:00', '2024-06-15 12:00:00');
INSERT INTO l1.collateral_haircut_dim (collateral_haircut_id, collateral_type_id, effective_from_date, effective_to_date, haircut_pct, jurisdiction_code, maturity_bucket_id, regulatory_capital_basis_id, volatility_adjustment_pct, created_ts, updated_ts) VALUES (2, 2, '2024-01-01', '9999-12-31', 0.5, 'US_FED', 2, 2, 1, '2024-06-15 12:00:00', '2024-06-15 12:00:00');
INSERT INTO l1.collateral_haircut_dim (collateral_haircut_id, collateral_type_id, effective_from_date, effective_to_date, haircut_pct, jurisdiction_code, maturity_bucket_id, regulatory_capital_basis_id, volatility_adjustment_pct, created_ts, updated_ts) VALUES (3, 3, '2024-01-01', '9999-12-31', 4, 'US_FED', 3, 3, 6, '2024-06-15 12:00:00', '2024-06-15 12:00:00');
INSERT INTO l1.collateral_haircut_dim (collateral_haircut_id, collateral_type_id, effective_from_date, effective_to_date, haircut_pct, jurisdiction_code, maturity_bucket_id, regulatory_capital_basis_id, volatility_adjustment_pct, created_ts, updated_ts) VALUES (4, 4, '2024-01-01', '9999-12-31', 15, 'US_FED', 4, 4, 20, '2024-06-15 12:00:00', '2024-06-15 12:00:00');
INSERT INTO l1.collateral_haircut_dim (collateral_haircut_id, collateral_type_id, effective_from_date, effective_to_date, haircut_pct, jurisdiction_code, maturity_bucket_id, regulatory_capital_basis_id, volatility_adjustment_pct, created_ts, updated_ts) VALUES (5, 5, '2024-01-01', '9999-12-31', 30, 'US_FED', 5, 5, 0, '2024-06-15 12:00:00', '2024-06-15 12:00:00');
INSERT INTO l1.collateral_haircut_dim (collateral_haircut_id, collateral_type_id, effective_from_date, effective_to_date, haircut_pct, jurisdiction_code, maturity_bucket_id, regulatory_capital_basis_id, volatility_adjustment_pct, created_ts, updated_ts) VALUES (6, 6, '2024-01-01', '9999-12-31', 20, 'US_FED', 6, 6, 0, '2024-06-15 12:00:00', '2024-06-15 12:00:00');
INSERT INTO l1.collateral_haircut_dim (collateral_haircut_id, collateral_type_id, effective_from_date, effective_to_date, haircut_pct, jurisdiction_code, maturity_bucket_id, regulatory_capital_basis_id, volatility_adjustment_pct, created_ts, updated_ts) VALUES (7, 7, '2024-01-01', '9999-12-31', 0, 'US_FED', 7, 7, 0, '2024-06-15 12:00:00', '2024-06-15 12:00:00');
INSERT INTO l1.collateral_haircut_dim (collateral_haircut_id, collateral_type_id, effective_from_date, effective_to_date, haircut_pct, jurisdiction_code, maturity_bucket_id, regulatory_capital_basis_id, volatility_adjustment_pct, created_ts, updated_ts) VALUES (8, 8, '2024-01-01', '9999-12-31', 5, 'US_FED', 8, 8, 8, '2024-06-15 12:00:00', '2024-06-15 12:00:00');
INSERT INTO l1.collateral_haircut_dim (collateral_haircut_id, collateral_type_id, effective_from_date, effective_to_date, haircut_pct, jurisdiction_code, maturity_bucket_id, regulatory_capital_basis_id, volatility_adjustment_pct, created_ts, updated_ts) VALUES (9, 9, '2024-01-01', '9999-12-31', 25, 'US_FED', 9, 9, 0, '2024-06-15 12:00:00', '2024-06-15 12:00:00');
INSERT INTO l1.collateral_haircut_dim (collateral_haircut_id, collateral_type_id, effective_from_date, effective_to_date, haircut_pct, jurisdiction_code, maturity_bucket_id, regulatory_capital_basis_id, volatility_adjustment_pct, created_ts, updated_ts) VALUES (10, 10, '2024-01-01', '9999-12-31', 35, 'US_FED', 10, 10, 0, '2024-06-15 12:00:00', '2024-06-15 12:00:00');

-- crm_eligibility_dim (10 rows)
INSERT INTO l1.crm_eligibility_dim (crm_eligibility_id, crm_type_code, effective_from_date, effective_to_date, eligible_flag, jurisdiction_code, regulatory_capital_basis_id, source_system_id, eligibility_conditions, created_ts, updated_ts) VALUES (1, 'COLLATERAL', '2024-01-01', '9999-12-31', 'Y', 'US_FED', 1, 1, 'Basel III eligible under US Basel III (Final Rule)', '2024-06-15 12:00:00', '2024-06-15 12:00:00');
INSERT INTO l1.crm_eligibility_dim (crm_eligibility_id, crm_type_code, effective_from_date, effective_to_date, eligible_flag, jurisdiction_code, regulatory_capital_basis_id, source_system_id, eligibility_conditions, created_ts, updated_ts) VALUES (2, 'GUARANTEE', '2024-01-01', '9999-12-31', 'Y', 'US_FED', 2, 2, 'Basel III eligible under US Basel III (Final Rule)', '2024-06-15 12:00:00', '2024-06-15 12:00:00');
INSERT INTO l1.crm_eligibility_dim (crm_eligibility_id, crm_type_code, effective_from_date, effective_to_date, eligible_flag, jurisdiction_code, regulatory_capital_basis_id, source_system_id, eligibility_conditions, created_ts, updated_ts) VALUES (3, 'NETTING', '2024-01-01', '9999-12-31', 'Y', 'US_FED', 3, 3, 'Basel III eligible under US Basel III (Final Rule)', '2024-06-15 12:00:00', '2024-06-15 12:00:00');
INSERT INTO l1.crm_eligibility_dim (crm_eligibility_id, crm_type_code, effective_from_date, effective_to_date, eligible_flag, jurisdiction_code, regulatory_capital_basis_id, source_system_id, eligibility_conditions, created_ts, updated_ts) VALUES (4, 'CREDIT_DERIV', '2024-01-01', '9999-12-31', 'Y', 'US_FED', 4, 4, 'Basel III eligible under US Basel III (Final Rule)', '2024-06-15 12:00:00', '2024-06-15 12:00:00');
INSERT INTO l1.crm_eligibility_dim (crm_eligibility_id, crm_type_code, effective_from_date, effective_to_date, eligible_flag, jurisdiction_code, regulatory_capital_basis_id, source_system_id, eligibility_conditions, created_ts, updated_ts) VALUES (5, 'MORTGAGE', '2024-01-01', '9999-12-31', 'Y', 'US_FED', 5, 5, 'Basel III eligible under US Basel III (Final Rule)', '2024-06-15 12:00:00', '2024-06-15 12:00:00');
INSERT INTO l1.crm_eligibility_dim (crm_eligibility_id, crm_type_code, effective_from_date, effective_to_date, eligible_flag, jurisdiction_code, regulatory_capital_basis_id, source_system_id, eligibility_conditions, created_ts, updated_ts) VALUES (6, 'PLEDGE', '2024-01-01', '9999-12-31', 'Y', 'US_FED', 6, 6, 'Basel III eligible under US Basel III (Final Rule)', '2024-06-15 12:00:00', '2024-06-15 12:00:00');
INSERT INTO l1.crm_eligibility_dim (crm_eligibility_id, crm_type_code, effective_from_date, effective_to_date, eligible_flag, jurisdiction_code, regulatory_capital_basis_id, source_system_id, eligibility_conditions, created_ts, updated_ts) VALUES (7, 'ASSIGNMENT', '2024-01-01', '9999-12-31', 'Y', 'US_FED', 7, 7, 'Basel III eligible under US Basel III (Final Rule)', '2024-06-15 12:00:00', '2024-06-15 12:00:00');
INSERT INTO l1.crm_eligibility_dim (crm_eligibility_id, crm_type_code, effective_from_date, effective_to_date, eligible_flag, jurisdiction_code, regulatory_capital_basis_id, source_system_id, eligibility_conditions, created_ts, updated_ts) VALUES (8, 'LIEN', '2024-01-01', '9999-12-31', 'Y', 'US_FED', 8, 8, 'Basel III eligible under US Basel III (Final Rule)', '2024-06-15 12:00:00', '2024-06-15 12:00:00');
INSERT INTO l1.crm_eligibility_dim (crm_eligibility_id, crm_type_code, effective_from_date, effective_to_date, eligible_flag, jurisdiction_code, regulatory_capital_basis_id, source_system_id, eligibility_conditions, created_ts, updated_ts) VALUES (9, 'SURETY', '2024-01-01', '9999-12-31', 'Y', 'US_FED', 9, 9, 'Basel III eligible under US Basel III (Final Rule)', '2024-06-15 12:00:00', '2024-06-15 12:00:00');
INSERT INTO l1.crm_eligibility_dim (crm_eligibility_id, crm_type_code, effective_from_date, effective_to_date, eligible_flag, jurisdiction_code, regulatory_capital_basis_id, source_system_id, eligibility_conditions, created_ts, updated_ts) VALUES (10, 'INSURANCE', '2024-01-01', '9999-12-31', 'Y', 'US_FED', 10, 10, 'Basel III eligible under US Basel III (Final Rule)', '2024-06-15 12:00:00', '2024-06-15 12:00:00');

-- collateral_portfolio (30 rows)
INSERT INTO l1.collateral_portfolio (collateral_portfolio_id, portfolio_id, description, lob_segment_id, active_flag, portfolio_name_override, created_ts, updated_ts) VALUES (1, 1, 'GCB collateral pool — investment grade', 1, 'Y', 'GCB IG Collateral Pool', '2024-06-15 12:00:00', '2024-06-15 12:00:00');
INSERT INTO l1.collateral_portfolio (collateral_portfolio_id, portfolio_id, description, lob_segment_id, active_flag, portfolio_name_override, created_ts, updated_ts) VALUES (2, 2, 'Commercial banking secured portfolio', 2, 'Y', 'CB Secured Pool', '2024-06-15 12:00:00', '2024-06-15 12:00:00');
INSERT INTO l1.collateral_portfolio (collateral_portfolio_id, portfolio_id, description, lob_segment_id, active_flag, portfolio_name_override, created_ts, updated_ts) VALUES (3, 3, 'GBM derivatives collateral', 3, 'Y', 'GBM Derivatives Margin', '2024-06-15 12:00:00', '2024-06-15 12:00:00');
INSERT INTO l1.collateral_portfolio (collateral_portfolio_id, portfolio_id, description, lob_segment_id, active_flag, portfolio_name_override, created_ts, updated_ts) VALUES (4, 4, 'Wealth management pledge accounts', 4, 'Y', 'WM Pledge Portfolio', '2024-06-15 12:00:00', '2024-06-15 12:00:00');
INSERT INTO l1.collateral_portfolio (collateral_portfolio_id, portfolio_id, description, lob_segment_id, active_flag, portfolio_name_override, created_ts, updated_ts) VALUES (5, 5, 'GWM securities-based lending', 5, 'Y', 'GWM SBL Portfolio', '2024-06-15 12:00:00', '2024-06-15 12:00:00');
INSERT INTO l1.collateral_portfolio (collateral_portfolio_id, portfolio_id, description, lob_segment_id, active_flag, portfolio_name_override, created_ts, updated_ts) VALUES (6, 6, 'GTS trade finance collateral', 6, 'Y', 'GTS Trade Collateral', '2024-06-15 12:00:00', '2024-06-15 12:00:00');
INSERT INTO l1.collateral_portfolio (collateral_portfolio_id, portfolio_id, description, lob_segment_id, active_flag, portfolio_name_override, created_ts, updated_ts) VALUES (7, 7, 'Credit division general pledges', 7, 'Y', 'Credit General Pledges', '2024-06-15 12:00:00', '2024-06-15 12:00:00');
INSERT INTO l1.collateral_portfolio (collateral_portfolio_id, portfolio_id, description, lob_segment_id, active_flag, portfolio_name_override, created_ts, updated_ts) VALUES (8, 8, 'Markets margin collateral', 8, 'Y', 'Markets Margin Pool', '2024-06-15 12:00:00', '2024-06-15 12:00:00');
INSERT INTO l1.collateral_portfolio (collateral_portfolio_id, portfolio_id, description, lob_segment_id, active_flag, portfolio_name_override, created_ts, updated_ts) VALUES (9, 9, 'Treasury repo collateral pool', 9, 'Y', 'Treasury Repo Pool', '2024-06-15 12:00:00', '2024-06-15 12:00:00');
INSERT INTO l1.collateral_portfolio (collateral_portfolio_id, portfolio_id, description, lob_segment_id, active_flag, portfolio_name_override, created_ts, updated_ts) VALUES (10, 10, 'Risk management hedging book', 10, 'Y', 'Risk Hedging Book', '2024-06-15 12:00:00', '2024-06-15 12:00:00');
INSERT INTO l1.collateral_portfolio (collateral_portfolio_id, portfolio_id, description, lob_segment_id, active_flag, portfolio_name_override, created_ts, updated_ts) VALUES (11, 10, 'GCB collateral pool — investment grade', 120, 'Y', 'GCB IG Collateral Pool', '2024-06-15 12:00:00', '2024-06-15 12:00:00');
INSERT INTO l1.collateral_portfolio (collateral_portfolio_id, portfolio_id, description, lob_segment_id, active_flag, portfolio_name_override, created_ts, updated_ts) VALUES (12, 5, 'Commercial banking secured portfolio', 194, 'Y', 'CB Secured Pool', '2024-06-15 12:00:00', '2024-06-15 12:00:00');
INSERT INTO l1.collateral_portfolio (collateral_portfolio_id, portfolio_id, description, lob_segment_id, active_flag, portfolio_name_override, created_ts, updated_ts) VALUES (13, 3, 'GBM derivatives collateral', 128, 'Y', 'GBM Derivatives Margin', '2024-06-15 12:00:00', '2024-06-15 12:00:00');
INSERT INTO l1.collateral_portfolio (collateral_portfolio_id, portfolio_id, description, lob_segment_id, active_flag, portfolio_name_override, created_ts, updated_ts) VALUES (14, 1, 'Wealth management pledge accounts', 216, 'Y', 'WM Pledge Portfolio', '2024-06-15 12:00:00', '2024-06-15 12:00:00');
INSERT INTO l1.collateral_portfolio (collateral_portfolio_id, portfolio_id, description, lob_segment_id, active_flag, portfolio_name_override, created_ts, updated_ts) VALUES (15, 9, 'GWM securities-based lending', 35, 'Y', 'GWM SBL Portfolio', '2024-06-15 12:00:00', '2024-06-15 12:00:00');
INSERT INTO l1.collateral_portfolio (collateral_portfolio_id, portfolio_id, description, lob_segment_id, active_flag, portfolio_name_override, created_ts, updated_ts) VALUES (16, 1, 'GTS trade finance collateral', 41, 'Y', 'GTS Trade Collateral', '2024-06-15 12:00:00', '2024-06-15 12:00:00');
INSERT INTO l1.collateral_portfolio (collateral_portfolio_id, portfolio_id, description, lob_segment_id, active_flag, portfolio_name_override, created_ts, updated_ts) VALUES (17, 5, 'Credit division general pledges', 130, 'Y', 'Credit General Pledges', '2024-06-15 12:00:00', '2024-06-15 12:00:00');
INSERT INTO l1.collateral_portfolio (collateral_portfolio_id, portfolio_id, description, lob_segment_id, active_flag, portfolio_name_override, created_ts, updated_ts) VALUES (18, 6, 'Markets margin collateral', 61, 'Y', 'Markets Margin Pool', '2024-06-15 12:00:00', '2024-06-15 12:00:00');
INSERT INTO l1.collateral_portfolio (collateral_portfolio_id, portfolio_id, description, lob_segment_id, active_flag, portfolio_name_override, created_ts, updated_ts) VALUES (19, 9, 'Treasury repo collateral pool', 42, 'Y', 'Treasury Repo Pool', '2024-06-15 12:00:00', '2024-06-15 12:00:00');
INSERT INTO l1.collateral_portfolio (collateral_portfolio_id, portfolio_id, description, lob_segment_id, active_flag, portfolio_name_override, created_ts, updated_ts) VALUES (20, 5, 'Risk management hedging book', 234, 'Y', 'Risk Hedging Book', '2024-06-15 12:00:00', '2024-06-15 12:00:00');
INSERT INTO l1.collateral_portfolio (collateral_portfolio_id, portfolio_id, description, lob_segment_id, active_flag, portfolio_name_override, created_ts, updated_ts) VALUES (21, 1, 'GCB collateral pool — investment grade', 163, 'Y', 'GCB IG Collateral Pool', '2024-06-15 12:00:00', '2024-06-15 12:00:00');
INSERT INTO l1.collateral_portfolio (collateral_portfolio_id, portfolio_id, description, lob_segment_id, active_flag, portfolio_name_override, created_ts, updated_ts) VALUES (22, 7, 'Commercial banking secured portfolio', 197, 'Y', 'CB Secured Pool', '2024-06-15 12:00:00', '2024-06-15 12:00:00');
INSERT INTO l1.collateral_portfolio (collateral_portfolio_id, portfolio_id, description, lob_segment_id, active_flag, portfolio_name_override, created_ts, updated_ts) VALUES (23, 3, 'GBM derivatives collateral', 76, 'Y', 'GBM Derivatives Margin', '2024-06-15 12:00:00', '2024-06-15 12:00:00');
INSERT INTO l1.collateral_portfolio (collateral_portfolio_id, portfolio_id, description, lob_segment_id, active_flag, portfolio_name_override, created_ts, updated_ts) VALUES (24, 8, 'Wealth management pledge accounts', 165, 'Y', 'WM Pledge Portfolio', '2024-06-15 12:00:00', '2024-06-15 12:00:00');
INSERT INTO l1.collateral_portfolio (collateral_portfolio_id, portfolio_id, description, lob_segment_id, active_flag, portfolio_name_override, created_ts, updated_ts) VALUES (25, 8, 'GWM securities-based lending', 26, 'Y', 'GWM SBL Portfolio', '2024-06-15 12:00:00', '2024-06-15 12:00:00');
INSERT INTO l1.collateral_portfolio (collateral_portfolio_id, portfolio_id, description, lob_segment_id, active_flag, portfolio_name_override, created_ts, updated_ts) VALUES (26, 6, 'GTS trade finance collateral', 156, 'Y', 'GTS Trade Collateral', '2024-06-15 12:00:00', '2024-06-15 12:00:00');
INSERT INTO l1.collateral_portfolio (collateral_portfolio_id, portfolio_id, description, lob_segment_id, active_flag, portfolio_name_override, created_ts, updated_ts) VALUES (27, 8, 'Credit division general pledges', 88, 'Y', 'Credit General Pledges', '2024-06-15 12:00:00', '2024-06-15 12:00:00');
INSERT INTO l1.collateral_portfolio (collateral_portfolio_id, portfolio_id, description, lob_segment_id, active_flag, portfolio_name_override, created_ts, updated_ts) VALUES (28, 5, 'Markets margin collateral', 53, 'Y', 'Markets Margin Pool', '2024-06-15 12:00:00', '2024-06-15 12:00:00');
INSERT INTO l1.collateral_portfolio (collateral_portfolio_id, portfolio_id, description, lob_segment_id, active_flag, portfolio_name_override, created_ts, updated_ts) VALUES (29, 2, 'Treasury repo collateral pool', 98, 'Y', 'Treasury Repo Pool', '2024-06-15 12:00:00', '2024-06-15 12:00:00');
INSERT INTO l1.collateral_portfolio (collateral_portfolio_id, portfolio_id, description, lob_segment_id, active_flag, portfolio_name_override, created_ts, updated_ts) VALUES (30, 9, 'Risk management hedging book', 28, 'Y', 'Risk Hedging Book', '2024-06-15 12:00:00', '2024-06-15 12:00:00');

-- sccl_counterparty_group (15 rows)
INSERT INTO l1.sccl_counterparty_group (sccl_group_id, group_name, created_ts, updated_ts, as_of_date, created_by, grouping_basis, jurisdiction_code, run_version_id, sccl_group_name, ultimate_parent_counterparty_id) VALUES (1, 'Aerospace & Industrial Group', '2024-06-15', '2024-06-15 12:00:00', '2025-01-31', 'CREDIT_RISK_SYSTEM', 'CORPORATE_FAMILY', 'US_FED', 1, 'Aerospace & Industrial Group', 1);
INSERT INTO l1.sccl_counterparty_group (sccl_group_id, group_name, created_ts, updated_ts, as_of_date, created_by, grouping_basis, jurisdiction_code, run_version_id, sccl_group_name, ultimate_parent_counterparty_id) VALUES (2, 'Healthcare & Pharma Group', '2024-06-15', '2024-06-15 12:00:00', '2025-01-31', 'CREDIT_RISK_SYSTEM', 'CORPORATE_FAMILY', 'US_STATE', 1, 'Healthcare & Pharma Group', 2);
INSERT INTO l1.sccl_counterparty_group (sccl_group_id, group_name, created_ts, updated_ts, as_of_date, created_by, grouping_basis, jurisdiction_code, run_version_id, sccl_group_name, ultimate_parent_counterparty_id) VALUES (3, 'Pacific Ridge Energy Group', '2024-06-15', '2024-06-15 12:00:00', '2025-01-31', 'CREDIT_RISK_SYSTEM', 'CORPORATE_FAMILY', 'EU', 1, 'Pacific Ridge Energy Group', 3);
INSERT INTO l1.sccl_counterparty_group (sccl_group_id, group_name, created_ts, updated_ts, as_of_date, created_by, grouping_basis, jurisdiction_code, run_version_id, sccl_group_name, ultimate_parent_counterparty_id) VALUES (4, 'Silverton Financial Group', '2024-06-15', '2024-06-15 12:00:00', '2025-01-31', 'CREDIT_RISK_SYSTEM', 'FINANCIAL_INTERCONNECTION', 'UK', 1, 'Silverton Financial Group', 4);
INSERT INTO l1.sccl_counterparty_group (sccl_group_id, group_name, created_ts, updated_ts, as_of_date, created_by, grouping_basis, jurisdiction_code, run_version_id, sccl_group_name, ultimate_parent_counterparty_id) VALUES (5, 'Consumer & Materials Group', '2024-06-15', '2024-06-15 12:00:00', '2025-01-31', 'CREDIT_RISK_SYSTEM', 'SUPPLY_CHAIN', 'CH', 1, 'Consumer & Materials Group', 6);
INSERT INTO l1.sccl_counterparty_group (sccl_group_id, group_name, created_ts, updated_ts, as_of_date, created_by, grouping_basis, jurisdiction_code, run_version_id, sccl_group_name, ultimate_parent_counterparty_id) VALUES (6, 'Infrastructure & RE Group', '2024-06-15', '2024-06-15 12:00:00', '2025-01-31', 'CREDIT_RISK_SYSTEM', 'ECONOMIC_INTERDEPENDENCE', 'SG', 1, 'Infrastructure & RE Group', 9);
INSERT INTO l1.sccl_counterparty_group (sccl_group_id, group_name, created_ts, updated_ts, as_of_date, created_by, grouping_basis, jurisdiction_code, run_version_id, sccl_group_name, ultimate_parent_counterparty_id) VALUES (7, 'Aerospace & Industrial Group', '2024-06-15', '2024-06-15 12:00:00', '2025-01-31', 'CREDIT_RISK_SYSTEM', 'CORPORATE_FAMILY', 'HK', 1, 'Aerospace & Industrial Group', 1);
INSERT INTO l1.sccl_counterparty_group (sccl_group_id, group_name, created_ts, updated_ts, as_of_date, created_by, grouping_basis, jurisdiction_code, run_version_id, sccl_group_name, ultimate_parent_counterparty_id) VALUES (8, 'Healthcare & Pharma Group', '2024-06-15', '2024-06-15 12:00:00', '2025-01-31', 'CREDIT_RISK_SYSTEM', 'CORPORATE_FAMILY', 'JP', 1, 'Healthcare & Pharma Group', 2);
INSERT INTO l1.sccl_counterparty_group (sccl_group_id, group_name, created_ts, updated_ts, as_of_date, created_by, grouping_basis, jurisdiction_code, run_version_id, sccl_group_name, ultimate_parent_counterparty_id) VALUES (9, 'Consumer & Materials Group', '2024-06-15', '2024-06-15 12:00:00', '2025-01-31', 'CREDIT_RISK_SYSTEM', 'SUPPLY_CHAIN', 'CA', 1, 'Consumer & Materials Group', 6);
INSERT INTO l1.sccl_counterparty_group (sccl_group_id, group_name, created_ts, updated_ts, as_of_date, created_by, grouping_basis, jurisdiction_code, run_version_id, sccl_group_name, ultimate_parent_counterparty_id) VALUES (10, 'Infrastructure & RE Group', '2024-06-15', '2024-06-15 12:00:00', '2025-01-31', 'CREDIT_RISK_SYSTEM', 'ECONOMIC_INTERDEPENDENCE', 'AU', 1, 'Infrastructure & RE Group', 9);
INSERT INTO l1.sccl_counterparty_group (sccl_group_id, group_name, created_ts, updated_ts, as_of_date, created_by, grouping_basis, jurisdiction_code, run_version_id, sccl_group_name, ultimate_parent_counterparty_id) VALUES (11, 'Aerospace & Industrial Group', '2024-11-15 09:15:00', '2024-01-02 01:57:00', '2025-01-31', 'CREDIT_RISK_SYSTEM', 'CORPORATE_FAMILY', 'US_FED', 1, 'Aerospace & Industrial Group', 1);
INSERT INTO l1.sccl_counterparty_group (sccl_group_id, group_name, created_ts, updated_ts, as_of_date, created_by, grouping_basis, jurisdiction_code, run_version_id, sccl_group_name, ultimate_parent_counterparty_id) VALUES (12, 'Healthcare & Pharma Group', '2024-03-05 11:11:00', '2024-10-09 08:06:00', '2025-01-31', 'CREDIT_RISK_SYSTEM', 'CORPORATE_FAMILY', 'US_STATE', 1, 'Healthcare & Pharma Group', 2);
INSERT INTO l1.sccl_counterparty_group (sccl_group_id, group_name, created_ts, updated_ts, as_of_date, created_by, grouping_basis, jurisdiction_code, run_version_id, sccl_group_name, ultimate_parent_counterparty_id) VALUES (13, 'Pacific Ridge Energy Group', '2024-01-28 09:19:00', '2024-10-11 21:25:00', '2025-01-31', 'CREDIT_RISK_SYSTEM', 'CORPORATE_FAMILY', 'EU', 1, 'Pacific Ridge Energy Group', 3);
INSERT INTO l1.sccl_counterparty_group (sccl_group_id, group_name, created_ts, updated_ts, as_of_date, created_by, grouping_basis, jurisdiction_code, run_version_id, sccl_group_name, ultimate_parent_counterparty_id) VALUES (14, 'Silverton Financial Group', '2024-05-20 19:34:00', '2024-01-20 16:40:00', '2025-01-31', 'CREDIT_RISK_SYSTEM', 'FINANCIAL_INTERCONNECTION', 'UK', 1, 'Silverton Financial Group', 4);
INSERT INTO l1.sccl_counterparty_group (sccl_group_id, group_name, created_ts, updated_ts, as_of_date, created_by, grouping_basis, jurisdiction_code, run_version_id, sccl_group_name, ultimate_parent_counterparty_id) VALUES (15, 'Consumer & Materials Group', '2024-08-22 03:22:00', '2024-03-19 20:54:00', '2025-01-31', 'CREDIT_RISK_SYSTEM', 'SUPPLY_CHAIN', 'CH', 1, 'Consumer & Materials Group', 6);

-- sccl_counterparty_group_member (40 rows)
INSERT INTO l1.sccl_counterparty_group_member (member_id, sccl_group_id, counterparty_id, created_ts, updated_ts, effective_end_date, effective_start_date, included_flag, member_role_code, ownership_pct, sccl_group_member_id, source_system_id) VALUES (1, 1, 1, '2024-06-15', '2024-06-15 12:00:00', '9999-12-31', '2024-01-01', 'Y', 'ULTIMATE_PARENT', 100, 1, 7);
INSERT INTO l1.sccl_counterparty_group_member (member_id, sccl_group_id, counterparty_id, created_ts, updated_ts, effective_end_date, effective_start_date, included_flag, member_role_code, ownership_pct, sccl_group_member_id, source_system_id) VALUES (2, 2, 2, '2024-06-15', '2024-06-15 12:00:00', '9999-12-31', '2024-01-01', 'Y', 'ULTIMATE_PARENT', 100, 2, 7);
INSERT INTO l1.sccl_counterparty_group_member (member_id, sccl_group_id, counterparty_id, created_ts, updated_ts, effective_end_date, effective_start_date, included_flag, member_role_code, ownership_pct, sccl_group_member_id, source_system_id) VALUES (3, 3, 3, '2024-06-15', '2024-06-15 12:00:00', '9999-12-31', '2024-01-01', 'Y', 'ULTIMATE_PARENT', 100, 3, 7);
INSERT INTO l1.sccl_counterparty_group_member (member_id, sccl_group_id, counterparty_id, created_ts, updated_ts, effective_end_date, effective_start_date, included_flag, member_role_code, ownership_pct, sccl_group_member_id, source_system_id) VALUES (4, 4, 4, '2024-06-15', '2024-06-15 12:00:00', '9999-12-31', '2024-01-01', 'Y', 'ULTIMATE_PARENT', 100, 4, 7);
INSERT INTO l1.sccl_counterparty_group_member (member_id, sccl_group_id, counterparty_id, created_ts, updated_ts, effective_end_date, effective_start_date, included_flag, member_role_code, ownership_pct, sccl_group_member_id, source_system_id) VALUES (5, 5, 6, '2024-06-15', '2024-06-15 12:00:00', '9999-12-31', '2024-01-01', 'Y', 'ULTIMATE_PARENT', 100, 5, 7);
INSERT INTO l1.sccl_counterparty_group_member (member_id, sccl_group_id, counterparty_id, created_ts, updated_ts, effective_end_date, effective_start_date, included_flag, member_role_code, ownership_pct, sccl_group_member_id, source_system_id) VALUES (6, 6, 9, '2024-06-15', '2024-06-15 12:00:00', '9999-12-31', '2024-01-01', 'Y', 'ULTIMATE_PARENT', 100, 6, 7);
INSERT INTO l1.sccl_counterparty_group_member (member_id, sccl_group_id, counterparty_id, created_ts, updated_ts, effective_end_date, effective_start_date, included_flag, member_role_code, ownership_pct, sccl_group_member_id, source_system_id) VALUES (7, 1, 5, '2024-06-15', '2024-06-15 12:00:00', '9999-12-31', '2024-01-01', 'Y', 'SUBSIDIARY', 80, 7, 7);
INSERT INTO l1.sccl_counterparty_group_member (member_id, sccl_group_id, counterparty_id, created_ts, updated_ts, effective_end_date, effective_start_date, included_flag, member_role_code, ownership_pct, sccl_group_member_id, source_system_id) VALUES (8, 2, 7, '2024-06-15', '2024-06-15 12:00:00', '9999-12-31', '2024-01-01', 'Y', 'SUBSIDIARY', 75, 8, 7);
INSERT INTO l1.sccl_counterparty_group_member (member_id, sccl_group_id, counterparty_id, created_ts, updated_ts, effective_end_date, effective_start_date, included_flag, member_role_code, ownership_pct, sccl_group_member_id, source_system_id) VALUES (9, 5, 8, '2024-06-15', '2024-06-15 12:00:00', '9999-12-31', '2024-01-01', 'Y', 'SUBSIDIARY', 100, 9, 7);
INSERT INTO l1.sccl_counterparty_group_member (member_id, sccl_group_id, counterparty_id, created_ts, updated_ts, effective_end_date, effective_start_date, included_flag, member_role_code, ownership_pct, sccl_group_member_id, source_system_id) VALUES (10, 6, 10, '2024-06-15', '2024-06-15 12:00:00', '9999-12-31', '2024-01-01', 'Y', 'SUBSIDIARY', 60, 10, 7);
INSERT INTO l1.sccl_counterparty_group_member (member_id, sccl_group_id, counterparty_id, created_ts, updated_ts, effective_end_date, effective_start_date, included_flag, member_role_code, ownership_pct, sccl_group_member_id, source_system_id) VALUES (11, 1, 1, '2024-06-30 15:54:00', '2024-01-08 18:53:00', '9999-12-31', '2024-01-01', 'Y', 'ULTIMATE_PARENT', 100, 1, 7);
INSERT INTO l1.sccl_counterparty_group_member (member_id, sccl_group_id, counterparty_id, created_ts, updated_ts, effective_end_date, effective_start_date, included_flag, member_role_code, ownership_pct, sccl_group_member_id, source_system_id) VALUES (12, 2, 2, '2024-08-23 12:12:00', '2024-09-26 22:45:00', '9999-12-31', '2024-01-01', 'Y', 'ULTIMATE_PARENT', 100, 2, 7);
INSERT INTO l1.sccl_counterparty_group_member (member_id, sccl_group_id, counterparty_id, created_ts, updated_ts, effective_end_date, effective_start_date, included_flag, member_role_code, ownership_pct, sccl_group_member_id, source_system_id) VALUES (13, 3, 3, '2024-07-04 17:37:00', '2024-01-28 08:05:00', '9999-12-31', '2024-01-01', 'Y', 'ULTIMATE_PARENT', 100, 3, 7);
INSERT INTO l1.sccl_counterparty_group_member (member_id, sccl_group_id, counterparty_id, created_ts, updated_ts, effective_end_date, effective_start_date, included_flag, member_role_code, ownership_pct, sccl_group_member_id, source_system_id) VALUES (14, 4, 4, '2024-02-12 18:43:00', '2024-10-31 15:31:00', '9999-12-31', '2024-01-01', 'Y', 'ULTIMATE_PARENT', 100, 4, 7);
INSERT INTO l1.sccl_counterparty_group_member (member_id, sccl_group_id, counterparty_id, created_ts, updated_ts, effective_end_date, effective_start_date, included_flag, member_role_code, ownership_pct, sccl_group_member_id, source_system_id) VALUES (15, 5, 6, '2024-01-26 09:17:00', '2024-09-22 20:01:00', '9999-12-31', '2024-01-01', 'Y', 'ULTIMATE_PARENT', 100, 5, 7);
INSERT INTO l1.sccl_counterparty_group_member (member_id, sccl_group_id, counterparty_id, created_ts, updated_ts, effective_end_date, effective_start_date, included_flag, member_role_code, ownership_pct, sccl_group_member_id, source_system_id) VALUES (16, 6, 9, '2024-11-15 14:52:00', '2024-09-27 13:00:00', '9999-12-31', '2024-01-01', 'Y', 'ULTIMATE_PARENT', 100, 6, 7);
INSERT INTO l1.sccl_counterparty_group_member (member_id, sccl_group_id, counterparty_id, created_ts, updated_ts, effective_end_date, effective_start_date, included_flag, member_role_code, ownership_pct, sccl_group_member_id, source_system_id) VALUES (17, 1, 5, '2024-11-20 12:17:00', '2024-11-27 09:37:00', '9999-12-31', '2024-01-01', 'Y', 'SUBSIDIARY', 80, 7, 7);
INSERT INTO l1.sccl_counterparty_group_member (member_id, sccl_group_id, counterparty_id, created_ts, updated_ts, effective_end_date, effective_start_date, included_flag, member_role_code, ownership_pct, sccl_group_member_id, source_system_id) VALUES (18, 2, 7, '2024-06-15 22:16:00', '2024-08-29 07:16:00', '9999-12-31', '2024-01-01', 'Y', 'SUBSIDIARY', 75, 8, 7);
INSERT INTO l1.sccl_counterparty_group_member (member_id, sccl_group_id, counterparty_id, created_ts, updated_ts, effective_end_date, effective_start_date, included_flag, member_role_code, ownership_pct, sccl_group_member_id, source_system_id) VALUES (19, 5, 8, '2024-04-05 19:23:00', '2024-06-30 17:59:00', '9999-12-31', '2024-01-01', 'Y', 'SUBSIDIARY', 100, 9, 7);
INSERT INTO l1.sccl_counterparty_group_member (member_id, sccl_group_id, counterparty_id, created_ts, updated_ts, effective_end_date, effective_start_date, included_flag, member_role_code, ownership_pct, sccl_group_member_id, source_system_id) VALUES (20, 6, 10, '2024-10-27 11:23:00', '2024-11-09 04:00:00', '9999-12-31', '2024-01-01', 'Y', 'SUBSIDIARY', 60, 10, 7);
INSERT INTO l1.sccl_counterparty_group_member (member_id, sccl_group_id, counterparty_id, created_ts, updated_ts, effective_end_date, effective_start_date, included_flag, member_role_code, ownership_pct, sccl_group_member_id, source_system_id) VALUES (21, 1, 1, '2024-09-03 12:04:00', '2024-09-08 13:53:00', '9999-12-31', '2024-01-01', 'Y', 'ULTIMATE_PARENT', 100, 1, 7);
INSERT INTO l1.sccl_counterparty_group_member (member_id, sccl_group_id, counterparty_id, created_ts, updated_ts, effective_end_date, effective_start_date, included_flag, member_role_code, ownership_pct, sccl_group_member_id, source_system_id) VALUES (22, 2, 2, '2024-05-11 14:53:00', '2024-10-22 05:11:00', '9999-12-31', '2024-01-01', 'Y', 'ULTIMATE_PARENT', 100, 2, 7);
INSERT INTO l1.sccl_counterparty_group_member (member_id, sccl_group_id, counterparty_id, created_ts, updated_ts, effective_end_date, effective_start_date, included_flag, member_role_code, ownership_pct, sccl_group_member_id, source_system_id) VALUES (23, 3, 3, '2024-03-08 22:47:00', '2024-04-30 21:49:00', '9999-12-31', '2024-01-01', 'Y', 'ULTIMATE_PARENT', 100, 3, 7);
INSERT INTO l1.sccl_counterparty_group_member (member_id, sccl_group_id, counterparty_id, created_ts, updated_ts, effective_end_date, effective_start_date, included_flag, member_role_code, ownership_pct, sccl_group_member_id, source_system_id) VALUES (24, 4, 4, '2024-04-01 05:36:00', '2024-01-13 11:31:00', '9999-12-31', '2024-01-01', 'Y', 'ULTIMATE_PARENT', 100, 4, 7);
INSERT INTO l1.sccl_counterparty_group_member (member_id, sccl_group_id, counterparty_id, created_ts, updated_ts, effective_end_date, effective_start_date, included_flag, member_role_code, ownership_pct, sccl_group_member_id, source_system_id) VALUES (25, 5, 6, '2024-03-29 02:50:00', '2024-07-20 06:12:00', '9999-12-31', '2024-01-01', 'Y', 'ULTIMATE_PARENT', 100, 5, 7);
INSERT INTO l1.sccl_counterparty_group_member (member_id, sccl_group_id, counterparty_id, created_ts, updated_ts, effective_end_date, effective_start_date, included_flag, member_role_code, ownership_pct, sccl_group_member_id, source_system_id) VALUES (26, 6, 9, '2024-03-09 05:07:00', '2024-08-16 23:44:00', '9999-12-31', '2024-01-01', 'Y', 'ULTIMATE_PARENT', 100, 6, 7);
INSERT INTO l1.sccl_counterparty_group_member (member_id, sccl_group_id, counterparty_id, created_ts, updated_ts, effective_end_date, effective_start_date, included_flag, member_role_code, ownership_pct, sccl_group_member_id, source_system_id) VALUES (27, 1, 5, '2024-08-21 23:19:00', '2024-02-03 05:23:00', '9999-12-31', '2024-01-01', 'Y', 'SUBSIDIARY', 80, 7, 7);
INSERT INTO l1.sccl_counterparty_group_member (member_id, sccl_group_id, counterparty_id, created_ts, updated_ts, effective_end_date, effective_start_date, included_flag, member_role_code, ownership_pct, sccl_group_member_id, source_system_id) VALUES (28, 2, 7, '2024-02-06 18:45:00', '2024-12-27 06:20:00', '9999-12-31', '2024-01-01', 'Y', 'SUBSIDIARY', 75, 8, 7);
INSERT INTO l1.sccl_counterparty_group_member (member_id, sccl_group_id, counterparty_id, created_ts, updated_ts, effective_end_date, effective_start_date, included_flag, member_role_code, ownership_pct, sccl_group_member_id, source_system_id) VALUES (29, 5, 8, '2024-12-16 01:29:00', '2024-09-25 01:36:00', '9999-12-31', '2024-01-01', 'Y', 'SUBSIDIARY', 100, 9, 7);
INSERT INTO l1.sccl_counterparty_group_member (member_id, sccl_group_id, counterparty_id, created_ts, updated_ts, effective_end_date, effective_start_date, included_flag, member_role_code, ownership_pct, sccl_group_member_id, source_system_id) VALUES (30, 6, 10, '2024-11-12 20:08:00', '2024-12-29 18:18:00', '9999-12-31', '2024-01-01', 'Y', 'SUBSIDIARY', 60, 10, 7);
INSERT INTO l1.sccl_counterparty_group_member (member_id, sccl_group_id, counterparty_id, created_ts, updated_ts, effective_end_date, effective_start_date, included_flag, member_role_code, ownership_pct, sccl_group_member_id, source_system_id) VALUES (31, 1, 1, '2024-01-21 00:46:00', '2024-03-03 23:55:00', '9999-12-31', '2024-01-01', 'Y', 'ULTIMATE_PARENT', 100, 1, 7);
INSERT INTO l1.sccl_counterparty_group_member (member_id, sccl_group_id, counterparty_id, created_ts, updated_ts, effective_end_date, effective_start_date, included_flag, member_role_code, ownership_pct, sccl_group_member_id, source_system_id) VALUES (32, 2, 2, '2024-12-10 03:13:00', '2024-07-22 09:41:00', '9999-12-31', '2024-01-01', 'Y', 'ULTIMATE_PARENT', 100, 2, 7);
INSERT INTO l1.sccl_counterparty_group_member (member_id, sccl_group_id, counterparty_id, created_ts, updated_ts, effective_end_date, effective_start_date, included_flag, member_role_code, ownership_pct, sccl_group_member_id, source_system_id) VALUES (33, 3, 3, '2024-06-13 15:36:00', '2024-08-04 15:36:00', '9999-12-31', '2024-01-01', 'Y', 'ULTIMATE_PARENT', 100, 3, 7);
INSERT INTO l1.sccl_counterparty_group_member (member_id, sccl_group_id, counterparty_id, created_ts, updated_ts, effective_end_date, effective_start_date, included_flag, member_role_code, ownership_pct, sccl_group_member_id, source_system_id) VALUES (34, 4, 4, '2024-12-09 11:26:00', '2024-10-27 20:04:00', '9999-12-31', '2024-01-01', 'Y', 'ULTIMATE_PARENT', 100, 4, 7);
INSERT INTO l1.sccl_counterparty_group_member (member_id, sccl_group_id, counterparty_id, created_ts, updated_ts, effective_end_date, effective_start_date, included_flag, member_role_code, ownership_pct, sccl_group_member_id, source_system_id) VALUES (35, 5, 6, '2024-09-03 09:00:00', '2024-01-15 01:12:00', '9999-12-31', '2024-01-01', 'Y', 'ULTIMATE_PARENT', 100, 5, 7);
INSERT INTO l1.sccl_counterparty_group_member (member_id, sccl_group_id, counterparty_id, created_ts, updated_ts, effective_end_date, effective_start_date, included_flag, member_role_code, ownership_pct, sccl_group_member_id, source_system_id) VALUES (36, 6, 9, '2024-08-15 09:26:00', '2024-09-25 01:20:00', '9999-12-31', '2024-01-01', 'Y', 'ULTIMATE_PARENT', 100, 6, 7);
INSERT INTO l1.sccl_counterparty_group_member (member_id, sccl_group_id, counterparty_id, created_ts, updated_ts, effective_end_date, effective_start_date, included_flag, member_role_code, ownership_pct, sccl_group_member_id, source_system_id) VALUES (37, 1, 5, '2024-02-05 10:18:00', '2024-06-06 13:54:00', '9999-12-31', '2024-01-01', 'Y', 'SUBSIDIARY', 80, 7, 7);
INSERT INTO l1.sccl_counterparty_group_member (member_id, sccl_group_id, counterparty_id, created_ts, updated_ts, effective_end_date, effective_start_date, included_flag, member_role_code, ownership_pct, sccl_group_member_id, source_system_id) VALUES (38, 2, 7, '2024-10-27 12:18:00', '2024-03-09 22:33:00', '9999-12-31', '2024-01-01', 'Y', 'SUBSIDIARY', 75, 8, 7);
INSERT INTO l1.sccl_counterparty_group_member (member_id, sccl_group_id, counterparty_id, created_ts, updated_ts, effective_end_date, effective_start_date, included_flag, member_role_code, ownership_pct, sccl_group_member_id, source_system_id) VALUES (39, 5, 8, '2024-06-26 21:37:00', '2024-07-15 05:45:00', '9999-12-31', '2024-01-01', 'Y', 'SUBSIDIARY', 100, 9, 7);
INSERT INTO l1.sccl_counterparty_group_member (member_id, sccl_group_id, counterparty_id, created_ts, updated_ts, effective_end_date, effective_start_date, included_flag, member_role_code, ownership_pct, sccl_group_member_id, source_system_id) VALUES (40, 6, 10, '2024-07-06 18:11:00', '2024-08-15 14:10:00', '9999-12-31', '2024-01-01', 'Y', 'SUBSIDIARY', 60, 10, 7);

-- limit_rule (50 rows)
INSERT INTO l1.limit_rule (limit_rule_id, rule_code, rule_name, created_ts, updated_ts, as_of_date, counterparty_id, effective_from_date, effective_to_date, inner_threshold_pct, limit_amount_usd, limit_scope, limit_type, lob_segment_id, outer_threshold_pct, risk_tier) VALUES (1, 'LR-SN-001', 'Single Name Limit', '2024-06-15', '2024-06-15 12:00:00', '2025-01-31', 1, '2024-01-01', '9999-12-31', 80, 5000000000, 'COUNTERPARTY', 'HARD', 1, 95, 'IG_HIGH');
INSERT INTO l1.limit_rule (limit_rule_id, rule_code, rule_name, created_ts, updated_ts, as_of_date, counterparty_id, effective_from_date, effective_to_date, inner_threshold_pct, limit_amount_usd, limit_scope, limit_type, lob_segment_id, outer_threshold_pct, risk_tier) VALUES (2, 'LR-SC-002', 'Sector Concentration', '2024-06-15', '2024-06-15 12:00:00', '2025-01-31', 2, '2024-01-01', '9999-12-31', 75, 25000000000, 'SECTOR', 'HARD', 2, 90, 'IG_MID');
INSERT INTO l1.limit_rule (limit_rule_id, rule_code, rule_name, created_ts, updated_ts, as_of_date, counterparty_id, effective_from_date, effective_to_date, inner_threshold_pct, limit_amount_usd, limit_scope, limit_type, lob_segment_id, outer_threshold_pct, risk_tier) VALUES (3, 'LR-CY-003', 'Country Limit', '2024-06-15', '2024-06-15 12:00:00', '2025-01-31', 3, '2024-01-01', '9999-12-31', 80, 15000000000, 'COUNTRY', 'HARD', 3, 95, 'IG_MID');
INSERT INTO l1.limit_rule (limit_rule_id, rule_code, rule_name, created_ts, updated_ts, as_of_date, counterparty_id, effective_from_date, effective_to_date, inner_threshold_pct, limit_amount_usd, limit_scope, limit_type, lob_segment_id, outer_threshold_pct, risk_tier) VALUES (4, 'LR-PD-004', 'Product Limit', '2024-06-15', '2024-06-15 12:00:00', '2025-01-31', 4, '2024-01-01', '9999-12-31', 85, 10000000000, 'PRODUCT', 'HARD', 4, 95, 'HY');
INSERT INTO l1.limit_rule (limit_rule_id, rule_code, rule_name, created_ts, updated_ts, as_of_date, counterparty_id, effective_from_date, effective_to_date, inner_threshold_pct, limit_amount_usd, limit_scope, limit_type, lob_segment_id, outer_threshold_pct, risk_tier) VALUES (5, 'LR-MT-005', 'Maturity Limit', '2024-06-15', '2024-06-15 12:00:00', '2025-01-31', 5, '2024-01-01', '9999-12-31', 75, 20000000000, 'MATURITY', 'HARD', 5, 90, 'HY');
INSERT INTO l1.limit_rule (limit_rule_id, rule_code, rule_name, created_ts, updated_ts, as_of_date, counterparty_id, effective_from_date, effective_to_date, inner_threshold_pct, limit_amount_usd, limit_scope, limit_type, lob_segment_id, outer_threshold_pct, risk_tier) VALUES (6, 'LR-FX-006', 'FX Exposure Limit', '2024-06-15', '2024-06-15 12:00:00', '2025-01-31', 6, '2024-01-01', '9999-12-31', 80, 8000000000, 'CURRENCY', 'HARD', 6, 95, 'IG_MID');
INSERT INTO l1.limit_rule (limit_rule_id, rule_code, rule_name, created_ts, updated_ts, as_of_date, counterparty_id, effective_from_date, effective_to_date, inner_threshold_pct, limit_amount_usd, limit_scope, limit_type, lob_segment_id, outer_threshold_pct, risk_tier) VALUES (7, 'LR-LL-007', 'Leveraged Lending', '2024-06-15', '2024-06-15 12:00:00', '2025-01-31', 7, '2024-01-01', '9999-12-31', 70, 12000000000, 'SECTOR', 'HARD', 7, 85, 'IG_HIGH');
INSERT INTO l1.limit_rule (limit_rule_id, rule_code, rule_name, created_ts, updated_ts, as_of_date, counterparty_id, effective_from_date, effective_to_date, inner_threshold_pct, limit_amount_usd, limit_scope, limit_type, lob_segment_id, outer_threshold_pct, risk_tier) VALUES (8, 'LR-CRE-008', 'CRE Concentration', '2024-06-15', '2024-06-15 12:00:00', '2025-01-31', 8, '2024-01-01', '9999-12-31', 75, 18000000000, 'ASSET_CLASS', 'HARD', 8, 90, 'IG_HIGH');
INSERT INTO l1.limit_rule (limit_rule_id, rule_code, rule_name, created_ts, updated_ts, as_of_date, counterparty_id, effective_from_date, effective_to_date, inner_threshold_pct, limit_amount_usd, limit_scope, limit_type, lob_segment_id, outer_threshold_pct, risk_tier) VALUES (9, 'LR-FIG-009', 'FIG Limit', '2024-06-15', '2024-06-15 12:00:00', '2025-01-31', 9, '2024-01-01', '9999-12-31', 80, 7000000000, 'SECTOR', 'HARD', 9, 95, 'IG_MID');
INSERT INTO l1.limit_rule (limit_rule_id, rule_code, rule_name, created_ts, updated_ts, as_of_date, counterparty_id, effective_from_date, effective_to_date, inner_threshold_pct, limit_amount_usd, limit_scope, limit_type, lob_segment_id, outer_threshold_pct, risk_tier) VALUES (10, 'LR-UN-010', 'Unsecured Limit', '2024-06-15', '2024-06-15 12:00:00', '2025-01-31', 10, '2024-01-01', '9999-12-31', 85, 6000000000, 'COLLATERAL', 'HARD', 10, 95, 'HY');
INSERT INTO l1.limit_rule (limit_rule_id, rule_code, rule_name, created_ts, updated_ts, as_of_date, counterparty_id, effective_from_date, effective_to_date, inner_threshold_pct, limit_amount_usd, limit_scope, limit_type, lob_segment_id, outer_threshold_pct, risk_tier) VALUES (11, 'LR-SN-001', 'Single Name Limit', '2024-05-24 05:16:00', '2024-11-17 16:33:00', '2025-01-31', 364, '2024-01-01', '9999-12-31', 80, 5000000000, 'COUNTERPARTY', 'HARD', 878, 95, 'IG_HIGH');
INSERT INTO l1.limit_rule (limit_rule_id, rule_code, rule_name, created_ts, updated_ts, as_of_date, counterparty_id, effective_from_date, effective_to_date, inner_threshold_pct, limit_amount_usd, limit_scope, limit_type, lob_segment_id, outer_threshold_pct, risk_tier) VALUES (12, 'LR-SC-002', 'Sector Concentration', '2024-11-21 09:02:00', '2024-06-20 22:20:00', '2025-01-31', 844, '2024-01-01', '9999-12-31', 75, 25000000000, 'SECTOR', 'HARD', 99, 90, 'IG_MID');
INSERT INTO l1.limit_rule (limit_rule_id, rule_code, rule_name, created_ts, updated_ts, as_of_date, counterparty_id, effective_from_date, effective_to_date, inner_threshold_pct, limit_amount_usd, limit_scope, limit_type, lob_segment_id, outer_threshold_pct, risk_tier) VALUES (13, 'LR-CY-003', 'Country Limit', '2024-10-30 20:54:00', '2024-03-15 00:54:00', '2025-01-31', 958, '2024-01-01', '9999-12-31', 80, 15000000000, 'COUNTRY', 'HARD', 33, 95, 'IG_MID');
INSERT INTO l1.limit_rule (limit_rule_id, rule_code, rule_name, created_ts, updated_ts, as_of_date, counterparty_id, effective_from_date, effective_to_date, inner_threshold_pct, limit_amount_usd, limit_scope, limit_type, lob_segment_id, outer_threshold_pct, risk_tier) VALUES (14, 'LR-PD-004', 'Product Limit', '2024-06-22 14:05:00', '2024-07-19 20:42:00', '2025-01-31', 498, '2024-01-01', '9999-12-31', 85, 10000000000, 'PRODUCT', 'HARD', 823, 95, 'HY');
INSERT INTO l1.limit_rule (limit_rule_id, rule_code, rule_name, created_ts, updated_ts, as_of_date, counterparty_id, effective_from_date, effective_to_date, inner_threshold_pct, limit_amount_usd, limit_scope, limit_type, lob_segment_id, outer_threshold_pct, risk_tier) VALUES (15, 'LR-MT-005', 'Maturity Limit', '2024-09-03 12:56:00', '2024-10-23 18:31:00', '2025-01-31', 435, '2024-01-01', '9999-12-31', 75, 20000000000, 'MATURITY', 'HARD', 178, 90, 'HY');
INSERT INTO l1.limit_rule (limit_rule_id, rule_code, rule_name, created_ts, updated_ts, as_of_date, counterparty_id, effective_from_date, effective_to_date, inner_threshold_pct, limit_amount_usd, limit_scope, limit_type, lob_segment_id, outer_threshold_pct, risk_tier) VALUES (16, 'LR-FX-006', 'FX Exposure Limit', '2024-02-23 01:42:00', '2024-06-22 00:37:00', '2025-01-31', 246, '2024-01-01', '9999-12-31', 80, 8000000000, 'CURRENCY', 'HARD', 998, 95, 'IG_MID');
INSERT INTO l1.limit_rule (limit_rule_id, rule_code, rule_name, created_ts, updated_ts, as_of_date, counterparty_id, effective_from_date, effective_to_date, inner_threshold_pct, limit_amount_usd, limit_scope, limit_type, lob_segment_id, outer_threshold_pct, risk_tier) VALUES (17, 'LR-LL-007', 'Leveraged Lending', '2024-10-27 16:56:00', '2024-08-11 00:13:00', '2025-01-31', 604, '2024-01-01', '9999-12-31', 70, 12000000000, 'SECTOR', 'HARD', 616, 85, 'IG_HIGH');
INSERT INTO l1.limit_rule (limit_rule_id, rule_code, rule_name, created_ts, updated_ts, as_of_date, counterparty_id, effective_from_date, effective_to_date, inner_threshold_pct, limit_amount_usd, limit_scope, limit_type, lob_segment_id, outer_threshold_pct, risk_tier) VALUES (18, 'LR-CRE-008', 'CRE Concentration', '2024-01-19 00:50:00', '2024-12-15 06:31:00', '2025-01-31', 646, '2024-01-01', '9999-12-31', 75, 18000000000, 'ASSET_CLASS', 'HARD', 999, 90, 'IG_HIGH');
INSERT INTO l1.limit_rule (limit_rule_id, rule_code, rule_name, created_ts, updated_ts, as_of_date, counterparty_id, effective_from_date, effective_to_date, inner_threshold_pct, limit_amount_usd, limit_scope, limit_type, lob_segment_id, outer_threshold_pct, risk_tier) VALUES (19, 'LR-FIG-009', 'FIG Limit', '2024-10-26 10:54:00', '2024-10-31 14:07:00', '2025-01-31', 585, '2024-01-01', '9999-12-31', 80, 7000000000, 'SECTOR', 'HARD', 831, 95, 'IG_MID');
INSERT INTO l1.limit_rule (limit_rule_id, rule_code, rule_name, created_ts, updated_ts, as_of_date, counterparty_id, effective_from_date, effective_to_date, inner_threshold_pct, limit_amount_usd, limit_scope, limit_type, lob_segment_id, outer_threshold_pct, risk_tier) VALUES (20, 'LR-UN-010', 'Unsecured Limit', '2024-08-14 11:10:00', '2024-12-14 14:22:00', '2025-01-31', 115, '2024-01-01', '9999-12-31', 85, 6000000000, 'COLLATERAL', 'HARD', 183, 95, 'HY');
INSERT INTO l1.limit_rule (limit_rule_id, rule_code, rule_name, created_ts, updated_ts, as_of_date, counterparty_id, effective_from_date, effective_to_date, inner_threshold_pct, limit_amount_usd, limit_scope, limit_type, lob_segment_id, outer_threshold_pct, risk_tier) VALUES (21, 'LR-SN-001', 'Single Name Limit', '2024-04-16 19:44:00', '2024-02-11 21:50:00', '2025-01-31', 41, '2024-01-01', '9999-12-31', 80, 5000000000, 'COUNTERPARTY', 'HARD', 591, 95, 'IG_HIGH');
INSERT INTO l1.limit_rule (limit_rule_id, rule_code, rule_name, created_ts, updated_ts, as_of_date, counterparty_id, effective_from_date, effective_to_date, inner_threshold_pct, limit_amount_usd, limit_scope, limit_type, lob_segment_id, outer_threshold_pct, risk_tier) VALUES (22, 'LR-SC-002', 'Sector Concentration', '2024-07-02 14:30:00', '2024-07-17 05:59:00', '2025-01-31', 351, '2024-01-01', '9999-12-31', 75, 25000000000, 'SECTOR', 'HARD', 333, 90, 'IG_MID');
INSERT INTO l1.limit_rule (limit_rule_id, rule_code, rule_name, created_ts, updated_ts, as_of_date, counterparty_id, effective_from_date, effective_to_date, inner_threshold_pct, limit_amount_usd, limit_scope, limit_type, lob_segment_id, outer_threshold_pct, risk_tier) VALUES (23, 'LR-CY-003', 'Country Limit', '2024-06-12 14:53:00', '2024-12-18 23:15:00', '2025-01-31', 153, '2024-01-01', '9999-12-31', 80, 15000000000, 'COUNTRY', 'HARD', 134, 95, 'IG_MID');
INSERT INTO l1.limit_rule (limit_rule_id, rule_code, rule_name, created_ts, updated_ts, as_of_date, counterparty_id, effective_from_date, effective_to_date, inner_threshold_pct, limit_amount_usd, limit_scope, limit_type, lob_segment_id, outer_threshold_pct, risk_tier) VALUES (24, 'LR-PD-004', 'Product Limit', '2024-01-10 03:34:00', '2024-09-17 11:47:00', '2025-01-31', 775, '2024-01-01', '9999-12-31', 85, 10000000000, 'PRODUCT', 'HARD', 981, 95, 'HY');
INSERT INTO l1.limit_rule (limit_rule_id, rule_code, rule_name, created_ts, updated_ts, as_of_date, counterparty_id, effective_from_date, effective_to_date, inner_threshold_pct, limit_amount_usd, limit_scope, limit_type, lob_segment_id, outer_threshold_pct, risk_tier) VALUES (25, 'LR-MT-005', 'Maturity Limit', '2024-09-08 10:17:00', '2024-05-19 18:30:00', '2025-01-31', 414, '2024-01-01', '9999-12-31', 75, 20000000000, 'MATURITY', 'HARD', 413, 90, 'HY');
INSERT INTO l1.limit_rule (limit_rule_id, rule_code, rule_name, created_ts, updated_ts, as_of_date, counterparty_id, effective_from_date, effective_to_date, inner_threshold_pct, limit_amount_usd, limit_scope, limit_type, lob_segment_id, outer_threshold_pct, risk_tier) VALUES (26, 'LR-FX-006', 'FX Exposure Limit', '2024-09-18 19:35:00', '2024-03-14 07:59:00', '2025-01-31', 967, '2024-01-01', '9999-12-31', 80, 8000000000, 'CURRENCY', 'HARD', 580, 95, 'IG_MID');
INSERT INTO l1.limit_rule (limit_rule_id, rule_code, rule_name, created_ts, updated_ts, as_of_date, counterparty_id, effective_from_date, effective_to_date, inner_threshold_pct, limit_amount_usd, limit_scope, limit_type, lob_segment_id, outer_threshold_pct, risk_tier) VALUES (27, 'LR-LL-007', 'Leveraged Lending', '2024-02-24 21:15:00', '2024-12-10 01:58:00', '2025-01-31', 637, '2024-01-01', '9999-12-31', 70, 12000000000, 'SECTOR', 'HARD', 444, 85, 'IG_HIGH');
INSERT INTO l1.limit_rule (limit_rule_id, rule_code, rule_name, created_ts, updated_ts, as_of_date, counterparty_id, effective_from_date, effective_to_date, inner_threshold_pct, limit_amount_usd, limit_scope, limit_type, lob_segment_id, outer_threshold_pct, risk_tier) VALUES (28, 'LR-CRE-008', 'CRE Concentration', '2024-08-12 09:02:00', '2024-07-31 09:55:00', '2025-01-31', 640, '2024-01-01', '9999-12-31', 75, 18000000000, 'ASSET_CLASS', 'HARD', 771, 90, 'IG_HIGH');
INSERT INTO l1.limit_rule (limit_rule_id, rule_code, rule_name, created_ts, updated_ts, as_of_date, counterparty_id, effective_from_date, effective_to_date, inner_threshold_pct, limit_amount_usd, limit_scope, limit_type, lob_segment_id, outer_threshold_pct, risk_tier) VALUES (29, 'LR-FIG-009', 'FIG Limit', '2024-04-17 15:26:00', '2024-07-28 23:14:00', '2025-01-31', 101, '2024-01-01', '9999-12-31', 80, 7000000000, 'SECTOR', 'HARD', 901, 95, 'IG_MID');
INSERT INTO l1.limit_rule (limit_rule_id, rule_code, rule_name, created_ts, updated_ts, as_of_date, counterparty_id, effective_from_date, effective_to_date, inner_threshold_pct, limit_amount_usd, limit_scope, limit_type, lob_segment_id, outer_threshold_pct, risk_tier) VALUES (30, 'LR-UN-010', 'Unsecured Limit', '2024-10-08 05:42:00', '2024-05-25 21:15:00', '2025-01-31', 588, '2024-01-01', '9999-12-31', 85, 6000000000, 'COLLATERAL', 'HARD', 735, 95, 'HY');
INSERT INTO l1.limit_rule (limit_rule_id, rule_code, rule_name, created_ts, updated_ts, as_of_date, counterparty_id, effective_from_date, effective_to_date, inner_threshold_pct, limit_amount_usd, limit_scope, limit_type, lob_segment_id, outer_threshold_pct, risk_tier) VALUES (31, 'LR-SN-001', 'Single Name Limit', '2024-09-06 14:48:00', '2024-12-21 21:54:00', '2025-01-31', 417, '2024-01-01', '9999-12-31', 80, 5000000000, 'COUNTERPARTY', 'HARD', 778, 95, 'IG_HIGH');
INSERT INTO l1.limit_rule (limit_rule_id, rule_code, rule_name, created_ts, updated_ts, as_of_date, counterparty_id, effective_from_date, effective_to_date, inner_threshold_pct, limit_amount_usd, limit_scope, limit_type, lob_segment_id, outer_threshold_pct, risk_tier) VALUES (32, 'LR-SC-002', 'Sector Concentration', '2024-12-04 03:28:00', '2024-02-18 01:03:00', '2025-01-31', 158, '2024-01-01', '9999-12-31', 75, 25000000000, 'SECTOR', 'HARD', 952, 90, 'IG_MID');
INSERT INTO l1.limit_rule (limit_rule_id, rule_code, rule_name, created_ts, updated_ts, as_of_date, counterparty_id, effective_from_date, effective_to_date, inner_threshold_pct, limit_amount_usd, limit_scope, limit_type, lob_segment_id, outer_threshold_pct, risk_tier) VALUES (33, 'LR-CY-003', 'Country Limit', '2024-03-17 00:04:00', '2024-12-31 03:47:00', '2025-01-31', 93, '2024-01-01', '9999-12-31', 80, 15000000000, 'COUNTRY', 'HARD', 953, 95, 'IG_MID');
INSERT INTO l1.limit_rule (limit_rule_id, rule_code, rule_name, created_ts, updated_ts, as_of_date, counterparty_id, effective_from_date, effective_to_date, inner_threshold_pct, limit_amount_usd, limit_scope, limit_type, lob_segment_id, outer_threshold_pct, risk_tier) VALUES (34, 'LR-PD-004', 'Product Limit', '2024-03-20 06:50:00', '2024-11-18 02:23:00', '2025-01-31', 200, '2024-01-01', '9999-12-31', 85, 10000000000, 'PRODUCT', 'HARD', 658, 95, 'HY');
INSERT INTO l1.limit_rule (limit_rule_id, rule_code, rule_name, created_ts, updated_ts, as_of_date, counterparty_id, effective_from_date, effective_to_date, inner_threshold_pct, limit_amount_usd, limit_scope, limit_type, lob_segment_id, outer_threshold_pct, risk_tier) VALUES (35, 'LR-MT-005', 'Maturity Limit', '2024-11-26 17:19:00', '2024-06-12 22:24:00', '2025-01-31', 93, '2024-01-01', '9999-12-31', 75, 20000000000, 'MATURITY', 'HARD', 968, 90, 'HY');
INSERT INTO l1.limit_rule (limit_rule_id, rule_code, rule_name, created_ts, updated_ts, as_of_date, counterparty_id, effective_from_date, effective_to_date, inner_threshold_pct, limit_amount_usd, limit_scope, limit_type, lob_segment_id, outer_threshold_pct, risk_tier) VALUES (36, 'LR-FX-006', 'FX Exposure Limit', '2024-10-14 16:54:00', '2024-09-20 11:04:00', '2025-01-31', 802, '2024-01-01', '9999-12-31', 80, 8000000000, 'CURRENCY', 'HARD', 519, 95, 'IG_MID');
INSERT INTO l1.limit_rule (limit_rule_id, rule_code, rule_name, created_ts, updated_ts, as_of_date, counterparty_id, effective_from_date, effective_to_date, inner_threshold_pct, limit_amount_usd, limit_scope, limit_type, lob_segment_id, outer_threshold_pct, risk_tier) VALUES (37, 'LR-LL-007', 'Leveraged Lending', '2024-12-11 10:48:00', '2024-09-28 19:27:00', '2025-01-31', 954, '2024-01-01', '9999-12-31', 70, 12000000000, 'SECTOR', 'HARD', 62, 85, 'IG_HIGH');
INSERT INTO l1.limit_rule (limit_rule_id, rule_code, rule_name, created_ts, updated_ts, as_of_date, counterparty_id, effective_from_date, effective_to_date, inner_threshold_pct, limit_amount_usd, limit_scope, limit_type, lob_segment_id, outer_threshold_pct, risk_tier) VALUES (38, 'LR-CRE-008', 'CRE Concentration', '2024-08-05 20:46:00', '2024-10-19 16:24:00', '2025-01-31', 616, '2024-01-01', '9999-12-31', 75, 18000000000, 'ASSET_CLASS', 'HARD', 36, 90, 'IG_HIGH');
INSERT INTO l1.limit_rule (limit_rule_id, rule_code, rule_name, created_ts, updated_ts, as_of_date, counterparty_id, effective_from_date, effective_to_date, inner_threshold_pct, limit_amount_usd, limit_scope, limit_type, lob_segment_id, outer_threshold_pct, risk_tier) VALUES (39, 'LR-FIG-009', 'FIG Limit', '2024-08-27 18:07:00', '2024-12-02 13:44:00', '2025-01-31', 79, '2024-01-01', '9999-12-31', 80, 7000000000, 'SECTOR', 'HARD', 386, 95, 'IG_MID');
INSERT INTO l1.limit_rule (limit_rule_id, rule_code, rule_name, created_ts, updated_ts, as_of_date, counterparty_id, effective_from_date, effective_to_date, inner_threshold_pct, limit_amount_usd, limit_scope, limit_type, lob_segment_id, outer_threshold_pct, risk_tier) VALUES (40, 'LR-UN-010', 'Unsecured Limit', '2024-09-16 01:52:00', '2024-08-03 22:14:00', '2025-01-31', 546, '2024-01-01', '9999-12-31', 85, 6000000000, 'COLLATERAL', 'HARD', 601, 95, 'HY');
INSERT INTO l1.limit_rule (limit_rule_id, rule_code, rule_name, created_ts, updated_ts, as_of_date, counterparty_id, effective_from_date, effective_to_date, inner_threshold_pct, limit_amount_usd, limit_scope, limit_type, lob_segment_id, outer_threshold_pct, risk_tier) VALUES (41, 'LR-SN-001', 'Single Name Limit', '2024-11-01 22:35:00', '2024-08-28 14:49:00', '2025-01-31', 333, '2024-01-01', '9999-12-31', 80, 5000000000, 'COUNTERPARTY', 'HARD', 30, 95, 'IG_HIGH');
INSERT INTO l1.limit_rule (limit_rule_id, rule_code, rule_name, created_ts, updated_ts, as_of_date, counterparty_id, effective_from_date, effective_to_date, inner_threshold_pct, limit_amount_usd, limit_scope, limit_type, lob_segment_id, outer_threshold_pct, risk_tier) VALUES (42, 'LR-SC-002', 'Sector Concentration', '2024-05-23 06:02:00', '2024-05-31 13:03:00', '2025-01-31', 828, '2024-01-01', '9999-12-31', 75, 25000000000, 'SECTOR', 'HARD', 380, 90, 'IG_MID');
INSERT INTO l1.limit_rule (limit_rule_id, rule_code, rule_name, created_ts, updated_ts, as_of_date, counterparty_id, effective_from_date, effective_to_date, inner_threshold_pct, limit_amount_usd, limit_scope, limit_type, lob_segment_id, outer_threshold_pct, risk_tier) VALUES (43, 'LR-CY-003', 'Country Limit', '2024-09-24 07:16:00', '2024-04-19 00:51:00', '2025-01-31', 773, '2024-01-01', '9999-12-31', 80, 15000000000, 'COUNTRY', 'HARD', 79, 95, 'IG_MID');
INSERT INTO l1.limit_rule (limit_rule_id, rule_code, rule_name, created_ts, updated_ts, as_of_date, counterparty_id, effective_from_date, effective_to_date, inner_threshold_pct, limit_amount_usd, limit_scope, limit_type, lob_segment_id, outer_threshold_pct, risk_tier) VALUES (44, 'LR-PD-004', 'Product Limit', '2024-09-02 23:05:00', '2024-06-24 10:30:00', '2025-01-31', 198, '2024-01-01', '9999-12-31', 85, 10000000000, 'PRODUCT', 'HARD', 913, 95, 'HY');
INSERT INTO l1.limit_rule (limit_rule_id, rule_code, rule_name, created_ts, updated_ts, as_of_date, counterparty_id, effective_from_date, effective_to_date, inner_threshold_pct, limit_amount_usd, limit_scope, limit_type, lob_segment_id, outer_threshold_pct, risk_tier) VALUES (45, 'LR-MT-005', 'Maturity Limit', '2024-09-01 16:44:00', '2024-10-16 19:51:00', '2025-01-31', 391, '2024-01-01', '9999-12-31', 75, 20000000000, 'MATURITY', 'HARD', 6, 90, 'HY');
INSERT INTO l1.limit_rule (limit_rule_id, rule_code, rule_name, created_ts, updated_ts, as_of_date, counterparty_id, effective_from_date, effective_to_date, inner_threshold_pct, limit_amount_usd, limit_scope, limit_type, lob_segment_id, outer_threshold_pct, risk_tier) VALUES (46, 'LR-FX-006', 'FX Exposure Limit', '2024-03-07 12:19:00', '2024-05-09 06:38:00', '2025-01-31', 637, '2024-01-01', '9999-12-31', 80, 8000000000, 'CURRENCY', 'HARD', 758, 95, 'IG_MID');
INSERT INTO l1.limit_rule (limit_rule_id, rule_code, rule_name, created_ts, updated_ts, as_of_date, counterparty_id, effective_from_date, effective_to_date, inner_threshold_pct, limit_amount_usd, limit_scope, limit_type, lob_segment_id, outer_threshold_pct, risk_tier) VALUES (47, 'LR-LL-007', 'Leveraged Lending', '2024-04-02 15:10:00', '2024-02-22 22:42:00', '2025-01-31', 429, '2024-01-01', '9999-12-31', 70, 12000000000, 'SECTOR', 'HARD', 516, 85, 'IG_HIGH');
INSERT INTO l1.limit_rule (limit_rule_id, rule_code, rule_name, created_ts, updated_ts, as_of_date, counterparty_id, effective_from_date, effective_to_date, inner_threshold_pct, limit_amount_usd, limit_scope, limit_type, lob_segment_id, outer_threshold_pct, risk_tier) VALUES (48, 'LR-CRE-008', 'CRE Concentration', '2024-07-01 09:27:00', '2024-04-30 07:31:00', '2025-01-31', 837, '2024-01-01', '9999-12-31', 75, 18000000000, 'ASSET_CLASS', 'HARD', 237, 90, 'IG_HIGH');
INSERT INTO l1.limit_rule (limit_rule_id, rule_code, rule_name, created_ts, updated_ts, as_of_date, counterparty_id, effective_from_date, effective_to_date, inner_threshold_pct, limit_amount_usd, limit_scope, limit_type, lob_segment_id, outer_threshold_pct, risk_tier) VALUES (49, 'LR-FIG-009', 'FIG Limit', '2024-09-27 17:00:00', '2024-03-30 17:29:00', '2025-01-31', 822, '2024-01-01', '9999-12-31', 80, 7000000000, 'SECTOR', 'HARD', 870, 95, 'IG_MID');
INSERT INTO l1.limit_rule (limit_rule_id, rule_code, rule_name, created_ts, updated_ts, as_of_date, counterparty_id, effective_from_date, effective_to_date, inner_threshold_pct, limit_amount_usd, limit_scope, limit_type, lob_segment_id, outer_threshold_pct, risk_tier) VALUES (50, 'LR-UN-010', 'Unsecured Limit', '2024-12-27 12:39:00', '2024-01-31 12:39:00', '2025-01-31', 257, '2024-01-01', '9999-12-31', 85, 6000000000, 'COLLATERAL', 'HARD', 831, 95, 'HY');

-- limit_threshold (100 rows)
INSERT INTO l1.limit_threshold (limit_threshold_id, limit_rule_id, threshold_value, created_ts, updated_ts, active_flag, direction, effective_from_date, effective_to_date, escalation_action, threshold_lower_abs, threshold_lower_pct, threshold_type, threshold_upper_abs, threshold_upper_pct) VALUES (1, 1, 5000000000, '2024-06-15', '2024-06-15 12:00:00', 'Y', 'UPPER', '2024-01-01', '9999-12-31', 'ALERT', 4000000000, 80, 'ABSOLUTE', 5000000000, 100);
INSERT INTO l1.limit_threshold (limit_threshold_id, limit_rule_id, threshold_value, created_ts, updated_ts, active_flag, direction, effective_from_date, effective_to_date, escalation_action, threshold_lower_abs, threshold_lower_pct, threshold_type, threshold_upper_abs, threshold_upper_pct) VALUES (2, 2, 10000000000, '2024-06-15', '2024-06-15 12:00:00', 'Y', 'UPPER', '2024-01-01', '9999-12-31', 'ALERT', 7500000000, 75, 'ABSOLUTE', 10000000000, 100);
INSERT INTO l1.limit_threshold (limit_threshold_id, limit_rule_id, threshold_value, created_ts, updated_ts, active_flag, direction, effective_from_date, effective_to_date, escalation_action, threshold_lower_abs, threshold_lower_pct, threshold_type, threshold_upper_abs, threshold_upper_pct) VALUES (3, 3, 8000000000, '2024-06-15', '2024-06-15 12:00:00', 'Y', 'UPPER', '2024-01-01', '9999-12-31', 'ESCALATE', 6000000000, 75, 'ABSOLUTE', 8000000000, 100);
INSERT INTO l1.limit_threshold (limit_threshold_id, limit_rule_id, threshold_value, created_ts, updated_ts, active_flag, direction, effective_from_date, effective_to_date, escalation_action, threshold_lower_abs, threshold_lower_pct, threshold_type, threshold_upper_abs, threshold_upper_pct) VALUES (4, 4, 3000000000, '2024-06-15', '2024-06-15 12:00:00', 'Y', 'UPPER', '2024-01-01', '9999-12-31', 'ALERT', 2000000000, 80, 'PERCENTAGE', 3000000000, 100);
INSERT INTO l1.limit_threshold (limit_threshold_id, limit_rule_id, threshold_value, created_ts, updated_ts, active_flag, direction, effective_from_date, effective_to_date, escalation_action, threshold_lower_abs, threshold_lower_pct, threshold_type, threshold_upper_abs, threshold_upper_pct) VALUES (5, 5, 15000000000, '2024-06-15', '2024-06-15 12:00:00', 'Y', 'UPPER', '2024-01-01', '9999-12-31', 'BLOCK', 10000000000, 67, 'ABSOLUTE', 15000000000, 100);
INSERT INTO l1.limit_threshold (limit_threshold_id, limit_rule_id, threshold_value, created_ts, updated_ts, active_flag, direction, effective_from_date, effective_to_date, escalation_action, threshold_lower_abs, threshold_lower_pct, threshold_type, threshold_upper_abs, threshold_upper_pct) VALUES (6, 6, 2000000000, '2024-06-15', '2024-06-15 12:00:00', 'Y', 'UPPER', '2024-01-01', '9999-12-31', 'ALERT', 1500000000, 75, 'PERCENTAGE', 2000000000, 100);
INSERT INTO l1.limit_threshold (limit_threshold_id, limit_rule_id, threshold_value, created_ts, updated_ts, active_flag, direction, effective_from_date, effective_to_date, escalation_action, threshold_lower_abs, threshold_lower_pct, threshold_type, threshold_upper_abs, threshold_upper_pct) VALUES (7, 7, 7000000000, '2024-06-15', '2024-06-15 12:00:00', 'Y', 'UPPER', '2024-01-01', '9999-12-31', 'ESCALATE', 5000000000, 71, 'ABSOLUTE', 7000000000, 100);
INSERT INTO l1.limit_threshold (limit_threshold_id, limit_rule_id, threshold_value, created_ts, updated_ts, active_flag, direction, effective_from_date, effective_to_date, escalation_action, threshold_lower_abs, threshold_lower_pct, threshold_type, threshold_upper_abs, threshold_upper_pct) VALUES (8, 8, 12000000000, '2024-06-15', '2024-06-15 12:00:00', 'Y', 'UPPER', '2024-01-01', '9999-12-31', 'BLOCK', 9000000000, 75, 'ABSOLUTE', 12000000000, 100);
INSERT INTO l1.limit_threshold (limit_threshold_id, limit_rule_id, threshold_value, created_ts, updated_ts, active_flag, direction, effective_from_date, effective_to_date, escalation_action, threshold_lower_abs, threshold_lower_pct, threshold_type, threshold_upper_abs, threshold_upper_pct) VALUES (9, 9, 4000000000, '2024-06-15', '2024-06-15 12:00:00', 'Y', 'UPPER', '2024-01-01', '9999-12-31', 'ALERT', 3000000000, 75, 'PERCENTAGE', 4000000000, 100);
INSERT INTO l1.limit_threshold (limit_threshold_id, limit_rule_id, threshold_value, created_ts, updated_ts, active_flag, direction, effective_from_date, effective_to_date, escalation_action, threshold_lower_abs, threshold_lower_pct, threshold_type, threshold_upper_abs, threshold_upper_pct) VALUES (10, 10, 6000000000, '2024-06-15', '2024-06-15 12:00:00', 'Y', 'UPPER', '2024-01-01', '9999-12-31', 'ESCALATE', 4500000000, 75, 'ABSOLUTE', 6000000000, 100);
INSERT INTO l1.limit_threshold (limit_threshold_id, limit_rule_id, threshold_value, created_ts, updated_ts, active_flag, direction, effective_from_date, effective_to_date, escalation_action, threshold_lower_abs, threshold_lower_pct, threshold_type, threshold_upper_abs, threshold_upper_pct) VALUES (11, 38, 5000000000, '2024-06-29 18:04:00', '2024-12-30 05:01:00', 'Y', 'UPPER', '2024-01-01', '9999-12-31', 'ALERT', 4000000000, 80, 'ABSOLUTE', 5000000000, 100);
INSERT INTO l1.limit_threshold (limit_threshold_id, limit_rule_id, threshold_value, created_ts, updated_ts, active_flag, direction, effective_from_date, effective_to_date, escalation_action, threshold_lower_abs, threshold_lower_pct, threshold_type, threshold_upper_abs, threshold_upper_pct) VALUES (12, 44, 10000000000, '2024-09-08 15:36:00', '2024-12-29 23:49:00', 'Y', 'UPPER', '2024-01-01', '9999-12-31', 'ALERT', 7500000000, 75, 'ABSOLUTE', 10000000000, 100);
INSERT INTO l1.limit_threshold (limit_threshold_id, limit_rule_id, threshold_value, created_ts, updated_ts, active_flag, direction, effective_from_date, effective_to_date, escalation_action, threshold_lower_abs, threshold_lower_pct, threshold_type, threshold_upper_abs, threshold_upper_pct) VALUES (13, 45, 8000000000, '2024-11-08 05:55:00', '2024-08-13 19:35:00', 'Y', 'UPPER', '2024-01-01', '9999-12-31', 'ESCALATE', 6000000000, 75, 'ABSOLUTE', 8000000000, 100);
INSERT INTO l1.limit_threshold (limit_threshold_id, limit_rule_id, threshold_value, created_ts, updated_ts, active_flag, direction, effective_from_date, effective_to_date, escalation_action, threshold_lower_abs, threshold_lower_pct, threshold_type, threshold_upper_abs, threshold_upper_pct) VALUES (14, 5, 3000000000, '2024-11-17 03:06:00', '2024-06-15 01:46:00', 'Y', 'UPPER', '2024-01-01', '9999-12-31', 'ALERT', 2000000000, 80, 'PERCENTAGE', 3000000000, 100);
INSERT INTO l1.limit_threshold (limit_threshold_id, limit_rule_id, threshold_value, created_ts, updated_ts, active_flag, direction, effective_from_date, effective_to_date, escalation_action, threshold_lower_abs, threshold_lower_pct, threshold_type, threshold_upper_abs, threshold_upper_pct) VALUES (15, 16, 15000000000, '2024-07-01 21:58:00', '2024-10-15 08:33:00', 'Y', 'UPPER', '2024-01-01', '9999-12-31', 'BLOCK', 10000000000, 67, 'ABSOLUTE', 15000000000, 100);
INSERT INTO l1.limit_threshold (limit_threshold_id, limit_rule_id, threshold_value, created_ts, updated_ts, active_flag, direction, effective_from_date, effective_to_date, escalation_action, threshold_lower_abs, threshold_lower_pct, threshold_type, threshold_upper_abs, threshold_upper_pct) VALUES (16, 4, 2000000000, '2024-01-27 05:47:00', '2024-10-05 22:37:00', 'Y', 'UPPER', '2024-01-01', '9999-12-31', 'ALERT', 1500000000, 75, 'PERCENTAGE', 2000000000, 100);
INSERT INTO l1.limit_threshold (limit_threshold_id, limit_rule_id, threshold_value, created_ts, updated_ts, active_flag, direction, effective_from_date, effective_to_date, escalation_action, threshold_lower_abs, threshold_lower_pct, threshold_type, threshold_upper_abs, threshold_upper_pct) VALUES (17, 41, 7000000000, '2024-03-20 14:06:00', '2024-05-30 14:49:00', 'Y', 'UPPER', '2024-01-01', '9999-12-31', 'ESCALATE', 5000000000, 71, 'ABSOLUTE', 7000000000, 100);
INSERT INTO l1.limit_threshold (limit_threshold_id, limit_rule_id, threshold_value, created_ts, updated_ts, active_flag, direction, effective_from_date, effective_to_date, escalation_action, threshold_lower_abs, threshold_lower_pct, threshold_type, threshold_upper_abs, threshold_upper_pct) VALUES (18, 3, 12000000000, '2024-01-03 16:55:00', '2024-04-25 08:29:00', 'Y', 'UPPER', '2024-01-01', '9999-12-31', 'BLOCK', 9000000000, 75, 'ABSOLUTE', 12000000000, 100);
INSERT INTO l1.limit_threshold (limit_threshold_id, limit_rule_id, threshold_value, created_ts, updated_ts, active_flag, direction, effective_from_date, effective_to_date, escalation_action, threshold_lower_abs, threshold_lower_pct, threshold_type, threshold_upper_abs, threshold_upper_pct) VALUES (19, 28, 4000000000, '2024-12-30 19:04:00', '2024-01-21 02:50:00', 'Y', 'UPPER', '2024-01-01', '9999-12-31', 'ALERT', 3000000000, 75, 'PERCENTAGE', 4000000000, 100);
INSERT INTO l1.limit_threshold (limit_threshold_id, limit_rule_id, threshold_value, created_ts, updated_ts, active_flag, direction, effective_from_date, effective_to_date, escalation_action, threshold_lower_abs, threshold_lower_pct, threshold_type, threshold_upper_abs, threshold_upper_pct) VALUES (20, 42, 6000000000, '2024-02-11 00:10:00', '2024-08-25 03:41:00', 'Y', 'UPPER', '2024-01-01', '9999-12-31', 'ESCALATE', 4500000000, 75, 'ABSOLUTE', 6000000000, 100);
INSERT INTO l1.limit_threshold (limit_threshold_id, limit_rule_id, threshold_value, created_ts, updated_ts, active_flag, direction, effective_from_date, effective_to_date, escalation_action, threshold_lower_abs, threshold_lower_pct, threshold_type, threshold_upper_abs, threshold_upper_pct) VALUES (21, 34, 5000000000, '2024-12-13 22:06:00', '2024-03-12 17:02:00', 'Y', 'UPPER', '2024-01-01', '9999-12-31', 'ALERT', 4000000000, 80, 'ABSOLUTE', 5000000000, 100);
INSERT INTO l1.limit_threshold (limit_threshold_id, limit_rule_id, threshold_value, created_ts, updated_ts, active_flag, direction, effective_from_date, effective_to_date, escalation_action, threshold_lower_abs, threshold_lower_pct, threshold_type, threshold_upper_abs, threshold_upper_pct) VALUES (22, 32, 10000000000, '2024-12-22 11:37:00', '2024-10-04 22:31:00', 'Y', 'UPPER', '2024-01-01', '9999-12-31', 'ALERT', 7500000000, 75, 'ABSOLUTE', 10000000000, 100);
INSERT INTO l1.limit_threshold (limit_threshold_id, limit_rule_id, threshold_value, created_ts, updated_ts, active_flag, direction, effective_from_date, effective_to_date, escalation_action, threshold_lower_abs, threshold_lower_pct, threshold_type, threshold_upper_abs, threshold_upper_pct) VALUES (23, 32, 8000000000, '2024-02-03 16:01:00', '2024-08-15 10:29:00', 'Y', 'UPPER', '2024-01-01', '9999-12-31', 'ESCALATE', 6000000000, 75, 'ABSOLUTE', 8000000000, 100);
INSERT INTO l1.limit_threshold (limit_threshold_id, limit_rule_id, threshold_value, created_ts, updated_ts, active_flag, direction, effective_from_date, effective_to_date, escalation_action, threshold_lower_abs, threshold_lower_pct, threshold_type, threshold_upper_abs, threshold_upper_pct) VALUES (24, 17, 3000000000, '2024-09-22 00:35:00', '2024-08-29 03:54:00', 'Y', 'UPPER', '2024-01-01', '9999-12-31', 'ALERT', 2000000000, 80, 'PERCENTAGE', 3000000000, 100);
INSERT INTO l1.limit_threshold (limit_threshold_id, limit_rule_id, threshold_value, created_ts, updated_ts, active_flag, direction, effective_from_date, effective_to_date, escalation_action, threshold_lower_abs, threshold_lower_pct, threshold_type, threshold_upper_abs, threshold_upper_pct) VALUES (25, 50, 15000000000, '2024-12-09 00:51:00', '2024-03-03 04:32:00', 'Y', 'UPPER', '2024-01-01', '9999-12-31', 'BLOCK', 10000000000, 67, 'ABSOLUTE', 15000000000, 100);
INSERT INTO l1.limit_threshold (limit_threshold_id, limit_rule_id, threshold_value, created_ts, updated_ts, active_flag, direction, effective_from_date, effective_to_date, escalation_action, threshold_lower_abs, threshold_lower_pct, threshold_type, threshold_upper_abs, threshold_upper_pct) VALUES (26, 12, 2000000000, '2024-07-16 22:22:00', '2024-09-24 12:15:00', 'Y', 'UPPER', '2024-01-01', '9999-12-31', 'ALERT', 1500000000, 75, 'PERCENTAGE', 2000000000, 100);
INSERT INTO l1.limit_threshold (limit_threshold_id, limit_rule_id, threshold_value, created_ts, updated_ts, active_flag, direction, effective_from_date, effective_to_date, escalation_action, threshold_lower_abs, threshold_lower_pct, threshold_type, threshold_upper_abs, threshold_upper_pct) VALUES (27, 31, 7000000000, '2024-04-21 23:36:00', '2024-11-18 03:44:00', 'Y', 'UPPER', '2024-01-01', '9999-12-31', 'ESCALATE', 5000000000, 71, 'ABSOLUTE', 7000000000, 100);
INSERT INTO l1.limit_threshold (limit_threshold_id, limit_rule_id, threshold_value, created_ts, updated_ts, active_flag, direction, effective_from_date, effective_to_date, escalation_action, threshold_lower_abs, threshold_lower_pct, threshold_type, threshold_upper_abs, threshold_upper_pct) VALUES (28, 20, 12000000000, '2024-02-13 17:00:00', '2024-09-02 12:44:00', 'Y', 'UPPER', '2024-01-01', '9999-12-31', 'BLOCK', 9000000000, 75, 'ABSOLUTE', 12000000000, 100);
INSERT INTO l1.limit_threshold (limit_threshold_id, limit_rule_id, threshold_value, created_ts, updated_ts, active_flag, direction, effective_from_date, effective_to_date, escalation_action, threshold_lower_abs, threshold_lower_pct, threshold_type, threshold_upper_abs, threshold_upper_pct) VALUES (29, 18, 4000000000, '2024-05-16 09:40:00', '2024-07-24 16:22:00', 'Y', 'UPPER', '2024-01-01', '9999-12-31', 'ALERT', 3000000000, 75, 'PERCENTAGE', 4000000000, 100);
INSERT INTO l1.limit_threshold (limit_threshold_id, limit_rule_id, threshold_value, created_ts, updated_ts, active_flag, direction, effective_from_date, effective_to_date, escalation_action, threshold_lower_abs, threshold_lower_pct, threshold_type, threshold_upper_abs, threshold_upper_pct) VALUES (30, 41, 6000000000, '2024-12-25 14:23:00', '2024-07-16 05:42:00', 'Y', 'UPPER', '2024-01-01', '9999-12-31', 'ESCALATE', 4500000000, 75, 'ABSOLUTE', 6000000000, 100);
INSERT INTO l1.limit_threshold (limit_threshold_id, limit_rule_id, threshold_value, created_ts, updated_ts, active_flag, direction, effective_from_date, effective_to_date, escalation_action, threshold_lower_abs, threshold_lower_pct, threshold_type, threshold_upper_abs, threshold_upper_pct) VALUES (31, 14, 5000000000, '2024-05-26 09:51:00', '2024-09-08 03:21:00', 'Y', 'UPPER', '2024-01-01', '9999-12-31', 'ALERT', 4000000000, 80, 'ABSOLUTE', 5000000000, 100);
INSERT INTO l1.limit_threshold (limit_threshold_id, limit_rule_id, threshold_value, created_ts, updated_ts, active_flag, direction, effective_from_date, effective_to_date, escalation_action, threshold_lower_abs, threshold_lower_pct, threshold_type, threshold_upper_abs, threshold_upper_pct) VALUES (32, 34, 10000000000, '2024-01-15 02:18:00', '2024-08-23 04:41:00', 'Y', 'UPPER', '2024-01-01', '9999-12-31', 'ALERT', 7500000000, 75, 'ABSOLUTE', 10000000000, 100);
INSERT INTO l1.limit_threshold (limit_threshold_id, limit_rule_id, threshold_value, created_ts, updated_ts, active_flag, direction, effective_from_date, effective_to_date, escalation_action, threshold_lower_abs, threshold_lower_pct, threshold_type, threshold_upper_abs, threshold_upper_pct) VALUES (33, 39, 8000000000, '2024-05-28 14:47:00', '2024-11-23 03:56:00', 'Y', 'UPPER', '2024-01-01', '9999-12-31', 'ESCALATE', 6000000000, 75, 'ABSOLUTE', 8000000000, 100);
INSERT INTO l1.limit_threshold (limit_threshold_id, limit_rule_id, threshold_value, created_ts, updated_ts, active_flag, direction, effective_from_date, effective_to_date, escalation_action, threshold_lower_abs, threshold_lower_pct, threshold_type, threshold_upper_abs, threshold_upper_pct) VALUES (34, 33, 3000000000, '2024-10-13 00:39:00', '2024-02-12 11:22:00', 'Y', 'UPPER', '2024-01-01', '9999-12-31', 'ALERT', 2000000000, 80, 'PERCENTAGE', 3000000000, 100);
INSERT INTO l1.limit_threshold (limit_threshold_id, limit_rule_id, threshold_value, created_ts, updated_ts, active_flag, direction, effective_from_date, effective_to_date, escalation_action, threshold_lower_abs, threshold_lower_pct, threshold_type, threshold_upper_abs, threshold_upper_pct) VALUES (35, 10, 15000000000, '2024-02-21 14:31:00', '2024-07-03 17:50:00', 'Y', 'UPPER', '2024-01-01', '9999-12-31', 'BLOCK', 10000000000, 67, 'ABSOLUTE', 15000000000, 100);
INSERT INTO l1.limit_threshold (limit_threshold_id, limit_rule_id, threshold_value, created_ts, updated_ts, active_flag, direction, effective_from_date, effective_to_date, escalation_action, threshold_lower_abs, threshold_lower_pct, threshold_type, threshold_upper_abs, threshold_upper_pct) VALUES (36, 30, 2000000000, '2024-01-30 10:06:00', '2024-04-09 00:21:00', 'Y', 'UPPER', '2024-01-01', '9999-12-31', 'ALERT', 1500000000, 75, 'PERCENTAGE', 2000000000, 100);
INSERT INTO l1.limit_threshold (limit_threshold_id, limit_rule_id, threshold_value, created_ts, updated_ts, active_flag, direction, effective_from_date, effective_to_date, escalation_action, threshold_lower_abs, threshold_lower_pct, threshold_type, threshold_upper_abs, threshold_upper_pct) VALUES (37, 24, 7000000000, '2024-12-13 01:33:00', '2024-01-10 08:34:00', 'Y', 'UPPER', '2024-01-01', '9999-12-31', 'ESCALATE', 5000000000, 71, 'ABSOLUTE', 7000000000, 100);
INSERT INTO l1.limit_threshold (limit_threshold_id, limit_rule_id, threshold_value, created_ts, updated_ts, active_flag, direction, effective_from_date, effective_to_date, escalation_action, threshold_lower_abs, threshold_lower_pct, threshold_type, threshold_upper_abs, threshold_upper_pct) VALUES (38, 32, 12000000000, '2024-05-10 18:47:00', '2024-07-02 23:10:00', 'Y', 'UPPER', '2024-01-01', '9999-12-31', 'BLOCK', 9000000000, 75, 'ABSOLUTE', 12000000000, 100);
INSERT INTO l1.limit_threshold (limit_threshold_id, limit_rule_id, threshold_value, created_ts, updated_ts, active_flag, direction, effective_from_date, effective_to_date, escalation_action, threshold_lower_abs, threshold_lower_pct, threshold_type, threshold_upper_abs, threshold_upper_pct) VALUES (39, 31, 4000000000, '2024-09-22 18:35:00', '2024-12-06 15:05:00', 'Y', 'UPPER', '2024-01-01', '9999-12-31', 'ALERT', 3000000000, 75, 'PERCENTAGE', 4000000000, 100);
INSERT INTO l1.limit_threshold (limit_threshold_id, limit_rule_id, threshold_value, created_ts, updated_ts, active_flag, direction, effective_from_date, effective_to_date, escalation_action, threshold_lower_abs, threshold_lower_pct, threshold_type, threshold_upper_abs, threshold_upper_pct) VALUES (40, 36, 6000000000, '2024-10-11 21:40:00', '2024-09-04 14:16:00', 'Y', 'UPPER', '2024-01-01', '9999-12-31', 'ESCALATE', 4500000000, 75, 'ABSOLUTE', 6000000000, 100);
INSERT INTO l1.limit_threshold (limit_threshold_id, limit_rule_id, threshold_value, created_ts, updated_ts, active_flag, direction, effective_from_date, effective_to_date, escalation_action, threshold_lower_abs, threshold_lower_pct, threshold_type, threshold_upper_abs, threshold_upper_pct) VALUES (41, 44, 5000000000, '2024-02-16 19:27:00', '2024-10-20 19:26:00', 'Y', 'UPPER', '2024-01-01', '9999-12-31', 'ALERT', 4000000000, 80, 'ABSOLUTE', 5000000000, 100);
INSERT INTO l1.limit_threshold (limit_threshold_id, limit_rule_id, threshold_value, created_ts, updated_ts, active_flag, direction, effective_from_date, effective_to_date, escalation_action, threshold_lower_abs, threshold_lower_pct, threshold_type, threshold_upper_abs, threshold_upper_pct) VALUES (42, 31, 10000000000, '2024-08-10 11:42:00', '2024-08-09 12:18:00', 'Y', 'UPPER', '2024-01-01', '9999-12-31', 'ALERT', 7500000000, 75, 'ABSOLUTE', 10000000000, 100);
INSERT INTO l1.limit_threshold (limit_threshold_id, limit_rule_id, threshold_value, created_ts, updated_ts, active_flag, direction, effective_from_date, effective_to_date, escalation_action, threshold_lower_abs, threshold_lower_pct, threshold_type, threshold_upper_abs, threshold_upper_pct) VALUES (43, 24, 8000000000, '2024-02-24 02:11:00', '2024-05-30 21:11:00', 'Y', 'UPPER', '2024-01-01', '9999-12-31', 'ESCALATE', 6000000000, 75, 'ABSOLUTE', 8000000000, 100);
INSERT INTO l1.limit_threshold (limit_threshold_id, limit_rule_id, threshold_value, created_ts, updated_ts, active_flag, direction, effective_from_date, effective_to_date, escalation_action, threshold_lower_abs, threshold_lower_pct, threshold_type, threshold_upper_abs, threshold_upper_pct) VALUES (44, 33, 3000000000, '2024-01-25 01:19:00', '2024-06-29 06:35:00', 'Y', 'UPPER', '2024-01-01', '9999-12-31', 'ALERT', 2000000000, 80, 'PERCENTAGE', 3000000000, 100);
INSERT INTO l1.limit_threshold (limit_threshold_id, limit_rule_id, threshold_value, created_ts, updated_ts, active_flag, direction, effective_from_date, effective_to_date, escalation_action, threshold_lower_abs, threshold_lower_pct, threshold_type, threshold_upper_abs, threshold_upper_pct) VALUES (45, 35, 15000000000, '2024-12-16 04:32:00', '2024-04-28 12:34:00', 'Y', 'UPPER', '2024-01-01', '9999-12-31', 'BLOCK', 10000000000, 67, 'ABSOLUTE', 15000000000, 100);
INSERT INTO l1.limit_threshold (limit_threshold_id, limit_rule_id, threshold_value, created_ts, updated_ts, active_flag, direction, effective_from_date, effective_to_date, escalation_action, threshold_lower_abs, threshold_lower_pct, threshold_type, threshold_upper_abs, threshold_upper_pct) VALUES (46, 33, 2000000000, '2024-11-28 23:03:00', '2024-06-27 07:19:00', 'Y', 'UPPER', '2024-01-01', '9999-12-31', 'ALERT', 1500000000, 75, 'PERCENTAGE', 2000000000, 100);
INSERT INTO l1.limit_threshold (limit_threshold_id, limit_rule_id, threshold_value, created_ts, updated_ts, active_flag, direction, effective_from_date, effective_to_date, escalation_action, threshold_lower_abs, threshold_lower_pct, threshold_type, threshold_upper_abs, threshold_upper_pct) VALUES (47, 39, 7000000000, '2024-08-25 13:34:00', '2024-05-21 22:10:00', 'Y', 'UPPER', '2024-01-01', '9999-12-31', 'ESCALATE', 5000000000, 71, 'ABSOLUTE', 7000000000, 100);
INSERT INTO l1.limit_threshold (limit_threshold_id, limit_rule_id, threshold_value, created_ts, updated_ts, active_flag, direction, effective_from_date, effective_to_date, escalation_action, threshold_lower_abs, threshold_lower_pct, threshold_type, threshold_upper_abs, threshold_upper_pct) VALUES (48, 23, 12000000000, '2024-04-01 07:42:00', '2024-05-30 15:07:00', 'Y', 'UPPER', '2024-01-01', '9999-12-31', 'BLOCK', 9000000000, 75, 'ABSOLUTE', 12000000000, 100);
INSERT INTO l1.limit_threshold (limit_threshold_id, limit_rule_id, threshold_value, created_ts, updated_ts, active_flag, direction, effective_from_date, effective_to_date, escalation_action, threshold_lower_abs, threshold_lower_pct, threshold_type, threshold_upper_abs, threshold_upper_pct) VALUES (49, 13, 4000000000, '2024-05-27 02:14:00', '2024-01-17 01:42:00', 'Y', 'UPPER', '2024-01-01', '9999-12-31', 'ALERT', 3000000000, 75, 'PERCENTAGE', 4000000000, 100);
INSERT INTO l1.limit_threshold (limit_threshold_id, limit_rule_id, threshold_value, created_ts, updated_ts, active_flag, direction, effective_from_date, effective_to_date, escalation_action, threshold_lower_abs, threshold_lower_pct, threshold_type, threshold_upper_abs, threshold_upper_pct) VALUES (50, 17, 6000000000, '2024-06-08 10:55:00', '2024-01-15 09:59:00', 'Y', 'UPPER', '2024-01-01', '9999-12-31', 'ESCALATE', 4500000000, 75, 'ABSOLUTE', 6000000000, 100);
INSERT INTO l1.limit_threshold (limit_threshold_id, limit_rule_id, threshold_value, created_ts, updated_ts, active_flag, direction, effective_from_date, effective_to_date, escalation_action, threshold_lower_abs, threshold_lower_pct, threshold_type, threshold_upper_abs, threshold_upper_pct) VALUES (51, 39, 5000000000, '2024-04-18 02:05:00', '2024-08-14 10:09:00', 'Y', 'UPPER', '2024-01-01', '9999-12-31', 'ALERT', 4000000000, 80, 'ABSOLUTE', 5000000000, 100);
INSERT INTO l1.limit_threshold (limit_threshold_id, limit_rule_id, threshold_value, created_ts, updated_ts, active_flag, direction, effective_from_date, effective_to_date, escalation_action, threshold_lower_abs, threshold_lower_pct, threshold_type, threshold_upper_abs, threshold_upper_pct) VALUES (52, 19, 10000000000, '2024-04-30 03:01:00', '2024-04-20 15:55:00', 'Y', 'UPPER', '2024-01-01', '9999-12-31', 'ALERT', 7500000000, 75, 'ABSOLUTE', 10000000000, 100);
INSERT INTO l1.limit_threshold (limit_threshold_id, limit_rule_id, threshold_value, created_ts, updated_ts, active_flag, direction, effective_from_date, effective_to_date, escalation_action, threshold_lower_abs, threshold_lower_pct, threshold_type, threshold_upper_abs, threshold_upper_pct) VALUES (53, 36, 8000000000, '2024-01-11 06:53:00', '2024-11-27 09:59:00', 'Y', 'UPPER', '2024-01-01', '9999-12-31', 'ESCALATE', 6000000000, 75, 'ABSOLUTE', 8000000000, 100);
INSERT INTO l1.limit_threshold (limit_threshold_id, limit_rule_id, threshold_value, created_ts, updated_ts, active_flag, direction, effective_from_date, effective_to_date, escalation_action, threshold_lower_abs, threshold_lower_pct, threshold_type, threshold_upper_abs, threshold_upper_pct) VALUES (54, 49, 3000000000, '2024-09-23 02:09:00', '2024-12-05 13:44:00', 'Y', 'UPPER', '2024-01-01', '9999-12-31', 'ALERT', 2000000000, 80, 'PERCENTAGE', 3000000000, 100);
INSERT INTO l1.limit_threshold (limit_threshold_id, limit_rule_id, threshold_value, created_ts, updated_ts, active_flag, direction, effective_from_date, effective_to_date, escalation_action, threshold_lower_abs, threshold_lower_pct, threshold_type, threshold_upper_abs, threshold_upper_pct) VALUES (55, 32, 15000000000, '2024-11-18 07:56:00', '2024-01-26 21:12:00', 'Y', 'UPPER', '2024-01-01', '9999-12-31', 'BLOCK', 10000000000, 67, 'ABSOLUTE', 15000000000, 100);
INSERT INTO l1.limit_threshold (limit_threshold_id, limit_rule_id, threshold_value, created_ts, updated_ts, active_flag, direction, effective_from_date, effective_to_date, escalation_action, threshold_lower_abs, threshold_lower_pct, threshold_type, threshold_upper_abs, threshold_upper_pct) VALUES (56, 5, 2000000000, '2024-12-24 17:06:00', '2024-11-21 14:10:00', 'Y', 'UPPER', '2024-01-01', '9999-12-31', 'ALERT', 1500000000, 75, 'PERCENTAGE', 2000000000, 100);
INSERT INTO l1.limit_threshold (limit_threshold_id, limit_rule_id, threshold_value, created_ts, updated_ts, active_flag, direction, effective_from_date, effective_to_date, escalation_action, threshold_lower_abs, threshold_lower_pct, threshold_type, threshold_upper_abs, threshold_upper_pct) VALUES (57, 31, 7000000000, '2024-11-23 21:21:00', '2024-05-19 12:00:00', 'Y', 'UPPER', '2024-01-01', '9999-12-31', 'ESCALATE', 5000000000, 71, 'ABSOLUTE', 7000000000, 100);
INSERT INTO l1.limit_threshold (limit_threshold_id, limit_rule_id, threshold_value, created_ts, updated_ts, active_flag, direction, effective_from_date, effective_to_date, escalation_action, threshold_lower_abs, threshold_lower_pct, threshold_type, threshold_upper_abs, threshold_upper_pct) VALUES (58, 21, 12000000000, '2024-04-08 15:26:00', '2024-08-27 09:22:00', 'Y', 'UPPER', '2024-01-01', '9999-12-31', 'BLOCK', 9000000000, 75, 'ABSOLUTE', 12000000000, 100);
INSERT INTO l1.limit_threshold (limit_threshold_id, limit_rule_id, threshold_value, created_ts, updated_ts, active_flag, direction, effective_from_date, effective_to_date, escalation_action, threshold_lower_abs, threshold_lower_pct, threshold_type, threshold_upper_abs, threshold_upper_pct) VALUES (59, 23, 4000000000, '2024-10-19 19:55:00', '2024-02-29 12:59:00', 'Y', 'UPPER', '2024-01-01', '9999-12-31', 'ALERT', 3000000000, 75, 'PERCENTAGE', 4000000000, 100);
INSERT INTO l1.limit_threshold (limit_threshold_id, limit_rule_id, threshold_value, created_ts, updated_ts, active_flag, direction, effective_from_date, effective_to_date, escalation_action, threshold_lower_abs, threshold_lower_pct, threshold_type, threshold_upper_abs, threshold_upper_pct) VALUES (60, 5, 6000000000, '2024-01-28 07:49:00', '2024-07-04 14:35:00', 'Y', 'UPPER', '2024-01-01', '9999-12-31', 'ESCALATE', 4500000000, 75, 'ABSOLUTE', 6000000000, 100);
INSERT INTO l1.limit_threshold (limit_threshold_id, limit_rule_id, threshold_value, created_ts, updated_ts, active_flag, direction, effective_from_date, effective_to_date, escalation_action, threshold_lower_abs, threshold_lower_pct, threshold_type, threshold_upper_abs, threshold_upper_pct) VALUES (61, 19, 5000000000, '2024-05-27 03:34:00', '2024-02-09 15:58:00', 'Y', 'UPPER', '2024-01-01', '9999-12-31', 'ALERT', 4000000000, 80, 'ABSOLUTE', 5000000000, 100);
INSERT INTO l1.limit_threshold (limit_threshold_id, limit_rule_id, threshold_value, created_ts, updated_ts, active_flag, direction, effective_from_date, effective_to_date, escalation_action, threshold_lower_abs, threshold_lower_pct, threshold_type, threshold_upper_abs, threshold_upper_pct) VALUES (62, 3, 10000000000, '2024-12-19 01:06:00', '2024-03-27 11:48:00', 'Y', 'UPPER', '2024-01-01', '9999-12-31', 'ALERT', 7500000000, 75, 'ABSOLUTE', 10000000000, 100);
INSERT INTO l1.limit_threshold (limit_threshold_id, limit_rule_id, threshold_value, created_ts, updated_ts, active_flag, direction, effective_from_date, effective_to_date, escalation_action, threshold_lower_abs, threshold_lower_pct, threshold_type, threshold_upper_abs, threshold_upper_pct) VALUES (63, 6, 8000000000, '2024-04-14 15:45:00', '2024-05-20 02:22:00', 'Y', 'UPPER', '2024-01-01', '9999-12-31', 'ESCALATE', 6000000000, 75, 'ABSOLUTE', 8000000000, 100);
INSERT INTO l1.limit_threshold (limit_threshold_id, limit_rule_id, threshold_value, created_ts, updated_ts, active_flag, direction, effective_from_date, effective_to_date, escalation_action, threshold_lower_abs, threshold_lower_pct, threshold_type, threshold_upper_abs, threshold_upper_pct) VALUES (64, 25, 3000000000, '2024-07-31 03:32:00', '2024-07-23 22:04:00', 'Y', 'UPPER', '2024-01-01', '9999-12-31', 'ALERT', 2000000000, 80, 'PERCENTAGE', 3000000000, 100);
INSERT INTO l1.limit_threshold (limit_threshold_id, limit_rule_id, threshold_value, created_ts, updated_ts, active_flag, direction, effective_from_date, effective_to_date, escalation_action, threshold_lower_abs, threshold_lower_pct, threshold_type, threshold_upper_abs, threshold_upper_pct) VALUES (65, 13, 15000000000, '2024-03-06 04:06:00', '2024-10-19 05:04:00', 'Y', 'UPPER', '2024-01-01', '9999-12-31', 'BLOCK', 10000000000, 67, 'ABSOLUTE', 15000000000, 100);
INSERT INTO l1.limit_threshold (limit_threshold_id, limit_rule_id, threshold_value, created_ts, updated_ts, active_flag, direction, effective_from_date, effective_to_date, escalation_action, threshold_lower_abs, threshold_lower_pct, threshold_type, threshold_upper_abs, threshold_upper_pct) VALUES (66, 18, 2000000000, '2024-10-24 01:10:00', '2024-01-25 11:46:00', 'Y', 'UPPER', '2024-01-01', '9999-12-31', 'ALERT', 1500000000, 75, 'PERCENTAGE', 2000000000, 100);
INSERT INTO l1.limit_threshold (limit_threshold_id, limit_rule_id, threshold_value, created_ts, updated_ts, active_flag, direction, effective_from_date, effective_to_date, escalation_action, threshold_lower_abs, threshold_lower_pct, threshold_type, threshold_upper_abs, threshold_upper_pct) VALUES (67, 33, 7000000000, '2024-08-16 15:10:00', '2024-06-16 17:57:00', 'Y', 'UPPER', '2024-01-01', '9999-12-31', 'ESCALATE', 5000000000, 71, 'ABSOLUTE', 7000000000, 100);
INSERT INTO l1.limit_threshold (limit_threshold_id, limit_rule_id, threshold_value, created_ts, updated_ts, active_flag, direction, effective_from_date, effective_to_date, escalation_action, threshold_lower_abs, threshold_lower_pct, threshold_type, threshold_upper_abs, threshold_upper_pct) VALUES (68, 19, 12000000000, '2024-06-17 05:38:00', '2024-06-23 12:36:00', 'Y', 'UPPER', '2024-01-01', '9999-12-31', 'BLOCK', 9000000000, 75, 'ABSOLUTE', 12000000000, 100);
INSERT INTO l1.limit_threshold (limit_threshold_id, limit_rule_id, threshold_value, created_ts, updated_ts, active_flag, direction, effective_from_date, effective_to_date, escalation_action, threshold_lower_abs, threshold_lower_pct, threshold_type, threshold_upper_abs, threshold_upper_pct) VALUES (69, 50, 4000000000, '2024-11-04 15:05:00', '2024-12-23 08:23:00', 'Y', 'UPPER', '2024-01-01', '9999-12-31', 'ALERT', 3000000000, 75, 'PERCENTAGE', 4000000000, 100);
INSERT INTO l1.limit_threshold (limit_threshold_id, limit_rule_id, threshold_value, created_ts, updated_ts, active_flag, direction, effective_from_date, effective_to_date, escalation_action, threshold_lower_abs, threshold_lower_pct, threshold_type, threshold_upper_abs, threshold_upper_pct) VALUES (70, 9, 6000000000, '2024-09-16 01:22:00', '2024-11-28 06:57:00', 'Y', 'UPPER', '2024-01-01', '9999-12-31', 'ESCALATE', 4500000000, 75, 'ABSOLUTE', 6000000000, 100);
INSERT INTO l1.limit_threshold (limit_threshold_id, limit_rule_id, threshold_value, created_ts, updated_ts, active_flag, direction, effective_from_date, effective_to_date, escalation_action, threshold_lower_abs, threshold_lower_pct, threshold_type, threshold_upper_abs, threshold_upper_pct) VALUES (71, 42, 5000000000, '2024-08-03 02:52:00', '2024-01-09 03:40:00', 'Y', 'UPPER', '2024-01-01', '9999-12-31', 'ALERT', 4000000000, 80, 'ABSOLUTE', 5000000000, 100);
INSERT INTO l1.limit_threshold (limit_threshold_id, limit_rule_id, threshold_value, created_ts, updated_ts, active_flag, direction, effective_from_date, effective_to_date, escalation_action, threshold_lower_abs, threshold_lower_pct, threshold_type, threshold_upper_abs, threshold_upper_pct) VALUES (72, 46, 10000000000, '2024-02-17 17:26:00', '2024-01-19 03:18:00', 'Y', 'UPPER', '2024-01-01', '9999-12-31', 'ALERT', 7500000000, 75, 'ABSOLUTE', 10000000000, 100);
INSERT INTO l1.limit_threshold (limit_threshold_id, limit_rule_id, threshold_value, created_ts, updated_ts, active_flag, direction, effective_from_date, effective_to_date, escalation_action, threshold_lower_abs, threshold_lower_pct, threshold_type, threshold_upper_abs, threshold_upper_pct) VALUES (73, 19, 8000000000, '2024-11-11 17:41:00', '2024-01-30 00:16:00', 'Y', 'UPPER', '2024-01-01', '9999-12-31', 'ESCALATE', 6000000000, 75, 'ABSOLUTE', 8000000000, 100);
INSERT INTO l1.limit_threshold (limit_threshold_id, limit_rule_id, threshold_value, created_ts, updated_ts, active_flag, direction, effective_from_date, effective_to_date, escalation_action, threshold_lower_abs, threshold_lower_pct, threshold_type, threshold_upper_abs, threshold_upper_pct) VALUES (74, 7, 3000000000, '2024-11-17 17:01:00', '2024-08-23 04:59:00', 'Y', 'UPPER', '2024-01-01', '9999-12-31', 'ALERT', 2000000000, 80, 'PERCENTAGE', 3000000000, 100);
INSERT INTO l1.limit_threshold (limit_threshold_id, limit_rule_id, threshold_value, created_ts, updated_ts, active_flag, direction, effective_from_date, effective_to_date, escalation_action, threshold_lower_abs, threshold_lower_pct, threshold_type, threshold_upper_abs, threshold_upper_pct) VALUES (75, 35, 15000000000, '2024-11-12 06:29:00', '2024-01-04 22:24:00', 'Y', 'UPPER', '2024-01-01', '9999-12-31', 'BLOCK', 10000000000, 67, 'ABSOLUTE', 15000000000, 100);
INSERT INTO l1.limit_threshold (limit_threshold_id, limit_rule_id, threshold_value, created_ts, updated_ts, active_flag, direction, effective_from_date, effective_to_date, escalation_action, threshold_lower_abs, threshold_lower_pct, threshold_type, threshold_upper_abs, threshold_upper_pct) VALUES (76, 49, 2000000000, '2024-12-30 01:23:00', '2024-06-03 22:02:00', 'Y', 'UPPER', '2024-01-01', '9999-12-31', 'ALERT', 1500000000, 75, 'PERCENTAGE', 2000000000, 100);
INSERT INTO l1.limit_threshold (limit_threshold_id, limit_rule_id, threshold_value, created_ts, updated_ts, active_flag, direction, effective_from_date, effective_to_date, escalation_action, threshold_lower_abs, threshold_lower_pct, threshold_type, threshold_upper_abs, threshold_upper_pct) VALUES (77, 16, 7000000000, '2024-08-23 15:28:00', '2024-07-19 03:39:00', 'Y', 'UPPER', '2024-01-01', '9999-12-31', 'ESCALATE', 5000000000, 71, 'ABSOLUTE', 7000000000, 100);
INSERT INTO l1.limit_threshold (limit_threshold_id, limit_rule_id, threshold_value, created_ts, updated_ts, active_flag, direction, effective_from_date, effective_to_date, escalation_action, threshold_lower_abs, threshold_lower_pct, threshold_type, threshold_upper_abs, threshold_upper_pct) VALUES (78, 32, 12000000000, '2024-05-04 19:17:00', '2024-07-17 02:37:00', 'Y', 'UPPER', '2024-01-01', '9999-12-31', 'BLOCK', 9000000000, 75, 'ABSOLUTE', 12000000000, 100);
INSERT INTO l1.limit_threshold (limit_threshold_id, limit_rule_id, threshold_value, created_ts, updated_ts, active_flag, direction, effective_from_date, effective_to_date, escalation_action, threshold_lower_abs, threshold_lower_pct, threshold_type, threshold_upper_abs, threshold_upper_pct) VALUES (79, 38, 4000000000, '2024-10-15 11:57:00', '2024-03-25 04:39:00', 'Y', 'UPPER', '2024-01-01', '9999-12-31', 'ALERT', 3000000000, 75, 'PERCENTAGE', 4000000000, 100);
INSERT INTO l1.limit_threshold (limit_threshold_id, limit_rule_id, threshold_value, created_ts, updated_ts, active_flag, direction, effective_from_date, effective_to_date, escalation_action, threshold_lower_abs, threshold_lower_pct, threshold_type, threshold_upper_abs, threshold_upper_pct) VALUES (80, 39, 6000000000, '2024-05-17 04:14:00', '2024-05-26 08:05:00', 'Y', 'UPPER', '2024-01-01', '9999-12-31', 'ESCALATE', 4500000000, 75, 'ABSOLUTE', 6000000000, 100);
INSERT INTO l1.limit_threshold (limit_threshold_id, limit_rule_id, threshold_value, created_ts, updated_ts, active_flag, direction, effective_from_date, effective_to_date, escalation_action, threshold_lower_abs, threshold_lower_pct, threshold_type, threshold_upper_abs, threshold_upper_pct) VALUES (81, 18, 5000000000, '2024-12-04 22:44:00', '2024-12-22 09:24:00', 'Y', 'UPPER', '2024-01-01', '9999-12-31', 'ALERT', 4000000000, 80, 'ABSOLUTE', 5000000000, 100);
INSERT INTO l1.limit_threshold (limit_threshold_id, limit_rule_id, threshold_value, created_ts, updated_ts, active_flag, direction, effective_from_date, effective_to_date, escalation_action, threshold_lower_abs, threshold_lower_pct, threshold_type, threshold_upper_abs, threshold_upper_pct) VALUES (82, 9, 10000000000, '2024-05-07 06:48:00', '2024-09-28 11:20:00', 'Y', 'UPPER', '2024-01-01', '9999-12-31', 'ALERT', 7500000000, 75, 'ABSOLUTE', 10000000000, 100);
INSERT INTO l1.limit_threshold (limit_threshold_id, limit_rule_id, threshold_value, created_ts, updated_ts, active_flag, direction, effective_from_date, effective_to_date, escalation_action, threshold_lower_abs, threshold_lower_pct, threshold_type, threshold_upper_abs, threshold_upper_pct) VALUES (83, 11, 8000000000, '2024-03-11 17:39:00', '2024-10-15 21:17:00', 'Y', 'UPPER', '2024-01-01', '9999-12-31', 'ESCALATE', 6000000000, 75, 'ABSOLUTE', 8000000000, 100);
INSERT INTO l1.limit_threshold (limit_threshold_id, limit_rule_id, threshold_value, created_ts, updated_ts, active_flag, direction, effective_from_date, effective_to_date, escalation_action, threshold_lower_abs, threshold_lower_pct, threshold_type, threshold_upper_abs, threshold_upper_pct) VALUES (84, 23, 3000000000, '2024-02-26 16:32:00', '2024-01-05 23:49:00', 'Y', 'UPPER', '2024-01-01', '9999-12-31', 'ALERT', 2000000000, 80, 'PERCENTAGE', 3000000000, 100);
INSERT INTO l1.limit_threshold (limit_threshold_id, limit_rule_id, threshold_value, created_ts, updated_ts, active_flag, direction, effective_from_date, effective_to_date, escalation_action, threshold_lower_abs, threshold_lower_pct, threshold_type, threshold_upper_abs, threshold_upper_pct) VALUES (85, 48, 15000000000, '2024-04-03 13:22:00', '2024-07-04 02:04:00', 'Y', 'UPPER', '2024-01-01', '9999-12-31', 'BLOCK', 10000000000, 67, 'ABSOLUTE', 15000000000, 100);
INSERT INTO l1.limit_threshold (limit_threshold_id, limit_rule_id, threshold_value, created_ts, updated_ts, active_flag, direction, effective_from_date, effective_to_date, escalation_action, threshold_lower_abs, threshold_lower_pct, threshold_type, threshold_upper_abs, threshold_upper_pct) VALUES (86, 29, 2000000000, '2024-11-17 16:45:00', '2024-07-26 18:58:00', 'Y', 'UPPER', '2024-01-01', '9999-12-31', 'ALERT', 1500000000, 75, 'PERCENTAGE', 2000000000, 100);
INSERT INTO l1.limit_threshold (limit_threshold_id, limit_rule_id, threshold_value, created_ts, updated_ts, active_flag, direction, effective_from_date, effective_to_date, escalation_action, threshold_lower_abs, threshold_lower_pct, threshold_type, threshold_upper_abs, threshold_upper_pct) VALUES (87, 46, 7000000000, '2024-09-01 01:30:00', '2024-11-06 09:06:00', 'Y', 'UPPER', '2024-01-01', '9999-12-31', 'ESCALATE', 5000000000, 71, 'ABSOLUTE', 7000000000, 100);
INSERT INTO l1.limit_threshold (limit_threshold_id, limit_rule_id, threshold_value, created_ts, updated_ts, active_flag, direction, effective_from_date, effective_to_date, escalation_action, threshold_lower_abs, threshold_lower_pct, threshold_type, threshold_upper_abs, threshold_upper_pct) VALUES (88, 6, 12000000000, '2024-02-04 20:41:00', '2024-06-17 23:52:00', 'Y', 'UPPER', '2024-01-01', '9999-12-31', 'BLOCK', 9000000000, 75, 'ABSOLUTE', 12000000000, 100);
INSERT INTO l1.limit_threshold (limit_threshold_id, limit_rule_id, threshold_value, created_ts, updated_ts, active_flag, direction, effective_from_date, effective_to_date, escalation_action, threshold_lower_abs, threshold_lower_pct, threshold_type, threshold_upper_abs, threshold_upper_pct) VALUES (89, 7, 4000000000, '2024-04-14 11:03:00', '2024-12-30 15:24:00', 'Y', 'UPPER', '2024-01-01', '9999-12-31', 'ALERT', 3000000000, 75, 'PERCENTAGE', 4000000000, 100);
INSERT INTO l1.limit_threshold (limit_threshold_id, limit_rule_id, threshold_value, created_ts, updated_ts, active_flag, direction, effective_from_date, effective_to_date, escalation_action, threshold_lower_abs, threshold_lower_pct, threshold_type, threshold_upper_abs, threshold_upper_pct) VALUES (90, 42, 6000000000, '2024-09-18 16:26:00', '2024-09-28 22:28:00', 'Y', 'UPPER', '2024-01-01', '9999-12-31', 'ESCALATE', 4500000000, 75, 'ABSOLUTE', 6000000000, 100);
INSERT INTO l1.limit_threshold (limit_threshold_id, limit_rule_id, threshold_value, created_ts, updated_ts, active_flag, direction, effective_from_date, effective_to_date, escalation_action, threshold_lower_abs, threshold_lower_pct, threshold_type, threshold_upper_abs, threshold_upper_pct) VALUES (91, 17, 5000000000, '2024-06-24 02:10:00', '2024-02-06 16:45:00', 'Y', 'UPPER', '2024-01-01', '9999-12-31', 'ALERT', 4000000000, 80, 'ABSOLUTE', 5000000000, 100);
INSERT INTO l1.limit_threshold (limit_threshold_id, limit_rule_id, threshold_value, created_ts, updated_ts, active_flag, direction, effective_from_date, effective_to_date, escalation_action, threshold_lower_abs, threshold_lower_pct, threshold_type, threshold_upper_abs, threshold_upper_pct) VALUES (92, 23, 10000000000, '2024-10-02 16:37:00', '2024-11-08 10:04:00', 'Y', 'UPPER', '2024-01-01', '9999-12-31', 'ALERT', 7500000000, 75, 'ABSOLUTE', 10000000000, 100);
INSERT INTO l1.limit_threshold (limit_threshold_id, limit_rule_id, threshold_value, created_ts, updated_ts, active_flag, direction, effective_from_date, effective_to_date, escalation_action, threshold_lower_abs, threshold_lower_pct, threshold_type, threshold_upper_abs, threshold_upper_pct) VALUES (93, 19, 8000000000, '2024-07-26 18:02:00', '2024-12-25 12:07:00', 'Y', 'UPPER', '2024-01-01', '9999-12-31', 'ESCALATE', 6000000000, 75, 'ABSOLUTE', 8000000000, 100);
INSERT INTO l1.limit_threshold (limit_threshold_id, limit_rule_id, threshold_value, created_ts, updated_ts, active_flag, direction, effective_from_date, effective_to_date, escalation_action, threshold_lower_abs, threshold_lower_pct, threshold_type, threshold_upper_abs, threshold_upper_pct) VALUES (94, 39, 3000000000, '2024-04-18 18:30:00', '2024-07-06 07:49:00', 'Y', 'UPPER', '2024-01-01', '9999-12-31', 'ALERT', 2000000000, 80, 'PERCENTAGE', 3000000000, 100);
INSERT INTO l1.limit_threshold (limit_threshold_id, limit_rule_id, threshold_value, created_ts, updated_ts, active_flag, direction, effective_from_date, effective_to_date, escalation_action, threshold_lower_abs, threshold_lower_pct, threshold_type, threshold_upper_abs, threshold_upper_pct) VALUES (95, 29, 15000000000, '2024-07-11 06:57:00', '2024-05-25 11:38:00', 'Y', 'UPPER', '2024-01-01', '9999-12-31', 'BLOCK', 10000000000, 67, 'ABSOLUTE', 15000000000, 100);
INSERT INTO l1.limit_threshold (limit_threshold_id, limit_rule_id, threshold_value, created_ts, updated_ts, active_flag, direction, effective_from_date, effective_to_date, escalation_action, threshold_lower_abs, threshold_lower_pct, threshold_type, threshold_upper_abs, threshold_upper_pct) VALUES (96, 30, 2000000000, '2024-12-01 19:35:00', '2024-07-02 05:17:00', 'Y', 'UPPER', '2024-01-01', '9999-12-31', 'ALERT', 1500000000, 75, 'PERCENTAGE', 2000000000, 100);
INSERT INTO l1.limit_threshold (limit_threshold_id, limit_rule_id, threshold_value, created_ts, updated_ts, active_flag, direction, effective_from_date, effective_to_date, escalation_action, threshold_lower_abs, threshold_lower_pct, threshold_type, threshold_upper_abs, threshold_upper_pct) VALUES (97, 7, 7000000000, '2024-11-12 01:23:00', '2024-04-11 13:18:00', 'Y', 'UPPER', '2024-01-01', '9999-12-31', 'ESCALATE', 5000000000, 71, 'ABSOLUTE', 7000000000, 100);
INSERT INTO l1.limit_threshold (limit_threshold_id, limit_rule_id, threshold_value, created_ts, updated_ts, active_flag, direction, effective_from_date, effective_to_date, escalation_action, threshold_lower_abs, threshold_lower_pct, threshold_type, threshold_upper_abs, threshold_upper_pct) VALUES (98, 26, 12000000000, '2024-10-24 06:48:00', '2024-08-05 08:08:00', 'Y', 'UPPER', '2024-01-01', '9999-12-31', 'BLOCK', 9000000000, 75, 'ABSOLUTE', 12000000000, 100);
INSERT INTO l1.limit_threshold (limit_threshold_id, limit_rule_id, threshold_value, created_ts, updated_ts, active_flag, direction, effective_from_date, effective_to_date, escalation_action, threshold_lower_abs, threshold_lower_pct, threshold_type, threshold_upper_abs, threshold_upper_pct) VALUES (99, 3, 4000000000, '2024-04-23 20:53:00', '2024-11-11 19:21:00', 'Y', 'UPPER', '2024-01-01', '9999-12-31', 'ALERT', 3000000000, 75, 'PERCENTAGE', 4000000000, 100);
INSERT INTO l1.limit_threshold (limit_threshold_id, limit_rule_id, threshold_value, created_ts, updated_ts, active_flag, direction, effective_from_date, effective_to_date, escalation_action, threshold_lower_abs, threshold_lower_pct, threshold_type, threshold_upper_abs, threshold_upper_pct) VALUES (100, 2, 6000000000, '2024-06-01 18:44:00', '2024-02-05 07:14:00', 'Y', 'UPPER', '2024-01-01', '9999-12-31', 'ESCALATE', 4500000000, 75, 'ABSOLUTE', 6000000000, 100);

-- run_control (10 rows)
INSERT INTO l1.run_control (run_control_id, run_name, as_of_date, source_system_id, created_ts, updated_ts, certified_by, certified_ts, created_by, cutoff_ts, notes, run_version_id, status) VALUES (1, 'Credit Risk Daily — 2025-01-31', '2025-01-31', 1, '2024-06-15', '2024-06-15 12:00:00', 'R.JOHNSON', '2025-02-01 09:00:00', 'SYSTEM', '2025-01-31 23:59:59', 'Daily production run completed successfully', 1, 'COMPLETED');
INSERT INTO l1.run_control (run_control_id, run_name, as_of_date, source_system_id, created_ts, updated_ts, certified_by, certified_ts, created_by, cutoff_ts, notes, run_version_id, status) VALUES (2, 'Regulatory Reporting Q4 2024', '2025-01-31', 2, '2024-06-15', '2024-06-15 12:00:00', 'M.WILLIAMS', '2025-02-01 09:00:00', 'J.MARTINEZ', '2025-01-31 23:59:59', 'Q4 2024 regulatory submission batch', 2, 'COMPLETED');
INSERT INTO l1.run_control (run_control_id, run_name, as_of_date, source_system_id, created_ts, updated_ts, certified_by, certified_ts, created_by, cutoff_ts, notes, run_version_id, status) VALUES (3, 'Market Risk EOD — 2025-01-31', '2025-01-31', 3, '2024-06-15', '2024-06-15 12:00:00', 'R.JOHNSON', '2025-02-01 09:00:00', 'SYSTEM', '2025-01-31 23:59:59', 'End-of-day market risk calculations', 3, 'COMPLETED');
INSERT INTO l1.run_control (run_control_id, run_name, as_of_date, source_system_id, created_ts, updated_ts, certified_by, certified_ts, created_by, cutoff_ts, notes, run_version_id, status) VALUES (4, 'Counterparty Risk Daily', '2025-01-31', 4, '2024-06-15', '2024-06-15 12:00:00', 'R.JOHNSON', '2025-02-01 09:00:00', 'SYSTEM', '2025-01-31 23:59:59', 'Daily counterparty exposure refresh', 4, 'COMPLETED');
INSERT INTO l1.run_control (run_control_id, run_name, as_of_date, source_system_id, created_ts, updated_ts, certified_by, certified_ts, created_by, cutoff_ts, notes, run_version_id, status) VALUES (5, 'CCAR Stress Test Run', '2025-01-31', 5, '2024-06-15', '2024-06-15 12:00:00', 'PENDING', '2024-06-15 12:00:00', 'S.CHEN', '2025-01-31 23:59:59', 'CCAR 2025 baseline scenario in progress', 5, 'RUNNING');
INSERT INTO l1.run_control (run_control_id, run_name, as_of_date, source_system_id, created_ts, updated_ts, certified_by, certified_ts, created_by, cutoff_ts, notes, run_version_id, status) VALUES (6, 'Liquidity Risk FR2052a', '2025-01-31', 6, '2024-06-15', '2024-06-15 12:00:00', 'A.GARCIA', '2025-02-01 09:00:00', 'SYSTEM', '2025-01-31 23:59:59', 'Daily FR 2052a liquidity submission', 6, 'COMPLETED');
INSERT INTO l1.run_control (run_control_id, run_name, as_of_date, source_system_id, created_ts, updated_ts, certified_by, certified_ts, created_by, cutoff_ts, notes, run_version_id, status) VALUES (7, 'Operational Risk Monthly', '2025-01-31', 7, '2024-06-15', '2024-06-15 12:00:00', 'K.PATEL', '2025-02-01 09:00:00', 'K.PATEL', '2025-01-31 23:59:59', 'Monthly operational risk refresh', 7, 'COMPLETED');
INSERT INTO l1.run_control (run_control_id, run_name, as_of_date, source_system_id, created_ts, updated_ts, certified_by, certified_ts, created_by, cutoff_ts, notes, run_version_id, status) VALUES (8, 'Capital Adequacy Quarterly', '2025-01-31', 8, '2024-06-15', '2024-06-15 12:00:00', 'M.WILLIAMS', '2025-02-01 09:00:00', 'SYSTEM', '2025-01-31 23:59:59', 'Quarterly capital adequacy calculation', 8, 'COMPLETED');
INSERT INTO l1.run_control (run_control_id, run_name, as_of_date, source_system_id, created_ts, updated_ts, certified_by, certified_ts, created_by, cutoff_ts, notes, run_version_id, status) VALUES (9, 'DFAST Mid-Cycle', '2025-01-31', 9, '2024-06-15', '2024-06-15 12:00:00', 'PENDING', '2024-06-15 12:00:00', 'S.CHEN', '2025-01-31 23:59:59', 'DFAST mid-cycle stress test submission', 9, 'COMPLETED');
INSERT INTO l1.run_control (run_control_id, run_name, as_of_date, source_system_id, created_ts, updated_ts, certified_by, certified_ts, created_by, cutoff_ts, notes, run_version_id, status) VALUES (10, 'GL Reconciliation Daily', '2025-01-31', 10, '2024-06-15', '2024-06-15 12:00:00', 'PENDING', '2024-06-15 12:00:00', 'SYSTEM', '2025-01-31 23:59:59', 'GL reconciliation failed — data quality exception', 10, 'FAILED');

-- report_registry (10 rows)
INSERT INTO l1.report_registry (report_id, report_code, report_name, created_ts, updated_ts, active_flag, effective_from_date, effective_to_date, frequency, jurisdiction_code, regulator_code) VALUES (1, 'FRY14Q', 'FR Y-14Q', '2024-06-15', '2024-06-15 12:00:00', 'Y', '2020-01-01', '9999-12-31', 'QUARTERLY', 'US_FED', 'FRB');
INSERT INTO l1.report_registry (report_id, report_code, report_name, created_ts, updated_ts, active_flag, effective_from_date, effective_to_date, frequency, jurisdiction_code, regulator_code) VALUES (2, 'FRY9C', 'FR Y-9C', '2024-06-15', '2024-06-15 12:00:00', 'Y', '2020-01-01', '9999-12-31', 'QUARTERLY', 'US_FED', 'FRB');
INSERT INTO l1.report_registry (report_id, report_code, report_name, created_ts, updated_ts, active_flag, effective_from_date, effective_to_date, frequency, jurisdiction_code, regulator_code) VALUES (3, 'FFIEC031', 'FFIEC 031', '2024-06-15', '2024-06-15 12:00:00', 'Y', '2020-01-01', '9999-12-31', 'QUARTERLY', 'US_FED', 'FFIEC');
INSERT INTO l1.report_registry (report_id, report_code, report_name, created_ts, updated_ts, active_flag, effective_from_date, effective_to_date, frequency, jurisdiction_code, regulator_code) VALUES (4, 'FFIEC041', 'FFIEC 041', '2024-06-15', '2024-06-15 12:00:00', 'Y', '2020-01-01', '9999-12-31', 'QUARTERLY', 'US_FED', 'FFIEC');
INSERT INTO l1.report_registry (report_id, report_code, report_name, created_ts, updated_ts, active_flag, effective_from_date, effective_to_date, frequency, jurisdiction_code, regulator_code) VALUES (5, 'FR2052A', 'FR 2052a', '2024-06-15', '2024-06-15 12:00:00', 'Y', '2020-01-01', '9999-12-31', 'DAILY', 'US_FED', 'FRB');
INSERT INTO l1.report_registry (report_id, report_code, report_name, created_ts, updated_ts, active_flag, effective_from_date, effective_to_date, frequency, jurisdiction_code, regulator_code) VALUES (6, 'CCAR_CP', 'CCAR Capital Plan', '2024-06-15', '2024-06-15 12:00:00', 'Y', '2020-01-01', '9999-12-31', 'ANNUAL', 'US_FED', 'FRB');
INSERT INTO l1.report_registry (report_id, report_code, report_name, created_ts, updated_ts, active_flag, effective_from_date, effective_to_date, frequency, jurisdiction_code, regulator_code) VALUES (7, 'DFAST', 'DFAST Stress Test', '2024-06-15', '2024-06-15 12:00:00', 'Y', '2020-01-01', '9999-12-31', 'ANNUAL', 'US_FED', 'FRB');
INSERT INTO l1.report_registry (report_id, report_code, report_name, created_ts, updated_ts, active_flag, effective_from_date, effective_to_date, frequency, jurisdiction_code, regulator_code) VALUES (8, 'FR2590', 'FR 2590', '2024-06-15', '2024-06-15 12:00:00', 'Y', '2020-01-01', '9999-12-31', 'QUARTERLY', 'US_FED', 'FRB');
INSERT INTO l1.report_registry (report_id, report_code, report_name, created_ts, updated_ts, active_flag, effective_from_date, effective_to_date, frequency, jurisdiction_code, regulator_code) VALUES (9, 'FFIEC009', 'FFIEC 009', '2024-06-15', '2024-06-15 12:00:00', 'Y', '2020-01-01', '9999-12-31', 'QUARTERLY', 'US_FED', 'FFIEC');
INSERT INTO l1.report_registry (report_id, report_code, report_name, created_ts, updated_ts, active_flag, effective_from_date, effective_to_date, frequency, jurisdiction_code, regulator_code) VALUES (10, 'FRY14M', 'FR Y-14M', '2024-06-15', '2024-06-15 12:00:00', 'Y', '2020-01-01', '9999-12-31', 'MONTHLY', 'US_FED', 'FRB');

-- reporting_calendar_dim (10 rows)
INSERT INTO l1.reporting_calendar_dim (reporting_calendar_id, calendar_code, calendar_name, created_ts, updated_ts, as_of_date, cutoff_ts, fiscal_quarter, fiscal_year, is_period_end, period_end_date, period_start_date, regulator_code) VALUES (1, 'DAILY_US', 'US Daily Reporting', '2024-06-15', '2024-06-15 12:00:00', '2025-01-31', '2025-01-31 23:59:59', '2025-03-31', '2025-12-31', 'Y', '2025-01-31', '2025-01-01', 'FRB');
INSERT INTO l1.reporting_calendar_dim (reporting_calendar_id, calendar_code, calendar_name, created_ts, updated_ts, as_of_date, cutoff_ts, fiscal_quarter, fiscal_year, is_period_end, period_end_date, period_start_date, regulator_code) VALUES (2, 'MONTHLY_US', 'US Monthly Cycle', '2024-06-15', '2024-06-15 12:00:00', '2025-01-31', '2025-01-31 23:59:59', '2025-03-31', '2025-12-31', 'Y', '2025-01-31', '2025-01-01', 'FRB');
INSERT INTO l1.reporting_calendar_dim (reporting_calendar_id, calendar_code, calendar_name, created_ts, updated_ts, as_of_date, cutoff_ts, fiscal_quarter, fiscal_year, is_period_end, period_end_date, period_start_date, regulator_code) VALUES (3, 'QUARTERLY_FRB', 'FRB Quarterly Filing', '2024-06-15', '2024-06-15 12:00:00', '2025-01-31', '2025-01-31 23:59:59', '2024-12-31', '2024-12-31', 'Y', '2024-12-31', '2024-10-01', 'FRB');
INSERT INTO l1.reporting_calendar_dim (reporting_calendar_id, calendar_code, calendar_name, created_ts, updated_ts, as_of_date, cutoff_ts, fiscal_quarter, fiscal_year, is_period_end, period_end_date, period_start_date, regulator_code) VALUES (4, 'QUARTERLY_FFIEC', 'FFIEC Quarterly Filing', '2024-06-15', '2024-06-15 12:00:00', '2025-01-31', '2025-01-31 23:59:59', '2024-12-31', '2024-12-31', 'Y', '2024-12-31', '2024-10-01', 'FFIEC');
INSERT INTO l1.reporting_calendar_dim (reporting_calendar_id, calendar_code, calendar_name, created_ts, updated_ts, as_of_date, cutoff_ts, fiscal_quarter, fiscal_year, is_period_end, period_end_date, period_start_date, regulator_code) VALUES (5, 'ANNUAL_CCAR', 'CCAR Annual Cycle', '2024-06-15', '2024-06-15 12:00:00', '2025-01-31', '2025-01-31 23:59:59', '2025-12-31', '2025-12-31', 'N', '2025-12-31', '2025-01-01', 'FRB');
INSERT INTO l1.reporting_calendar_dim (reporting_calendar_id, calendar_code, calendar_name, created_ts, updated_ts, as_of_date, cutoff_ts, fiscal_quarter, fiscal_year, is_period_end, period_end_date, period_start_date, regulator_code) VALUES (6, 'DAILY_UK', 'UK Daily Reporting', '2024-06-15', '2024-06-15 12:00:00', '2025-01-31', '2025-01-31 23:59:59', '2025-03-31', '2025-12-31', 'Y', '2025-01-31', '2025-01-01', 'PRA');
INSERT INTO l1.reporting_calendar_dim (reporting_calendar_id, calendar_code, calendar_name, created_ts, updated_ts, as_of_date, cutoff_ts, fiscal_quarter, fiscal_year, is_period_end, period_end_date, period_start_date, regulator_code) VALUES (7, 'QUARTERLY_ECB', 'ECB Quarterly Filing', '2024-06-15', '2024-06-15 12:00:00', '2025-01-31', '2025-01-31 23:59:59', '2024-12-31', '2024-12-31', 'Y', '2024-12-31', '2024-10-01', 'ECB');
INSERT INTO l1.reporting_calendar_dim (reporting_calendar_id, calendar_code, calendar_name, created_ts, updated_ts, as_of_date, cutoff_ts, fiscal_quarter, fiscal_year, is_period_end, period_end_date, period_start_date, regulator_code) VALUES (8, 'MONTHLY_FRB', 'FRB Monthly Filing', '2024-06-15', '2024-06-15 12:00:00', '2025-01-31', '2025-01-31 23:59:59', '2025-03-31', '2025-12-31', 'Y', '2025-01-31', '2025-01-01', 'FRB');
INSERT INTO l1.reporting_calendar_dim (reporting_calendar_id, calendar_code, calendar_name, created_ts, updated_ts, as_of_date, cutoff_ts, fiscal_quarter, fiscal_year, is_period_end, period_end_date, period_start_date, regulator_code) VALUES (9, 'SEMI_ANNUAL', 'Semi-Annual Review', '2024-06-15', '2024-06-15 12:00:00', '2025-01-31', '2025-01-31 23:59:59', '2024-12-31', '2024-12-31', 'Y', '2024-12-31', '2024-07-01', 'FRB');
INSERT INTO l1.reporting_calendar_dim (reporting_calendar_id, calendar_code, calendar_name, created_ts, updated_ts, as_of_date, cutoff_ts, fiscal_quarter, fiscal_year, is_period_end, period_end_date, period_start_date, regulator_code) VALUES (10, 'QUARTERLY_OSFI', 'OSFI Quarterly Filing', '2024-06-15', '2024-06-15 12:00:00', '2025-01-31', '2025-01-31 23:59:59', '2024-12-31', '2024-12-31', 'Y', '2024-12-31', '2024-10-01', 'OSFI');

-- reporting_entity_dim (10 rows)
INSERT INTO l1.reporting_entity_dim (reporting_entity_id, entity_code, entity_name, legal_entity_id, created_ts, updated_ts, active_flag, consolidation_basis, effective_from_date, effective_to_date, functional_currency_code, is_current, jurisdiction_code, reporting_entity_code, reporting_entity_name) VALUES (1, 'MNB_CONSOL', 'Meridian National Bancorp (Consolidated)', 1, '2024-06-15', '2024-06-15 12:00:00', 'Y', 'FULLY_CONSOLIDATED', '2020-01-01', '9999-12-31', 'USD', 'Y', 'US_FED', 'MNB_CONSOL', 'Meridian National Bancorp (Consolidated)');
INSERT INTO l1.reporting_entity_dim (reporting_entity_id, entity_code, entity_name, legal_entity_id, created_ts, updated_ts, active_flag, consolidation_basis, effective_from_date, effective_to_date, functional_currency_code, is_current, jurisdiction_code, reporting_entity_code, reporting_entity_name) VALUES (2, 'MNB_BANK', 'Meridian National Bank, N.A.', 2, '2024-06-15', '2024-06-15 12:00:00', 'Y', 'FULLY_CONSOLIDATED', '2020-01-01', '9999-12-31', 'USD', 'Y', 'US_FED', 'MNB_BANK', 'Meridian National Bank, N.A.');
INSERT INTO l1.reporting_entity_dim (reporting_entity_id, entity_code, entity_name, legal_entity_id, created_ts, updated_ts, active_flag, consolidation_basis, effective_from_date, effective_to_date, functional_currency_code, is_current, jurisdiction_code, reporting_entity_code, reporting_entity_name) VALUES (3, 'MSI_BD', 'Meridian Securities Inc.', 3, '2024-06-15', '2024-06-15 12:00:00', 'Y', 'FULLY_CONSOLIDATED', '2020-01-01', '9999-12-31', 'USD', 'Y', 'US_FED', 'MSI_BD', 'Meridian Securities Inc.');
INSERT INTO l1.reporting_entity_dim (reporting_entity_id, entity_code, entity_name, legal_entity_id, created_ts, updated_ts, active_flag, consolidation_basis, effective_from_date, effective_to_date, functional_currency_code, is_current, jurisdiction_code, reporting_entity_code, reporting_entity_name) VALUES (4, 'MBE_EU', 'Meridian Bank Europe DAC', 4, '2024-06-15', '2024-06-15 12:00:00', 'Y', 'FULLY_CONSOLIDATED', '2020-01-01', '9999-12-31', 'EUR', 'Y', 'EU', 'MBE_EU', 'Meridian Bank Europe DAC');
INSERT INTO l1.reporting_entity_dim (reporting_entity_id, entity_code, entity_name, legal_entity_id, created_ts, updated_ts, active_flag, consolidation_basis, effective_from_date, effective_to_date, functional_currency_code, is_current, jurisdiction_code, reporting_entity_code, reporting_entity_name) VALUES (5, 'MSE_EU', 'Meridian Securities Europe SA', 5, '2024-06-15', '2024-06-15 12:00:00', 'Y', 'SUB_CONSOLIDATED', '2020-01-01', '9999-12-31', 'EUR', 'Y', 'EU', 'MSE_EU', 'Meridian Securities Europe SA');
INSERT INTO l1.reporting_entity_dim (reporting_entity_id, entity_code, entity_name, legal_entity_id, created_ts, updated_ts, active_flag, consolidation_basis, effective_from_date, effective_to_date, functional_currency_code, is_current, jurisdiction_code, reporting_entity_code, reporting_entity_name) VALUES (6, 'MBJ_JP', 'Meridian Bank (Japan) Ltd.', 6, '2024-06-15', '2024-06-15 12:00:00', 'Y', 'SOLO', '2020-01-01', '9999-12-31', 'JPY', 'Y', 'JP', 'MBJ_JP', 'Meridian Bank (Japan) Ltd.');
INSERT INTO l1.reporting_entity_dim (reporting_entity_id, entity_code, entity_name, legal_entity_id, created_ts, updated_ts, active_flag, consolidation_basis, effective_from_date, effective_to_date, functional_currency_code, is_current, jurisdiction_code, reporting_entity_code, reporting_entity_name) VALUES (7, 'MBC_CA', 'Meridian Bank Canada', 7, '2024-06-15', '2024-06-15 12:00:00', 'Y', 'SOLO', '2020-01-01', '9999-12-31', 'CAD', 'Y', 'CA', 'MBC_CA', 'Meridian Bank Canada');
INSERT INTO l1.reporting_entity_dim (reporting_entity_id, entity_code, entity_name, legal_entity_id, created_ts, updated_ts, active_flag, consolidation_basis, effective_from_date, effective_to_date, functional_currency_code, is_current, jurisdiction_code, reporting_entity_code, reporting_entity_name) VALUES (8, 'MWM_US', 'Meridian Wealth Management LLC', 8, '2024-06-15', '2024-06-15 12:00:00', 'Y', 'FULLY_CONSOLIDATED', '2020-01-01', '9999-12-31', 'USD', 'Y', 'US_FED', 'MWM_US', 'Meridian Wealth Management LLC');
INSERT INTO l1.reporting_entity_dim (reporting_entity_id, entity_code, entity_name, legal_entity_id, created_ts, updated_ts, active_flag, consolidation_basis, effective_from_date, effective_to_date, functional_currency_code, is_current, jurisdiction_code, reporting_entity_code, reporting_entity_name) VALUES (9, 'MLC_US', 'Meridian Leasing Corp.', 9, '2024-06-15', '2024-06-15 12:00:00', 'Y', 'FULLY_CONSOLIDATED', '2020-01-01', '9999-12-31', 'USD', 'Y', 'US_FED', 'MLC_US', 'Meridian Leasing Corp.');
INSERT INTO l1.reporting_entity_dim (reporting_entity_id, entity_code, entity_name, legal_entity_id, created_ts, updated_ts, active_flag, consolidation_basis, effective_from_date, effective_to_date, functional_currency_code, is_current, jurisdiction_code, reporting_entity_code, reporting_entity_name) VALUES (10, 'MMS_US', 'Meridian Merchant Services Inc.', 10, '2024-06-15', '2024-06-15 12:00:00', 'Y', 'FULLY_CONSOLIDATED', '2020-01-01', '9999-12-31', 'USD', 'Y', 'US_FED', 'MMS_US', 'Meridian Merchant Services Inc.');

-- model_registry_dim (10 rows)
INSERT INTO l1.model_registry_dim (model_id, model_code, model_name, created_ts, updated_ts, documentation_url, effective_from_date, effective_to_date, is_current, model_type, model_version, owner_org_unit_id, regulatory_approved_flag, validation_status) VALUES (1, 'PD-CORP-01', 'Corporate PD Scorecard', '2024-06-15', '2024-06-15 12:00:00', '/models/pd-corp/v4.2', '2024-01-01', '9999-12-31', 'Y', 'PD', '4.2', 1, 'Y', 'APPROVED');
INSERT INTO l1.model_registry_dim (model_id, model_code, model_name, created_ts, updated_ts, documentation_url, effective_from_date, effective_to_date, is_current, model_type, model_version, owner_org_unit_id, regulatory_approved_flag, validation_status) VALUES (2, 'PD-CRE-02', 'CRE PD Model', '2024-06-15', '2024-06-15 12:00:00', '/models/pd-cre/v3.1', '2024-01-01', '9999-12-31', 'Y', 'PD', '3.1', 2, 'Y', 'APPROVED');
INSERT INTO l1.model_registry_dim (model_id, model_code, model_name, created_ts, updated_ts, documentation_url, effective_from_date, effective_to_date, is_current, model_type, model_version, owner_org_unit_id, regulatory_approved_flag, validation_status) VALUES (3, 'LGD-CORP-01', 'Corporate LGD Model', '2024-06-15', '2024-06-15 12:00:00', '/models/lgd-corp/v2.5', '2024-01-01', '9999-12-31', 'Y', 'LGD', '2.5', 3, 'Y', 'APPROVED');
INSERT INTO l1.model_registry_dim (model_id, model_code, model_name, created_ts, updated_ts, documentation_url, effective_from_date, effective_to_date, is_current, model_type, model_version, owner_org_unit_id, regulatory_approved_flag, validation_status) VALUES (4, 'LGD-CRE-02', 'CRE LGD Model', '2024-06-15', '2024-06-15 12:00:00', '/models/lgd-cre/v2.3', '2024-01-01', '9999-12-31', 'Y', 'LGD', '2.3', 4, 'Y', 'APPROVED');
INSERT INTO l1.model_registry_dim (model_id, model_code, model_name, created_ts, updated_ts, documentation_url, effective_from_date, effective_to_date, is_current, model_type, model_version, owner_org_unit_id, regulatory_approved_flag, validation_status) VALUES (5, 'EAD-REV-01', 'Revolving EAD/CCF Model', '2024-06-15', '2024-06-15 12:00:00', '/models/ead-rev/v3.0', '2024-01-01', '9999-12-31', 'Y', 'EAD', '3.0', 5, 'Y', 'APPROVED');
INSERT INTO l1.model_registry_dim (model_id, model_code, model_name, created_ts, updated_ts, documentation_url, effective_from_date, effective_to_date, is_current, model_type, model_version, owner_org_unit_id, regulatory_approved_flag, validation_status) VALUES (6, 'CECL-01', 'CECL Lifetime Loss Model', '2024-06-15', '2024-06-15 12:00:00', '/models/cecl/v2.1', '2024-01-01', '9999-12-31', 'Y', 'ECL', '2.1', 6, 'Y', 'APPROVED');
INSERT INTO l1.model_registry_dim (model_id, model_code, model_name, created_ts, updated_ts, documentation_url, effective_from_date, effective_to_date, is_current, model_type, model_version, owner_org_unit_id, regulatory_approved_flag, validation_status) VALUES (7, 'CCAR-BASE-01', 'CCAR Baseline Stress Model', '2024-06-15', '2024-06-15 12:00:00', '/models/ccar/v5.0', '2024-01-01', '9999-12-31', 'Y', 'STRESS_TEST', '5.0', 7, 'Y', 'CONDITIONAL');
INSERT INTO l1.model_registry_dim (model_id, model_code, model_name, created_ts, updated_ts, documentation_url, effective_from_date, effective_to_date, is_current, model_type, model_version, owner_org_unit_id, regulatory_approved_flag, validation_status) VALUES (8, 'DFAST-ADV-01', 'DFAST Adverse Scenario Model', '2024-06-15', '2024-06-15 12:00:00', '/models/dfast/v5.0', '2024-01-01', '9999-12-31', 'Y', 'STRESS_TEST', '5.0', 8, 'Y', 'CONDITIONAL');
INSERT INTO l1.model_registry_dim (model_id, model_code, model_name, created_ts, updated_ts, documentation_url, effective_from_date, effective_to_date, is_current, model_type, model_version, owner_org_unit_id, regulatory_approved_flag, validation_status) VALUES (9, 'SA-CCR-01', 'SA-CCR Exposure Model', '2024-06-15', '2024-06-15 12:00:00', '/models/sa-ccr/v1.2', '2024-01-01', '9999-12-31', 'Y', 'EXPOSURE', '1.2', 9, 'Y', 'APPROVED');
INSERT INTO l1.model_registry_dim (model_id, model_code, model_name, created_ts, updated_ts, documentation_url, effective_from_date, effective_to_date, is_current, model_type, model_version, owner_org_unit_id, regulatory_approved_flag, validation_status) VALUES (10, 'IFRS9-01', 'IFRS 9 Staging Model', '2024-06-15', '2024-06-15 12:00:00', '/models/ifrs9/v1.8', '2024-01-01', '9999-12-31', 'Y', 'ECL', '1.8', 10, 'Y', 'APPROVED');

-- rule_registry (10 rows)
INSERT INTO l1.rule_registry (rule_id, rule_code, rule_name, created_ts, updated_ts, active_flag, approved_by, approved_ts, effective_from_date, effective_to_date, input_variables, output_variable, rule_expression, rule_type) VALUES (1, 'RR-PD-CALC', 'PD Calculation Rule', '2024-06-15', '2024-06-15 12:00:00', 'Y', 'M.WILLIAMS', '2024-06-01 10:00:00', '2024-01-01', '9999-12-31', 'rating,macro_vars', 'pd_value', 'PD = f(rating, macro)', 'CALCULATION');
INSERT INTO l1.rule_registry (rule_id, rule_code, rule_name, created_ts, updated_ts, active_flag, approved_by, approved_ts, effective_from_date, effective_to_date, input_variables, output_variable, rule_expression, rule_type) VALUES (2, 'RR-LGD-CALC', 'LGD Calculation Rule', '2024-06-15', '2024-06-15 12:00:00', 'Y', 'M.WILLIAMS', '2024-06-01 10:00:00', '2024-01-01', '9999-12-31', 'collateral_type,seniority', 'lgd_value', 'LGD = f(collateral, seniority)', 'CALCULATION');
INSERT INTO l1.rule_registry (rule_id, rule_code, rule_name, created_ts, updated_ts, active_flag, approved_by, approved_ts, effective_from_date, effective_to_date, input_variables, output_variable, rule_expression, rule_type) VALUES (3, 'RR-EAD-CALC', 'EAD Calculation Rule', '2024-06-15', '2024-06-15 12:00:00', 'Y', 'R.JOHNSON', '2024-06-01 10:00:00', '2024-01-01', '9999-12-31', 'drawn,undrawn,ccf', 'ead_value', 'EAD = drawn + CCF * undrawn', 'CALCULATION');
INSERT INTO l1.rule_registry (rule_id, rule_code, rule_name, created_ts, updated_ts, active_flag, approved_by, approved_ts, effective_from_date, effective_to_date, input_variables, output_variable, rule_expression, rule_type) VALUES (4, 'RR-RWA-SA', 'RWA Standardized Rule', '2024-06-15', '2024-06-15 12:00:00', 'Y', 'R.JOHNSON', '2024-06-01 10:00:00', '2024-01-01', '9999-12-31', 'ead,risk_weight', 'rwa_sa', 'RWA = EAD * risk_weight', 'CALCULATION');
INSERT INTO l1.rule_registry (rule_id, rule_code, rule_name, created_ts, updated_ts, active_flag, approved_by, approved_ts, effective_from_date, effective_to_date, input_variables, output_variable, rule_expression, rule_type) VALUES (5, 'RR-RWA-IRB', 'RWA IRB Rule', '2024-06-15', '2024-06-15 12:00:00', 'Y', 'S.CHEN', '2024-06-01 10:00:00', '2024-01-01', '9999-12-31', 'ead,pd,lgd,maturity', 'rwa_irb', 'RWA = EAD * K_IRB * 12.5', 'CALCULATION');
INSERT INTO l1.rule_registry (rule_id, rule_code, rule_name, created_ts, updated_ts, active_flag, approved_by, approved_ts, effective_from_date, effective_to_date, input_variables, output_variable, rule_expression, rule_type) VALUES (6, 'RR-CCF-MAP', 'CCF Mapping Rule', '2024-06-15', '2024-06-15 12:00:00', 'Y', 'S.CHEN', '2024-06-01 10:00:00', '2024-01-01', '9999-12-31', 'exposure_type', 'ccf_pct', 'CCF = lookup(exposure_type)', 'MAPPING');
INSERT INTO l1.rule_registry (rule_id, rule_code, rule_name, created_ts, updated_ts, active_flag, approved_by, approved_ts, effective_from_date, effective_to_date, input_variables, output_variable, rule_expression, rule_type) VALUES (7, 'RR-ECL-CALC', 'ECL Calculation Rule', '2024-06-15', '2024-06-15 12:00:00', 'Y', 'A.GARCIA', '2024-06-01 10:00:00', '2024-01-01', '9999-12-31', 'pd,lgd,ead', 'ecl_amount', 'ECL = PD * LGD * EAD', 'CALCULATION');
INSERT INTO l1.rule_registry (rule_id, rule_code, rule_name, created_ts, updated_ts, active_flag, approved_by, approved_ts, effective_from_date, effective_to_date, input_variables, output_variable, rule_expression, rule_type) VALUES (8, 'RR-STAGE-ALLOC', 'IFRS9 Stage Allocation Rule', '2024-06-15', '2024-06-15 12:00:00', 'Y', 'A.GARCIA', '2024-06-01 10:00:00', '2024-01-01', '9999-12-31', 'dpd,rating_delta', 'ifrs9_stage', 'STAGE = f(dpd, rating_change)', 'CLASSIFICATION');
INSERT INTO l1.rule_registry (rule_id, rule_code, rule_name, created_ts, updated_ts, active_flag, approved_by, approved_ts, effective_from_date, effective_to_date, input_variables, output_variable, rule_expression, rule_type) VALUES (9, 'RR-HAIRCUT', 'Collateral Haircut Rule', '2024-06-15', '2024-06-15 12:00:00', 'Y', 'K.PATEL', '2024-06-01 10:00:00', '2024-01-01', '9999-12-31', 'market_value,haircut_pct', 'adjusted_value', 'AdjVal = MV * (1 - haircut)', 'CALCULATION');
INSERT INTO l1.rule_registry (rule_id, rule_code, rule_name, created_ts, updated_ts, active_flag, approved_by, approved_ts, effective_from_date, effective_to_date, input_variables, output_variable, rule_expression, rule_type) VALUES (10, 'RR-LIMIT-CHECK', 'Limit Breach Check Rule', '2024-06-15', '2024-06-15 12:00:00', 'Y', 'K.PATEL', '2024-06-01 10:00:00', '2024-01-01', '9999-12-31', 'exposure,limit_amount', 'breach_flag', 'BREACH = exposure > limit', 'VALIDATION');

-- validation_check_registry (10 rows)
INSERT INTO l1.validation_check_registry (check_id, check_name, check_type, check_rule_id, target_table, target_column, severity, owner_id, active_flag, validation_check_id, created_ts, updated_ts) VALUES (1, 'Counterparty LEI Required', 'NOT_NULL', 1, 'counterparty_master', 'lei_code', 'WARNING', 1, 'Y', 1, '2024-06-15 12:00:00', '2024-06-15 12:00:00');
INSERT INTO l1.validation_check_registry (check_id, check_name, check_type, check_rule_id, target_table, target_column, severity, owner_id, active_flag, validation_check_id, created_ts, updated_ts) VALUES (2, 'Facility Amount Non-Negative', 'RANGE', 2, 'facility_master', 'committed_facility_amt', 'ERROR', 2, 'Y', 2, '2024-06-15 12:00:00', '2024-06-15 12:00:00');
INSERT INTO l1.validation_check_registry (check_id, check_name, check_type, check_rule_id, target_table, target_column, severity, owner_id, active_flag, validation_check_id, created_ts, updated_ts) VALUES (3, 'PD Range Check', 'RANGE', 3, 'counterparty_master', 'pd_annual', 'ERROR', 3, 'Y', 3, '2024-06-15 12:00:00', '2024-06-15 12:00:00');
INSERT INTO l1.validation_check_registry (check_id, check_name, check_type, check_rule_id, target_table, target_column, severity, owner_id, active_flag, validation_check_id, created_ts, updated_ts) VALUES (4, 'LGD Range Check', 'RANGE', 4, 'counterparty_master', 'lgd_unsecured', 'ERROR', 4, 'Y', 4, '2024-06-15 12:00:00', '2024-06-15 12:00:00');
INSERT INTO l1.validation_check_registry (check_id, check_name, check_type, check_rule_id, target_table, target_column, severity, owner_id, active_flag, validation_check_id, created_ts, updated_ts) VALUES (5, 'Rating Not Null', 'NOT_NULL', 5, 'counterparty_master', 'internal_risk_rating', 'WARNING', 5, 'Y', 5, '2024-06-15 12:00:00', '2024-06-15 12:00:00');
INSERT INTO l1.validation_check_registry (check_id, check_name, check_type, check_rule_id, target_table, target_column, severity, owner_id, active_flag, validation_check_id, created_ts, updated_ts) VALUES (6, 'Maturity After Origination', 'COMPARISON', 6, 'facility_master', 'maturity_date', 'ERROR', 6, 'Y', 6, '2024-06-15 12:00:00', '2024-06-15 12:00:00');
INSERT INTO l1.validation_check_registry (check_id, check_name, check_type, check_rule_id, target_table, target_column, severity, owner_id, active_flag, validation_check_id, created_ts, updated_ts) VALUES (7, 'Currency Code Valid', 'REFERENTIAL', 7, 'facility_master', 'currency_code', 'ERROR', 7, 'Y', 7, '2024-06-15 12:00:00', '2024-06-15 12:00:00');
INSERT INTO l1.validation_check_registry (check_id, check_name, check_type, check_rule_id, target_table, target_column, severity, owner_id, active_flag, validation_check_id, created_ts, updated_ts) VALUES (8, 'Country Code Valid', 'REFERENTIAL', 8, 'counterparty_master', 'country_of_risk', 'ERROR', 8, 'Y', 8, '2024-06-15 12:00:00', '2024-06-15 12:00:00');
INSERT INTO l1.validation_check_registry (check_id, check_name, check_type, check_rule_id, target_table, target_column, severity, owner_id, active_flag, validation_check_id, created_ts, updated_ts) VALUES (9, 'Collateral Valuation Positive', 'RANGE', 9, 'collateral_asset_master', 'original_cost', 'WARNING', 9, 'Y', 9, '2024-06-15 12:00:00', '2024-06-15 12:00:00');
INSERT INTO l1.validation_check_registry (check_id, check_name, check_type, check_rule_id, target_table, target_column, severity, owner_id, active_flag, validation_check_id, created_ts, updated_ts) VALUES (10, 'DSCR Ratio Positive', 'RANGE', 10, 'facility_master', 'dscr', 'WARNING', 10, 'Y', 10, '2024-06-15 12:00:00', '2024-06-15 12:00:00');

-- reconciliation_control (10 rows)
INSERT INTO l1.reconciliation_control (reconciliation_control_id, control_name, source_system_id, created_ts, updated_ts, actual_value, check_name, check_type, executed_ts, expected_value, owner_id, recon_id, remediation_ticket_id, report_code, run_version_id, status, tolerance_value, variance_value) VALUES (1, 'Loan Balance Recon', 1, '2024-06-15', '2024-06-15 12:00:00', 150000000000, 'Total Loan Balance Match', 'BALANCE', '2025-02-01 06:00:00', 150000000000, 1, 1, 0, 'FFIEC031', 1, 'PASS', 1000000, 0);
INSERT INTO l1.reconciliation_control (reconciliation_control_id, control_name, source_system_id, created_ts, updated_ts, actual_value, check_name, check_type, executed_ts, expected_value, owner_id, recon_id, remediation_ticket_id, report_code, run_version_id, status, tolerance_value, variance_value) VALUES (2, 'GL to Sub-Ledger Recon', 2, '2024-06-15', '2024-06-15 12:00:00', 150000000000, 'GL Sub-Ledger Tie-Out', 'BALANCE', '2025-02-01 06:00:00', 150000000000, 2, 2, 0, 'FFIEC031', 1, 'PASS', 500000, 0);
INSERT INTO l1.reconciliation_control (reconciliation_control_id, control_name, source_system_id, created_ts, updated_ts, actual_value, check_name, check_type, executed_ts, expected_value, owner_id, recon_id, remediation_ticket_id, report_code, run_version_id, status, tolerance_value, variance_value) VALUES (3, 'Commitment Recon', 3, '2024-06-15', '2024-06-15 12:00:00', 45000000000, 'Unfunded Commitment Match', 'BALANCE', '2025-02-01 06:00:00', 45000000000, 3, 3, 0, 'FRY14Q', 1, 'PASS', 100000, 0);
INSERT INTO l1.reconciliation_control (reconciliation_control_id, control_name, source_system_id, created_ts, updated_ts, actual_value, check_name, check_type, executed_ts, expected_value, owner_id, recon_id, remediation_ticket_id, report_code, run_version_id, status, tolerance_value, variance_value) VALUES (4, 'Collateral Valuation Recon', 4, '2024-06-15', '2024-06-15 12:00:00', 25000000000, 'Collateral MV Reconciliation', 'VALUATION', '2025-02-01 06:00:00', 25000000000, 4, 4, 0, 'FRY14Q', 1, 'PASS', 1000000, 0);
INSERT INTO l1.reconciliation_control (reconciliation_control_id, control_name, source_system_id, created_ts, updated_ts, actual_value, check_name, check_type, executed_ts, expected_value, owner_id, recon_id, remediation_ticket_id, report_code, run_version_id, status, tolerance_value, variance_value) VALUES (5, 'Counterparty Count Recon', 5, '2024-06-15', '2024-06-15 12:00:00', 10000, 'Counterparty Master Count', 'COUNT', '2025-02-01 06:00:00', 10000, 5, 5, 0, 'FRY14Q', 1, 'PASS', 5, 0);
INSERT INTO l1.reconciliation_control (reconciliation_control_id, control_name, source_system_id, created_ts, updated_ts, actual_value, check_name, check_type, executed_ts, expected_value, owner_id, recon_id, remediation_ticket_id, report_code, run_version_id, status, tolerance_value, variance_value) VALUES (6, 'Facility Count Recon', 6, '2024-06-15', '2024-06-15 12:00:00', 85000, 'Active Facility Count', 'COUNT', '2025-02-01 06:00:00', 85000, 6, 6, 0, 'FRY14Q', 1, 'PASS', 10, 0);
INSERT INTO l1.reconciliation_control (reconciliation_control_id, control_name, source_system_id, created_ts, updated_ts, actual_value, check_name, check_type, executed_ts, expected_value, owner_id, recon_id, remediation_ticket_id, report_code, run_version_id, status, tolerance_value, variance_value) VALUES (7, 'Interest Accrual Recon', 7, '2024-06-15', '2024-06-15 12:00:00', 500125000, 'Interest Accrual Variance', 'VARIANCE', '2025-02-01 06:00:00', 500000000, 7, 7, 0, 'FFIEC031', 1, 'WARNING', 250000, 125000);
INSERT INTO l1.reconciliation_control (reconciliation_control_id, control_name, source_system_id, created_ts, updated_ts, actual_value, check_name, check_type, executed_ts, expected_value, owner_id, recon_id, remediation_ticket_id, report_code, run_version_id, status, tolerance_value, variance_value) VALUES (8, 'RWA Recon', 8, '2024-06-15', '2024-06-15 12:00:00', 800000000000, 'RWA Source-to-Report', 'BALANCE', '2025-02-01 06:00:00', 800000000000, 8, 8, 0, 'FRY9C', 1, 'PASS', 5000000, 0);
INSERT INTO l1.reconciliation_control (reconciliation_control_id, control_name, source_system_id, created_ts, updated_ts, actual_value, check_name, check_type, executed_ts, expected_value, owner_id, recon_id, remediation_ticket_id, report_code, run_version_id, status, tolerance_value, variance_value) VALUES (9, 'Allowance Recon', 9, '2024-06-15', '2024-06-15 12:00:00', 3500000000, 'CECL Allowance Match', 'BALANCE', '2025-02-01 06:00:00', 3500000000, 9, 9, 0, 'FFIEC031', 1, 'PASS', 100000, 0);
INSERT INTO l1.reconciliation_control (reconciliation_control_id, control_name, source_system_id, created_ts, updated_ts, actual_value, check_name, check_type, executed_ts, expected_value, owner_id, recon_id, remediation_ticket_id, report_code, run_version_id, status, tolerance_value, variance_value) VALUES (10, 'FX Position Recon', 10, '2024-06-15', '2024-06-15 12:00:00', 150000, 'FX Net Open Position', 'BALANCE', '2025-02-01 06:00:00', 0, 10, 10, 1001, 'FFIEC031', 1, 'FAIL', 50000, 150000);

-- regulatory_mapping (10 rows)
INSERT INTO l1.regulatory_mapping (regulatory_mapping_id, mapping_code, jurisdiction_code, created_ts, updated_ts, calculation_rule_id, effective_end_date, effective_start_date, line_item_code, mapping_id, mdrm_id, metric_name, notes, relationship_type, report_code, schedule_code, source_mdrm_code, source_report_code, source_system_id, target_mdrm_code, target_report_code, tolerance_pct, transformation_rule) VALUES (1, 'RM-001', 'US_FED', '2024-06-15', '2024-06-15 12:00:00', 1, '9999-12-31', '2024-01-01', 'RCON2122', 1, 1, 'C&I Loans Domestic', 'Direct map from GL to Call Report Schedule RC-C', 'DIRECT', 'FFIEC031', 'RC_C', 'RCON2122', 'GL', 10, 'RCON2122', 'FFIEC031', 0.01, 'PASSTHROUGH');
INSERT INTO l1.regulatory_mapping (regulatory_mapping_id, mapping_code, jurisdiction_code, created_ts, updated_ts, calculation_rule_id, effective_end_date, effective_start_date, line_item_code, mapping_id, mdrm_id, metric_name, notes, relationship_type, report_code, schedule_code, source_mdrm_code, source_report_code, source_system_id, target_mdrm_code, target_report_code, tolerance_pct, transformation_rule) VALUES (2, 'RM-002', 'US_FED', '2024-06-15', '2024-06-15 12:00:00', 2, '9999-12-31', '2024-01-01', 'RCON2123', 2, 2, 'C&I Loans Foreign', 'Direct map — foreign C&I loans', 'DIRECT', 'FFIEC031', 'RC_C', 'RCON2123', 'GL', 10, 'RCON2123', 'FFIEC031', 0.01, 'PASSTHROUGH');
INSERT INTO l1.regulatory_mapping (regulatory_mapping_id, mapping_code, jurisdiction_code, created_ts, updated_ts, calculation_rule_id, effective_end_date, effective_start_date, line_item_code, mapping_id, mdrm_id, metric_name, notes, relationship_type, report_code, schedule_code, source_mdrm_code, source_report_code, source_system_id, target_mdrm_code, target_report_code, tolerance_pct, transformation_rule) VALUES (3, 'RM-003', 'US_FED', '2024-06-15', '2024-06-15 12:00:00', 3, '9999-12-31', '2024-01-01', 'RCON3123', 3, 3, 'CRE Loans', 'CRE loans per FFIEC instructions', 'DIRECT', 'FFIEC031', 'RC_C', 'RCON3123', 'GL', 10, 'RCON3123', 'FFIEC031', 0.01, 'PASSTHROUGH');
INSERT INTO l1.regulatory_mapping (regulatory_mapping_id, mapping_code, jurisdiction_code, created_ts, updated_ts, calculation_rule_id, effective_end_date, effective_start_date, line_item_code, mapping_id, mdrm_id, metric_name, notes, relationship_type, report_code, schedule_code, source_mdrm_code, source_report_code, source_system_id, target_mdrm_code, target_report_code, tolerance_pct, transformation_rule) VALUES (4, 'RM-004', 'US_FED', '2024-06-15', '2024-06-15 12:00:00', 4, '9999-12-31', '2024-01-01', 'RCON3128', 4, 4, 'Residential Mortgage', 'Residential mortgage per Schedule RC-C', 'DIRECT', 'FFIEC031', 'RC_C', 'RCON3128', 'GL', 10, 'RCON3128', 'FFIEC031', 0.01, 'PASSTHROUGH');
INSERT INTO l1.regulatory_mapping (regulatory_mapping_id, mapping_code, jurisdiction_code, created_ts, updated_ts, calculation_rule_id, effective_end_date, effective_start_date, line_item_code, mapping_id, mdrm_id, metric_name, notes, relationship_type, report_code, schedule_code, source_mdrm_code, source_report_code, source_system_id, target_mdrm_code, target_report_code, tolerance_pct, transformation_rule) VALUES (5, 'RM-005', 'US_FED', '2024-06-15', '2024-06-15 12:00:00', 5, '9999-12-31', '2024-01-01', 'BHCK2170', 5, 5, 'Total Assets', 'Sum of all asset accounts for FR Y-9C RC', 'AGGREGATION', 'FRY9C', 'RC', 'BHCK2170', 'GL', 10, 'BHCK2170', 'FRY9C', 0.001, 'SUM');
INSERT INTO l1.regulatory_mapping (regulatory_mapping_id, mapping_code, jurisdiction_code, created_ts, updated_ts, calculation_rule_id, effective_end_date, effective_start_date, line_item_code, mapping_id, mdrm_id, metric_name, notes, relationship_type, report_code, schedule_code, source_mdrm_code, source_report_code, source_system_id, target_mdrm_code, target_report_code, tolerance_pct, transformation_rule) VALUES (6, 'RM-006', 'US_FED', '2024-06-15', '2024-06-15 12:00:00', 6, '9999-12-31', '2024-01-01', 'BHCKB993', 6, 6, 'Tier 1 Capital', 'CET1 + AT1 capital calculation', 'CALCULATION', 'FRY9C', 'RC_R', 'BHCKB993', 'CAPITAL_CALC', 10, 'BHCKB993', 'FRY9C', 0.001, 'FORMULA');
INSERT INTO l1.regulatory_mapping (regulatory_mapping_id, mapping_code, jurisdiction_code, created_ts, updated_ts, calculation_rule_id, effective_end_date, effective_start_date, line_item_code, mapping_id, mdrm_id, metric_name, notes, relationship_type, report_code, schedule_code, source_mdrm_code, source_report_code, source_system_id, target_mdrm_code, target_report_code, tolerance_pct, transformation_rule) VALUES (7, 'RM-007', 'US_FED', '2024-06-15', '2024-06-15 12:00:00', 7, '9999-12-31', '2024-01-01', 'BHCK3210', 7, 7, 'Total Risk-Based Capital', 'Tier 1 + Tier 2 total risk-based capital', 'CALCULATION', 'FRY9C', 'RC_R', 'BHCK3210', 'CAPITAL_CALC', 10, 'BHCK3210', 'FRY9C', 0.001, 'FORMULA');
INSERT INTO l1.regulatory_mapping (regulatory_mapping_id, mapping_code, jurisdiction_code, created_ts, updated_ts, calculation_rule_id, effective_end_date, effective_start_date, line_item_code, mapping_id, mdrm_id, metric_name, notes, relationship_type, report_code, schedule_code, source_mdrm_code, source_report_code, source_system_id, target_mdrm_code, target_report_code, tolerance_pct, transformation_rule) VALUES (8, 'RM-008', 'US_FED', '2024-06-15', '2024-06-15 12:00:00', 8, '9999-12-31', '2024-01-01', 'BHCKA223', 8, 8, 'Total RWA', 'Total RWA from risk engine', 'CALCULATION', 'FRY9C', 'RC_R', 'BHCKA223', 'RWA_ENGINE', 10, 'BHCKA223', 'FRY9C', 0.001, 'FORMULA');
INSERT INTO l1.regulatory_mapping (regulatory_mapping_id, mapping_code, jurisdiction_code, created_ts, updated_ts, calculation_rule_id, effective_end_date, effective_start_date, line_item_code, mapping_id, mdrm_id, metric_name, notes, relationship_type, report_code, schedule_code, source_mdrm_code, source_report_code, source_system_id, target_mdrm_code, target_report_code, tolerance_pct, transformation_rule) VALUES (9, 'RM-009', 'US_FED', '2024-06-15', '2024-06-15 12:00:00', 9, '9999-12-31', '2024-01-01', 'BHCKC880', 9, 9, 'CECL Allowance', 'Current expected credit loss provision', 'DIRECT', 'FFIEC031', 'RC_C', 'BHCKC880', 'CECL_ENGINE', 10, 'BHCKC880', 'FFIEC031', 0.01, 'PASSTHROUGH');
INSERT INTO l1.regulatory_mapping (regulatory_mapping_id, mapping_code, jurisdiction_code, created_ts, updated_ts, calculation_rule_id, effective_end_date, effective_start_date, line_item_code, mapping_id, mdrm_id, metric_name, notes, relationship_type, report_code, schedule_code, source_mdrm_code, source_report_code, source_system_id, target_mdrm_code, target_report_code, tolerance_pct, transformation_rule) VALUES (10, 'RM-010', 'US_FED', '2024-06-15', '2024-06-15 12:00:00', 10, '9999-12-31', '2024-01-01', 'BHCK4230', 10, 10, 'Net Income', 'Aggregate net income line items', 'AGGREGATION', 'FRY9C', 'RI', 'BHCK4230', 'GL', 10, 'BHCK4230', 'FRY9C', 0.001, 'SUM');

-- report_cell_definition (10 rows)
INSERT INTO l1.report_cell_definition (report_cell_id, report_id, cell_code, cell_definition, created_ts, updated_ts, active_flag, calculation_rule_id, cell_datatype, cell_id, cell_name, is_derived_flag, line_item_code, report_code, schedule_code, uom) VALUES (1, 1, 'RC_C_1A', 'SUM(loan_balance) WHERE counterparty_type = C&I AND domicile = DOMESTIC', '2024-06-15', '2024-06-15 12:00:00', 'Y', 1, 'DECIMAL', 1, 'C&I Loans Domestic', 'N', 'RCON2122', 'FFIEC031', 'RC_C', 'UNITS');
INSERT INTO l1.report_cell_definition (report_cell_id, report_id, cell_code, cell_definition, created_ts, updated_ts, active_flag, calculation_rule_id, cell_datatype, cell_id, cell_name, is_derived_flag, line_item_code, report_code, schedule_code, uom) VALUES (2, 2, 'RC_C_1B', 'SUM(loan_balance) WHERE counterparty_type = C&I AND domicile = FOREIGN', '2024-06-15', '2024-06-15 12:00:00', 'Y', 2, 'DECIMAL', 2, 'C&I Loans Foreign', 'N', 'RCON2123', 'FFIEC031', 'RC_C', 'UNITS');
INSERT INTO l1.report_cell_definition (report_cell_id, report_id, cell_code, cell_definition, created_ts, updated_ts, active_flag, calculation_rule_id, cell_datatype, cell_id, cell_name, is_derived_flag, line_item_code, report_code, schedule_code, uom) VALUES (3, 3, 'RC_C_2A', 'SUM(loan_balance) WHERE collateral_type = CRE AND secured = Y', '2024-06-15', '2024-06-15 12:00:00', 'Y', 3, 'DECIMAL', 3, 'CRE Loans Secured', 'N', 'RCON3123', 'FFIEC031', 'RC_C', 'UNITS');
INSERT INTO l1.report_cell_definition (report_cell_id, report_id, cell_code, cell_definition, created_ts, updated_ts, active_flag, calculation_rule_id, cell_datatype, cell_id, cell_name, is_derived_flag, line_item_code, report_code, schedule_code, uom) VALUES (4, 4, 'RC_C_2B', 'SUM(loan_balance) WHERE collateral_type = CRE AND secured = N', '2024-06-15', '2024-06-15 12:00:00', 'Y', 4, 'DECIMAL', 4, 'CRE Loans Unsecured', 'N', 'RCON3128', 'FFIEC031', 'RC_C', 'UNITS');
INSERT INTO l1.report_cell_definition (report_cell_id, report_id, cell_code, cell_definition, created_ts, updated_ts, active_flag, calculation_rule_id, cell_datatype, cell_id, cell_name, is_derived_flag, line_item_code, report_code, schedule_code, uom) VALUES (5, 5, 'RC_1', 'SUM(asset_accounts)', '2024-06-15', '2024-06-15 12:00:00', 'Y', 5, 'DECIMAL', 5, 'Total Assets', 'Y', 'BHCK2170', 'FRY9C', 'RC', 'UNITS');
INSERT INTO l1.report_cell_definition (report_cell_id, report_id, cell_code, cell_definition, created_ts, updated_ts, active_flag, calculation_rule_id, cell_datatype, cell_id, cell_name, is_derived_flag, line_item_code, report_code, schedule_code, uom) VALUES (6, 6, 'RC_R_1', 'common_equity - goodwill - intangibles + AOCI_adjustment', '2024-06-15', '2024-06-15 12:00:00', 'Y', 6, 'DECIMAL', 6, 'CET1 Capital', 'Y', 'BHCKB993', 'FRY9C', 'RC_R', 'UNITS');
INSERT INTO l1.report_cell_definition (report_cell_id, report_id, cell_code, cell_definition, created_ts, updated_ts, active_flag, calculation_rule_id, cell_datatype, cell_id, cell_name, is_derived_flag, line_item_code, report_code, schedule_code, uom) VALUES (7, 7, 'RC_R_2', 'CET1 + additional_tier1', '2024-06-15', '2024-06-15 12:00:00', 'Y', 7, 'DECIMAL', 7, 'Tier 1 Capital', 'Y', 'BHCK3210', 'FRY9C', 'RC_R', 'UNITS');
INSERT INTO l1.report_cell_definition (report_cell_id, report_id, cell_code, cell_definition, created_ts, updated_ts, active_flag, calculation_rule_id, cell_datatype, cell_id, cell_name, is_derived_flag, line_item_code, report_code, schedule_code, uom) VALUES (8, 8, 'RC_R_3', 'tier1 + tier2', '2024-06-15', '2024-06-15 12:00:00', 'Y', 8, 'DECIMAL', 8, 'Total RBC', 'Y', 'BHCKA223', 'FRY9C', 'RC_R', 'UNITS');
INSERT INTO l1.report_cell_definition (report_cell_id, report_id, cell_code, cell_definition, created_ts, updated_ts, active_flag, calculation_rule_id, cell_datatype, cell_id, cell_name, is_derived_flag, line_item_code, report_code, schedule_code, uom) VALUES (9, 9, 'RC_C_3', 'SUM(cecl_allowance)', '2024-06-15', '2024-06-15 12:00:00', 'Y', 9, 'DECIMAL', 9, 'CECL Allowance Balance', 'N', 'BHCKC880', 'FFIEC031', 'RC_C', 'UNITS');
INSERT INTO l1.report_cell_definition (report_cell_id, report_id, cell_code, cell_definition, created_ts, updated_ts, active_flag, calculation_rule_id, cell_datatype, cell_id, cell_name, is_derived_flag, line_item_code, report_code, schedule_code, uom) VALUES (10, 10, 'RI_1', 'interest_income - interest_expense', '2024-06-15', '2024-06-15 12:00:00', 'Y', 10, 'DECIMAL', 10, 'Net Interest Income', 'Y', 'BHCK4074', 'FRY9C', 'RI', 'UNITS');

-- rating_mapping (10 rows)
INSERT INTO l1.rating_mapping (rating_mapping_id, rating_scale_id, rating_source_id, external_rating, internal_grade_id, created_ts, updated_ts, approved_by, approved_ts, effective_from_date, effective_to_date, is_current, mapping_method, model_id, rating_grade_code, source_rating_code, source_system_id) VALUES (1, 1, 1, 'AAA', 1, '2024-06-15', '2024-06-15 12:00:00', 'M.WILLIAMS', '2024-06-01 10:00:00', '2024-01-01', '9999-12-31', 'Y', 'DIRECT_MAP', 1, '1', 'AAA', 7);
INSERT INTO l1.rating_mapping (rating_mapping_id, rating_scale_id, rating_source_id, external_rating, internal_grade_id, created_ts, updated_ts, approved_by, approved_ts, effective_from_date, effective_to_date, is_current, mapping_method, model_id, rating_grade_code, source_rating_code, source_system_id) VALUES (2, 2, 2, 'AA+', 2, '2024-06-15', '2024-06-15 12:00:00', 'M.WILLIAMS', '2024-06-01 10:00:00', '2024-01-01', '9999-12-31', 'Y', 'DIRECT_MAP', 2, '2', 'Aa1', 7);
INSERT INTO l1.rating_mapping (rating_mapping_id, rating_scale_id, rating_source_id, external_rating, internal_grade_id, created_ts, updated_ts, approved_by, approved_ts, effective_from_date, effective_to_date, is_current, mapping_method, model_id, rating_grade_code, source_rating_code, source_system_id) VALUES (3, 3, 3, 'AA', 3, '2024-06-15', '2024-06-15 12:00:00', 'M.WILLIAMS', '2024-06-01 10:00:00', '2024-01-01', '9999-12-31', 'Y', 'DIRECT_MAP', 3, '3', 'AA', 7);
INSERT INTO l1.rating_mapping (rating_mapping_id, rating_scale_id, rating_source_id, external_rating, internal_grade_id, created_ts, updated_ts, approved_by, approved_ts, effective_from_date, effective_to_date, is_current, mapping_method, model_id, rating_grade_code, source_rating_code, source_system_id) VALUES (4, 4, 4, 'A+', 4, '2024-06-15', '2024-06-15 12:00:00', 'R.JOHNSON', '2024-06-01 10:00:00', '2024-01-01', '9999-12-31', 'Y', 'DIRECT_MAP', 4, '4', 'A+', 7);
INSERT INTO l1.rating_mapping (rating_mapping_id, rating_scale_id, rating_source_id, external_rating, internal_grade_id, created_ts, updated_ts, approved_by, approved_ts, effective_from_date, effective_to_date, is_current, mapping_method, model_id, rating_grade_code, source_rating_code, source_system_id) VALUES (5, 5, 5, 'A', 5, '2024-06-15', '2024-06-15 12:00:00', 'R.JOHNSON', '2024-06-01 10:00:00', '2024-01-01', '9999-12-31', 'Y', 'DIRECT_MAP', 5, '5', 'A2', 7);
INSERT INTO l1.rating_mapping (rating_mapping_id, rating_scale_id, rating_source_id, external_rating, internal_grade_id, created_ts, updated_ts, approved_by, approved_ts, effective_from_date, effective_to_date, is_current, mapping_method, model_id, rating_grade_code, source_rating_code, source_system_id) VALUES (6, 6, 6, 'BBB+', 6, '2024-06-15', '2024-06-15 12:00:00', 'R.JOHNSON', '2024-06-01 10:00:00', '2024-01-01', '9999-12-31', 'Y', 'DIRECT_MAP', 6, '6', 'BBB+', 7);
INSERT INTO l1.rating_mapping (rating_mapping_id, rating_scale_id, rating_source_id, external_rating, internal_grade_id, created_ts, updated_ts, approved_by, approved_ts, effective_from_date, effective_to_date, is_current, mapping_method, model_id, rating_grade_code, source_rating_code, source_system_id) VALUES (7, 7, 7, 'BBB', 7, '2024-06-15', '2024-06-15 12:00:00', 'S.CHEN', '2024-06-01 10:00:00', '2024-01-01', '9999-12-31', 'Y', 'DIRECT_MAP', 7, '7', 'Baa2', 7);
INSERT INTO l1.rating_mapping (rating_mapping_id, rating_scale_id, rating_source_id, external_rating, internal_grade_id, created_ts, updated_ts, approved_by, approved_ts, effective_from_date, effective_to_date, is_current, mapping_method, model_id, rating_grade_code, source_rating_code, source_system_id) VALUES (8, 8, 8, 'BBB-', 8, '2024-06-15', '2024-06-15 12:00:00', 'S.CHEN', '2024-06-01 10:00:00', '2024-01-01', '9999-12-31', 'Y', 'DIRECT_MAP', 8, '8', 'BBB-', 7);
INSERT INTO l1.rating_mapping (rating_mapping_id, rating_scale_id, rating_source_id, external_rating, internal_grade_id, created_ts, updated_ts, approved_by, approved_ts, effective_from_date, effective_to_date, is_current, mapping_method, model_id, rating_grade_code, source_rating_code, source_system_id) VALUES (9, 9, 9, 'BB+', 9, '2024-06-15', '2024-06-15 12:00:00', 'A.GARCIA', '2024-06-01 10:00:00', '2024-01-01', '9999-12-31', 'Y', 'MODEL_BASED', 9, '9', 'Ba1', 7);
INSERT INTO l1.rating_mapping (rating_mapping_id, rating_scale_id, rating_source_id, external_rating, internal_grade_id, created_ts, updated_ts, approved_by, approved_ts, effective_from_date, effective_to_date, is_current, mapping_method, model_id, rating_grade_code, source_rating_code, source_system_id) VALUES (10, 10, 10, 'BB', 10, '2024-06-15', '2024-06-15 12:00:00', 'A.GARCIA', '2024-06-01 10:00:00', '2024-01-01', '9999-12-31', 'Y', 'MODEL_BASED', 10, '10', 'BB', 7);

-- scenario_dim (10 rows)
INSERT INTO l1.scenario_dim (scenario_id, scenario_code, scenario_name, scenario_type, source_system_id, created_ts, updated_ts, description, is_active, regulatory_scenario_code, scenario_end_date, scenario_horizon_months, scenario_start_date, shock_parameters_json) VALUES (1, 'BASE', 'CCAR Baseline', 'REGULATORY', 1, '2024-06-15', '2024-06-15 12:00:00', 'Federal Reserve CCAR baseline economic scenario', 'Y', 'CCAR_BASE', '2027-09-30', 9, '2025-01-01', '{"gdp_growth":-0.5,"unemployment":5.5}');
INSERT INTO l1.scenario_dim (scenario_id, scenario_code, scenario_name, scenario_type, source_system_id, created_ts, updated_ts, description, is_active, regulatory_scenario_code, scenario_end_date, scenario_horizon_months, scenario_start_date, shock_parameters_json) VALUES (2, 'ADV', 'CCAR Adverse', 'REGULATORY', 2, '2024-06-15', '2024-06-15 12:00:00', 'Federal Reserve CCAR adverse scenario', 'Y', 'CCAR_ADV', '2027-09-30', 9, '2025-01-01', '{"gdp_growth":-3.0,"unemployment":8.5}');
INSERT INTO l1.scenario_dim (scenario_id, scenario_code, scenario_name, scenario_type, source_system_id, created_ts, updated_ts, description, is_active, regulatory_scenario_code, scenario_end_date, scenario_horizon_months, scenario_start_date, shock_parameters_json) VALUES (3, 'SEV_ADV', 'CCAR Severely Adverse', 'REGULATORY', 3, '2024-06-15', '2024-06-15 12:00:00', 'Federal Reserve CCAR severely adverse scenario', 'Y', 'CCAR_SEV', '2027-09-30', 9, '2025-01-01', '{"gdp_growth":-6.0,"unemployment":12.0}');
INSERT INTO l1.scenario_dim (scenario_id, scenario_code, scenario_name, scenario_type, source_system_id, created_ts, updated_ts, description, is_active, regulatory_scenario_code, scenario_end_date, scenario_horizon_months, scenario_start_date, shock_parameters_json) VALUES (4, 'MGMT_CUSTOM', 'Custom Management Scenario', 'MANAGEMENT', 4, '2024-06-15', '2024-06-15 12:00:00', 'Internal management stress scenario', 'Y', 'NA', '2025-12-31', 4, '2025-01-01', '{"gdp_growth":-2.0,"unemployment":7.0}');
INSERT INTO l1.scenario_dim (scenario_id, scenario_code, scenario_name, scenario_type, source_system_id, created_ts, updated_ts, description, is_active, regulatory_scenario_code, scenario_end_date, scenario_horizon_months, scenario_start_date, shock_parameters_json) VALUES (5, 'HIST_GFC', 'Historical GFC Replay', 'HISTORICAL', 5, '2024-06-15', '2024-06-15 12:00:00', 'Replay of 2008-2009 Global Financial Crisis', 'Y', 'NA', '2010-04-30', 8, '2008-09-01', '{"gdp_growth":-4.3,"unemployment":10.0}');
INSERT INTO l1.scenario_dim (scenario_id, scenario_code, scenario_name, scenario_type, source_system_id, created_ts, updated_ts, description, is_active, regulatory_scenario_code, scenario_end_date, scenario_horizon_months, scenario_start_date, shock_parameters_json) VALUES (6, 'HIST_COVID', 'Historical COVID Replay', 'HISTORICAL', 6, '2024-06-15', '2024-06-15 12:00:00', 'Replay of 2020 COVID-19 pandemic shock', 'Y', 'NA', '2021-06-30', 4, '2020-03-01', '{"gdp_growth":-3.5,"unemployment":14.7}');
INSERT INTO l1.scenario_dim (scenario_id, scenario_code, scenario_name, scenario_type, source_system_id, created_ts, updated_ts, description, is_active, regulatory_scenario_code, scenario_end_date, scenario_horizon_months, scenario_start_date, shock_parameters_json) VALUES (7, 'RATE_UP300', 'Interest Rate +300bp Shock', 'SENSITIVITY', 7, '2024-06-15', '2024-06-15 12:00:00', 'Parallel shift +300bp across yield curve', 'Y', 'NA', '2025-12-31', 4, '2025-01-01', '{"rate_shift_bps":300}');
INSERT INTO l1.scenario_dim (scenario_id, scenario_code, scenario_name, scenario_type, source_system_id, created_ts, updated_ts, description, is_active, regulatory_scenario_code, scenario_end_date, scenario_horizon_months, scenario_start_date, shock_parameters_json) VALUES (8, 'RATE_DN200', 'Interest Rate -200bp Shock', 'SENSITIVITY', 8, '2024-06-15', '2024-06-15 12:00:00', 'Parallel shift -200bp across yield curve', 'Y', 'NA', '2025-12-31', 4, '2025-01-01', '{"rate_shift_bps":-200}');
INSERT INTO l1.scenario_dim (scenario_id, scenario_code, scenario_name, scenario_type, source_system_id, created_ts, updated_ts, description, is_active, regulatory_scenario_code, scenario_end_date, scenario_horizon_months, scenario_start_date, shock_parameters_json) VALUES (9, 'CRE_STRESS', 'CRE Downturn Scenario', 'SECTOR', 9, '2024-06-15', '2024-06-15 12:00:00', 'CRE sector-specific downturn scenario', 'Y', 'NA', '2025-12-31', 4, '2025-01-01', '{"cre_price_decline":-0.35}');
INSERT INTO l1.scenario_dim (scenario_id, scenario_code, scenario_name, scenario_type, source_system_id, created_ts, updated_ts, description, is_active, regulatory_scenario_code, scenario_end_date, scenario_horizon_months, scenario_start_date, shock_parameters_json) VALUES (10, 'IDIO_SNGL', 'Idiosyncratic Single-Name Stress', 'IDIOSYNCRATIC', 10, '2024-06-15', '2024-06-15 12:00:00', 'Concentrated single-name default stress', 'Y', 'NA', '2025-03-31', 1, '2025-01-01', '{"default_name":"TopExposure","lgd":0.60}');

-- Collateral asset master patch: IDs 151-405 (FK fix for l2.collateral_snapshot)
-- Missing collateral_asset_master rows (IDs 151-405)
-- Generated to satisfy FK from l2.collateral_snapshot

INSERT INTO l1.collateral_asset_master (collateral_asset_id, collateral_type_id, counterparty_id, country_code, currency_code, legal_entity_id, charge_type, collateral_asset_type, collateral_id, collateral_status, description, insurance_expiry_date, insurance_flag, lien_priority, location_country_code, location_description, maturity_date, original_cost, regulatory_eligible_flag, revaluation_frequency, source_record_id, updated_ts, valuation_currency_code, vintage_date, effective_start_date, effective_end_date, is_current_flag, created_ts) VALUES (151, 1, 47, 'IE', 'USD', 2, 'FIRST_LIEN', 'CASH_DEPOSIT', 151, 'ACTIVE', 'Cash deposit held at custodian bank', '2026-12-31', 'Y', 1, 'IE', 'Cash deposit held at custodian bank', '2027-06-30', 60000000.00, 'Y', 'MONTHLY', 151, CURRENT_TIMESTAMP, 'USD', '2023-01-15', '2024-01-01', NULL, 'Y', CURRENT_TIMESTAMP);
INSERT INTO l1.collateral_asset_master (collateral_asset_id, collateral_type_id, counterparty_id, country_code, currency_code, legal_entity_id, charge_type, collateral_asset_type, collateral_id, collateral_status, description, insurance_expiry_date, insurance_flag, lien_priority, location_country_code, location_description, maturity_date, original_cost, regulatory_eligible_flag, revaluation_frequency, source_record_id, updated_ts, valuation_currency_code, vintage_date, effective_start_date, effective_end_date, is_current_flag, created_ts) VALUES (152, 2, 47, 'LU', 'EUR', 3, 'SECOND_LIEN', 'UST_BONDS', 152, 'ACTIVE', 'US Treasury bonds portfolio', '2026-12-31', 'Y', 2, 'LU', 'US Treasury bonds portfolio', '2027-06-30', 35000000.00, 'Y', 'QUARTERLY', 152, CURRENT_TIMESTAMP, 'EUR', '2023-01-15', '2024-01-01', NULL, 'Y', CURRENT_TIMESTAMP);
INSERT INTO l1.collateral_asset_master (collateral_asset_id, collateral_type_id, counterparty_id, country_code, currency_code, legal_entity_id, charge_type, collateral_asset_type, collateral_id, collateral_status, description, insurance_expiry_date, insurance_flag, lien_priority, location_country_code, location_description, maturity_date, original_cost, regulatory_eligible_flag, revaluation_frequency, source_record_id, updated_ts, valuation_currency_code, vintage_date, effective_start_date, effective_end_date, is_current_flag, created_ts) VALUES (153, 3, 47, 'HK', 'GBP', 4, 'FIRST_LIEN', 'CORP_BOND_IG', 153, 'ACTIVE', 'Investment-grade corporate bond basket', '2026-12-31', 'Y', 3, 'HK', 'Investment-grade corporate bond basket', '2027-06-30', 22000000.00, 'Y', 'SEMI_ANNUAL', 153, CURRENT_TIMESTAMP, 'GBP', '2023-01-15', '2024-01-01', NULL, 'Y', CURRENT_TIMESTAMP);
INSERT INTO l1.collateral_asset_master (collateral_asset_id, collateral_type_id, counterparty_id, country_code, currency_code, legal_entity_id, charge_type, collateral_asset_type, collateral_id, collateral_status, description, insurance_expiry_date, insurance_flag, lien_priority, location_country_code, location_description, maturity_date, original_cost, regulatory_eligible_flag, revaluation_frequency, source_record_id, updated_ts, valuation_currency_code, vintage_date, effective_start_date, effective_end_date, is_current_flag, created_ts) VALUES (154, 4, 48, 'KR', 'CHF', 5, 'PLEDGE', 'LISTED_EQUITY', 154, 'ACTIVE', 'Listed equity portfolio - large cap', '2026-12-31', 'Y', 1, 'KR', 'Listed equity portfolio - large cap', '2027-06-30', 18000000.00, 'Y', 'ANNUAL', 154, CURRENT_TIMESTAMP, 'CHF', '2023-01-15', '2024-01-01', NULL, 'Y', CURRENT_TIMESTAMP);
INSERT INTO l1.collateral_asset_master (collateral_asset_id, collateral_type_id, counterparty_id, country_code, currency_code, legal_entity_id, charge_type, collateral_asset_type, collateral_id, collateral_status, description, insurance_expiry_date, insurance_flag, lien_priority, location_country_code, location_description, maturity_date, original_cost, regulatory_eligible_flag, revaluation_frequency, source_record_id, updated_ts, valuation_currency_code, vintage_date, effective_start_date, effective_end_date, is_current_flag, created_ts) VALUES (155, 5, 48, 'SE', 'JPY', 6, 'FIRST_MORTGAGE', 'COMMERCIAL_RE', 155, 'ACTIVE', 'Commercial real estate - office building', '2026-12-31', 'Y', 2, 'SE', 'Commercial real estate - office building', '2027-06-30', 90000000.00, 'Y', 'QUARTERLY', 155, CURRENT_TIMESTAMP, 'JPY', '2023-01-15', '2024-01-01', NULL, 'Y', CURRENT_TIMESTAMP);
INSERT INTO l1.collateral_asset_master (collateral_asset_id, collateral_type_id, counterparty_id, country_code, currency_code, legal_entity_id, charge_type, collateral_asset_type, collateral_id, collateral_status, description, insurance_expiry_date, insurance_flag, lien_priority, location_country_code, location_description, maturity_date, original_cost, regulatory_eligible_flag, revaluation_frequency, source_record_id, updated_ts, valuation_currency_code, vintage_date, effective_start_date, effective_end_date, is_current_flag, created_ts) VALUES (156, 6, 48, 'NO', 'CAD', 7, 'FLOATING_CHARGE', 'TRADE_RECEIVABLES', 156, 'ACTIVE', 'Trade receivables pool', NULL, 'N', 3, 'NO', 'Trade receivables pool', '2027-06-30', 12000000.00, 'Y', 'MONTHLY', 156, CURRENT_TIMESTAMP, 'CAD', '2023-01-15', '2024-01-01', NULL, 'Y', CURRENT_TIMESTAMP);
INSERT INTO l1.collateral_asset_master (collateral_asset_id, collateral_type_id, counterparty_id, country_code, currency_code, legal_entity_id, charge_type, collateral_asset_type, collateral_id, collateral_status, description, insurance_expiry_date, insurance_flag, lien_priority, location_country_code, location_description, maturity_date, original_cost, regulatory_eligible_flag, revaluation_frequency, source_record_id, updated_ts, valuation_currency_code, vintage_date, effective_start_date, effective_end_date, is_current_flag, created_ts) VALUES (157, 7, 48, 'DK', 'AUD', 8, 'UNSECURED', 'PARENT_GUARANTEE', 157, 'ACTIVE', 'Parent company guarantee', NULL, 'N', 1, 'DK', 'Parent company guarantee', '2027-06-30', 0.00, 'Y', 'QUARTERLY', 157, CURRENT_TIMESTAMP, 'AUD', '2023-01-15', '2024-01-01', NULL, 'Y', CURRENT_TIMESTAMP);
INSERT INTO l1.collateral_asset_master (collateral_asset_id, collateral_type_id, counterparty_id, country_code, currency_code, legal_entity_id, charge_type, collateral_asset_type, collateral_id, collateral_status, description, insurance_expiry_date, insurance_flag, lien_priority, location_country_code, location_description, maturity_date, original_cost, regulatory_eligible_flag, revaluation_frequency, source_record_id, updated_ts, valuation_currency_code, vintage_date, effective_start_date, effective_end_date, is_current_flag, created_ts) VALUES (158, 8, 48, 'FI', 'CNY', 9, 'PLEDGE', 'GOLD_BULLION', 158, 'ACTIVE', 'Gold bullion held in vault', NULL, 'N', 2, 'FI', 'Gold bullion held in vault', '2027-06-30', 7500000.00, 'N', 'SEMI_ANNUAL', 158, CURRENT_TIMESTAMP, 'CNY', '2023-01-15', '2024-01-01', NULL, 'Y', CURRENT_TIMESTAMP);
INSERT INTO l1.collateral_asset_master (collateral_asset_id, collateral_type_id, counterparty_id, country_code, currency_code, legal_entity_id, charge_type, collateral_asset_type, collateral_id, collateral_status, description, insurance_expiry_date, insurance_flag, lien_priority, location_country_code, location_description, maturity_date, original_cost, regulatory_eligible_flag, revaluation_frequency, source_record_id, updated_ts, valuation_currency_code, vintage_date, effective_start_date, effective_end_date, is_current_flag, created_ts) VALUES (159, 9, 48, 'BE', 'HKD', 10, 'FLOATING_CHARGE', 'RAW_MATERIALS', 159, 'PENDING_VALUATION', 'Raw materials inventory', NULL, 'N', 3, 'BE', 'Raw materials inventory', '2027-06-30', 6000000.00, 'N', 'ANNUAL', 159, CURRENT_TIMESTAMP, 'HKD', '2023-01-15', '2024-01-01', NULL, 'Y', CURRENT_TIMESTAMP);
INSERT INTO l1.collateral_asset_master (collateral_asset_id, collateral_type_id, counterparty_id, country_code, currency_code, legal_entity_id, charge_type, collateral_asset_type, collateral_id, collateral_status, description, insurance_expiry_date, insurance_flag, lien_priority, location_country_code, location_description, maturity_date, original_cost, regulatory_eligible_flag, revaluation_frequency, source_record_id, updated_ts, valuation_currency_code, vintage_date, effective_start_date, effective_end_date, is_current_flag, created_ts) VALUES (160, 10, 49, 'AT', 'SGD', 1, 'FIRST_MORTGAGE', 'MANUFACTURING_EQUIP', 160, 'ACTIVE', 'Manufacturing equipment and plant', NULL, 'N', 1, 'AT', 'Manufacturing equipment and plant', '2027-06-30', 55000000.00, 'N', 'QUARTERLY', 160, CURRENT_TIMESTAMP, 'SGD', '2023-01-15', '2024-01-01', NULL, 'Y', CURRENT_TIMESTAMP);
INSERT INTO l1.collateral_asset_master (collateral_asset_id, collateral_type_id, counterparty_id, country_code, currency_code, legal_entity_id, charge_type, collateral_asset_type, collateral_id, collateral_status, description, insurance_expiry_date, insurance_flag, lien_priority, location_country_code, location_description, maturity_date, original_cost, regulatory_eligible_flag, revaluation_frequency, source_record_id, updated_ts, valuation_currency_code, vintage_date, effective_start_date, effective_end_date, is_current_flag, created_ts) VALUES (161, 1, 49, 'US', 'USD', 2, 'FIRST_LIEN', 'CASH_DEPOSIT', 161, 'ACTIVE', 'Cash deposit held at custodian bank', '2026-12-31', 'Y', 1, 'US', 'Cash deposit held at custodian bank', '2027-06-30', 50000000.00, 'Y', 'MONTHLY', 161, CURRENT_TIMESTAMP, 'USD', '2023-01-15', '2024-01-01', NULL, 'Y', CURRENT_TIMESTAMP);
INSERT INTO l1.collateral_asset_master (collateral_asset_id, collateral_type_id, counterparty_id, country_code, currency_code, legal_entity_id, charge_type, collateral_asset_type, collateral_id, collateral_status, description, insurance_expiry_date, insurance_flag, lien_priority, location_country_code, location_description, maturity_date, original_cost, regulatory_eligible_flag, revaluation_frequency, source_record_id, updated_ts, valuation_currency_code, vintage_date, effective_start_date, effective_end_date, is_current_flag, created_ts) VALUES (162, 2, 49, 'GB', 'EUR', 3, 'SECOND_LIEN', 'UST_BONDS', 162, 'ACTIVE', 'US Treasury bonds portfolio', '2026-12-31', 'Y', 2, 'GB', 'US Treasury bonds portfolio', '2027-06-30', 75000000.00, 'Y', 'QUARTERLY', 162, CURRENT_TIMESTAMP, 'EUR', '2023-01-15', '2024-01-01', NULL, 'Y', CURRENT_TIMESTAMP);
INSERT INTO l1.collateral_asset_master (collateral_asset_id, collateral_type_id, counterparty_id, country_code, currency_code, legal_entity_id, charge_type, collateral_asset_type, collateral_id, collateral_status, description, insurance_expiry_date, insurance_flag, lien_priority, location_country_code, location_description, maturity_date, original_cost, regulatory_eligible_flag, revaluation_frequency, source_record_id, updated_ts, valuation_currency_code, vintage_date, effective_start_date, effective_end_date, is_current_flag, created_ts) VALUES (163, 3, 49, 'DE', 'GBP', 4, 'FIRST_LIEN', 'CORP_BOND_IG', 163, 'ACTIVE', 'Investment-grade corporate bond basket', '2026-12-31', 'Y', 3, 'DE', 'Investment-grade corporate bond basket', '2027-06-30', 30000000.00, 'Y', 'SEMI_ANNUAL', 163, CURRENT_TIMESTAMP, 'GBP', '2023-01-15', '2024-01-01', NULL, 'Y', CURRENT_TIMESTAMP);
INSERT INTO l1.collateral_asset_master (collateral_asset_id, collateral_type_id, counterparty_id, country_code, currency_code, legal_entity_id, charge_type, collateral_asset_type, collateral_id, collateral_status, description, insurance_expiry_date, insurance_flag, lien_priority, location_country_code, location_description, maturity_date, original_cost, regulatory_eligible_flag, revaluation_frequency, source_record_id, updated_ts, valuation_currency_code, vintage_date, effective_start_date, effective_end_date, is_current_flag, created_ts) VALUES (164, 4, 49, 'FR', 'CHF', 5, 'PLEDGE', 'LISTED_EQUITY', 164, 'ACTIVE', 'Listed equity portfolio - large cap', '2026-12-31', 'Y', 1, 'FR', 'Listed equity portfolio - large cap', '2027-06-30', 20000000.00, 'Y', 'ANNUAL', 164, CURRENT_TIMESTAMP, 'CHF', '2023-01-15', '2024-01-01', NULL, 'Y', CURRENT_TIMESTAMP);
INSERT INTO l1.collateral_asset_master (collateral_asset_id, collateral_type_id, counterparty_id, country_code, currency_code, legal_entity_id, charge_type, collateral_asset_type, collateral_id, collateral_status, description, insurance_expiry_date, insurance_flag, lien_priority, location_country_code, location_description, maturity_date, original_cost, regulatory_eligible_flag, revaluation_frequency, source_record_id, updated_ts, valuation_currency_code, vintage_date, effective_start_date, effective_end_date, is_current_flag, created_ts) VALUES (165, 5, 49, 'JP', 'JPY', 6, 'FIRST_MORTGAGE', 'COMMERCIAL_RE', 165, 'ACTIVE', 'Commercial real estate - office building', '2026-12-31', 'Y', 2, 'JP', 'Commercial real estate - office building', '2027-06-30', 125000000.00, 'Y', 'QUARTERLY', 165, CURRENT_TIMESTAMP, 'JPY', '2023-01-15', '2024-01-01', NULL, 'Y', CURRENT_TIMESTAMP);
INSERT INTO l1.collateral_asset_master (collateral_asset_id, collateral_type_id, counterparty_id, country_code, currency_code, legal_entity_id, charge_type, collateral_asset_type, collateral_id, collateral_status, description, insurance_expiry_date, insurance_flag, lien_priority, location_country_code, location_description, maturity_date, original_cost, regulatory_eligible_flag, revaluation_frequency, source_record_id, updated_ts, valuation_currency_code, vintage_date, effective_start_date, effective_end_date, is_current_flag, created_ts) VALUES (166, 6, 50, 'CH', 'CAD', 7, 'FLOATING_CHARGE', 'TRADE_RECEIVABLES', 166, 'ACTIVE', 'Trade receivables pool', NULL, 'N', 3, 'CH', 'Trade receivables pool', '2027-06-30', 15000000.00, 'Y', 'MONTHLY', 166, CURRENT_TIMESTAMP, 'CAD', '2023-01-15', '2024-01-01', NULL, 'Y', CURRENT_TIMESTAMP);
INSERT INTO l1.collateral_asset_master (collateral_asset_id, collateral_type_id, counterparty_id, country_code, currency_code, legal_entity_id, charge_type, collateral_asset_type, collateral_id, collateral_status, description, insurance_expiry_date, insurance_flag, lien_priority, location_country_code, location_description, maturity_date, original_cost, regulatory_eligible_flag, revaluation_frequency, source_record_id, updated_ts, valuation_currency_code, vintage_date, effective_start_date, effective_end_date, is_current_flag, created_ts) VALUES (167, 7, 50, 'CA', 'AUD', 8, 'UNSECURED', 'PARENT_GUARANTEE', 167, 'ACTIVE', 'Parent company guarantee', NULL, 'N', 1, 'CA', 'Parent company guarantee', '2027-06-30', 0.00, 'Y', 'QUARTERLY', 167, CURRENT_TIMESTAMP, 'AUD', '2023-01-15', '2024-01-01', NULL, 'Y', CURRENT_TIMESTAMP);
INSERT INTO l1.collateral_asset_master (collateral_asset_id, collateral_type_id, counterparty_id, country_code, currency_code, legal_entity_id, charge_type, collateral_asset_type, collateral_id, collateral_status, description, insurance_expiry_date, insurance_flag, lien_priority, location_country_code, location_description, maturity_date, original_cost, regulatory_eligible_flag, revaluation_frequency, source_record_id, updated_ts, valuation_currency_code, vintage_date, effective_start_date, effective_end_date, is_current_flag, created_ts) VALUES (168, 8, 50, 'AU', 'CNY', 9, 'PLEDGE', 'GOLD_BULLION', 168, 'ACTIVE', 'Gold bullion held in vault', NULL, 'N', 2, 'AU', 'Gold bullion held in vault', '2027-06-30', 10000000.00, 'N', 'SEMI_ANNUAL', 168, CURRENT_TIMESTAMP, 'CNY', '2023-01-15', '2024-01-01', NULL, 'Y', CURRENT_TIMESTAMP);
INSERT INTO l1.collateral_asset_master (collateral_asset_id, collateral_type_id, counterparty_id, country_code, currency_code, legal_entity_id, charge_type, collateral_asset_type, collateral_id, collateral_status, description, insurance_expiry_date, insurance_flag, lien_priority, location_country_code, location_description, maturity_date, original_cost, regulatory_eligible_flag, revaluation_frequency, source_record_id, updated_ts, valuation_currency_code, vintage_date, effective_start_date, effective_end_date, is_current_flag, created_ts) VALUES (169, 9, 50, 'NL', 'HKD', 10, 'FLOATING_CHARGE', 'RAW_MATERIALS', 169, 'PENDING_VALUATION', 'Raw materials inventory', NULL, 'N', 3, 'NL', 'Raw materials inventory', '2027-06-30', 8000000.00, 'N', 'ANNUAL', 169, CURRENT_TIMESTAMP, 'HKD', '2023-01-15', '2024-01-01', NULL, 'Y', CURRENT_TIMESTAMP);
INSERT INTO l1.collateral_asset_master (collateral_asset_id, collateral_type_id, counterparty_id, country_code, currency_code, legal_entity_id, charge_type, collateral_asset_type, collateral_id, collateral_status, description, insurance_expiry_date, insurance_flag, lien_priority, location_country_code, location_description, maturity_date, original_cost, regulatory_eligible_flag, revaluation_frequency, source_record_id, updated_ts, valuation_currency_code, vintage_date, effective_start_date, effective_end_date, is_current_flag, created_ts) VALUES (170, 10, 50, 'SG', 'SGD', 1, 'FIRST_MORTGAGE', 'MANUFACTURING_EQUIP', 170, 'ACTIVE', 'Manufacturing equipment and plant', NULL, 'N', 1, 'SG', 'Manufacturing equipment and plant', '2027-06-30', 45000000.00, 'N', 'QUARTERLY', 170, CURRENT_TIMESTAMP, 'SGD', '2023-01-15', '2024-01-01', NULL, 'Y', CURRENT_TIMESTAMP);
INSERT INTO l1.collateral_asset_master (collateral_asset_id, collateral_type_id, counterparty_id, country_code, currency_code, legal_entity_id, charge_type, collateral_asset_type, collateral_id, collateral_status, description, insurance_expiry_date, insurance_flag, lien_priority, location_country_code, location_description, maturity_date, original_cost, regulatory_eligible_flag, revaluation_frequency, source_record_id, updated_ts, valuation_currency_code, vintage_date, effective_start_date, effective_end_date, is_current_flag, created_ts) VALUES (171, 1, 51, 'IE', 'USD', 2, 'FIRST_LIEN', 'CASH_DEPOSIT', 171, 'ACTIVE', 'Cash deposit held at custodian bank', '2026-12-31', 'Y', 1, 'IE', 'Cash deposit held at custodian bank', '2027-06-30', 60000000.00, 'Y', 'MONTHLY', 171, CURRENT_TIMESTAMP, 'USD', '2023-01-15', '2024-01-01', NULL, 'Y', CURRENT_TIMESTAMP);
INSERT INTO l1.collateral_asset_master (collateral_asset_id, collateral_type_id, counterparty_id, country_code, currency_code, legal_entity_id, charge_type, collateral_asset_type, collateral_id, collateral_status, description, insurance_expiry_date, insurance_flag, lien_priority, location_country_code, location_description, maturity_date, original_cost, regulatory_eligible_flag, revaluation_frequency, source_record_id, updated_ts, valuation_currency_code, vintage_date, effective_start_date, effective_end_date, is_current_flag, created_ts) VALUES (172, 2, 51, 'LU', 'EUR', 3, 'SECOND_LIEN', 'UST_BONDS', 172, 'ACTIVE', 'US Treasury bonds portfolio', '2026-12-31', 'Y', 2, 'LU', 'US Treasury bonds portfolio', '2027-06-30', 35000000.00, 'Y', 'QUARTERLY', 172, CURRENT_TIMESTAMP, 'EUR', '2023-01-15', '2024-01-01', NULL, 'Y', CURRENT_TIMESTAMP);
INSERT INTO l1.collateral_asset_master (collateral_asset_id, collateral_type_id, counterparty_id, country_code, currency_code, legal_entity_id, charge_type, collateral_asset_type, collateral_id, collateral_status, description, insurance_expiry_date, insurance_flag, lien_priority, location_country_code, location_description, maturity_date, original_cost, regulatory_eligible_flag, revaluation_frequency, source_record_id, updated_ts, valuation_currency_code, vintage_date, effective_start_date, effective_end_date, is_current_flag, created_ts) VALUES (173, 3, 52, 'HK', 'GBP', 4, 'FIRST_LIEN', 'CORP_BOND_IG', 173, 'ACTIVE', 'Investment-grade corporate bond basket', '2026-12-31', 'Y', 3, 'HK', 'Investment-grade corporate bond basket', '2027-06-30', 22000000.00, 'Y', 'SEMI_ANNUAL', 173, CURRENT_TIMESTAMP, 'GBP', '2023-01-15', '2024-01-01', NULL, 'Y', CURRENT_TIMESTAMP);
INSERT INTO l1.collateral_asset_master (collateral_asset_id, collateral_type_id, counterparty_id, country_code, currency_code, legal_entity_id, charge_type, collateral_asset_type, collateral_id, collateral_status, description, insurance_expiry_date, insurance_flag, lien_priority, location_country_code, location_description, maturity_date, original_cost, regulatory_eligible_flag, revaluation_frequency, source_record_id, updated_ts, valuation_currency_code, vintage_date, effective_start_date, effective_end_date, is_current_flag, created_ts) VALUES (174, 4, 52, 'KR', 'CHF', 5, 'PLEDGE', 'LISTED_EQUITY', 174, 'ACTIVE', 'Listed equity portfolio - large cap', '2026-12-31', 'Y', 1, 'KR', 'Listed equity portfolio - large cap', '2027-06-30', 18000000.00, 'Y', 'ANNUAL', 174, CURRENT_TIMESTAMP, 'CHF', '2023-01-15', '2024-01-01', NULL, 'Y', CURRENT_TIMESTAMP);
INSERT INTO l1.collateral_asset_master (collateral_asset_id, collateral_type_id, counterparty_id, country_code, currency_code, legal_entity_id, charge_type, collateral_asset_type, collateral_id, collateral_status, description, insurance_expiry_date, insurance_flag, lien_priority, location_country_code, location_description, maturity_date, original_cost, regulatory_eligible_flag, revaluation_frequency, source_record_id, updated_ts, valuation_currency_code, vintage_date, effective_start_date, effective_end_date, is_current_flag, created_ts) VALUES (175, 5, 52, 'SE', 'JPY', 6, 'FIRST_MORTGAGE', 'COMMERCIAL_RE', 175, 'ACTIVE', 'Commercial real estate - office building', '2026-12-31', 'Y', 2, 'SE', 'Commercial real estate - office building', '2027-06-30', 90000000.00, 'Y', 'QUARTERLY', 175, CURRENT_TIMESTAMP, 'JPY', '2023-01-15', '2024-01-01', NULL, 'Y', CURRENT_TIMESTAMP);
INSERT INTO l1.collateral_asset_master (collateral_asset_id, collateral_type_id, counterparty_id, country_code, currency_code, legal_entity_id, charge_type, collateral_asset_type, collateral_id, collateral_status, description, insurance_expiry_date, insurance_flag, lien_priority, location_country_code, location_description, maturity_date, original_cost, regulatory_eligible_flag, revaluation_frequency, source_record_id, updated_ts, valuation_currency_code, vintage_date, effective_start_date, effective_end_date, is_current_flag, created_ts) VALUES (176, 6, 52, 'NO', 'CAD', 7, 'FLOATING_CHARGE', 'TRADE_RECEIVABLES', 176, 'ACTIVE', 'Trade receivables pool', NULL, 'N', 3, 'NO', 'Trade receivables pool', '2027-06-30', 12000000.00, 'Y', 'MONTHLY', 176, CURRENT_TIMESTAMP, 'CAD', '2023-01-15', '2024-01-01', NULL, 'Y', CURRENT_TIMESTAMP);
INSERT INTO l1.collateral_asset_master (collateral_asset_id, collateral_type_id, counterparty_id, country_code, currency_code, legal_entity_id, charge_type, collateral_asset_type, collateral_id, collateral_status, description, insurance_expiry_date, insurance_flag, lien_priority, location_country_code, location_description, maturity_date, original_cost, regulatory_eligible_flag, revaluation_frequency, source_record_id, updated_ts, valuation_currency_code, vintage_date, effective_start_date, effective_end_date, is_current_flag, created_ts) VALUES (177, 7, 52, 'DK', 'AUD', 8, 'UNSECURED', 'PARENT_GUARANTEE', 177, 'ACTIVE', 'Parent company guarantee', NULL, 'N', 1, 'DK', 'Parent company guarantee', '2027-06-30', 0.00, 'Y', 'QUARTERLY', 177, CURRENT_TIMESTAMP, 'AUD', '2023-01-15', '2024-01-01', NULL, 'Y', CURRENT_TIMESTAMP);
INSERT INTO l1.collateral_asset_master (collateral_asset_id, collateral_type_id, counterparty_id, country_code, currency_code, legal_entity_id, charge_type, collateral_asset_type, collateral_id, collateral_status, description, insurance_expiry_date, insurance_flag, lien_priority, location_country_code, location_description, maturity_date, original_cost, regulatory_eligible_flag, revaluation_frequency, source_record_id, updated_ts, valuation_currency_code, vintage_date, effective_start_date, effective_end_date, is_current_flag, created_ts) VALUES (178, 8, 52, 'FI', 'CNY', 9, 'PLEDGE', 'GOLD_BULLION', 178, 'ACTIVE', 'Gold bullion held in vault', NULL, 'N', 2, 'FI', 'Gold bullion held in vault', '2027-06-30', 7500000.00, 'N', 'SEMI_ANNUAL', 178, CURRENT_TIMESTAMP, 'CNY', '2023-01-15', '2024-01-01', NULL, 'Y', CURRENT_TIMESTAMP);
INSERT INTO l1.collateral_asset_master (collateral_asset_id, collateral_type_id, counterparty_id, country_code, currency_code, legal_entity_id, charge_type, collateral_asset_type, collateral_id, collateral_status, description, insurance_expiry_date, insurance_flag, lien_priority, location_country_code, location_description, maturity_date, original_cost, regulatory_eligible_flag, revaluation_frequency, source_record_id, updated_ts, valuation_currency_code, vintage_date, effective_start_date, effective_end_date, is_current_flag, created_ts) VALUES (179, 9, 53, 'BE', 'HKD', 10, 'FLOATING_CHARGE', 'RAW_MATERIALS', 179, 'PENDING_VALUATION', 'Raw materials inventory', NULL, 'N', 3, 'BE', 'Raw materials inventory', '2027-06-30', 6000000.00, 'N', 'ANNUAL', 179, CURRENT_TIMESTAMP, 'HKD', '2023-01-15', '2024-01-01', NULL, 'Y', CURRENT_TIMESTAMP);
INSERT INTO l1.collateral_asset_master (collateral_asset_id, collateral_type_id, counterparty_id, country_code, currency_code, legal_entity_id, charge_type, collateral_asset_type, collateral_id, collateral_status, description, insurance_expiry_date, insurance_flag, lien_priority, location_country_code, location_description, maturity_date, original_cost, regulatory_eligible_flag, revaluation_frequency, source_record_id, updated_ts, valuation_currency_code, vintage_date, effective_start_date, effective_end_date, is_current_flag, created_ts) VALUES (180, 10, 53, 'AT', 'SGD', 1, 'FIRST_MORTGAGE', 'MANUFACTURING_EQUIP', 180, 'ACTIVE', 'Manufacturing equipment and plant', NULL, 'N', 1, 'AT', 'Manufacturing equipment and plant', '2027-06-30', 55000000.00, 'N', 'QUARTERLY', 180, CURRENT_TIMESTAMP, 'SGD', '2023-01-15', '2024-01-01', NULL, 'Y', CURRENT_TIMESTAMP);
INSERT INTO l1.collateral_asset_master (collateral_asset_id, collateral_type_id, counterparty_id, country_code, currency_code, legal_entity_id, charge_type, collateral_asset_type, collateral_id, collateral_status, description, insurance_expiry_date, insurance_flag, lien_priority, location_country_code, location_description, maturity_date, original_cost, regulatory_eligible_flag, revaluation_frequency, source_record_id, updated_ts, valuation_currency_code, vintage_date, effective_start_date, effective_end_date, is_current_flag, created_ts) VALUES (181, 1, 53, 'US', 'USD', 2, 'FIRST_LIEN', 'CASH_DEPOSIT', 181, 'ACTIVE', 'Cash deposit held at custodian bank', '2026-12-31', 'Y', 1, 'US', 'Cash deposit held at custodian bank', '2027-06-30', 50000000.00, 'Y', 'MONTHLY', 181, CURRENT_TIMESTAMP, 'USD', '2023-01-15', '2024-01-01', NULL, 'Y', CURRENT_TIMESTAMP);
INSERT INTO l1.collateral_asset_master (collateral_asset_id, collateral_type_id, counterparty_id, country_code, currency_code, legal_entity_id, charge_type, collateral_asset_type, collateral_id, collateral_status, description, insurance_expiry_date, insurance_flag, lien_priority, location_country_code, location_description, maturity_date, original_cost, regulatory_eligible_flag, revaluation_frequency, source_record_id, updated_ts, valuation_currency_code, vintage_date, effective_start_date, effective_end_date, is_current_flag, created_ts) VALUES (182, 2, 53, 'GB', 'EUR', 3, 'SECOND_LIEN', 'UST_BONDS', 182, 'ACTIVE', 'US Treasury bonds portfolio', '2026-12-31', 'Y', 2, 'GB', 'US Treasury bonds portfolio', '2027-06-30', 75000000.00, 'Y', 'QUARTERLY', 182, CURRENT_TIMESTAMP, 'EUR', '2023-01-15', '2024-01-01', NULL, 'Y', CURRENT_TIMESTAMP);
INSERT INTO l1.collateral_asset_master (collateral_asset_id, collateral_type_id, counterparty_id, country_code, currency_code, legal_entity_id, charge_type, collateral_asset_type, collateral_id, collateral_status, description, insurance_expiry_date, insurance_flag, lien_priority, location_country_code, location_description, maturity_date, original_cost, regulatory_eligible_flag, revaluation_frequency, source_record_id, updated_ts, valuation_currency_code, vintage_date, effective_start_date, effective_end_date, is_current_flag, created_ts) VALUES (183, 3, 53, 'DE', 'GBP', 4, 'FIRST_LIEN', 'CORP_BOND_IG', 183, 'ACTIVE', 'Investment-grade corporate bond basket', '2026-12-31', 'Y', 3, 'DE', 'Investment-grade corporate bond basket', '2027-06-30', 30000000.00, 'Y', 'SEMI_ANNUAL', 183, CURRENT_TIMESTAMP, 'GBP', '2023-01-15', '2024-01-01', NULL, 'Y', CURRENT_TIMESTAMP);
INSERT INTO l1.collateral_asset_master (collateral_asset_id, collateral_type_id, counterparty_id, country_code, currency_code, legal_entity_id, charge_type, collateral_asset_type, collateral_id, collateral_status, description, insurance_expiry_date, insurance_flag, lien_priority, location_country_code, location_description, maturity_date, original_cost, regulatory_eligible_flag, revaluation_frequency, source_record_id, updated_ts, valuation_currency_code, vintage_date, effective_start_date, effective_end_date, is_current_flag, created_ts) VALUES (184, 4, 53, 'FR', 'CHF', 5, 'PLEDGE', 'LISTED_EQUITY', 184, 'ACTIVE', 'Listed equity portfolio - large cap', '2026-12-31', 'Y', 1, 'FR', 'Listed equity portfolio - large cap', '2027-06-30', 20000000.00, 'Y', 'ANNUAL', 184, CURRENT_TIMESTAMP, 'CHF', '2023-01-15', '2024-01-01', NULL, 'Y', CURRENT_TIMESTAMP);
INSERT INTO l1.collateral_asset_master (collateral_asset_id, collateral_type_id, counterparty_id, country_code, currency_code, legal_entity_id, charge_type, collateral_asset_type, collateral_id, collateral_status, description, insurance_expiry_date, insurance_flag, lien_priority, location_country_code, location_description, maturity_date, original_cost, regulatory_eligible_flag, revaluation_frequency, source_record_id, updated_ts, valuation_currency_code, vintage_date, effective_start_date, effective_end_date, is_current_flag, created_ts) VALUES (185, 5, 54, 'JP', 'JPY', 6, 'FIRST_MORTGAGE', 'COMMERCIAL_RE', 185, 'ACTIVE', 'Commercial real estate - office building', '2026-12-31', 'Y', 2, 'JP', 'Commercial real estate - office building', '2027-06-30', 125000000.00, 'Y', 'QUARTERLY', 185, CURRENT_TIMESTAMP, 'JPY', '2023-01-15', '2024-01-01', NULL, 'Y', CURRENT_TIMESTAMP);
INSERT INTO l1.collateral_asset_master (collateral_asset_id, collateral_type_id, counterparty_id, country_code, currency_code, legal_entity_id, charge_type, collateral_asset_type, collateral_id, collateral_status, description, insurance_expiry_date, insurance_flag, lien_priority, location_country_code, location_description, maturity_date, original_cost, regulatory_eligible_flag, revaluation_frequency, source_record_id, updated_ts, valuation_currency_code, vintage_date, effective_start_date, effective_end_date, is_current_flag, created_ts) VALUES (186, 6, 55, 'CH', 'CAD', 7, 'FLOATING_CHARGE', 'TRADE_RECEIVABLES', 186, 'ACTIVE', 'Trade receivables pool', NULL, 'N', 3, 'CH', 'Trade receivables pool', '2027-06-30', 15000000.00, 'Y', 'MONTHLY', 186, CURRENT_TIMESTAMP, 'CAD', '2023-01-15', '2024-01-01', NULL, 'Y', CURRENT_TIMESTAMP);
INSERT INTO l1.collateral_asset_master (collateral_asset_id, collateral_type_id, counterparty_id, country_code, currency_code, legal_entity_id, charge_type, collateral_asset_type, collateral_id, collateral_status, description, insurance_expiry_date, insurance_flag, lien_priority, location_country_code, location_description, maturity_date, original_cost, regulatory_eligible_flag, revaluation_frequency, source_record_id, updated_ts, valuation_currency_code, vintage_date, effective_start_date, effective_end_date, is_current_flag, created_ts) VALUES (187, 7, 55, 'CA', 'AUD', 8, 'UNSECURED', 'PARENT_GUARANTEE', 187, 'ACTIVE', 'Parent company guarantee', NULL, 'N', 1, 'CA', 'Parent company guarantee', '2027-06-30', 0.00, 'Y', 'QUARTERLY', 187, CURRENT_TIMESTAMP, 'AUD', '2023-01-15', '2024-01-01', NULL, 'Y', CURRENT_TIMESTAMP);
INSERT INTO l1.collateral_asset_master (collateral_asset_id, collateral_type_id, counterparty_id, country_code, currency_code, legal_entity_id, charge_type, collateral_asset_type, collateral_id, collateral_status, description, insurance_expiry_date, insurance_flag, lien_priority, location_country_code, location_description, maturity_date, original_cost, regulatory_eligible_flag, revaluation_frequency, source_record_id, updated_ts, valuation_currency_code, vintage_date, effective_start_date, effective_end_date, is_current_flag, created_ts) VALUES (188, 8, 55, 'AU', 'CNY', 9, 'PLEDGE', 'GOLD_BULLION', 188, 'ACTIVE', 'Gold bullion held in vault', NULL, 'N', 2, 'AU', 'Gold bullion held in vault', '2027-06-30', 10000000.00, 'N', 'SEMI_ANNUAL', 188, CURRENT_TIMESTAMP, 'CNY', '2023-01-15', '2024-01-01', NULL, 'Y', CURRENT_TIMESTAMP);
INSERT INTO l1.collateral_asset_master (collateral_asset_id, collateral_type_id, counterparty_id, country_code, currency_code, legal_entity_id, charge_type, collateral_asset_type, collateral_id, collateral_status, description, insurance_expiry_date, insurance_flag, lien_priority, location_country_code, location_description, maturity_date, original_cost, regulatory_eligible_flag, revaluation_frequency, source_record_id, updated_ts, valuation_currency_code, vintage_date, effective_start_date, effective_end_date, is_current_flag, created_ts) VALUES (189, 9, 55, 'NL', 'HKD', 10, 'FLOATING_CHARGE', 'RAW_MATERIALS', 189, 'PENDING_VALUATION', 'Raw materials inventory', NULL, 'N', 3, 'NL', 'Raw materials inventory', '2027-06-30', 8000000.00, 'N', 'ANNUAL', 189, CURRENT_TIMESTAMP, 'HKD', '2023-01-15', '2024-01-01', NULL, 'Y', CURRENT_TIMESTAMP);
INSERT INTO l1.collateral_asset_master (collateral_asset_id, collateral_type_id, counterparty_id, country_code, currency_code, legal_entity_id, charge_type, collateral_asset_type, collateral_id, collateral_status, description, insurance_expiry_date, insurance_flag, lien_priority, location_country_code, location_description, maturity_date, original_cost, regulatory_eligible_flag, revaluation_frequency, source_record_id, updated_ts, valuation_currency_code, vintage_date, effective_start_date, effective_end_date, is_current_flag, created_ts) VALUES (190, 10, 56, 'SG', 'SGD', 1, 'FIRST_MORTGAGE', 'MANUFACTURING_EQUIP', 190, 'ACTIVE', 'Manufacturing equipment and plant', NULL, 'N', 1, 'SG', 'Manufacturing equipment and plant', '2027-06-30', 45000000.00, 'N', 'QUARTERLY', 190, CURRENT_TIMESTAMP, 'SGD', '2023-01-15', '2024-01-01', NULL, 'Y', CURRENT_TIMESTAMP);
INSERT INTO l1.collateral_asset_master (collateral_asset_id, collateral_type_id, counterparty_id, country_code, currency_code, legal_entity_id, charge_type, collateral_asset_type, collateral_id, collateral_status, description, insurance_expiry_date, insurance_flag, lien_priority, location_country_code, location_description, maturity_date, original_cost, regulatory_eligible_flag, revaluation_frequency, source_record_id, updated_ts, valuation_currency_code, vintage_date, effective_start_date, effective_end_date, is_current_flag, created_ts) VALUES (191, 1, 56, 'IE', 'USD', 2, 'FIRST_LIEN', 'CASH_DEPOSIT', 191, 'ACTIVE', 'Cash deposit held at custodian bank', '2026-12-31', 'Y', 1, 'IE', 'Cash deposit held at custodian bank', '2027-06-30', 60000000.00, 'Y', 'MONTHLY', 191, CURRENT_TIMESTAMP, 'USD', '2023-01-15', '2024-01-01', NULL, 'Y', CURRENT_TIMESTAMP);
INSERT INTO l1.collateral_asset_master (collateral_asset_id, collateral_type_id, counterparty_id, country_code, currency_code, legal_entity_id, charge_type, collateral_asset_type, collateral_id, collateral_status, description, insurance_expiry_date, insurance_flag, lien_priority, location_country_code, location_description, maturity_date, original_cost, regulatory_eligible_flag, revaluation_frequency, source_record_id, updated_ts, valuation_currency_code, vintage_date, effective_start_date, effective_end_date, is_current_flag, created_ts) VALUES (192, 2, 56, 'LU', 'EUR', 3, 'SECOND_LIEN', 'UST_BONDS', 192, 'ACTIVE', 'US Treasury bonds portfolio', '2026-12-31', 'Y', 2, 'LU', 'US Treasury bonds portfolio', '2027-06-30', 35000000.00, 'Y', 'QUARTERLY', 192, CURRENT_TIMESTAMP, 'EUR', '2023-01-15', '2024-01-01', NULL, 'Y', CURRENT_TIMESTAMP);
INSERT INTO l1.collateral_asset_master (collateral_asset_id, collateral_type_id, counterparty_id, country_code, currency_code, legal_entity_id, charge_type, collateral_asset_type, collateral_id, collateral_status, description, insurance_expiry_date, insurance_flag, lien_priority, location_country_code, location_description, maturity_date, original_cost, regulatory_eligible_flag, revaluation_frequency, source_record_id, updated_ts, valuation_currency_code, vintage_date, effective_start_date, effective_end_date, is_current_flag, created_ts) VALUES (193, 3, 56, 'HK', 'GBP', 4, 'FIRST_LIEN', 'CORP_BOND_IG', 193, 'ACTIVE', 'Investment-grade corporate bond basket', '2026-12-31', 'Y', 3, 'HK', 'Investment-grade corporate bond basket', '2027-06-30', 22000000.00, 'Y', 'SEMI_ANNUAL', 193, CURRENT_TIMESTAMP, 'GBP', '2023-01-15', '2024-01-01', NULL, 'Y', CURRENT_TIMESTAMP);
INSERT INTO l1.collateral_asset_master (collateral_asset_id, collateral_type_id, counterparty_id, country_code, currency_code, legal_entity_id, charge_type, collateral_asset_type, collateral_id, collateral_status, description, insurance_expiry_date, insurance_flag, lien_priority, location_country_code, location_description, maturity_date, original_cost, regulatory_eligible_flag, revaluation_frequency, source_record_id, updated_ts, valuation_currency_code, vintage_date, effective_start_date, effective_end_date, is_current_flag, created_ts) VALUES (194, 4, 56, 'KR', 'CHF', 5, 'PLEDGE', 'LISTED_EQUITY', 194, 'ACTIVE', 'Listed equity portfolio - large cap', '2026-12-31', 'Y', 1, 'KR', 'Listed equity portfolio - large cap', '2027-06-30', 18000000.00, 'Y', 'ANNUAL', 194, CURRENT_TIMESTAMP, 'CHF', '2023-01-15', '2024-01-01', NULL, 'Y', CURRENT_TIMESTAMP);
INSERT INTO l1.collateral_asset_master (collateral_asset_id, collateral_type_id, counterparty_id, country_code, currency_code, legal_entity_id, charge_type, collateral_asset_type, collateral_id, collateral_status, description, insurance_expiry_date, insurance_flag, lien_priority, location_country_code, location_description, maturity_date, original_cost, regulatory_eligible_flag, revaluation_frequency, source_record_id, updated_ts, valuation_currency_code, vintage_date, effective_start_date, effective_end_date, is_current_flag, created_ts) VALUES (195, 5, 56, 'SE', 'JPY', 6, 'FIRST_MORTGAGE', 'COMMERCIAL_RE', 195, 'ACTIVE', 'Commercial real estate - office building', '2026-12-31', 'Y', 2, 'SE', 'Commercial real estate - office building', '2027-06-30', 90000000.00, 'Y', 'QUARTERLY', 195, CURRENT_TIMESTAMP, 'JPY', '2023-01-15', '2024-01-01', NULL, 'Y', CURRENT_TIMESTAMP);
INSERT INTO l1.collateral_asset_master (collateral_asset_id, collateral_type_id, counterparty_id, country_code, currency_code, legal_entity_id, charge_type, collateral_asset_type, collateral_id, collateral_status, description, insurance_expiry_date, insurance_flag, lien_priority, location_country_code, location_description, maturity_date, original_cost, regulatory_eligible_flag, revaluation_frequency, source_record_id, updated_ts, valuation_currency_code, vintage_date, effective_start_date, effective_end_date, is_current_flag, created_ts) VALUES (196, 6, 57, 'NO', 'CAD', 7, 'FLOATING_CHARGE', 'TRADE_RECEIVABLES', 196, 'ACTIVE', 'Trade receivables pool', NULL, 'N', 3, 'NO', 'Trade receivables pool', '2027-06-30', 12000000.00, 'Y', 'MONTHLY', 196, CURRENT_TIMESTAMP, 'CAD', '2023-01-15', '2024-01-01', NULL, 'Y', CURRENT_TIMESTAMP);
INSERT INTO l1.collateral_asset_master (collateral_asset_id, collateral_type_id, counterparty_id, country_code, currency_code, legal_entity_id, charge_type, collateral_asset_type, collateral_id, collateral_status, description, insurance_expiry_date, insurance_flag, lien_priority, location_country_code, location_description, maturity_date, original_cost, regulatory_eligible_flag, revaluation_frequency, source_record_id, updated_ts, valuation_currency_code, vintage_date, effective_start_date, effective_end_date, is_current_flag, created_ts) VALUES (197, 7, 57, 'DK', 'AUD', 8, 'UNSECURED', 'PARENT_GUARANTEE', 197, 'ACTIVE', 'Parent company guarantee', NULL, 'N', 1, 'DK', 'Parent company guarantee', '2027-06-30', 0.00, 'Y', 'QUARTERLY', 197, CURRENT_TIMESTAMP, 'AUD', '2023-01-15', '2024-01-01', NULL, 'Y', CURRENT_TIMESTAMP);
INSERT INTO l1.collateral_asset_master (collateral_asset_id, collateral_type_id, counterparty_id, country_code, currency_code, legal_entity_id, charge_type, collateral_asset_type, collateral_id, collateral_status, description, insurance_expiry_date, insurance_flag, lien_priority, location_country_code, location_description, maturity_date, original_cost, regulatory_eligible_flag, revaluation_frequency, source_record_id, updated_ts, valuation_currency_code, vintage_date, effective_start_date, effective_end_date, is_current_flag, created_ts) VALUES (198, 8, 57, 'FI', 'CNY', 9, 'PLEDGE', 'GOLD_BULLION', 198, 'ACTIVE', 'Gold bullion held in vault', NULL, 'N', 2, 'FI', 'Gold bullion held in vault', '2027-06-30', 7500000.00, 'N', 'SEMI_ANNUAL', 198, CURRENT_TIMESTAMP, 'CNY', '2023-01-15', '2024-01-01', NULL, 'Y', CURRENT_TIMESTAMP);
INSERT INTO l1.collateral_asset_master (collateral_asset_id, collateral_type_id, counterparty_id, country_code, currency_code, legal_entity_id, charge_type, collateral_asset_type, collateral_id, collateral_status, description, insurance_expiry_date, insurance_flag, lien_priority, location_country_code, location_description, maturity_date, original_cost, regulatory_eligible_flag, revaluation_frequency, source_record_id, updated_ts, valuation_currency_code, vintage_date, effective_start_date, effective_end_date, is_current_flag, created_ts) VALUES (199, 9, 57, 'BE', 'HKD', 10, 'FLOATING_CHARGE', 'RAW_MATERIALS', 199, 'PENDING_VALUATION', 'Raw materials inventory', NULL, 'N', 3, 'BE', 'Raw materials inventory', '2027-06-30', 6000000.00, 'N', 'ANNUAL', 199, CURRENT_TIMESTAMP, 'HKD', '2023-01-15', '2024-01-01', NULL, 'Y', CURRENT_TIMESTAMP);
INSERT INTO l1.collateral_asset_master (collateral_asset_id, collateral_type_id, counterparty_id, country_code, currency_code, legal_entity_id, charge_type, collateral_asset_type, collateral_id, collateral_status, description, insurance_expiry_date, insurance_flag, lien_priority, location_country_code, location_description, maturity_date, original_cost, regulatory_eligible_flag, revaluation_frequency, source_record_id, updated_ts, valuation_currency_code, vintage_date, effective_start_date, effective_end_date, is_current_flag, created_ts) VALUES (200, 10, 57, 'AT', 'SGD', 1, 'FIRST_MORTGAGE', 'MANUFACTURING_EQUIP', 200, 'ACTIVE', 'Manufacturing equipment and plant', NULL, 'N', 1, 'AT', 'Manufacturing equipment and plant', '2027-06-30', 55000000.00, 'N', 'QUARTERLY', 200, CURRENT_TIMESTAMP, 'SGD', '2023-01-15', '2024-01-01', NULL, 'Y', CURRENT_TIMESTAMP);
INSERT INTO l1.collateral_asset_master (collateral_asset_id, collateral_type_id, counterparty_id, country_code, currency_code, legal_entity_id, charge_type, collateral_asset_type, collateral_id, collateral_status, description, insurance_expiry_date, insurance_flag, lien_priority, location_country_code, location_description, maturity_date, original_cost, regulatory_eligible_flag, revaluation_frequency, source_record_id, updated_ts, valuation_currency_code, vintage_date, effective_start_date, effective_end_date, is_current_flag, created_ts) VALUES (201, 1, 58, 'US', 'USD', 2, 'FIRST_LIEN', 'CASH_DEPOSIT', 201, 'ACTIVE', 'Cash deposit held at custodian bank', '2026-12-31', 'Y', 1, 'US', 'Cash deposit held at custodian bank', '2027-06-30', 50000000.00, 'Y', 'MONTHLY', 201, CURRENT_TIMESTAMP, 'USD', '2023-01-15', '2024-01-01', NULL, 'Y', CURRENT_TIMESTAMP);
INSERT INTO l1.collateral_asset_master (collateral_asset_id, collateral_type_id, counterparty_id, country_code, currency_code, legal_entity_id, charge_type, collateral_asset_type, collateral_id, collateral_status, description, insurance_expiry_date, insurance_flag, lien_priority, location_country_code, location_description, maturity_date, original_cost, regulatory_eligible_flag, revaluation_frequency, source_record_id, updated_ts, valuation_currency_code, vintage_date, effective_start_date, effective_end_date, is_current_flag, created_ts) VALUES (202, 2, 58, 'GB', 'EUR', 3, 'SECOND_LIEN', 'UST_BONDS', 202, 'ACTIVE', 'US Treasury bonds portfolio', '2026-12-31', 'Y', 2, 'GB', 'US Treasury bonds portfolio', '2027-06-30', 75000000.00, 'Y', 'QUARTERLY', 202, CURRENT_TIMESTAMP, 'EUR', '2023-01-15', '2024-01-01', NULL, 'Y', CURRENT_TIMESTAMP);
INSERT INTO l1.collateral_asset_master (collateral_asset_id, collateral_type_id, counterparty_id, country_code, currency_code, legal_entity_id, charge_type, collateral_asset_type, collateral_id, collateral_status, description, insurance_expiry_date, insurance_flag, lien_priority, location_country_code, location_description, maturity_date, original_cost, regulatory_eligible_flag, revaluation_frequency, source_record_id, updated_ts, valuation_currency_code, vintage_date, effective_start_date, effective_end_date, is_current_flag, created_ts) VALUES (203, 3, 58, 'DE', 'GBP', 4, 'FIRST_LIEN', 'CORP_BOND_IG', 203, 'ACTIVE', 'Investment-grade corporate bond basket', '2026-12-31', 'Y', 3, 'DE', 'Investment-grade corporate bond basket', '2027-06-30', 30000000.00, 'Y', 'SEMI_ANNUAL', 203, CURRENT_TIMESTAMP, 'GBP', '2023-01-15', '2024-01-01', NULL, 'Y', CURRENT_TIMESTAMP);
INSERT INTO l1.collateral_asset_master (collateral_asset_id, collateral_type_id, counterparty_id, country_code, currency_code, legal_entity_id, charge_type, collateral_asset_type, collateral_id, collateral_status, description, insurance_expiry_date, insurance_flag, lien_priority, location_country_code, location_description, maturity_date, original_cost, regulatory_eligible_flag, revaluation_frequency, source_record_id, updated_ts, valuation_currency_code, vintage_date, effective_start_date, effective_end_date, is_current_flag, created_ts) VALUES (204, 4, 58, 'FR', 'CHF', 5, 'PLEDGE', 'LISTED_EQUITY', 204, 'ACTIVE', 'Listed equity portfolio - large cap', '2026-12-31', 'Y', 1, 'FR', 'Listed equity portfolio - large cap', '2027-06-30', 20000000.00, 'Y', 'ANNUAL', 204, CURRENT_TIMESTAMP, 'CHF', '2023-01-15', '2024-01-01', NULL, 'Y', CURRENT_TIMESTAMP);
INSERT INTO l1.collateral_asset_master (collateral_asset_id, collateral_type_id, counterparty_id, country_code, currency_code, legal_entity_id, charge_type, collateral_asset_type, collateral_id, collateral_status, description, insurance_expiry_date, insurance_flag, lien_priority, location_country_code, location_description, maturity_date, original_cost, regulatory_eligible_flag, revaluation_frequency, source_record_id, updated_ts, valuation_currency_code, vintage_date, effective_start_date, effective_end_date, is_current_flag, created_ts) VALUES (205, 5, 58, 'JP', 'JPY', 6, 'FIRST_MORTGAGE', 'COMMERCIAL_RE', 205, 'ACTIVE', 'Commercial real estate - office building', '2026-12-31', 'Y', 2, 'JP', 'Commercial real estate - office building', '2027-06-30', 125000000.00, 'Y', 'QUARTERLY', 205, CURRENT_TIMESTAMP, 'JPY', '2023-01-15', '2024-01-01', NULL, 'Y', CURRENT_TIMESTAMP);
INSERT INTO l1.collateral_asset_master (collateral_asset_id, collateral_type_id, counterparty_id, country_code, currency_code, legal_entity_id, charge_type, collateral_asset_type, collateral_id, collateral_status, description, insurance_expiry_date, insurance_flag, lien_priority, location_country_code, location_description, maturity_date, original_cost, regulatory_eligible_flag, revaluation_frequency, source_record_id, updated_ts, valuation_currency_code, vintage_date, effective_start_date, effective_end_date, is_current_flag, created_ts) VALUES (206, 6, 58, 'CH', 'CAD', 7, 'FLOATING_CHARGE', 'TRADE_RECEIVABLES', 206, 'ACTIVE', 'Trade receivables pool', NULL, 'N', 3, 'CH', 'Trade receivables pool', '2027-06-30', 15000000.00, 'Y', 'MONTHLY', 206, CURRENT_TIMESTAMP, 'CAD', '2023-01-15', '2024-01-01', NULL, 'Y', CURRENT_TIMESTAMP);
INSERT INTO l1.collateral_asset_master (collateral_asset_id, collateral_type_id, counterparty_id, country_code, currency_code, legal_entity_id, charge_type, collateral_asset_type, collateral_id, collateral_status, description, insurance_expiry_date, insurance_flag, lien_priority, location_country_code, location_description, maturity_date, original_cost, regulatory_eligible_flag, revaluation_frequency, source_record_id, updated_ts, valuation_currency_code, vintage_date, effective_start_date, effective_end_date, is_current_flag, created_ts) VALUES (207, 7, 59, 'CA', 'AUD', 8, 'UNSECURED', 'PARENT_GUARANTEE', 207, 'ACTIVE', 'Parent company guarantee', NULL, 'N', 1, 'CA', 'Parent company guarantee', '2027-06-30', 0.00, 'Y', 'QUARTERLY', 207, CURRENT_TIMESTAMP, 'AUD', '2023-01-15', '2024-01-01', NULL, 'Y', CURRENT_TIMESTAMP);
INSERT INTO l1.collateral_asset_master (collateral_asset_id, collateral_type_id, counterparty_id, country_code, currency_code, legal_entity_id, charge_type, collateral_asset_type, collateral_id, collateral_status, description, insurance_expiry_date, insurance_flag, lien_priority, location_country_code, location_description, maturity_date, original_cost, regulatory_eligible_flag, revaluation_frequency, source_record_id, updated_ts, valuation_currency_code, vintage_date, effective_start_date, effective_end_date, is_current_flag, created_ts) VALUES (208, 8, 60, 'AU', 'CNY', 9, 'PLEDGE', 'GOLD_BULLION', 208, 'ACTIVE', 'Gold bullion held in vault', NULL, 'N', 2, 'AU', 'Gold bullion held in vault', '2027-06-30', 10000000.00, 'N', 'SEMI_ANNUAL', 208, CURRENT_TIMESTAMP, 'CNY', '2023-01-15', '2024-01-01', NULL, 'Y', CURRENT_TIMESTAMP);
INSERT INTO l1.collateral_asset_master (collateral_asset_id, collateral_type_id, counterparty_id, country_code, currency_code, legal_entity_id, charge_type, collateral_asset_type, collateral_id, collateral_status, description, insurance_expiry_date, insurance_flag, lien_priority, location_country_code, location_description, maturity_date, original_cost, regulatory_eligible_flag, revaluation_frequency, source_record_id, updated_ts, valuation_currency_code, vintage_date, effective_start_date, effective_end_date, is_current_flag, created_ts) VALUES (209, 9, 60, 'NL', 'HKD', 10, 'FLOATING_CHARGE', 'RAW_MATERIALS', 209, 'PENDING_VALUATION', 'Raw materials inventory', NULL, 'N', 3, 'NL', 'Raw materials inventory', '2027-06-30', 8000000.00, 'N', 'ANNUAL', 209, CURRENT_TIMESTAMP, 'HKD', '2023-01-15', '2024-01-01', NULL, 'Y', CURRENT_TIMESTAMP);
INSERT INTO l1.collateral_asset_master (collateral_asset_id, collateral_type_id, counterparty_id, country_code, currency_code, legal_entity_id, charge_type, collateral_asset_type, collateral_id, collateral_status, description, insurance_expiry_date, insurance_flag, lien_priority, location_country_code, location_description, maturity_date, original_cost, regulatory_eligible_flag, revaluation_frequency, source_record_id, updated_ts, valuation_currency_code, vintage_date, effective_start_date, effective_end_date, is_current_flag, created_ts) VALUES (210, 10, 60, 'SG', 'SGD', 1, 'FIRST_MORTGAGE', 'MANUFACTURING_EQUIP', 210, 'ACTIVE', 'Manufacturing equipment and plant', NULL, 'N', 1, 'SG', 'Manufacturing equipment and plant', '2027-06-30', 45000000.00, 'N', 'QUARTERLY', 210, CURRENT_TIMESTAMP, 'SGD', '2023-01-15', '2024-01-01', NULL, 'Y', CURRENT_TIMESTAMP);
INSERT INTO l1.collateral_asset_master (collateral_asset_id, collateral_type_id, counterparty_id, country_code, currency_code, legal_entity_id, charge_type, collateral_asset_type, collateral_id, collateral_status, description, insurance_expiry_date, insurance_flag, lien_priority, location_country_code, location_description, maturity_date, original_cost, regulatory_eligible_flag, revaluation_frequency, source_record_id, updated_ts, valuation_currency_code, vintage_date, effective_start_date, effective_end_date, is_current_flag, created_ts) VALUES (211, 1, 60, 'IE', 'USD', 2, 'FIRST_LIEN', 'CASH_DEPOSIT', 211, 'ACTIVE', 'Cash deposit held at custodian bank', '2026-12-31', 'Y', 1, 'IE', 'Cash deposit held at custodian bank', '2027-06-30', 60000000.00, 'Y', 'MONTHLY', 211, CURRENT_TIMESTAMP, 'USD', '2023-01-15', '2024-01-01', NULL, 'Y', CURRENT_TIMESTAMP);
INSERT INTO l1.collateral_asset_master (collateral_asset_id, collateral_type_id, counterparty_id, country_code, currency_code, legal_entity_id, charge_type, collateral_asset_type, collateral_id, collateral_status, description, insurance_expiry_date, insurance_flag, lien_priority, location_country_code, location_description, maturity_date, original_cost, regulatory_eligible_flag, revaluation_frequency, source_record_id, updated_ts, valuation_currency_code, vintage_date, effective_start_date, effective_end_date, is_current_flag, created_ts) VALUES (212, 2, 60, 'LU', 'EUR', 3, 'SECOND_LIEN', 'UST_BONDS', 212, 'ACTIVE', 'US Treasury bonds portfolio', '2026-12-31', 'Y', 2, 'LU', 'US Treasury bonds portfolio', '2027-06-30', 35000000.00, 'Y', 'QUARTERLY', 212, CURRENT_TIMESTAMP, 'EUR', '2023-01-15', '2024-01-01', NULL, 'Y', CURRENT_TIMESTAMP);
INSERT INTO l1.collateral_asset_master (collateral_asset_id, collateral_type_id, counterparty_id, country_code, currency_code, legal_entity_id, charge_type, collateral_asset_type, collateral_id, collateral_status, description, insurance_expiry_date, insurance_flag, lien_priority, location_country_code, location_description, maturity_date, original_cost, regulatory_eligible_flag, revaluation_frequency, source_record_id, updated_ts, valuation_currency_code, vintage_date, effective_start_date, effective_end_date, is_current_flag, created_ts) VALUES (213, 3, 60, 'HK', 'GBP', 4, 'FIRST_LIEN', 'CORP_BOND_IG', 213, 'ACTIVE', 'Investment-grade corporate bond basket', '2026-12-31', 'Y', 3, 'HK', 'Investment-grade corporate bond basket', '2027-06-30', 22000000.00, 'Y', 'SEMI_ANNUAL', 213, CURRENT_TIMESTAMP, 'GBP', '2023-01-15', '2024-01-01', NULL, 'Y', CURRENT_TIMESTAMP);
INSERT INTO l1.collateral_asset_master (collateral_asset_id, collateral_type_id, counterparty_id, country_code, currency_code, legal_entity_id, charge_type, collateral_asset_type, collateral_id, collateral_status, description, insurance_expiry_date, insurance_flag, lien_priority, location_country_code, location_description, maturity_date, original_cost, regulatory_eligible_flag, revaluation_frequency, source_record_id, updated_ts, valuation_currency_code, vintage_date, effective_start_date, effective_end_date, is_current_flag, created_ts) VALUES (214, 4, 61, 'KR', 'CHF', 5, 'PLEDGE', 'LISTED_EQUITY', 214, 'ACTIVE', 'Listed equity portfolio - large cap', '2026-12-31', 'Y', 1, 'KR', 'Listed equity portfolio - large cap', '2027-06-30', 18000000.00, 'Y', 'ANNUAL', 214, CURRENT_TIMESTAMP, 'CHF', '2023-01-15', '2024-01-01', NULL, 'Y', CURRENT_TIMESTAMP);
INSERT INTO l1.collateral_asset_master (collateral_asset_id, collateral_type_id, counterparty_id, country_code, currency_code, legal_entity_id, charge_type, collateral_asset_type, collateral_id, collateral_status, description, insurance_expiry_date, insurance_flag, lien_priority, location_country_code, location_description, maturity_date, original_cost, regulatory_eligible_flag, revaluation_frequency, source_record_id, updated_ts, valuation_currency_code, vintage_date, effective_start_date, effective_end_date, is_current_flag, created_ts) VALUES (215, 5, 62, 'SE', 'JPY', 6, 'FIRST_MORTGAGE', 'COMMERCIAL_RE', 215, 'ACTIVE', 'Commercial real estate - office building', '2026-12-31', 'Y', 2, 'SE', 'Commercial real estate - office building', '2027-06-30', 90000000.00, 'Y', 'QUARTERLY', 215, CURRENT_TIMESTAMP, 'JPY', '2023-01-15', '2024-01-01', NULL, 'Y', CURRENT_TIMESTAMP);
INSERT INTO l1.collateral_asset_master (collateral_asset_id, collateral_type_id, counterparty_id, country_code, currency_code, legal_entity_id, charge_type, collateral_asset_type, collateral_id, collateral_status, description, insurance_expiry_date, insurance_flag, lien_priority, location_country_code, location_description, maturity_date, original_cost, regulatory_eligible_flag, revaluation_frequency, source_record_id, updated_ts, valuation_currency_code, vintage_date, effective_start_date, effective_end_date, is_current_flag, created_ts) VALUES (216, 6, 62, 'NO', 'CAD', 7, 'FLOATING_CHARGE', 'TRADE_RECEIVABLES', 216, 'ACTIVE', 'Trade receivables pool', NULL, 'N', 3, 'NO', 'Trade receivables pool', '2027-06-30', 12000000.00, 'Y', 'MONTHLY', 216, CURRENT_TIMESTAMP, 'CAD', '2023-01-15', '2024-01-01', NULL, 'Y', CURRENT_TIMESTAMP);
INSERT INTO l1.collateral_asset_master (collateral_asset_id, collateral_type_id, counterparty_id, country_code, currency_code, legal_entity_id, charge_type, collateral_asset_type, collateral_id, collateral_status, description, insurance_expiry_date, insurance_flag, lien_priority, location_country_code, location_description, maturity_date, original_cost, regulatory_eligible_flag, revaluation_frequency, source_record_id, updated_ts, valuation_currency_code, vintage_date, effective_start_date, effective_end_date, is_current_flag, created_ts) VALUES (217, 7, 62, 'DK', 'AUD', 8, 'UNSECURED', 'PARENT_GUARANTEE', 217, 'ACTIVE', 'Parent company guarantee', NULL, 'N', 1, 'DK', 'Parent company guarantee', '2027-06-30', 0.00, 'Y', 'QUARTERLY', 217, CURRENT_TIMESTAMP, 'AUD', '2023-01-15', '2024-01-01', NULL, 'Y', CURRENT_TIMESTAMP);
INSERT INTO l1.collateral_asset_master (collateral_asset_id, collateral_type_id, counterparty_id, country_code, currency_code, legal_entity_id, charge_type, collateral_asset_type, collateral_id, collateral_status, description, insurance_expiry_date, insurance_flag, lien_priority, location_country_code, location_description, maturity_date, original_cost, regulatory_eligible_flag, revaluation_frequency, source_record_id, updated_ts, valuation_currency_code, vintage_date, effective_start_date, effective_end_date, is_current_flag, created_ts) VALUES (218, 8, 62, 'FI', 'CNY', 9, 'PLEDGE', 'GOLD_BULLION', 218, 'ACTIVE', 'Gold bullion held in vault', NULL, 'N', 2, 'FI', 'Gold bullion held in vault', '2027-06-30', 7500000.00, 'N', 'SEMI_ANNUAL', 218, CURRENT_TIMESTAMP, 'CNY', '2023-01-15', '2024-01-01', NULL, 'Y', CURRENT_TIMESTAMP);
INSERT INTO l1.collateral_asset_master (collateral_asset_id, collateral_type_id, counterparty_id, country_code, currency_code, legal_entity_id, charge_type, collateral_asset_type, collateral_id, collateral_status, description, insurance_expiry_date, insurance_flag, lien_priority, location_country_code, location_description, maturity_date, original_cost, regulatory_eligible_flag, revaluation_frequency, source_record_id, updated_ts, valuation_currency_code, vintage_date, effective_start_date, effective_end_date, is_current_flag, created_ts) VALUES (219, 9, 62, 'BE', 'HKD', 10, 'FLOATING_CHARGE', 'RAW_MATERIALS', 219, 'PENDING_VALUATION', 'Raw materials inventory', NULL, 'N', 3, 'BE', 'Raw materials inventory', '2027-06-30', 6000000.00, 'N', 'ANNUAL', 219, CURRENT_TIMESTAMP, 'HKD', '2023-01-15', '2024-01-01', NULL, 'Y', CURRENT_TIMESTAMP);
INSERT INTO l1.collateral_asset_master (collateral_asset_id, collateral_type_id, counterparty_id, country_code, currency_code, legal_entity_id, charge_type, collateral_asset_type, collateral_id, collateral_status, description, insurance_expiry_date, insurance_flag, lien_priority, location_country_code, location_description, maturity_date, original_cost, regulatory_eligible_flag, revaluation_frequency, source_record_id, updated_ts, valuation_currency_code, vintage_date, effective_start_date, effective_end_date, is_current_flag, created_ts) VALUES (220, 10, 62, 'AT', 'SGD', 1, 'FIRST_MORTGAGE', 'MANUFACTURING_EQUIP', 220, 'ACTIVE', 'Manufacturing equipment and plant', NULL, 'N', 1, 'AT', 'Manufacturing equipment and plant', '2027-06-30', 55000000.00, 'N', 'QUARTERLY', 220, CURRENT_TIMESTAMP, 'SGD', '2023-01-15', '2024-01-01', NULL, 'Y', CURRENT_TIMESTAMP);
INSERT INTO l1.collateral_asset_master (collateral_asset_id, collateral_type_id, counterparty_id, country_code, currency_code, legal_entity_id, charge_type, collateral_asset_type, collateral_id, collateral_status, description, insurance_expiry_date, insurance_flag, lien_priority, location_country_code, location_description, maturity_date, original_cost, regulatory_eligible_flag, revaluation_frequency, source_record_id, updated_ts, valuation_currency_code, vintage_date, effective_start_date, effective_end_date, is_current_flag, created_ts) VALUES (221, 1, 63, 'US', 'USD', 2, 'FIRST_LIEN', 'CASH_DEPOSIT', 221, 'ACTIVE', 'Cash deposit held at custodian bank', '2026-12-31', 'Y', 1, 'US', 'Cash deposit held at custodian bank', '2027-06-30', 50000000.00, 'Y', 'MONTHLY', 221, CURRENT_TIMESTAMP, 'USD', '2023-01-15', '2024-01-01', NULL, 'Y', CURRENT_TIMESTAMP);
INSERT INTO l1.collateral_asset_master (collateral_asset_id, collateral_type_id, counterparty_id, country_code, currency_code, legal_entity_id, charge_type, collateral_asset_type, collateral_id, collateral_status, description, insurance_expiry_date, insurance_flag, lien_priority, location_country_code, location_description, maturity_date, original_cost, regulatory_eligible_flag, revaluation_frequency, source_record_id, updated_ts, valuation_currency_code, vintage_date, effective_start_date, effective_end_date, is_current_flag, created_ts) VALUES (222, 2, 63, 'GB', 'EUR', 3, 'SECOND_LIEN', 'UST_BONDS', 222, 'ACTIVE', 'US Treasury bonds portfolio', '2026-12-31', 'Y', 2, 'GB', 'US Treasury bonds portfolio', '2027-06-30', 75000000.00, 'Y', 'QUARTERLY', 222, CURRENT_TIMESTAMP, 'EUR', '2023-01-15', '2024-01-01', NULL, 'Y', CURRENT_TIMESTAMP);
INSERT INTO l1.collateral_asset_master (collateral_asset_id, collateral_type_id, counterparty_id, country_code, currency_code, legal_entity_id, charge_type, collateral_asset_type, collateral_id, collateral_status, description, insurance_expiry_date, insurance_flag, lien_priority, location_country_code, location_description, maturity_date, original_cost, regulatory_eligible_flag, revaluation_frequency, source_record_id, updated_ts, valuation_currency_code, vintage_date, effective_start_date, effective_end_date, is_current_flag, created_ts) VALUES (223, 3, 63, 'DE', 'GBP', 4, 'FIRST_LIEN', 'CORP_BOND_IG', 223, 'ACTIVE', 'Investment-grade corporate bond basket', '2026-12-31', 'Y', 3, 'DE', 'Investment-grade corporate bond basket', '2027-06-30', 30000000.00, 'Y', 'SEMI_ANNUAL', 223, CURRENT_TIMESTAMP, 'GBP', '2023-01-15', '2024-01-01', NULL, 'Y', CURRENT_TIMESTAMP);
INSERT INTO l1.collateral_asset_master (collateral_asset_id, collateral_type_id, counterparty_id, country_code, currency_code, legal_entity_id, charge_type, collateral_asset_type, collateral_id, collateral_status, description, insurance_expiry_date, insurance_flag, lien_priority, location_country_code, location_description, maturity_date, original_cost, regulatory_eligible_flag, revaluation_frequency, source_record_id, updated_ts, valuation_currency_code, vintage_date, effective_start_date, effective_end_date, is_current_flag, created_ts) VALUES (224, 4, 63, 'FR', 'CHF', 5, 'PLEDGE', 'LISTED_EQUITY', 224, 'ACTIVE', 'Listed equity portfolio - large cap', '2026-12-31', 'Y', 1, 'FR', 'Listed equity portfolio - large cap', '2027-06-30', 20000000.00, 'Y', 'ANNUAL', 224, CURRENT_TIMESTAMP, 'CHF', '2023-01-15', '2024-01-01', NULL, 'Y', CURRENT_TIMESTAMP);
INSERT INTO l1.collateral_asset_master (collateral_asset_id, collateral_type_id, counterparty_id, country_code, currency_code, legal_entity_id, charge_type, collateral_asset_type, collateral_id, collateral_status, description, insurance_expiry_date, insurance_flag, lien_priority, location_country_code, location_description, maturity_date, original_cost, regulatory_eligible_flag, revaluation_frequency, source_record_id, updated_ts, valuation_currency_code, vintage_date, effective_start_date, effective_end_date, is_current_flag, created_ts) VALUES (225, 5, 63, 'JP', 'JPY', 6, 'FIRST_MORTGAGE', 'COMMERCIAL_RE', 225, 'ACTIVE', 'Commercial real estate - office building', '2026-12-31', 'Y', 2, 'JP', 'Commercial real estate - office building', '2027-06-30', 125000000.00, 'Y', 'QUARTERLY', 225, CURRENT_TIMESTAMP, 'JPY', '2023-01-15', '2024-01-01', NULL, 'Y', CURRENT_TIMESTAMP);
INSERT INTO l1.collateral_asset_master (collateral_asset_id, collateral_type_id, counterparty_id, country_code, currency_code, legal_entity_id, charge_type, collateral_asset_type, collateral_id, collateral_status, description, insurance_expiry_date, insurance_flag, lien_priority, location_country_code, location_description, maturity_date, original_cost, regulatory_eligible_flag, revaluation_frequency, source_record_id, updated_ts, valuation_currency_code, vintage_date, effective_start_date, effective_end_date, is_current_flag, created_ts) VALUES (226, 6, 63, 'CH', 'CAD', 7, 'FLOATING_CHARGE', 'TRADE_RECEIVABLES', 226, 'ACTIVE', 'Trade receivables pool', NULL, 'N', 3, 'CH', 'Trade receivables pool', '2027-06-30', 15000000.00, 'Y', 'MONTHLY', 226, CURRENT_TIMESTAMP, 'CAD', '2023-01-15', '2024-01-01', NULL, 'Y', CURRENT_TIMESTAMP);
INSERT INTO l1.collateral_asset_master (collateral_asset_id, collateral_type_id, counterparty_id, country_code, currency_code, legal_entity_id, charge_type, collateral_asset_type, collateral_id, collateral_status, description, insurance_expiry_date, insurance_flag, lien_priority, location_country_code, location_description, maturity_date, original_cost, regulatory_eligible_flag, revaluation_frequency, source_record_id, updated_ts, valuation_currency_code, vintage_date, effective_start_date, effective_end_date, is_current_flag, created_ts) VALUES (227, 7, 64, 'CA', 'AUD', 8, 'UNSECURED', 'PARENT_GUARANTEE', 227, 'ACTIVE', 'Parent company guarantee', NULL, 'N', 1, 'CA', 'Parent company guarantee', '2027-06-30', 0.00, 'Y', 'QUARTERLY', 227, CURRENT_TIMESTAMP, 'AUD', '2023-01-15', '2024-01-01', NULL, 'Y', CURRENT_TIMESTAMP);
INSERT INTO l1.collateral_asset_master (collateral_asset_id, collateral_type_id, counterparty_id, country_code, currency_code, legal_entity_id, charge_type, collateral_asset_type, collateral_id, collateral_status, description, insurance_expiry_date, insurance_flag, lien_priority, location_country_code, location_description, maturity_date, original_cost, regulatory_eligible_flag, revaluation_frequency, source_record_id, updated_ts, valuation_currency_code, vintage_date, effective_start_date, effective_end_date, is_current_flag, created_ts) VALUES (228, 8, 64, 'AU', 'CNY', 9, 'PLEDGE', 'GOLD_BULLION', 228, 'ACTIVE', 'Gold bullion held in vault', NULL, 'N', 2, 'AU', 'Gold bullion held in vault', '2027-06-30', 10000000.00, 'N', 'SEMI_ANNUAL', 228, CURRENT_TIMESTAMP, 'CNY', '2023-01-15', '2024-01-01', NULL, 'Y', CURRENT_TIMESTAMP);
INSERT INTO l1.collateral_asset_master (collateral_asset_id, collateral_type_id, counterparty_id, country_code, currency_code, legal_entity_id, charge_type, collateral_asset_type, collateral_id, collateral_status, description, insurance_expiry_date, insurance_flag, lien_priority, location_country_code, location_description, maturity_date, original_cost, regulatory_eligible_flag, revaluation_frequency, source_record_id, updated_ts, valuation_currency_code, vintage_date, effective_start_date, effective_end_date, is_current_flag, created_ts) VALUES (229, 9, 64, 'NL', 'HKD', 10, 'FLOATING_CHARGE', 'RAW_MATERIALS', 229, 'PENDING_VALUATION', 'Raw materials inventory', NULL, 'N', 3, 'NL', 'Raw materials inventory', '2027-06-30', 8000000.00, 'N', 'ANNUAL', 229, CURRENT_TIMESTAMP, 'HKD', '2023-01-15', '2024-01-01', NULL, 'Y', CURRENT_TIMESTAMP);
INSERT INTO l1.collateral_asset_master (collateral_asset_id, collateral_type_id, counterparty_id, country_code, currency_code, legal_entity_id, charge_type, collateral_asset_type, collateral_id, collateral_status, description, insurance_expiry_date, insurance_flag, lien_priority, location_country_code, location_description, maturity_date, original_cost, regulatory_eligible_flag, revaluation_frequency, source_record_id, updated_ts, valuation_currency_code, vintage_date, effective_start_date, effective_end_date, is_current_flag, created_ts) VALUES (230, 10, 64, 'SG', 'SGD', 1, 'FIRST_MORTGAGE', 'MANUFACTURING_EQUIP', 230, 'ACTIVE', 'Manufacturing equipment and plant', NULL, 'N', 1, 'SG', 'Manufacturing equipment and plant', '2027-06-30', 45000000.00, 'N', 'QUARTERLY', 230, CURRENT_TIMESTAMP, 'SGD', '2023-01-15', '2024-01-01', NULL, 'Y', CURRENT_TIMESTAMP);
INSERT INTO l1.collateral_asset_master (collateral_asset_id, collateral_type_id, counterparty_id, country_code, currency_code, legal_entity_id, charge_type, collateral_asset_type, collateral_id, collateral_status, description, insurance_expiry_date, insurance_flag, lien_priority, location_country_code, location_description, maturity_date, original_cost, regulatory_eligible_flag, revaluation_frequency, source_record_id, updated_ts, valuation_currency_code, vintage_date, effective_start_date, effective_end_date, is_current_flag, created_ts) VALUES (231, 1, 65, 'IE', 'USD', 2, 'FIRST_LIEN', 'CASH_DEPOSIT', 231, 'ACTIVE', 'Cash deposit held at custodian bank', '2026-12-31', 'Y', 1, 'IE', 'Cash deposit held at custodian bank', '2027-06-30', 60000000.00, 'Y', 'MONTHLY', 231, CURRENT_TIMESTAMP, 'USD', '2023-01-15', '2024-01-01', NULL, 'Y', CURRENT_TIMESTAMP);
INSERT INTO l1.collateral_asset_master (collateral_asset_id, collateral_type_id, counterparty_id, country_code, currency_code, legal_entity_id, charge_type, collateral_asset_type, collateral_id, collateral_status, description, insurance_expiry_date, insurance_flag, lien_priority, location_country_code, location_description, maturity_date, original_cost, regulatory_eligible_flag, revaluation_frequency, source_record_id, updated_ts, valuation_currency_code, vintage_date, effective_start_date, effective_end_date, is_current_flag, created_ts) VALUES (232, 2, 65, 'LU', 'EUR', 3, 'SECOND_LIEN', 'UST_BONDS', 232, 'ACTIVE', 'US Treasury bonds portfolio', '2026-12-31', 'Y', 2, 'LU', 'US Treasury bonds portfolio', '2027-06-30', 35000000.00, 'Y', 'QUARTERLY', 232, CURRENT_TIMESTAMP, 'EUR', '2023-01-15', '2024-01-01', NULL, 'Y', CURRENT_TIMESTAMP);
INSERT INTO l1.collateral_asset_master (collateral_asset_id, collateral_type_id, counterparty_id, country_code, currency_code, legal_entity_id, charge_type, collateral_asset_type, collateral_id, collateral_status, description, insurance_expiry_date, insurance_flag, lien_priority, location_country_code, location_description, maturity_date, original_cost, regulatory_eligible_flag, revaluation_frequency, source_record_id, updated_ts, valuation_currency_code, vintage_date, effective_start_date, effective_end_date, is_current_flag, created_ts) VALUES (233, 3, 65, 'HK', 'GBP', 4, 'FIRST_LIEN', 'CORP_BOND_IG', 233, 'ACTIVE', 'Investment-grade corporate bond basket', '2026-12-31', 'Y', 3, 'HK', 'Investment-grade corporate bond basket', '2027-06-30', 22000000.00, 'Y', 'SEMI_ANNUAL', 233, CURRENT_TIMESTAMP, 'GBP', '2023-01-15', '2024-01-01', NULL, 'Y', CURRENT_TIMESTAMP);
INSERT INTO l1.collateral_asset_master (collateral_asset_id, collateral_type_id, counterparty_id, country_code, currency_code, legal_entity_id, charge_type, collateral_asset_type, collateral_id, collateral_status, description, insurance_expiry_date, insurance_flag, lien_priority, location_country_code, location_description, maturity_date, original_cost, regulatory_eligible_flag, revaluation_frequency, source_record_id, updated_ts, valuation_currency_code, vintage_date, effective_start_date, effective_end_date, is_current_flag, created_ts) VALUES (234, 4, 65, 'KR', 'CHF', 5, 'PLEDGE', 'LISTED_EQUITY', 234, 'ACTIVE', 'Listed equity portfolio - large cap', '2026-12-31', 'Y', 1, 'KR', 'Listed equity portfolio - large cap', '2027-06-30', 18000000.00, 'Y', 'ANNUAL', 234, CURRENT_TIMESTAMP, 'CHF', '2023-01-15', '2024-01-01', NULL, 'Y', CURRENT_TIMESTAMP);
INSERT INTO l1.collateral_asset_master (collateral_asset_id, collateral_type_id, counterparty_id, country_code, currency_code, legal_entity_id, charge_type, collateral_asset_type, collateral_id, collateral_status, description, insurance_expiry_date, insurance_flag, lien_priority, location_country_code, location_description, maturity_date, original_cost, regulatory_eligible_flag, revaluation_frequency, source_record_id, updated_ts, valuation_currency_code, vintage_date, effective_start_date, effective_end_date, is_current_flag, created_ts) VALUES (235, 5, 65, 'SE', 'JPY', 6, 'FIRST_MORTGAGE', 'COMMERCIAL_RE', 235, 'ACTIVE', 'Commercial real estate - office building', '2026-12-31', 'Y', 2, 'SE', 'Commercial real estate - office building', '2027-06-30', 90000000.00, 'Y', 'QUARTERLY', 235, CURRENT_TIMESTAMP, 'JPY', '2023-01-15', '2024-01-01', NULL, 'Y', CURRENT_TIMESTAMP);
INSERT INTO l1.collateral_asset_master (collateral_asset_id, collateral_type_id, counterparty_id, country_code, currency_code, legal_entity_id, charge_type, collateral_asset_type, collateral_id, collateral_status, description, insurance_expiry_date, insurance_flag, lien_priority, location_country_code, location_description, maturity_date, original_cost, regulatory_eligible_flag, revaluation_frequency, source_record_id, updated_ts, valuation_currency_code, vintage_date, effective_start_date, effective_end_date, is_current_flag, created_ts) VALUES (236, 6, 65, 'NO', 'CAD', 7, 'FLOATING_CHARGE', 'TRADE_RECEIVABLES', 236, 'ACTIVE', 'Trade receivables pool', NULL, 'N', 3, 'NO', 'Trade receivables pool', '2027-06-30', 12000000.00, 'Y', 'MONTHLY', 236, CURRENT_TIMESTAMP, 'CAD', '2023-01-15', '2024-01-01', NULL, 'Y', CURRENT_TIMESTAMP);
INSERT INTO l1.collateral_asset_master (collateral_asset_id, collateral_type_id, counterparty_id, country_code, currency_code, legal_entity_id, charge_type, collateral_asset_type, collateral_id, collateral_status, description, insurance_expiry_date, insurance_flag, lien_priority, location_country_code, location_description, maturity_date, original_cost, regulatory_eligible_flag, revaluation_frequency, source_record_id, updated_ts, valuation_currency_code, vintage_date, effective_start_date, effective_end_date, is_current_flag, created_ts) VALUES (237, 7, 66, 'DK', 'AUD', 8, 'UNSECURED', 'PARENT_GUARANTEE', 237, 'ACTIVE', 'Parent company guarantee', NULL, 'N', 1, 'DK', 'Parent company guarantee', '2027-06-30', 0.00, 'Y', 'QUARTERLY', 237, CURRENT_TIMESTAMP, 'AUD', '2023-01-15', '2024-01-01', NULL, 'Y', CURRENT_TIMESTAMP);
INSERT INTO l1.collateral_asset_master (collateral_asset_id, collateral_type_id, counterparty_id, country_code, currency_code, legal_entity_id, charge_type, collateral_asset_type, collateral_id, collateral_status, description, insurance_expiry_date, insurance_flag, lien_priority, location_country_code, location_description, maturity_date, original_cost, regulatory_eligible_flag, revaluation_frequency, source_record_id, updated_ts, valuation_currency_code, vintage_date, effective_start_date, effective_end_date, is_current_flag, created_ts) VALUES (238, 8, 66, 'FI', 'CNY', 9, 'PLEDGE', 'GOLD_BULLION', 238, 'ACTIVE', 'Gold bullion held in vault', NULL, 'N', 2, 'FI', 'Gold bullion held in vault', '2027-06-30', 7500000.00, 'N', 'SEMI_ANNUAL', 238, CURRENT_TIMESTAMP, 'CNY', '2023-01-15', '2024-01-01', NULL, 'Y', CURRENT_TIMESTAMP);
INSERT INTO l1.collateral_asset_master (collateral_asset_id, collateral_type_id, counterparty_id, country_code, currency_code, legal_entity_id, charge_type, collateral_asset_type, collateral_id, collateral_status, description, insurance_expiry_date, insurance_flag, lien_priority, location_country_code, location_description, maturity_date, original_cost, regulatory_eligible_flag, revaluation_frequency, source_record_id, updated_ts, valuation_currency_code, vintage_date, effective_start_date, effective_end_date, is_current_flag, created_ts) VALUES (239, 9, 66, 'BE', 'HKD', 10, 'FLOATING_CHARGE', 'RAW_MATERIALS', 239, 'PENDING_VALUATION', 'Raw materials inventory', NULL, 'N', 3, 'BE', 'Raw materials inventory', '2027-06-30', 6000000.00, 'N', 'ANNUAL', 239, CURRENT_TIMESTAMP, 'HKD', '2023-01-15', '2024-01-01', NULL, 'Y', CURRENT_TIMESTAMP);
INSERT INTO l1.collateral_asset_master (collateral_asset_id, collateral_type_id, counterparty_id, country_code, currency_code, legal_entity_id, charge_type, collateral_asset_type, collateral_id, collateral_status, description, insurance_expiry_date, insurance_flag, lien_priority, location_country_code, location_description, maturity_date, original_cost, regulatory_eligible_flag, revaluation_frequency, source_record_id, updated_ts, valuation_currency_code, vintage_date, effective_start_date, effective_end_date, is_current_flag, created_ts) VALUES (240, 10, 66, 'AT', 'SGD', 1, 'FIRST_MORTGAGE', 'MANUFACTURING_EQUIP', 240, 'ACTIVE', 'Manufacturing equipment and plant', NULL, 'N', 1, 'AT', 'Manufacturing equipment and plant', '2027-06-30', 55000000.00, 'N', 'QUARTERLY', 240, CURRENT_TIMESTAMP, 'SGD', '2023-01-15', '2024-01-01', NULL, 'Y', CURRENT_TIMESTAMP);
INSERT INTO l1.collateral_asset_master (collateral_asset_id, collateral_type_id, counterparty_id, country_code, currency_code, legal_entity_id, charge_type, collateral_asset_type, collateral_id, collateral_status, description, insurance_expiry_date, insurance_flag, lien_priority, location_country_code, location_description, maturity_date, original_cost, regulatory_eligible_flag, revaluation_frequency, source_record_id, updated_ts, valuation_currency_code, vintage_date, effective_start_date, effective_end_date, is_current_flag, created_ts) VALUES (241, 1, 67, 'US', 'USD', 2, 'FIRST_LIEN', 'CASH_DEPOSIT', 241, 'ACTIVE', 'Cash deposit held at custodian bank', '2026-12-31', 'Y', 1, 'US', 'Cash deposit held at custodian bank', '2027-06-30', 50000000.00, 'Y', 'MONTHLY', 241, CURRENT_TIMESTAMP, 'USD', '2023-01-15', '2024-01-01', NULL, 'Y', CURRENT_TIMESTAMP);
INSERT INTO l1.collateral_asset_master (collateral_asset_id, collateral_type_id, counterparty_id, country_code, currency_code, legal_entity_id, charge_type, collateral_asset_type, collateral_id, collateral_status, description, insurance_expiry_date, insurance_flag, lien_priority, location_country_code, location_description, maturity_date, original_cost, regulatory_eligible_flag, revaluation_frequency, source_record_id, updated_ts, valuation_currency_code, vintage_date, effective_start_date, effective_end_date, is_current_flag, created_ts) VALUES (242, 2, 67, 'GB', 'EUR', 3, 'SECOND_LIEN', 'UST_BONDS', 242, 'ACTIVE', 'US Treasury bonds portfolio', '2026-12-31', 'Y', 2, 'GB', 'US Treasury bonds portfolio', '2027-06-30', 75000000.00, 'Y', 'QUARTERLY', 242, CURRENT_TIMESTAMP, 'EUR', '2023-01-15', '2024-01-01', NULL, 'Y', CURRENT_TIMESTAMP);
INSERT INTO l1.collateral_asset_master (collateral_asset_id, collateral_type_id, counterparty_id, country_code, currency_code, legal_entity_id, charge_type, collateral_asset_type, collateral_id, collateral_status, description, insurance_expiry_date, insurance_flag, lien_priority, location_country_code, location_description, maturity_date, original_cost, regulatory_eligible_flag, revaluation_frequency, source_record_id, updated_ts, valuation_currency_code, vintage_date, effective_start_date, effective_end_date, is_current_flag, created_ts) VALUES (243, 3, 68, 'DE', 'GBP', 4, 'FIRST_LIEN', 'CORP_BOND_IG', 243, 'ACTIVE', 'Investment-grade corporate bond basket', '2026-12-31', 'Y', 3, 'DE', 'Investment-grade corporate bond basket', '2027-06-30', 30000000.00, 'Y', 'SEMI_ANNUAL', 243, CURRENT_TIMESTAMP, 'GBP', '2023-01-15', '2024-01-01', NULL, 'Y', CURRENT_TIMESTAMP);
INSERT INTO l1.collateral_asset_master (collateral_asset_id, collateral_type_id, counterparty_id, country_code, currency_code, legal_entity_id, charge_type, collateral_asset_type, collateral_id, collateral_status, description, insurance_expiry_date, insurance_flag, lien_priority, location_country_code, location_description, maturity_date, original_cost, regulatory_eligible_flag, revaluation_frequency, source_record_id, updated_ts, valuation_currency_code, vintage_date, effective_start_date, effective_end_date, is_current_flag, created_ts) VALUES (244, 4, 68, 'FR', 'CHF', 5, 'PLEDGE', 'LISTED_EQUITY', 244, 'ACTIVE', 'Listed equity portfolio - large cap', '2026-12-31', 'Y', 1, 'FR', 'Listed equity portfolio - large cap', '2027-06-30', 20000000.00, 'Y', 'ANNUAL', 244, CURRENT_TIMESTAMP, 'CHF', '2023-01-15', '2024-01-01', NULL, 'Y', CURRENT_TIMESTAMP);
INSERT INTO l1.collateral_asset_master (collateral_asset_id, collateral_type_id, counterparty_id, country_code, currency_code, legal_entity_id, charge_type, collateral_asset_type, collateral_id, collateral_status, description, insurance_expiry_date, insurance_flag, lien_priority, location_country_code, location_description, maturity_date, original_cost, regulatory_eligible_flag, revaluation_frequency, source_record_id, updated_ts, valuation_currency_code, vintage_date, effective_start_date, effective_end_date, is_current_flag, created_ts) VALUES (245, 5, 68, 'JP', 'JPY', 6, 'FIRST_MORTGAGE', 'COMMERCIAL_RE', 245, 'ACTIVE', 'Commercial real estate - office building', '2026-12-31', 'Y', 2, 'JP', 'Commercial real estate - office building', '2027-06-30', 125000000.00, 'Y', 'QUARTERLY', 245, CURRENT_TIMESTAMP, 'JPY', '2023-01-15', '2024-01-01', NULL, 'Y', CURRENT_TIMESTAMP);
INSERT INTO l1.collateral_asset_master (collateral_asset_id, collateral_type_id, counterparty_id, country_code, currency_code, legal_entity_id, charge_type, collateral_asset_type, collateral_id, collateral_status, description, insurance_expiry_date, insurance_flag, lien_priority, location_country_code, location_description, maturity_date, original_cost, regulatory_eligible_flag, revaluation_frequency, source_record_id, updated_ts, valuation_currency_code, vintage_date, effective_start_date, effective_end_date, is_current_flag, created_ts) VALUES (246, 6, 68, 'CH', 'CAD', 7, 'FLOATING_CHARGE', 'TRADE_RECEIVABLES', 246, 'ACTIVE', 'Trade receivables pool', NULL, 'N', 3, 'CH', 'Trade receivables pool', '2027-06-30', 15000000.00, 'Y', 'MONTHLY', 246, CURRENT_TIMESTAMP, 'CAD', '2023-01-15', '2024-01-01', NULL, 'Y', CURRENT_TIMESTAMP);
INSERT INTO l1.collateral_asset_master (collateral_asset_id, collateral_type_id, counterparty_id, country_code, currency_code, legal_entity_id, charge_type, collateral_asset_type, collateral_id, collateral_status, description, insurance_expiry_date, insurance_flag, lien_priority, location_country_code, location_description, maturity_date, original_cost, regulatory_eligible_flag, revaluation_frequency, source_record_id, updated_ts, valuation_currency_code, vintage_date, effective_start_date, effective_end_date, is_current_flag, created_ts) VALUES (247, 7, 68, 'CA', 'AUD', 8, 'UNSECURED', 'PARENT_GUARANTEE', 247, 'ACTIVE', 'Parent company guarantee', NULL, 'N', 1, 'CA', 'Parent company guarantee', '2027-06-30', 0.00, 'Y', 'QUARTERLY', 247, CURRENT_TIMESTAMP, 'AUD', '2023-01-15', '2024-01-01', NULL, 'Y', CURRENT_TIMESTAMP);
INSERT INTO l1.collateral_asset_master (collateral_asset_id, collateral_type_id, counterparty_id, country_code, currency_code, legal_entity_id, charge_type, collateral_asset_type, collateral_id, collateral_status, description, insurance_expiry_date, insurance_flag, lien_priority, location_country_code, location_description, maturity_date, original_cost, regulatory_eligible_flag, revaluation_frequency, source_record_id, updated_ts, valuation_currency_code, vintage_date, effective_start_date, effective_end_date, is_current_flag, created_ts) VALUES (248, 8, 68, 'AU', 'CNY', 9, 'PLEDGE', 'GOLD_BULLION', 248, 'ACTIVE', 'Gold bullion held in vault', NULL, 'N', 2, 'AU', 'Gold bullion held in vault', '2027-06-30', 10000000.00, 'N', 'SEMI_ANNUAL', 248, CURRENT_TIMESTAMP, 'CNY', '2023-01-15', '2024-01-01', NULL, 'Y', CURRENT_TIMESTAMP);
INSERT INTO l1.collateral_asset_master (collateral_asset_id, collateral_type_id, counterparty_id, country_code, currency_code, legal_entity_id, charge_type, collateral_asset_type, collateral_id, collateral_status, description, insurance_expiry_date, insurance_flag, lien_priority, location_country_code, location_description, maturity_date, original_cost, regulatory_eligible_flag, revaluation_frequency, source_record_id, updated_ts, valuation_currency_code, vintage_date, effective_start_date, effective_end_date, is_current_flag, created_ts) VALUES (249, 9, 69, 'NL', 'HKD', 10, 'FLOATING_CHARGE', 'RAW_MATERIALS', 249, 'PENDING_VALUATION', 'Raw materials inventory', NULL, 'N', 3, 'NL', 'Raw materials inventory', '2027-06-30', 8000000.00, 'N', 'ANNUAL', 249, CURRENT_TIMESTAMP, 'HKD', '2023-01-15', '2024-01-01', NULL, 'Y', CURRENT_TIMESTAMP);
INSERT INTO l1.collateral_asset_master (collateral_asset_id, collateral_type_id, counterparty_id, country_code, currency_code, legal_entity_id, charge_type, collateral_asset_type, collateral_id, collateral_status, description, insurance_expiry_date, insurance_flag, lien_priority, location_country_code, location_description, maturity_date, original_cost, regulatory_eligible_flag, revaluation_frequency, source_record_id, updated_ts, valuation_currency_code, vintage_date, effective_start_date, effective_end_date, is_current_flag, created_ts) VALUES (250, 10, 69, 'SG', 'SGD', 1, 'FIRST_MORTGAGE', 'MANUFACTURING_EQUIP', 250, 'ACTIVE', 'Manufacturing equipment and plant', NULL, 'N', 1, 'SG', 'Manufacturing equipment and plant', '2027-06-30', 45000000.00, 'N', 'QUARTERLY', 250, CURRENT_TIMESTAMP, 'SGD', '2023-01-15', '2024-01-01', NULL, 'Y', CURRENT_TIMESTAMP);
INSERT INTO l1.collateral_asset_master (collateral_asset_id, collateral_type_id, counterparty_id, country_code, currency_code, legal_entity_id, charge_type, collateral_asset_type, collateral_id, collateral_status, description, insurance_expiry_date, insurance_flag, lien_priority, location_country_code, location_description, maturity_date, original_cost, regulatory_eligible_flag, revaluation_frequency, source_record_id, updated_ts, valuation_currency_code, vintage_date, effective_start_date, effective_end_date, is_current_flag, created_ts) VALUES (251, 1, 69, 'IE', 'USD', 2, 'FIRST_LIEN', 'CASH_DEPOSIT', 251, 'ACTIVE', 'Cash deposit held at custodian bank', '2026-12-31', 'Y', 1, 'IE', 'Cash deposit held at custodian bank', '2027-06-30', 60000000.00, 'Y', 'MONTHLY', 251, CURRENT_TIMESTAMP, 'USD', '2023-01-15', '2024-01-01', NULL, 'Y', CURRENT_TIMESTAMP);
INSERT INTO l1.collateral_asset_master (collateral_asset_id, collateral_type_id, counterparty_id, country_code, currency_code, legal_entity_id, charge_type, collateral_asset_type, collateral_id, collateral_status, description, insurance_expiry_date, insurance_flag, lien_priority, location_country_code, location_description, maturity_date, original_cost, regulatory_eligible_flag, revaluation_frequency, source_record_id, updated_ts, valuation_currency_code, vintage_date, effective_start_date, effective_end_date, is_current_flag, created_ts) VALUES (252, 2, 70, 'LU', 'EUR', 3, 'SECOND_LIEN', 'UST_BONDS', 252, 'ACTIVE', 'US Treasury bonds portfolio', '2026-12-31', 'Y', 2, 'LU', 'US Treasury bonds portfolio', '2027-06-30', 35000000.00, 'Y', 'QUARTERLY', 252, CURRENT_TIMESTAMP, 'EUR', '2023-01-15', '2024-01-01', NULL, 'Y', CURRENT_TIMESTAMP);
INSERT INTO l1.collateral_asset_master (collateral_asset_id, collateral_type_id, counterparty_id, country_code, currency_code, legal_entity_id, charge_type, collateral_asset_type, collateral_id, collateral_status, description, insurance_expiry_date, insurance_flag, lien_priority, location_country_code, location_description, maturity_date, original_cost, regulatory_eligible_flag, revaluation_frequency, source_record_id, updated_ts, valuation_currency_code, vintage_date, effective_start_date, effective_end_date, is_current_flag, created_ts) VALUES (253, 3, 70, 'HK', 'GBP', 4, 'FIRST_LIEN', 'CORP_BOND_IG', 253, 'ACTIVE', 'Investment-grade corporate bond basket', '2026-12-31', 'Y', 3, 'HK', 'Investment-grade corporate bond basket', '2027-06-30', 22000000.00, 'Y', 'SEMI_ANNUAL', 253, CURRENT_TIMESTAMP, 'GBP', '2023-01-15', '2024-01-01', NULL, 'Y', CURRENT_TIMESTAMP);
INSERT INTO l1.collateral_asset_master (collateral_asset_id, collateral_type_id, counterparty_id, country_code, currency_code, legal_entity_id, charge_type, collateral_asset_type, collateral_id, collateral_status, description, insurance_expiry_date, insurance_flag, lien_priority, location_country_code, location_description, maturity_date, original_cost, regulatory_eligible_flag, revaluation_frequency, source_record_id, updated_ts, valuation_currency_code, vintage_date, effective_start_date, effective_end_date, is_current_flag, created_ts) VALUES (254, 4, 70, 'KR', 'CHF', 5, 'PLEDGE', 'LISTED_EQUITY', 254, 'ACTIVE', 'Listed equity portfolio - large cap', '2026-12-31', 'Y', 1, 'KR', 'Listed equity portfolio - large cap', '2027-06-30', 18000000.00, 'Y', 'ANNUAL', 254, CURRENT_TIMESTAMP, 'CHF', '2023-01-15', '2024-01-01', NULL, 'Y', CURRENT_TIMESTAMP);
INSERT INTO l1.collateral_asset_master (collateral_asset_id, collateral_type_id, counterparty_id, country_code, currency_code, legal_entity_id, charge_type, collateral_asset_type, collateral_id, collateral_status, description, insurance_expiry_date, insurance_flag, lien_priority, location_country_code, location_description, maturity_date, original_cost, regulatory_eligible_flag, revaluation_frequency, source_record_id, updated_ts, valuation_currency_code, vintage_date, effective_start_date, effective_end_date, is_current_flag, created_ts) VALUES (255, 5, 70, 'SE', 'JPY', 6, 'FIRST_MORTGAGE', 'COMMERCIAL_RE', 255, 'ACTIVE', 'Commercial real estate - office building', '2026-12-31', 'Y', 2, 'SE', 'Commercial real estate - office building', '2027-06-30', 90000000.00, 'Y', 'QUARTERLY', 255, CURRENT_TIMESTAMP, 'JPY', '2023-01-15', '2024-01-01', NULL, 'Y', CURRENT_TIMESTAMP);
INSERT INTO l1.collateral_asset_master (collateral_asset_id, collateral_type_id, counterparty_id, country_code, currency_code, legal_entity_id, charge_type, collateral_asset_type, collateral_id, collateral_status, description, insurance_expiry_date, insurance_flag, lien_priority, location_country_code, location_description, maturity_date, original_cost, regulatory_eligible_flag, revaluation_frequency, source_record_id, updated_ts, valuation_currency_code, vintage_date, effective_start_date, effective_end_date, is_current_flag, created_ts) VALUES (256, 6, 70, 'NO', 'CAD', 7, 'FLOATING_CHARGE', 'TRADE_RECEIVABLES', 256, 'ACTIVE', 'Trade receivables pool', NULL, 'N', 3, 'NO', 'Trade receivables pool', '2027-06-30', 12000000.00, 'Y', 'MONTHLY', 256, CURRENT_TIMESTAMP, 'CAD', '2023-01-15', '2024-01-01', NULL, 'Y', CURRENT_TIMESTAMP);
INSERT INTO l1.collateral_asset_master (collateral_asset_id, collateral_type_id, counterparty_id, country_code, currency_code, legal_entity_id, charge_type, collateral_asset_type, collateral_id, collateral_status, description, insurance_expiry_date, insurance_flag, lien_priority, location_country_code, location_description, maturity_date, original_cost, regulatory_eligible_flag, revaluation_frequency, source_record_id, updated_ts, valuation_currency_code, vintage_date, effective_start_date, effective_end_date, is_current_flag, created_ts) VALUES (257, 7, 71, 'DK', 'AUD', 8, 'UNSECURED', 'PARENT_GUARANTEE', 257, 'ACTIVE', 'Parent company guarantee', NULL, 'N', 1, 'DK', 'Parent company guarantee', '2027-06-30', 0.00, 'Y', 'QUARTERLY', 257, CURRENT_TIMESTAMP, 'AUD', '2023-01-15', '2024-01-01', NULL, 'Y', CURRENT_TIMESTAMP);
INSERT INTO l1.collateral_asset_master (collateral_asset_id, collateral_type_id, counterparty_id, country_code, currency_code, legal_entity_id, charge_type, collateral_asset_type, collateral_id, collateral_status, description, insurance_expiry_date, insurance_flag, lien_priority, location_country_code, location_description, maturity_date, original_cost, regulatory_eligible_flag, revaluation_frequency, source_record_id, updated_ts, valuation_currency_code, vintage_date, effective_start_date, effective_end_date, is_current_flag, created_ts) VALUES (258, 8, 72, 'FI', 'CNY', 9, 'PLEDGE', 'GOLD_BULLION', 258, 'ACTIVE', 'Gold bullion held in vault', NULL, 'N', 2, 'FI', 'Gold bullion held in vault', '2027-06-30', 7500000.00, 'N', 'SEMI_ANNUAL', 258, CURRENT_TIMESTAMP, 'CNY', '2023-01-15', '2024-01-01', NULL, 'Y', CURRENT_TIMESTAMP);
INSERT INTO l1.collateral_asset_master (collateral_asset_id, collateral_type_id, counterparty_id, country_code, currency_code, legal_entity_id, charge_type, collateral_asset_type, collateral_id, collateral_status, description, insurance_expiry_date, insurance_flag, lien_priority, location_country_code, location_description, maturity_date, original_cost, regulatory_eligible_flag, revaluation_frequency, source_record_id, updated_ts, valuation_currency_code, vintage_date, effective_start_date, effective_end_date, is_current_flag, created_ts) VALUES (259, 9, 72, 'BE', 'HKD', 10, 'FLOATING_CHARGE', 'RAW_MATERIALS', 259, 'PENDING_VALUATION', 'Raw materials inventory', NULL, 'N', 3, 'BE', 'Raw materials inventory', '2027-06-30', 6000000.00, 'N', 'ANNUAL', 259, CURRENT_TIMESTAMP, 'HKD', '2023-01-15', '2024-01-01', NULL, 'Y', CURRENT_TIMESTAMP);
INSERT INTO l1.collateral_asset_master (collateral_asset_id, collateral_type_id, counterparty_id, country_code, currency_code, legal_entity_id, charge_type, collateral_asset_type, collateral_id, collateral_status, description, insurance_expiry_date, insurance_flag, lien_priority, location_country_code, location_description, maturity_date, original_cost, regulatory_eligible_flag, revaluation_frequency, source_record_id, updated_ts, valuation_currency_code, vintage_date, effective_start_date, effective_end_date, is_current_flag, created_ts) VALUES (260, 10, 72, 'AT', 'SGD', 1, 'FIRST_MORTGAGE', 'MANUFACTURING_EQUIP', 260, 'ACTIVE', 'Manufacturing equipment and plant', NULL, 'N', 1, 'AT', 'Manufacturing equipment and plant', '2027-06-30', 55000000.00, 'N', 'QUARTERLY', 260, CURRENT_TIMESTAMP, 'SGD', '2023-01-15', '2024-01-01', NULL, 'Y', CURRENT_TIMESTAMP);
INSERT INTO l1.collateral_asset_master (collateral_asset_id, collateral_type_id, counterparty_id, country_code, currency_code, legal_entity_id, charge_type, collateral_asset_type, collateral_id, collateral_status, description, insurance_expiry_date, insurance_flag, lien_priority, location_country_code, location_description, maturity_date, original_cost, regulatory_eligible_flag, revaluation_frequency, source_record_id, updated_ts, valuation_currency_code, vintage_date, effective_start_date, effective_end_date, is_current_flag, created_ts) VALUES (261, 1, 72, 'US', 'USD', 2, 'FIRST_LIEN', 'CASH_DEPOSIT', 261, 'ACTIVE', 'Cash deposit held at custodian bank', '2026-12-31', 'Y', 1, 'US', 'Cash deposit held at custodian bank', '2027-06-30', 50000000.00, 'Y', 'MONTHLY', 261, CURRENT_TIMESTAMP, 'USD', '2023-01-15', '2024-01-01', NULL, 'Y', CURRENT_TIMESTAMP);
INSERT INTO l1.collateral_asset_master (collateral_asset_id, collateral_type_id, counterparty_id, country_code, currency_code, legal_entity_id, charge_type, collateral_asset_type, collateral_id, collateral_status, description, insurance_expiry_date, insurance_flag, lien_priority, location_country_code, location_description, maturity_date, original_cost, regulatory_eligible_flag, revaluation_frequency, source_record_id, updated_ts, valuation_currency_code, vintage_date, effective_start_date, effective_end_date, is_current_flag, created_ts) VALUES (262, 2, 72, 'GB', 'EUR', 3, 'SECOND_LIEN', 'UST_BONDS', 262, 'ACTIVE', 'US Treasury bonds portfolio', '2026-12-31', 'Y', 2, 'GB', 'US Treasury bonds portfolio', '2027-06-30', 75000000.00, 'Y', 'QUARTERLY', 262, CURRENT_TIMESTAMP, 'EUR', '2023-01-15', '2024-01-01', NULL, 'Y', CURRENT_TIMESTAMP);
INSERT INTO l1.collateral_asset_master (collateral_asset_id, collateral_type_id, counterparty_id, country_code, currency_code, legal_entity_id, charge_type, collateral_asset_type, collateral_id, collateral_status, description, insurance_expiry_date, insurance_flag, lien_priority, location_country_code, location_description, maturity_date, original_cost, regulatory_eligible_flag, revaluation_frequency, source_record_id, updated_ts, valuation_currency_code, vintage_date, effective_start_date, effective_end_date, is_current_flag, created_ts) VALUES (263, 3, 72, 'DE', 'GBP', 4, 'FIRST_LIEN', 'CORP_BOND_IG', 263, 'ACTIVE', 'Investment-grade corporate bond basket', '2026-12-31', 'Y', 3, 'DE', 'Investment-grade corporate bond basket', '2027-06-30', 30000000.00, 'Y', 'SEMI_ANNUAL', 263, CURRENT_TIMESTAMP, 'GBP', '2023-01-15', '2024-01-01', NULL, 'Y', CURRENT_TIMESTAMP);
INSERT INTO l1.collateral_asset_master (collateral_asset_id, collateral_type_id, counterparty_id, country_code, currency_code, legal_entity_id, charge_type, collateral_asset_type, collateral_id, collateral_status, description, insurance_expiry_date, insurance_flag, lien_priority, location_country_code, location_description, maturity_date, original_cost, regulatory_eligible_flag, revaluation_frequency, source_record_id, updated_ts, valuation_currency_code, vintage_date, effective_start_date, effective_end_date, is_current_flag, created_ts) VALUES (264, 4, 73, 'FR', 'CHF', 5, 'PLEDGE', 'LISTED_EQUITY', 264, 'ACTIVE', 'Listed equity portfolio - large cap', '2026-12-31', 'Y', 1, 'FR', 'Listed equity portfolio - large cap', '2027-06-30', 20000000.00, 'Y', 'ANNUAL', 264, CURRENT_TIMESTAMP, 'CHF', '2023-01-15', '2024-01-01', NULL, 'Y', CURRENT_TIMESTAMP);
INSERT INTO l1.collateral_asset_master (collateral_asset_id, collateral_type_id, counterparty_id, country_code, currency_code, legal_entity_id, charge_type, collateral_asset_type, collateral_id, collateral_status, description, insurance_expiry_date, insurance_flag, lien_priority, location_country_code, location_description, maturity_date, original_cost, regulatory_eligible_flag, revaluation_frequency, source_record_id, updated_ts, valuation_currency_code, vintage_date, effective_start_date, effective_end_date, is_current_flag, created_ts) VALUES (265, 5, 73, 'JP', 'JPY', 6, 'FIRST_MORTGAGE', 'COMMERCIAL_RE', 265, 'ACTIVE', 'Commercial real estate - office building', '2026-12-31', 'Y', 2, 'JP', 'Commercial real estate - office building', '2027-06-30', 125000000.00, 'Y', 'QUARTERLY', 265, CURRENT_TIMESTAMP, 'JPY', '2023-01-15', '2024-01-01', NULL, 'Y', CURRENT_TIMESTAMP);
INSERT INTO l1.collateral_asset_master (collateral_asset_id, collateral_type_id, counterparty_id, country_code, currency_code, legal_entity_id, charge_type, collateral_asset_type, collateral_id, collateral_status, description, insurance_expiry_date, insurance_flag, lien_priority, location_country_code, location_description, maturity_date, original_cost, regulatory_eligible_flag, revaluation_frequency, source_record_id, updated_ts, valuation_currency_code, vintage_date, effective_start_date, effective_end_date, is_current_flag, created_ts) VALUES (266, 6, 74, 'CH', 'CAD', 7, 'FLOATING_CHARGE', 'TRADE_RECEIVABLES', 266, 'ACTIVE', 'Trade receivables pool', NULL, 'N', 3, 'CH', 'Trade receivables pool', '2027-06-30', 15000000.00, 'Y', 'MONTHLY', 266, CURRENT_TIMESTAMP, 'CAD', '2023-01-15', '2024-01-01', NULL, 'Y', CURRENT_TIMESTAMP);
INSERT INTO l1.collateral_asset_master (collateral_asset_id, collateral_type_id, counterparty_id, country_code, currency_code, legal_entity_id, charge_type, collateral_asset_type, collateral_id, collateral_status, description, insurance_expiry_date, insurance_flag, lien_priority, location_country_code, location_description, maturity_date, original_cost, regulatory_eligible_flag, revaluation_frequency, source_record_id, updated_ts, valuation_currency_code, vintage_date, effective_start_date, effective_end_date, is_current_flag, created_ts) VALUES (267, 7, 74, 'CA', 'AUD', 8, 'UNSECURED', 'PARENT_GUARANTEE', 267, 'ACTIVE', 'Parent company guarantee', NULL, 'N', 1, 'CA', 'Parent company guarantee', '2027-06-30', 0.00, 'Y', 'QUARTERLY', 267, CURRENT_TIMESTAMP, 'AUD', '2023-01-15', '2024-01-01', NULL, 'Y', CURRENT_TIMESTAMP);
INSERT INTO l1.collateral_asset_master (collateral_asset_id, collateral_type_id, counterparty_id, country_code, currency_code, legal_entity_id, charge_type, collateral_asset_type, collateral_id, collateral_status, description, insurance_expiry_date, insurance_flag, lien_priority, location_country_code, location_description, maturity_date, original_cost, regulatory_eligible_flag, revaluation_frequency, source_record_id, updated_ts, valuation_currency_code, vintage_date, effective_start_date, effective_end_date, is_current_flag, created_ts) VALUES (268, 8, 74, 'AU', 'CNY', 9, 'PLEDGE', 'GOLD_BULLION', 268, 'ACTIVE', 'Gold bullion held in vault', NULL, 'N', 2, 'AU', 'Gold bullion held in vault', '2027-06-30', 10000000.00, 'N', 'SEMI_ANNUAL', 268, CURRENT_TIMESTAMP, 'CNY', '2023-01-15', '2024-01-01', NULL, 'Y', CURRENT_TIMESTAMP);
INSERT INTO l1.collateral_asset_master (collateral_asset_id, collateral_type_id, counterparty_id, country_code, currency_code, legal_entity_id, charge_type, collateral_asset_type, collateral_id, collateral_status, description, insurance_expiry_date, insurance_flag, lien_priority, location_country_code, location_description, maturity_date, original_cost, regulatory_eligible_flag, revaluation_frequency, source_record_id, updated_ts, valuation_currency_code, vintage_date, effective_start_date, effective_end_date, is_current_flag, created_ts) VALUES (269, 9, 74, 'NL', 'HKD', 10, 'FLOATING_CHARGE', 'RAW_MATERIALS', 269, 'PENDING_VALUATION', 'Raw materials inventory', NULL, 'N', 3, 'NL', 'Raw materials inventory', '2027-06-30', 8000000.00, 'N', 'ANNUAL', 269, CURRENT_TIMESTAMP, 'HKD', '2023-01-15', '2024-01-01', NULL, 'Y', CURRENT_TIMESTAMP);
INSERT INTO l1.collateral_asset_master (collateral_asset_id, collateral_type_id, counterparty_id, country_code, currency_code, legal_entity_id, charge_type, collateral_asset_type, collateral_id, collateral_status, description, insurance_expiry_date, insurance_flag, lien_priority, location_country_code, location_description, maturity_date, original_cost, regulatory_eligible_flag, revaluation_frequency, source_record_id, updated_ts, valuation_currency_code, vintage_date, effective_start_date, effective_end_date, is_current_flag, created_ts) VALUES (270, 10, 74, 'SG', 'SGD', 1, 'FIRST_MORTGAGE', 'MANUFACTURING_EQUIP', 270, 'ACTIVE', 'Manufacturing equipment and plant', NULL, 'N', 1, 'SG', 'Manufacturing equipment and plant', '2027-06-30', 45000000.00, 'N', 'QUARTERLY', 270, CURRENT_TIMESTAMP, 'SGD', '2023-01-15', '2024-01-01', NULL, 'Y', CURRENT_TIMESTAMP);
INSERT INTO l1.collateral_asset_master (collateral_asset_id, collateral_type_id, counterparty_id, country_code, currency_code, legal_entity_id, charge_type, collateral_asset_type, collateral_id, collateral_status, description, insurance_expiry_date, insurance_flag, lien_priority, location_country_code, location_description, maturity_date, original_cost, regulatory_eligible_flag, revaluation_frequency, source_record_id, updated_ts, valuation_currency_code, vintage_date, effective_start_date, effective_end_date, is_current_flag, created_ts) VALUES (271, 1, 74, 'IE', 'USD', 2, 'FIRST_LIEN', 'CASH_DEPOSIT', 271, 'ACTIVE', 'Cash deposit held at custodian bank', '2026-12-31', 'Y', 1, 'IE', 'Cash deposit held at custodian bank', '2027-06-30', 60000000.00, 'Y', 'MONTHLY', 271, CURRENT_TIMESTAMP, 'USD', '2023-01-15', '2024-01-01', NULL, 'Y', CURRENT_TIMESTAMP);
INSERT INTO l1.collateral_asset_master (collateral_asset_id, collateral_type_id, counterparty_id, country_code, currency_code, legal_entity_id, charge_type, collateral_asset_type, collateral_id, collateral_status, description, insurance_expiry_date, insurance_flag, lien_priority, location_country_code, location_description, maturity_date, original_cost, regulatory_eligible_flag, revaluation_frequency, source_record_id, updated_ts, valuation_currency_code, vintage_date, effective_start_date, effective_end_date, is_current_flag, created_ts) VALUES (272, 2, 75, 'LU', 'EUR', 3, 'SECOND_LIEN', 'UST_BONDS', 272, 'ACTIVE', 'US Treasury bonds portfolio', '2026-12-31', 'Y', 2, 'LU', 'US Treasury bonds portfolio', '2027-06-30', 35000000.00, 'Y', 'QUARTERLY', 272, CURRENT_TIMESTAMP, 'EUR', '2023-01-15', '2024-01-01', NULL, 'Y', CURRENT_TIMESTAMP);
INSERT INTO l1.collateral_asset_master (collateral_asset_id, collateral_type_id, counterparty_id, country_code, currency_code, legal_entity_id, charge_type, collateral_asset_type, collateral_id, collateral_status, description, insurance_expiry_date, insurance_flag, lien_priority, location_country_code, location_description, maturity_date, original_cost, regulatory_eligible_flag, revaluation_frequency, source_record_id, updated_ts, valuation_currency_code, vintage_date, effective_start_date, effective_end_date, is_current_flag, created_ts) VALUES (273, 3, 75, 'HK', 'GBP', 4, 'FIRST_LIEN', 'CORP_BOND_IG', 273, 'ACTIVE', 'Investment-grade corporate bond basket', '2026-12-31', 'Y', 3, 'HK', 'Investment-grade corporate bond basket', '2027-06-30', 22000000.00, 'Y', 'SEMI_ANNUAL', 273, CURRENT_TIMESTAMP, 'GBP', '2023-01-15', '2024-01-01', NULL, 'Y', CURRENT_TIMESTAMP);
INSERT INTO l1.collateral_asset_master (collateral_asset_id, collateral_type_id, counterparty_id, country_code, currency_code, legal_entity_id, charge_type, collateral_asset_type, collateral_id, collateral_status, description, insurance_expiry_date, insurance_flag, lien_priority, location_country_code, location_description, maturity_date, original_cost, regulatory_eligible_flag, revaluation_frequency, source_record_id, updated_ts, valuation_currency_code, vintage_date, effective_start_date, effective_end_date, is_current_flag, created_ts) VALUES (274, 4, 75, 'KR', 'CHF', 5, 'PLEDGE', 'LISTED_EQUITY', 274, 'ACTIVE', 'Listed equity portfolio - large cap', '2026-12-31', 'Y', 1, 'KR', 'Listed equity portfolio - large cap', '2027-06-30', 18000000.00, 'Y', 'ANNUAL', 274, CURRENT_TIMESTAMP, 'CHF', '2023-01-15', '2024-01-01', NULL, 'Y', CURRENT_TIMESTAMP);
INSERT INTO l1.collateral_asset_master (collateral_asset_id, collateral_type_id, counterparty_id, country_code, currency_code, legal_entity_id, charge_type, collateral_asset_type, collateral_id, collateral_status, description, insurance_expiry_date, insurance_flag, lien_priority, location_country_code, location_description, maturity_date, original_cost, regulatory_eligible_flag, revaluation_frequency, source_record_id, updated_ts, valuation_currency_code, vintage_date, effective_start_date, effective_end_date, is_current_flag, created_ts) VALUES (275, 5, 75, 'SE', 'JPY', 6, 'FIRST_MORTGAGE', 'COMMERCIAL_RE', 275, 'ACTIVE', 'Commercial real estate - office building', '2026-12-31', 'Y', 2, 'SE', 'Commercial real estate - office building', '2027-06-30', 90000000.00, 'Y', 'QUARTERLY', 275, CURRENT_TIMESTAMP, 'JPY', '2023-01-15', '2024-01-01', NULL, 'Y', CURRENT_TIMESTAMP);
INSERT INTO l1.collateral_asset_master (collateral_asset_id, collateral_type_id, counterparty_id, country_code, currency_code, legal_entity_id, charge_type, collateral_asset_type, collateral_id, collateral_status, description, insurance_expiry_date, insurance_flag, lien_priority, location_country_code, location_description, maturity_date, original_cost, regulatory_eligible_flag, revaluation_frequency, source_record_id, updated_ts, valuation_currency_code, vintage_date, effective_start_date, effective_end_date, is_current_flag, created_ts) VALUES (276, 6, 76, 'NO', 'CAD', 7, 'FLOATING_CHARGE', 'TRADE_RECEIVABLES', 276, 'ACTIVE', 'Trade receivables pool', NULL, 'N', 3, 'NO', 'Trade receivables pool', '2027-06-30', 12000000.00, 'Y', 'MONTHLY', 276, CURRENT_TIMESTAMP, 'CAD', '2023-01-15', '2024-01-01', NULL, 'Y', CURRENT_TIMESTAMP);
INSERT INTO l1.collateral_asset_master (collateral_asset_id, collateral_type_id, counterparty_id, country_code, currency_code, legal_entity_id, charge_type, collateral_asset_type, collateral_id, collateral_status, description, insurance_expiry_date, insurance_flag, lien_priority, location_country_code, location_description, maturity_date, original_cost, regulatory_eligible_flag, revaluation_frequency, source_record_id, updated_ts, valuation_currency_code, vintage_date, effective_start_date, effective_end_date, is_current_flag, created_ts) VALUES (277, 7, 76, 'DK', 'AUD', 8, 'UNSECURED', 'PARENT_GUARANTEE', 277, 'ACTIVE', 'Parent company guarantee', NULL, 'N', 1, 'DK', 'Parent company guarantee', '2027-06-30', 0.00, 'Y', 'QUARTERLY', 277, CURRENT_TIMESTAMP, 'AUD', '2023-01-15', '2024-01-01', NULL, 'Y', CURRENT_TIMESTAMP);
INSERT INTO l1.collateral_asset_master (collateral_asset_id, collateral_type_id, counterparty_id, country_code, currency_code, legal_entity_id, charge_type, collateral_asset_type, collateral_id, collateral_status, description, insurance_expiry_date, insurance_flag, lien_priority, location_country_code, location_description, maturity_date, original_cost, regulatory_eligible_flag, revaluation_frequency, source_record_id, updated_ts, valuation_currency_code, vintage_date, effective_start_date, effective_end_date, is_current_flag, created_ts) VALUES (278, 8, 76, 'FI', 'CNY', 9, 'PLEDGE', 'GOLD_BULLION', 278, 'ACTIVE', 'Gold bullion held in vault', NULL, 'N', 2, 'FI', 'Gold bullion held in vault', '2027-06-30', 7500000.00, 'N', 'SEMI_ANNUAL', 278, CURRENT_TIMESTAMP, 'CNY', '2023-01-15', '2024-01-01', NULL, 'Y', CURRENT_TIMESTAMP);
INSERT INTO l1.collateral_asset_master (collateral_asset_id, collateral_type_id, counterparty_id, country_code, currency_code, legal_entity_id, charge_type, collateral_asset_type, collateral_id, collateral_status, description, insurance_expiry_date, insurance_flag, lien_priority, location_country_code, location_description, maturity_date, original_cost, regulatory_eligible_flag, revaluation_frequency, source_record_id, updated_ts, valuation_currency_code, vintage_date, effective_start_date, effective_end_date, is_current_flag, created_ts) VALUES (279, 9, 76, 'BE', 'HKD', 10, 'FLOATING_CHARGE', 'RAW_MATERIALS', 279, 'PENDING_VALUATION', 'Raw materials inventory', NULL, 'N', 3, 'BE', 'Raw materials inventory', '2027-06-30', 6000000.00, 'N', 'ANNUAL', 279, CURRENT_TIMESTAMP, 'HKD', '2023-01-15', '2024-01-01', NULL, 'Y', CURRENT_TIMESTAMP);
INSERT INTO l1.collateral_asset_master (collateral_asset_id, collateral_type_id, counterparty_id, country_code, currency_code, legal_entity_id, charge_type, collateral_asset_type, collateral_id, collateral_status, description, insurance_expiry_date, insurance_flag, lien_priority, location_country_code, location_description, maturity_date, original_cost, regulatory_eligible_flag, revaluation_frequency, source_record_id, updated_ts, valuation_currency_code, vintage_date, effective_start_date, effective_end_date, is_current_flag, created_ts) VALUES (280, 10, 76, 'AT', 'SGD', 1, 'FIRST_MORTGAGE', 'MANUFACTURING_EQUIP', 280, 'ACTIVE', 'Manufacturing equipment and plant', NULL, 'N', 1, 'AT', 'Manufacturing equipment and plant', '2027-06-30', 55000000.00, 'N', 'QUARTERLY', 280, CURRENT_TIMESTAMP, 'SGD', '2023-01-15', '2024-01-01', NULL, 'Y', CURRENT_TIMESTAMP);
INSERT INTO l1.collateral_asset_master (collateral_asset_id, collateral_type_id, counterparty_id, country_code, currency_code, legal_entity_id, charge_type, collateral_asset_type, collateral_id, collateral_status, description, insurance_expiry_date, insurance_flag, lien_priority, location_country_code, location_description, maturity_date, original_cost, regulatory_eligible_flag, revaluation_frequency, source_record_id, updated_ts, valuation_currency_code, vintage_date, effective_start_date, effective_end_date, is_current_flag, created_ts) VALUES (281, 1, 77, 'US', 'USD', 2, 'FIRST_LIEN', 'CASH_DEPOSIT', 281, 'ACTIVE', 'Cash deposit held at custodian bank', '2026-12-31', 'Y', 1, 'US', 'Cash deposit held at custodian bank', '2027-06-30', 50000000.00, 'Y', 'MONTHLY', 281, CURRENT_TIMESTAMP, 'USD', '2023-01-15', '2024-01-01', NULL, 'Y', CURRENT_TIMESTAMP);
INSERT INTO l1.collateral_asset_master (collateral_asset_id, collateral_type_id, counterparty_id, country_code, currency_code, legal_entity_id, charge_type, collateral_asset_type, collateral_id, collateral_status, description, insurance_expiry_date, insurance_flag, lien_priority, location_country_code, location_description, maturity_date, original_cost, regulatory_eligible_flag, revaluation_frequency, source_record_id, updated_ts, valuation_currency_code, vintage_date, effective_start_date, effective_end_date, is_current_flag, created_ts) VALUES (282, 2, 77, 'GB', 'EUR', 3, 'SECOND_LIEN', 'UST_BONDS', 282, 'ACTIVE', 'US Treasury bonds portfolio', '2026-12-31', 'Y', 2, 'GB', 'US Treasury bonds portfolio', '2027-06-30', 75000000.00, 'Y', 'QUARTERLY', 282, CURRENT_TIMESTAMP, 'EUR', '2023-01-15', '2024-01-01', NULL, 'Y', CURRENT_TIMESTAMP);
INSERT INTO l1.collateral_asset_master (collateral_asset_id, collateral_type_id, counterparty_id, country_code, currency_code, legal_entity_id, charge_type, collateral_asset_type, collateral_id, collateral_status, description, insurance_expiry_date, insurance_flag, lien_priority, location_country_code, location_description, maturity_date, original_cost, regulatory_eligible_flag, revaluation_frequency, source_record_id, updated_ts, valuation_currency_code, vintage_date, effective_start_date, effective_end_date, is_current_flag, created_ts) VALUES (283, 3, 77, 'DE', 'GBP', 4, 'FIRST_LIEN', 'CORP_BOND_IG', 283, 'ACTIVE', 'Investment-grade corporate bond basket', '2026-12-31', 'Y', 3, 'DE', 'Investment-grade corporate bond basket', '2027-06-30', 30000000.00, 'Y', 'SEMI_ANNUAL', 283, CURRENT_TIMESTAMP, 'GBP', '2023-01-15', '2024-01-01', NULL, 'Y', CURRENT_TIMESTAMP);
INSERT INTO l1.collateral_asset_master (collateral_asset_id, collateral_type_id, counterparty_id, country_code, currency_code, legal_entity_id, charge_type, collateral_asset_type, collateral_id, collateral_status, description, insurance_expiry_date, insurance_flag, lien_priority, location_country_code, location_description, maturity_date, original_cost, regulatory_eligible_flag, revaluation_frequency, source_record_id, updated_ts, valuation_currency_code, vintage_date, effective_start_date, effective_end_date, is_current_flag, created_ts) VALUES (284, 4, 77, 'FR', 'CHF', 5, 'PLEDGE', 'LISTED_EQUITY', 284, 'ACTIVE', 'Listed equity portfolio - large cap', '2026-12-31', 'Y', 1, 'FR', 'Listed equity portfolio - large cap', '2027-06-30', 20000000.00, 'Y', 'ANNUAL', 284, CURRENT_TIMESTAMP, 'CHF', '2023-01-15', '2024-01-01', NULL, 'Y', CURRENT_TIMESTAMP);
INSERT INTO l1.collateral_asset_master (collateral_asset_id, collateral_type_id, counterparty_id, country_code, currency_code, legal_entity_id, charge_type, collateral_asset_type, collateral_id, collateral_status, description, insurance_expiry_date, insurance_flag, lien_priority, location_country_code, location_description, maturity_date, original_cost, regulatory_eligible_flag, revaluation_frequency, source_record_id, updated_ts, valuation_currency_code, vintage_date, effective_start_date, effective_end_date, is_current_flag, created_ts) VALUES (285, 5, 78, 'JP', 'JPY', 6, 'FIRST_MORTGAGE', 'COMMERCIAL_RE', 285, 'ACTIVE', 'Commercial real estate - office building', '2026-12-31', 'Y', 2, 'JP', 'Commercial real estate - office building', '2027-06-30', 125000000.00, 'Y', 'QUARTERLY', 285, CURRENT_TIMESTAMP, 'JPY', '2023-01-15', '2024-01-01', NULL, 'Y', CURRENT_TIMESTAMP);
INSERT INTO l1.collateral_asset_master (collateral_asset_id, collateral_type_id, counterparty_id, country_code, currency_code, legal_entity_id, charge_type, collateral_asset_type, collateral_id, collateral_status, description, insurance_expiry_date, insurance_flag, lien_priority, location_country_code, location_description, maturity_date, original_cost, regulatory_eligible_flag, revaluation_frequency, source_record_id, updated_ts, valuation_currency_code, vintage_date, effective_start_date, effective_end_date, is_current_flag, created_ts) VALUES (286, 6, 78, 'CH', 'CAD', 7, 'FLOATING_CHARGE', 'TRADE_RECEIVABLES', 286, 'ACTIVE', 'Trade receivables pool', NULL, 'N', 3, 'CH', 'Trade receivables pool', '2027-06-30', 15000000.00, 'Y', 'MONTHLY', 286, CURRENT_TIMESTAMP, 'CAD', '2023-01-15', '2024-01-01', NULL, 'Y', CURRENT_TIMESTAMP);
INSERT INTO l1.collateral_asset_master (collateral_asset_id, collateral_type_id, counterparty_id, country_code, currency_code, legal_entity_id, charge_type, collateral_asset_type, collateral_id, collateral_status, description, insurance_expiry_date, insurance_flag, lien_priority, location_country_code, location_description, maturity_date, original_cost, regulatory_eligible_flag, revaluation_frequency, source_record_id, updated_ts, valuation_currency_code, vintage_date, effective_start_date, effective_end_date, is_current_flag, created_ts) VALUES (287, 7, 78, 'CA', 'AUD', 8, 'UNSECURED', 'PARENT_GUARANTEE', 287, 'ACTIVE', 'Parent company guarantee', NULL, 'N', 1, 'CA', 'Parent company guarantee', '2027-06-30', 0.00, 'Y', 'QUARTERLY', 287, CURRENT_TIMESTAMP, 'AUD', '2023-01-15', '2024-01-01', NULL, 'Y', CURRENT_TIMESTAMP);
INSERT INTO l1.collateral_asset_master (collateral_asset_id, collateral_type_id, counterparty_id, country_code, currency_code, legal_entity_id, charge_type, collateral_asset_type, collateral_id, collateral_status, description, insurance_expiry_date, insurance_flag, lien_priority, location_country_code, location_description, maturity_date, original_cost, regulatory_eligible_flag, revaluation_frequency, source_record_id, updated_ts, valuation_currency_code, vintage_date, effective_start_date, effective_end_date, is_current_flag, created_ts) VALUES (288, 8, 78, 'AU', 'CNY', 9, 'PLEDGE', 'GOLD_BULLION', 288, 'ACTIVE', 'Gold bullion held in vault', NULL, 'N', 2, 'AU', 'Gold bullion held in vault', '2027-06-30', 10000000.00, 'N', 'SEMI_ANNUAL', 288, CURRENT_TIMESTAMP, 'CNY', '2023-01-15', '2024-01-01', NULL, 'Y', CURRENT_TIMESTAMP);
INSERT INTO l1.collateral_asset_master (collateral_asset_id, collateral_type_id, counterparty_id, country_code, currency_code, legal_entity_id, charge_type, collateral_asset_type, collateral_id, collateral_status, description, insurance_expiry_date, insurance_flag, lien_priority, location_country_code, location_description, maturity_date, original_cost, regulatory_eligible_flag, revaluation_frequency, source_record_id, updated_ts, valuation_currency_code, vintage_date, effective_start_date, effective_end_date, is_current_flag, created_ts) VALUES (289, 9, 78, 'NL', 'HKD', 10, 'FLOATING_CHARGE', 'RAW_MATERIALS', 289, 'PENDING_VALUATION', 'Raw materials inventory', NULL, 'N', 3, 'NL', 'Raw materials inventory', '2027-06-30', 8000000.00, 'N', 'ANNUAL', 289, CURRENT_TIMESTAMP, 'HKD', '2023-01-15', '2024-01-01', NULL, 'Y', CURRENT_TIMESTAMP);
INSERT INTO l1.collateral_asset_master (collateral_asset_id, collateral_type_id, counterparty_id, country_code, currency_code, legal_entity_id, charge_type, collateral_asset_type, collateral_id, collateral_status, description, insurance_expiry_date, insurance_flag, lien_priority, location_country_code, location_description, maturity_date, original_cost, regulatory_eligible_flag, revaluation_frequency, source_record_id, updated_ts, valuation_currency_code, vintage_date, effective_start_date, effective_end_date, is_current_flag, created_ts) VALUES (290, 10, 78, 'SG', 'SGD', 1, 'FIRST_MORTGAGE', 'MANUFACTURING_EQUIP', 290, 'ACTIVE', 'Manufacturing equipment and plant', NULL, 'N', 1, 'SG', 'Manufacturing equipment and plant', '2027-06-30', 45000000.00, 'N', 'QUARTERLY', 290, CURRENT_TIMESTAMP, 'SGD', '2023-01-15', '2024-01-01', NULL, 'Y', CURRENT_TIMESTAMP);
INSERT INTO l1.collateral_asset_master (collateral_asset_id, collateral_type_id, counterparty_id, country_code, currency_code, legal_entity_id, charge_type, collateral_asset_type, collateral_id, collateral_status, description, insurance_expiry_date, insurance_flag, lien_priority, location_country_code, location_description, maturity_date, original_cost, regulatory_eligible_flag, revaluation_frequency, source_record_id, updated_ts, valuation_currency_code, vintage_date, effective_start_date, effective_end_date, is_current_flag, created_ts) VALUES (291, 1, 79, 'IE', 'USD', 2, 'FIRST_LIEN', 'CASH_DEPOSIT', 291, 'ACTIVE', 'Cash deposit held at custodian bank', '2026-12-31', 'Y', 1, 'IE', 'Cash deposit held at custodian bank', '2027-06-30', 60000000.00, 'Y', 'MONTHLY', 291, CURRENT_TIMESTAMP, 'USD', '2023-01-15', '2024-01-01', NULL, 'Y', CURRENT_TIMESTAMP);
INSERT INTO l1.collateral_asset_master (collateral_asset_id, collateral_type_id, counterparty_id, country_code, currency_code, legal_entity_id, charge_type, collateral_asset_type, collateral_id, collateral_status, description, insurance_expiry_date, insurance_flag, lien_priority, location_country_code, location_description, maturity_date, original_cost, regulatory_eligible_flag, revaluation_frequency, source_record_id, updated_ts, valuation_currency_code, vintage_date, effective_start_date, effective_end_date, is_current_flag, created_ts) VALUES (292, 2, 79, 'LU', 'EUR', 3, 'SECOND_LIEN', 'UST_BONDS', 292, 'ACTIVE', 'US Treasury bonds portfolio', '2026-12-31', 'Y', 2, 'LU', 'US Treasury bonds portfolio', '2027-06-30', 35000000.00, 'Y', 'QUARTERLY', 292, CURRENT_TIMESTAMP, 'EUR', '2023-01-15', '2024-01-01', NULL, 'Y', CURRENT_TIMESTAMP);
INSERT INTO l1.collateral_asset_master (collateral_asset_id, collateral_type_id, counterparty_id, country_code, currency_code, legal_entity_id, charge_type, collateral_asset_type, collateral_id, collateral_status, description, insurance_expiry_date, insurance_flag, lien_priority, location_country_code, location_description, maturity_date, original_cost, regulatory_eligible_flag, revaluation_frequency, source_record_id, updated_ts, valuation_currency_code, vintage_date, effective_start_date, effective_end_date, is_current_flag, created_ts) VALUES (293, 3, 79, 'HK', 'GBP', 4, 'FIRST_LIEN', 'CORP_BOND_IG', 293, 'ACTIVE', 'Investment-grade corporate bond basket', '2026-12-31', 'Y', 3, 'HK', 'Investment-grade corporate bond basket', '2027-06-30', 22000000.00, 'Y', 'SEMI_ANNUAL', 293, CURRENT_TIMESTAMP, 'GBP', '2023-01-15', '2024-01-01', NULL, 'Y', CURRENT_TIMESTAMP);
INSERT INTO l1.collateral_asset_master (collateral_asset_id, collateral_type_id, counterparty_id, country_code, currency_code, legal_entity_id, charge_type, collateral_asset_type, collateral_id, collateral_status, description, insurance_expiry_date, insurance_flag, lien_priority, location_country_code, location_description, maturity_date, original_cost, regulatory_eligible_flag, revaluation_frequency, source_record_id, updated_ts, valuation_currency_code, vintage_date, effective_start_date, effective_end_date, is_current_flag, created_ts) VALUES (294, 4, 79, 'KR', 'CHF', 5, 'PLEDGE', 'LISTED_EQUITY', 294, 'ACTIVE', 'Listed equity portfolio - large cap', '2026-12-31', 'Y', 1, 'KR', 'Listed equity portfolio - large cap', '2027-06-30', 18000000.00, 'Y', 'ANNUAL', 294, CURRENT_TIMESTAMP, 'CHF', '2023-01-15', '2024-01-01', NULL, 'Y', CURRENT_TIMESTAMP);
INSERT INTO l1.collateral_asset_master (collateral_asset_id, collateral_type_id, counterparty_id, country_code, currency_code, legal_entity_id, charge_type, collateral_asset_type, collateral_id, collateral_status, description, insurance_expiry_date, insurance_flag, lien_priority, location_country_code, location_description, maturity_date, original_cost, regulatory_eligible_flag, revaluation_frequency, source_record_id, updated_ts, valuation_currency_code, vintage_date, effective_start_date, effective_end_date, is_current_flag, created_ts) VALUES (295, 5, 80, 'SE', 'JPY', 6, 'FIRST_MORTGAGE', 'COMMERCIAL_RE', 295, 'ACTIVE', 'Commercial real estate - office building', '2026-12-31', 'Y', 2, 'SE', 'Commercial real estate - office building', '2027-06-30', 90000000.00, 'Y', 'QUARTERLY', 295, CURRENT_TIMESTAMP, 'JPY', '2023-01-15', '2024-01-01', NULL, 'Y', CURRENT_TIMESTAMP);
INSERT INTO l1.collateral_asset_master (collateral_asset_id, collateral_type_id, counterparty_id, country_code, currency_code, legal_entity_id, charge_type, collateral_asset_type, collateral_id, collateral_status, description, insurance_expiry_date, insurance_flag, lien_priority, location_country_code, location_description, maturity_date, original_cost, regulatory_eligible_flag, revaluation_frequency, source_record_id, updated_ts, valuation_currency_code, vintage_date, effective_start_date, effective_end_date, is_current_flag, created_ts) VALUES (296, 6, 80, 'NO', 'CAD', 7, 'FLOATING_CHARGE', 'TRADE_RECEIVABLES', 296, 'ACTIVE', 'Trade receivables pool', NULL, 'N', 3, 'NO', 'Trade receivables pool', '2027-06-30', 12000000.00, 'Y', 'MONTHLY', 296, CURRENT_TIMESTAMP, 'CAD', '2023-01-15', '2024-01-01', NULL, 'Y', CURRENT_TIMESTAMP);
INSERT INTO l1.collateral_asset_master (collateral_asset_id, collateral_type_id, counterparty_id, country_code, currency_code, legal_entity_id, charge_type, collateral_asset_type, collateral_id, collateral_status, description, insurance_expiry_date, insurance_flag, lien_priority, location_country_code, location_description, maturity_date, original_cost, regulatory_eligible_flag, revaluation_frequency, source_record_id, updated_ts, valuation_currency_code, vintage_date, effective_start_date, effective_end_date, is_current_flag, created_ts) VALUES (297, 7, 80, 'DK', 'AUD', 8, 'UNSECURED', 'PARENT_GUARANTEE', 297, 'ACTIVE', 'Parent company guarantee', NULL, 'N', 1, 'DK', 'Parent company guarantee', '2027-06-30', 0.00, 'Y', 'QUARTERLY', 297, CURRENT_TIMESTAMP, 'AUD', '2023-01-15', '2024-01-01', NULL, 'Y', CURRENT_TIMESTAMP);
INSERT INTO l1.collateral_asset_master (collateral_asset_id, collateral_type_id, counterparty_id, country_code, currency_code, legal_entity_id, charge_type, collateral_asset_type, collateral_id, collateral_status, description, insurance_expiry_date, insurance_flag, lien_priority, location_country_code, location_description, maturity_date, original_cost, regulatory_eligible_flag, revaluation_frequency, source_record_id, updated_ts, valuation_currency_code, vintage_date, effective_start_date, effective_end_date, is_current_flag, created_ts) VALUES (298, 8, 80, 'FI', 'CNY', 9, 'PLEDGE', 'GOLD_BULLION', 298, 'ACTIVE', 'Gold bullion held in vault', NULL, 'N', 2, 'FI', 'Gold bullion held in vault', '2027-06-30', 7500000.00, 'N', 'SEMI_ANNUAL', 298, CURRENT_TIMESTAMP, 'CNY', '2023-01-15', '2024-01-01', NULL, 'Y', CURRENT_TIMESTAMP);
INSERT INTO l1.collateral_asset_master (collateral_asset_id, collateral_type_id, counterparty_id, country_code, currency_code, legal_entity_id, charge_type, collateral_asset_type, collateral_id, collateral_status, description, insurance_expiry_date, insurance_flag, lien_priority, location_country_code, location_description, maturity_date, original_cost, regulatory_eligible_flag, revaluation_frequency, source_record_id, updated_ts, valuation_currency_code, vintage_date, effective_start_date, effective_end_date, is_current_flag, created_ts) VALUES (299, 9, 80, 'BE', 'HKD', 10, 'FLOATING_CHARGE', 'RAW_MATERIALS', 299, 'PENDING_VALUATION', 'Raw materials inventory', NULL, 'N', 3, 'BE', 'Raw materials inventory', '2027-06-30', 6000000.00, 'N', 'ANNUAL', 299, CURRENT_TIMESTAMP, 'HKD', '2023-01-15', '2024-01-01', NULL, 'Y', CURRENT_TIMESTAMP);
INSERT INTO l1.collateral_asset_master (collateral_asset_id, collateral_type_id, counterparty_id, country_code, currency_code, legal_entity_id, charge_type, collateral_asset_type, collateral_id, collateral_status, description, insurance_expiry_date, insurance_flag, lien_priority, location_country_code, location_description, maturity_date, original_cost, regulatory_eligible_flag, revaluation_frequency, source_record_id, updated_ts, valuation_currency_code, vintage_date, effective_start_date, effective_end_date, is_current_flag, created_ts) VALUES (300, 10, 80, 'AT', 'SGD', 1, 'FIRST_MORTGAGE', 'MANUFACTURING_EQUIP', 300, 'ACTIVE', 'Manufacturing equipment and plant', NULL, 'N', 1, 'AT', 'Manufacturing equipment and plant', '2027-06-30', 55000000.00, 'N', 'QUARTERLY', 300, CURRENT_TIMESTAMP, 'SGD', '2023-01-15', '2024-01-01', NULL, 'Y', CURRENT_TIMESTAMP);
INSERT INTO l1.collateral_asset_master (collateral_asset_id, collateral_type_id, counterparty_id, country_code, currency_code, legal_entity_id, charge_type, collateral_asset_type, collateral_id, collateral_status, description, insurance_expiry_date, insurance_flag, lien_priority, location_country_code, location_description, maturity_date, original_cost, regulatory_eligible_flag, revaluation_frequency, source_record_id, updated_ts, valuation_currency_code, vintage_date, effective_start_date, effective_end_date, is_current_flag, created_ts) VALUES (301, 1, 81, 'US', 'USD', 2, 'FIRST_LIEN', 'CASH_DEPOSIT', 301, 'ACTIVE', 'Cash deposit held at custodian bank', '2026-12-31', 'Y', 1, 'US', 'Cash deposit held at custodian bank', '2027-06-30', 50000000.00, 'Y', 'MONTHLY', 301, CURRENT_TIMESTAMP, 'USD', '2023-01-15', '2024-01-01', NULL, 'Y', CURRENT_TIMESTAMP);
INSERT INTO l1.collateral_asset_master (collateral_asset_id, collateral_type_id, counterparty_id, country_code, currency_code, legal_entity_id, charge_type, collateral_asset_type, collateral_id, collateral_status, description, insurance_expiry_date, insurance_flag, lien_priority, location_country_code, location_description, maturity_date, original_cost, regulatory_eligible_flag, revaluation_frequency, source_record_id, updated_ts, valuation_currency_code, vintage_date, effective_start_date, effective_end_date, is_current_flag, created_ts) VALUES (302, 2, 81, 'GB', 'EUR', 3, 'SECOND_LIEN', 'UST_BONDS', 302, 'ACTIVE', 'US Treasury bonds portfolio', '2026-12-31', 'Y', 2, 'GB', 'US Treasury bonds portfolio', '2027-06-30', 75000000.00, 'Y', 'QUARTERLY', 302, CURRENT_TIMESTAMP, 'EUR', '2023-01-15', '2024-01-01', NULL, 'Y', CURRENT_TIMESTAMP);
INSERT INTO l1.collateral_asset_master (collateral_asset_id, collateral_type_id, counterparty_id, country_code, currency_code, legal_entity_id, charge_type, collateral_asset_type, collateral_id, collateral_status, description, insurance_expiry_date, insurance_flag, lien_priority, location_country_code, location_description, maturity_date, original_cost, regulatory_eligible_flag, revaluation_frequency, source_record_id, updated_ts, valuation_currency_code, vintage_date, effective_start_date, effective_end_date, is_current_flag, created_ts) VALUES (303, 3, 81, 'DE', 'GBP', 4, 'FIRST_LIEN', 'CORP_BOND_IG', 303, 'ACTIVE', 'Investment-grade corporate bond basket', '2026-12-31', 'Y', 3, 'DE', 'Investment-grade corporate bond basket', '2027-06-30', 30000000.00, 'Y', 'SEMI_ANNUAL', 303, CURRENT_TIMESTAMP, 'GBP', '2023-01-15', '2024-01-01', NULL, 'Y', CURRENT_TIMESTAMP);
INSERT INTO l1.collateral_asset_master (collateral_asset_id, collateral_type_id, counterparty_id, country_code, currency_code, legal_entity_id, charge_type, collateral_asset_type, collateral_id, collateral_status, description, insurance_expiry_date, insurance_flag, lien_priority, location_country_code, location_description, maturity_date, original_cost, regulatory_eligible_flag, revaluation_frequency, source_record_id, updated_ts, valuation_currency_code, vintage_date, effective_start_date, effective_end_date, is_current_flag, created_ts) VALUES (304, 4, 81, 'FR', 'CHF', 5, 'PLEDGE', 'LISTED_EQUITY', 304, 'ACTIVE', 'Listed equity portfolio - large cap', '2026-12-31', 'Y', 1, 'FR', 'Listed equity portfolio - large cap', '2027-06-30', 20000000.00, 'Y', 'ANNUAL', 304, CURRENT_TIMESTAMP, 'CHF', '2023-01-15', '2024-01-01', NULL, 'Y', CURRENT_TIMESTAMP);
INSERT INTO l1.collateral_asset_master (collateral_asset_id, collateral_type_id, counterparty_id, country_code, currency_code, legal_entity_id, charge_type, collateral_asset_type, collateral_id, collateral_status, description, insurance_expiry_date, insurance_flag, lien_priority, location_country_code, location_description, maturity_date, original_cost, regulatory_eligible_flag, revaluation_frequency, source_record_id, updated_ts, valuation_currency_code, vintage_date, effective_start_date, effective_end_date, is_current_flag, created_ts) VALUES (305, 5, 81, 'JP', 'JPY', 6, 'FIRST_MORTGAGE', 'COMMERCIAL_RE', 305, 'ACTIVE', 'Commercial real estate - office building', '2026-12-31', 'Y', 2, 'JP', 'Commercial real estate - office building', '2027-06-30', 125000000.00, 'Y', 'QUARTERLY', 305, CURRENT_TIMESTAMP, 'JPY', '2023-01-15', '2024-01-01', NULL, 'Y', CURRENT_TIMESTAMP);
INSERT INTO l1.collateral_asset_master (collateral_asset_id, collateral_type_id, counterparty_id, country_code, currency_code, legal_entity_id, charge_type, collateral_asset_type, collateral_id, collateral_status, description, insurance_expiry_date, insurance_flag, lien_priority, location_country_code, location_description, maturity_date, original_cost, regulatory_eligible_flag, revaluation_frequency, source_record_id, updated_ts, valuation_currency_code, vintage_date, effective_start_date, effective_end_date, is_current_flag, created_ts) VALUES (306, 6, 82, 'CH', 'CAD', 7, 'FLOATING_CHARGE', 'TRADE_RECEIVABLES', 306, 'ACTIVE', 'Trade receivables pool', NULL, 'N', 3, 'CH', 'Trade receivables pool', '2027-06-30', 15000000.00, 'Y', 'MONTHLY', 306, CURRENT_TIMESTAMP, 'CAD', '2023-01-15', '2024-01-01', NULL, 'Y', CURRENT_TIMESTAMP);
INSERT INTO l1.collateral_asset_master (collateral_asset_id, collateral_type_id, counterparty_id, country_code, currency_code, legal_entity_id, charge_type, collateral_asset_type, collateral_id, collateral_status, description, insurance_expiry_date, insurance_flag, lien_priority, location_country_code, location_description, maturity_date, original_cost, regulatory_eligible_flag, revaluation_frequency, source_record_id, updated_ts, valuation_currency_code, vintage_date, effective_start_date, effective_end_date, is_current_flag, created_ts) VALUES (307, 7, 82, 'CA', 'AUD', 8, 'UNSECURED', 'PARENT_GUARANTEE', 307, 'ACTIVE', 'Parent company guarantee', NULL, 'N', 1, 'CA', 'Parent company guarantee', '2027-06-30', 0.00, 'Y', 'QUARTERLY', 307, CURRENT_TIMESTAMP, 'AUD', '2023-01-15', '2024-01-01', NULL, 'Y', CURRENT_TIMESTAMP);
INSERT INTO l1.collateral_asset_master (collateral_asset_id, collateral_type_id, counterparty_id, country_code, currency_code, legal_entity_id, charge_type, collateral_asset_type, collateral_id, collateral_status, description, insurance_expiry_date, insurance_flag, lien_priority, location_country_code, location_description, maturity_date, original_cost, regulatory_eligible_flag, revaluation_frequency, source_record_id, updated_ts, valuation_currency_code, vintage_date, effective_start_date, effective_end_date, is_current_flag, created_ts) VALUES (308, 8, 82, 'AU', 'CNY', 9, 'PLEDGE', 'GOLD_BULLION', 308, 'ACTIVE', 'Gold bullion held in vault', NULL, 'N', 2, 'AU', 'Gold bullion held in vault', '2027-06-30', 10000000.00, 'N', 'SEMI_ANNUAL', 308, CURRENT_TIMESTAMP, 'CNY', '2023-01-15', '2024-01-01', NULL, 'Y', CURRENT_TIMESTAMP);
INSERT INTO l1.collateral_asset_master (collateral_asset_id, collateral_type_id, counterparty_id, country_code, currency_code, legal_entity_id, charge_type, collateral_asset_type, collateral_id, collateral_status, description, insurance_expiry_date, insurance_flag, lien_priority, location_country_code, location_description, maturity_date, original_cost, regulatory_eligible_flag, revaluation_frequency, source_record_id, updated_ts, valuation_currency_code, vintage_date, effective_start_date, effective_end_date, is_current_flag, created_ts) VALUES (309, 9, 82, 'NL', 'HKD', 10, 'FLOATING_CHARGE', 'RAW_MATERIALS', 309, 'PENDING_VALUATION', 'Raw materials inventory', NULL, 'N', 3, 'NL', 'Raw materials inventory', '2027-06-30', 8000000.00, 'N', 'ANNUAL', 309, CURRENT_TIMESTAMP, 'HKD', '2023-01-15', '2024-01-01', NULL, 'Y', CURRENT_TIMESTAMP);
INSERT INTO l1.collateral_asset_master (collateral_asset_id, collateral_type_id, counterparty_id, country_code, currency_code, legal_entity_id, charge_type, collateral_asset_type, collateral_id, collateral_status, description, insurance_expiry_date, insurance_flag, lien_priority, location_country_code, location_description, maturity_date, original_cost, regulatory_eligible_flag, revaluation_frequency, source_record_id, updated_ts, valuation_currency_code, vintage_date, effective_start_date, effective_end_date, is_current_flag, created_ts) VALUES (310, 10, 82, 'SG', 'SGD', 1, 'FIRST_MORTGAGE', 'MANUFACTURING_EQUIP', 310, 'ACTIVE', 'Manufacturing equipment and plant', NULL, 'N', 1, 'SG', 'Manufacturing equipment and plant', '2027-06-30', 45000000.00, 'N', 'QUARTERLY', 310, CURRENT_TIMESTAMP, 'SGD', '2023-01-15', '2024-01-01', NULL, 'Y', CURRENT_TIMESTAMP);
INSERT INTO l1.collateral_asset_master (collateral_asset_id, collateral_type_id, counterparty_id, country_code, currency_code, legal_entity_id, charge_type, collateral_asset_type, collateral_id, collateral_status, description, insurance_expiry_date, insurance_flag, lien_priority, location_country_code, location_description, maturity_date, original_cost, regulatory_eligible_flag, revaluation_frequency, source_record_id, updated_ts, valuation_currency_code, vintage_date, effective_start_date, effective_end_date, is_current_flag, created_ts) VALUES (311, 1, 83, 'IE', 'USD', 2, 'FIRST_LIEN', 'CASH_DEPOSIT', 311, 'ACTIVE', 'Cash deposit held at custodian bank', '2026-12-31', 'Y', 1, 'IE', 'Cash deposit held at custodian bank', '2027-06-30', 60000000.00, 'Y', 'MONTHLY', 311, CURRENT_TIMESTAMP, 'USD', '2023-01-15', '2024-01-01', NULL, 'Y', CURRENT_TIMESTAMP);
INSERT INTO l1.collateral_asset_master (collateral_asset_id, collateral_type_id, counterparty_id, country_code, currency_code, legal_entity_id, charge_type, collateral_asset_type, collateral_id, collateral_status, description, insurance_expiry_date, insurance_flag, lien_priority, location_country_code, location_description, maturity_date, original_cost, regulatory_eligible_flag, revaluation_frequency, source_record_id, updated_ts, valuation_currency_code, vintage_date, effective_start_date, effective_end_date, is_current_flag, created_ts) VALUES (312, 2, 83, 'LU', 'EUR', 3, 'SECOND_LIEN', 'UST_BONDS', 312, 'ACTIVE', 'US Treasury bonds portfolio', '2026-12-31', 'Y', 2, 'LU', 'US Treasury bonds portfolio', '2027-06-30', 35000000.00, 'Y', 'QUARTERLY', 312, CURRENT_TIMESTAMP, 'EUR', '2023-01-15', '2024-01-01', NULL, 'Y', CURRENT_TIMESTAMP);
INSERT INTO l1.collateral_asset_master (collateral_asset_id, collateral_type_id, counterparty_id, country_code, currency_code, legal_entity_id, charge_type, collateral_asset_type, collateral_id, collateral_status, description, insurance_expiry_date, insurance_flag, lien_priority, location_country_code, location_description, maturity_date, original_cost, regulatory_eligible_flag, revaluation_frequency, source_record_id, updated_ts, valuation_currency_code, vintage_date, effective_start_date, effective_end_date, is_current_flag, created_ts) VALUES (313, 3, 83, 'HK', 'GBP', 4, 'FIRST_LIEN', 'CORP_BOND_IG', 313, 'ACTIVE', 'Investment-grade corporate bond basket', '2026-12-31', 'Y', 3, 'HK', 'Investment-grade corporate bond basket', '2027-06-30', 22000000.00, 'Y', 'SEMI_ANNUAL', 313, CURRENT_TIMESTAMP, 'GBP', '2023-01-15', '2024-01-01', NULL, 'Y', CURRENT_TIMESTAMP);
INSERT INTO l1.collateral_asset_master (collateral_asset_id, collateral_type_id, counterparty_id, country_code, currency_code, legal_entity_id, charge_type, collateral_asset_type, collateral_id, collateral_status, description, insurance_expiry_date, insurance_flag, lien_priority, location_country_code, location_description, maturity_date, original_cost, regulatory_eligible_flag, revaluation_frequency, source_record_id, updated_ts, valuation_currency_code, vintage_date, effective_start_date, effective_end_date, is_current_flag, created_ts) VALUES (314, 4, 83, 'KR', 'CHF', 5, 'PLEDGE', 'LISTED_EQUITY', 314, 'ACTIVE', 'Listed equity portfolio - large cap', '2026-12-31', 'Y', 1, 'KR', 'Listed equity portfolio - large cap', '2027-06-30', 18000000.00, 'Y', 'ANNUAL', 314, CURRENT_TIMESTAMP, 'CHF', '2023-01-15', '2024-01-01', NULL, 'Y', CURRENT_TIMESTAMP);
INSERT INTO l1.collateral_asset_master (collateral_asset_id, collateral_type_id, counterparty_id, country_code, currency_code, legal_entity_id, charge_type, collateral_asset_type, collateral_id, collateral_status, description, insurance_expiry_date, insurance_flag, lien_priority, location_country_code, location_description, maturity_date, original_cost, regulatory_eligible_flag, revaluation_frequency, source_record_id, updated_ts, valuation_currency_code, vintage_date, effective_start_date, effective_end_date, is_current_flag, created_ts) VALUES (315, 5, 83, 'SE', 'JPY', 6, 'FIRST_MORTGAGE', 'COMMERCIAL_RE', 315, 'ACTIVE', 'Commercial real estate - office building', '2026-12-31', 'Y', 2, 'SE', 'Commercial real estate - office building', '2027-06-30', 90000000.00, 'Y', 'QUARTERLY', 315, CURRENT_TIMESTAMP, 'JPY', '2023-01-15', '2024-01-01', NULL, 'Y', CURRENT_TIMESTAMP);
INSERT INTO l1.collateral_asset_master (collateral_asset_id, collateral_type_id, counterparty_id, country_code, currency_code, legal_entity_id, charge_type, collateral_asset_type, collateral_id, collateral_status, description, insurance_expiry_date, insurance_flag, lien_priority, location_country_code, location_description, maturity_date, original_cost, regulatory_eligible_flag, revaluation_frequency, source_record_id, updated_ts, valuation_currency_code, vintage_date, effective_start_date, effective_end_date, is_current_flag, created_ts) VALUES (316, 6, 84, 'NO', 'CAD', 7, 'FLOATING_CHARGE', 'TRADE_RECEIVABLES', 316, 'ACTIVE', 'Trade receivables pool', NULL, 'N', 3, 'NO', 'Trade receivables pool', '2027-06-30', 12000000.00, 'Y', 'MONTHLY', 316, CURRENT_TIMESTAMP, 'CAD', '2023-01-15', '2024-01-01', NULL, 'Y', CURRENT_TIMESTAMP);
INSERT INTO l1.collateral_asset_master (collateral_asset_id, collateral_type_id, counterparty_id, country_code, currency_code, legal_entity_id, charge_type, collateral_asset_type, collateral_id, collateral_status, description, insurance_expiry_date, insurance_flag, lien_priority, location_country_code, location_description, maturity_date, original_cost, regulatory_eligible_flag, revaluation_frequency, source_record_id, updated_ts, valuation_currency_code, vintage_date, effective_start_date, effective_end_date, is_current_flag, created_ts) VALUES (317, 7, 84, 'DK', 'AUD', 8, 'UNSECURED', 'PARENT_GUARANTEE', 317, 'ACTIVE', 'Parent company guarantee', NULL, 'N', 1, 'DK', 'Parent company guarantee', '2027-06-30', 0.00, 'Y', 'QUARTERLY', 317, CURRENT_TIMESTAMP, 'AUD', '2023-01-15', '2024-01-01', NULL, 'Y', CURRENT_TIMESTAMP);
INSERT INTO l1.collateral_asset_master (collateral_asset_id, collateral_type_id, counterparty_id, country_code, currency_code, legal_entity_id, charge_type, collateral_asset_type, collateral_id, collateral_status, description, insurance_expiry_date, insurance_flag, lien_priority, location_country_code, location_description, maturity_date, original_cost, regulatory_eligible_flag, revaluation_frequency, source_record_id, updated_ts, valuation_currency_code, vintage_date, effective_start_date, effective_end_date, is_current_flag, created_ts) VALUES (318, 8, 84, 'FI', 'CNY', 9, 'PLEDGE', 'GOLD_BULLION', 318, 'ACTIVE', 'Gold bullion held in vault', NULL, 'N', 2, 'FI', 'Gold bullion held in vault', '2027-06-30', 7500000.00, 'N', 'SEMI_ANNUAL', 318, CURRENT_TIMESTAMP, 'CNY', '2023-01-15', '2024-01-01', NULL, 'Y', CURRENT_TIMESTAMP);
INSERT INTO l1.collateral_asset_master (collateral_asset_id, collateral_type_id, counterparty_id, country_code, currency_code, legal_entity_id, charge_type, collateral_asset_type, collateral_id, collateral_status, description, insurance_expiry_date, insurance_flag, lien_priority, location_country_code, location_description, maturity_date, original_cost, regulatory_eligible_flag, revaluation_frequency, source_record_id, updated_ts, valuation_currency_code, vintage_date, effective_start_date, effective_end_date, is_current_flag, created_ts) VALUES (319, 9, 84, 'BE', 'HKD', 10, 'FLOATING_CHARGE', 'RAW_MATERIALS', 319, 'PENDING_VALUATION', 'Raw materials inventory', NULL, 'N', 3, 'BE', 'Raw materials inventory', '2027-06-30', 6000000.00, 'N', 'ANNUAL', 319, CURRENT_TIMESTAMP, 'HKD', '2023-01-15', '2024-01-01', NULL, 'Y', CURRENT_TIMESTAMP);
INSERT INTO l1.collateral_asset_master (collateral_asset_id, collateral_type_id, counterparty_id, country_code, currency_code, legal_entity_id, charge_type, collateral_asset_type, collateral_id, collateral_status, description, insurance_expiry_date, insurance_flag, lien_priority, location_country_code, location_description, maturity_date, original_cost, regulatory_eligible_flag, revaluation_frequency, source_record_id, updated_ts, valuation_currency_code, vintage_date, effective_start_date, effective_end_date, is_current_flag, created_ts) VALUES (320, 10, 84, 'AT', 'SGD', 1, 'FIRST_MORTGAGE', 'MANUFACTURING_EQUIP', 320, 'ACTIVE', 'Manufacturing equipment and plant', NULL, 'N', 1, 'AT', 'Manufacturing equipment and plant', '2027-06-30', 55000000.00, 'N', 'QUARTERLY', 320, CURRENT_TIMESTAMP, 'SGD', '2023-01-15', '2024-01-01', NULL, 'Y', CURRENT_TIMESTAMP);
INSERT INTO l1.collateral_asset_master (collateral_asset_id, collateral_type_id, counterparty_id, country_code, currency_code, legal_entity_id, charge_type, collateral_asset_type, collateral_id, collateral_status, description, insurance_expiry_date, insurance_flag, lien_priority, location_country_code, location_description, maturity_date, original_cost, regulatory_eligible_flag, revaluation_frequency, source_record_id, updated_ts, valuation_currency_code, vintage_date, effective_start_date, effective_end_date, is_current_flag, created_ts) VALUES (321, 1, 85, 'US', 'USD', 2, 'FIRST_LIEN', 'CASH_DEPOSIT', 321, 'ACTIVE', 'Cash deposit held at custodian bank', '2026-12-31', 'Y', 1, 'US', 'Cash deposit held at custodian bank', '2027-06-30', 50000000.00, 'Y', 'MONTHLY', 321, CURRENT_TIMESTAMP, 'USD', '2023-01-15', '2024-01-01', NULL, 'Y', CURRENT_TIMESTAMP);
INSERT INTO l1.collateral_asset_master (collateral_asset_id, collateral_type_id, counterparty_id, country_code, currency_code, legal_entity_id, charge_type, collateral_asset_type, collateral_id, collateral_status, description, insurance_expiry_date, insurance_flag, lien_priority, location_country_code, location_description, maturity_date, original_cost, regulatory_eligible_flag, revaluation_frequency, source_record_id, updated_ts, valuation_currency_code, vintage_date, effective_start_date, effective_end_date, is_current_flag, created_ts) VALUES (322, 2, 85, 'GB', 'EUR', 3, 'SECOND_LIEN', 'UST_BONDS', 322, 'ACTIVE', 'US Treasury bonds portfolio', '2026-12-31', 'Y', 2, 'GB', 'US Treasury bonds portfolio', '2027-06-30', 75000000.00, 'Y', 'QUARTERLY', 322, CURRENT_TIMESTAMP, 'EUR', '2023-01-15', '2024-01-01', NULL, 'Y', CURRENT_TIMESTAMP);
INSERT INTO l1.collateral_asset_master (collateral_asset_id, collateral_type_id, counterparty_id, country_code, currency_code, legal_entity_id, charge_type, collateral_asset_type, collateral_id, collateral_status, description, insurance_expiry_date, insurance_flag, lien_priority, location_country_code, location_description, maturity_date, original_cost, regulatory_eligible_flag, revaluation_frequency, source_record_id, updated_ts, valuation_currency_code, vintage_date, effective_start_date, effective_end_date, is_current_flag, created_ts) VALUES (323, 3, 85, 'DE', 'GBP', 4, 'FIRST_LIEN', 'CORP_BOND_IG', 323, 'ACTIVE', 'Investment-grade corporate bond basket', '2026-12-31', 'Y', 3, 'DE', 'Investment-grade corporate bond basket', '2027-06-30', 30000000.00, 'Y', 'SEMI_ANNUAL', 323, CURRENT_TIMESTAMP, 'GBP', '2023-01-15', '2024-01-01', NULL, 'Y', CURRENT_TIMESTAMP);
INSERT INTO l1.collateral_asset_master (collateral_asset_id, collateral_type_id, counterparty_id, country_code, currency_code, legal_entity_id, charge_type, collateral_asset_type, collateral_id, collateral_status, description, insurance_expiry_date, insurance_flag, lien_priority, location_country_code, location_description, maturity_date, original_cost, regulatory_eligible_flag, revaluation_frequency, source_record_id, updated_ts, valuation_currency_code, vintage_date, effective_start_date, effective_end_date, is_current_flag, created_ts) VALUES (324, 4, 85, 'FR', 'CHF', 5, 'PLEDGE', 'LISTED_EQUITY', 324, 'ACTIVE', 'Listed equity portfolio - large cap', '2026-12-31', 'Y', 1, 'FR', 'Listed equity portfolio - large cap', '2027-06-30', 20000000.00, 'Y', 'ANNUAL', 324, CURRENT_TIMESTAMP, 'CHF', '2023-01-15', '2024-01-01', NULL, 'Y', CURRENT_TIMESTAMP);
INSERT INTO l1.collateral_asset_master (collateral_asset_id, collateral_type_id, counterparty_id, country_code, currency_code, legal_entity_id, charge_type, collateral_asset_type, collateral_id, collateral_status, description, insurance_expiry_date, insurance_flag, lien_priority, location_country_code, location_description, maturity_date, original_cost, regulatory_eligible_flag, revaluation_frequency, source_record_id, updated_ts, valuation_currency_code, vintage_date, effective_start_date, effective_end_date, is_current_flag, created_ts) VALUES (325, 5, 85, 'JP', 'JPY', 6, 'FIRST_MORTGAGE', 'COMMERCIAL_RE', 325, 'ACTIVE', 'Commercial real estate - office building', '2026-12-31', 'Y', 2, 'JP', 'Commercial real estate - office building', '2027-06-30', 125000000.00, 'Y', 'QUARTERLY', 325, CURRENT_TIMESTAMP, 'JPY', '2023-01-15', '2024-01-01', NULL, 'Y', CURRENT_TIMESTAMP);
INSERT INTO l1.collateral_asset_master (collateral_asset_id, collateral_type_id, counterparty_id, country_code, currency_code, legal_entity_id, charge_type, collateral_asset_type, collateral_id, collateral_status, description, insurance_expiry_date, insurance_flag, lien_priority, location_country_code, location_description, maturity_date, original_cost, regulatory_eligible_flag, revaluation_frequency, source_record_id, updated_ts, valuation_currency_code, vintage_date, effective_start_date, effective_end_date, is_current_flag, created_ts) VALUES (326, 6, 85, 'CH', 'CAD', 7, 'FLOATING_CHARGE', 'TRADE_RECEIVABLES', 326, 'ACTIVE', 'Trade receivables pool', NULL, 'N', 3, 'CH', 'Trade receivables pool', '2027-06-30', 15000000.00, 'Y', 'MONTHLY', 326, CURRENT_TIMESTAMP, 'CAD', '2023-01-15', '2024-01-01', NULL, 'Y', CURRENT_TIMESTAMP);
INSERT INTO l1.collateral_asset_master (collateral_asset_id, collateral_type_id, counterparty_id, country_code, currency_code, legal_entity_id, charge_type, collateral_asset_type, collateral_id, collateral_status, description, insurance_expiry_date, insurance_flag, lien_priority, location_country_code, location_description, maturity_date, original_cost, regulatory_eligible_flag, revaluation_frequency, source_record_id, updated_ts, valuation_currency_code, vintage_date, effective_start_date, effective_end_date, is_current_flag, created_ts) VALUES (327, 7, 86, 'CA', 'AUD', 8, 'UNSECURED', 'PARENT_GUARANTEE', 327, 'ACTIVE', 'Parent company guarantee', NULL, 'N', 1, 'CA', 'Parent company guarantee', '2027-06-30', 0.00, 'Y', 'QUARTERLY', 327, CURRENT_TIMESTAMP, 'AUD', '2023-01-15', '2024-01-01', NULL, 'Y', CURRENT_TIMESTAMP);
INSERT INTO l1.collateral_asset_master (collateral_asset_id, collateral_type_id, counterparty_id, country_code, currency_code, legal_entity_id, charge_type, collateral_asset_type, collateral_id, collateral_status, description, insurance_expiry_date, insurance_flag, lien_priority, location_country_code, location_description, maturity_date, original_cost, regulatory_eligible_flag, revaluation_frequency, source_record_id, updated_ts, valuation_currency_code, vintage_date, effective_start_date, effective_end_date, is_current_flag, created_ts) VALUES (328, 8, 86, 'AU', 'CNY', 9, 'PLEDGE', 'GOLD_BULLION', 328, 'ACTIVE', 'Gold bullion held in vault', NULL, 'N', 2, 'AU', 'Gold bullion held in vault', '2027-06-30', 10000000.00, 'N', 'SEMI_ANNUAL', 328, CURRENT_TIMESTAMP, 'CNY', '2023-01-15', '2024-01-01', NULL, 'Y', CURRENT_TIMESTAMP);
INSERT INTO l1.collateral_asset_master (collateral_asset_id, collateral_type_id, counterparty_id, country_code, currency_code, legal_entity_id, charge_type, collateral_asset_type, collateral_id, collateral_status, description, insurance_expiry_date, insurance_flag, lien_priority, location_country_code, location_description, maturity_date, original_cost, regulatory_eligible_flag, revaluation_frequency, source_record_id, updated_ts, valuation_currency_code, vintage_date, effective_start_date, effective_end_date, is_current_flag, created_ts) VALUES (329, 9, 86, 'NL', 'HKD', 10, 'FLOATING_CHARGE', 'RAW_MATERIALS', 329, 'PENDING_VALUATION', 'Raw materials inventory', NULL, 'N', 3, 'NL', 'Raw materials inventory', '2027-06-30', 8000000.00, 'N', 'ANNUAL', 329, CURRENT_TIMESTAMP, 'HKD', '2023-01-15', '2024-01-01', NULL, 'Y', CURRENT_TIMESTAMP);
INSERT INTO l1.collateral_asset_master (collateral_asset_id, collateral_type_id, counterparty_id, country_code, currency_code, legal_entity_id, charge_type, collateral_asset_type, collateral_id, collateral_status, description, insurance_expiry_date, insurance_flag, lien_priority, location_country_code, location_description, maturity_date, original_cost, regulatory_eligible_flag, revaluation_frequency, source_record_id, updated_ts, valuation_currency_code, vintage_date, effective_start_date, effective_end_date, is_current_flag, created_ts) VALUES (330, 10, 86, 'SG', 'SGD', 1, 'FIRST_MORTGAGE', 'MANUFACTURING_EQUIP', 330, 'ACTIVE', 'Manufacturing equipment and plant', NULL, 'N', 1, 'SG', 'Manufacturing equipment and plant', '2027-06-30', 45000000.00, 'N', 'QUARTERLY', 330, CURRENT_TIMESTAMP, 'SGD', '2023-01-15', '2024-01-01', NULL, 'Y', CURRENT_TIMESTAMP);
INSERT INTO l1.collateral_asset_master (collateral_asset_id, collateral_type_id, counterparty_id, country_code, currency_code, legal_entity_id, charge_type, collateral_asset_type, collateral_id, collateral_status, description, insurance_expiry_date, insurance_flag, lien_priority, location_country_code, location_description, maturity_date, original_cost, regulatory_eligible_flag, revaluation_frequency, source_record_id, updated_ts, valuation_currency_code, vintage_date, effective_start_date, effective_end_date, is_current_flag, created_ts) VALUES (331, 1, 86, 'IE', 'USD', 2, 'FIRST_LIEN', 'CASH_DEPOSIT', 331, 'ACTIVE', 'Cash deposit held at custodian bank', '2026-12-31', 'Y', 1, 'IE', 'Cash deposit held at custodian bank', '2027-06-30', 60000000.00, 'Y', 'MONTHLY', 331, CURRENT_TIMESTAMP, 'USD', '2023-01-15', '2024-01-01', NULL, 'Y', CURRENT_TIMESTAMP);
INSERT INTO l1.collateral_asset_master (collateral_asset_id, collateral_type_id, counterparty_id, country_code, currency_code, legal_entity_id, charge_type, collateral_asset_type, collateral_id, collateral_status, description, insurance_expiry_date, insurance_flag, lien_priority, location_country_code, location_description, maturity_date, original_cost, regulatory_eligible_flag, revaluation_frequency, source_record_id, updated_ts, valuation_currency_code, vintage_date, effective_start_date, effective_end_date, is_current_flag, created_ts) VALUES (332, 2, 87, 'LU', 'EUR', 3, 'SECOND_LIEN', 'UST_BONDS', 332, 'ACTIVE', 'US Treasury bonds portfolio', '2026-12-31', 'Y', 2, 'LU', 'US Treasury bonds portfolio', '2027-06-30', 35000000.00, 'Y', 'QUARTERLY', 332, CURRENT_TIMESTAMP, 'EUR', '2023-01-15', '2024-01-01', NULL, 'Y', CURRENT_TIMESTAMP);
INSERT INTO l1.collateral_asset_master (collateral_asset_id, collateral_type_id, counterparty_id, country_code, currency_code, legal_entity_id, charge_type, collateral_asset_type, collateral_id, collateral_status, description, insurance_expiry_date, insurance_flag, lien_priority, location_country_code, location_description, maturity_date, original_cost, regulatory_eligible_flag, revaluation_frequency, source_record_id, updated_ts, valuation_currency_code, vintage_date, effective_start_date, effective_end_date, is_current_flag, created_ts) VALUES (333, 3, 87, 'HK', 'GBP', 4, 'FIRST_LIEN', 'CORP_BOND_IG', 333, 'ACTIVE', 'Investment-grade corporate bond basket', '2026-12-31', 'Y', 3, 'HK', 'Investment-grade corporate bond basket', '2027-06-30', 22000000.00, 'Y', 'SEMI_ANNUAL', 333, CURRENT_TIMESTAMP, 'GBP', '2023-01-15', '2024-01-01', NULL, 'Y', CURRENT_TIMESTAMP);
INSERT INTO l1.collateral_asset_master (collateral_asset_id, collateral_type_id, counterparty_id, country_code, currency_code, legal_entity_id, charge_type, collateral_asset_type, collateral_id, collateral_status, description, insurance_expiry_date, insurance_flag, lien_priority, location_country_code, location_description, maturity_date, original_cost, regulatory_eligible_flag, revaluation_frequency, source_record_id, updated_ts, valuation_currency_code, vintage_date, effective_start_date, effective_end_date, is_current_flag, created_ts) VALUES (334, 4, 87, 'KR', 'CHF', 5, 'PLEDGE', 'LISTED_EQUITY', 334, 'ACTIVE', 'Listed equity portfolio - large cap', '2026-12-31', 'Y', 1, 'KR', 'Listed equity portfolio - large cap', '2027-06-30', 18000000.00, 'Y', 'ANNUAL', 334, CURRENT_TIMESTAMP, 'CHF', '2023-01-15', '2024-01-01', NULL, 'Y', CURRENT_TIMESTAMP);
INSERT INTO l1.collateral_asset_master (collateral_asset_id, collateral_type_id, counterparty_id, country_code, currency_code, legal_entity_id, charge_type, collateral_asset_type, collateral_id, collateral_status, description, insurance_expiry_date, insurance_flag, lien_priority, location_country_code, location_description, maturity_date, original_cost, regulatory_eligible_flag, revaluation_frequency, source_record_id, updated_ts, valuation_currency_code, vintage_date, effective_start_date, effective_end_date, is_current_flag, created_ts) VALUES (335, 5, 87, 'SE', 'JPY', 6, 'FIRST_MORTGAGE', 'COMMERCIAL_RE', 335, 'ACTIVE', 'Commercial real estate - office building', '2026-12-31', 'Y', 2, 'SE', 'Commercial real estate - office building', '2027-06-30', 90000000.00, 'Y', 'QUARTERLY', 335, CURRENT_TIMESTAMP, 'JPY', '2023-01-15', '2024-01-01', NULL, 'Y', CURRENT_TIMESTAMP);
INSERT INTO l1.collateral_asset_master (collateral_asset_id, collateral_type_id, counterparty_id, country_code, currency_code, legal_entity_id, charge_type, collateral_asset_type, collateral_id, collateral_status, description, insurance_expiry_date, insurance_flag, lien_priority, location_country_code, location_description, maturity_date, original_cost, regulatory_eligible_flag, revaluation_frequency, source_record_id, updated_ts, valuation_currency_code, vintage_date, effective_start_date, effective_end_date, is_current_flag, created_ts) VALUES (336, 6, 87, 'NO', 'CAD', 7, 'FLOATING_CHARGE', 'TRADE_RECEIVABLES', 336, 'ACTIVE', 'Trade receivables pool', NULL, 'N', 3, 'NO', 'Trade receivables pool', '2027-06-30', 12000000.00, 'Y', 'MONTHLY', 336, CURRENT_TIMESTAMP, 'CAD', '2023-01-15', '2024-01-01', NULL, 'Y', CURRENT_TIMESTAMP);
INSERT INTO l1.collateral_asset_master (collateral_asset_id, collateral_type_id, counterparty_id, country_code, currency_code, legal_entity_id, charge_type, collateral_asset_type, collateral_id, collateral_status, description, insurance_expiry_date, insurance_flag, lien_priority, location_country_code, location_description, maturity_date, original_cost, regulatory_eligible_flag, revaluation_frequency, source_record_id, updated_ts, valuation_currency_code, vintage_date, effective_start_date, effective_end_date, is_current_flag, created_ts) VALUES (337, 7, 87, 'DK', 'AUD', 8, 'UNSECURED', 'PARENT_GUARANTEE', 337, 'ACTIVE', 'Parent company guarantee', NULL, 'N', 1, 'DK', 'Parent company guarantee', '2027-06-30', 0.00, 'Y', 'QUARTERLY', 337, CURRENT_TIMESTAMP, 'AUD', '2023-01-15', '2024-01-01', NULL, 'Y', CURRENT_TIMESTAMP);
INSERT INTO l1.collateral_asset_master (collateral_asset_id, collateral_type_id, counterparty_id, country_code, currency_code, legal_entity_id, charge_type, collateral_asset_type, collateral_id, collateral_status, description, insurance_expiry_date, insurance_flag, lien_priority, location_country_code, location_description, maturity_date, original_cost, regulatory_eligible_flag, revaluation_frequency, source_record_id, updated_ts, valuation_currency_code, vintage_date, effective_start_date, effective_end_date, is_current_flag, created_ts) VALUES (338, 8, 88, 'FI', 'CNY', 9, 'PLEDGE', 'GOLD_BULLION', 338, 'ACTIVE', 'Gold bullion held in vault', NULL, 'N', 2, 'FI', 'Gold bullion held in vault', '2027-06-30', 7500000.00, 'N', 'SEMI_ANNUAL', 338, CURRENT_TIMESTAMP, 'CNY', '2023-01-15', '2024-01-01', NULL, 'Y', CURRENT_TIMESTAMP);
INSERT INTO l1.collateral_asset_master (collateral_asset_id, collateral_type_id, counterparty_id, country_code, currency_code, legal_entity_id, charge_type, collateral_asset_type, collateral_id, collateral_status, description, insurance_expiry_date, insurance_flag, lien_priority, location_country_code, location_description, maturity_date, original_cost, regulatory_eligible_flag, revaluation_frequency, source_record_id, updated_ts, valuation_currency_code, vintage_date, effective_start_date, effective_end_date, is_current_flag, created_ts) VALUES (339, 9, 88, 'BE', 'HKD', 10, 'FLOATING_CHARGE', 'RAW_MATERIALS', 339, 'PENDING_VALUATION', 'Raw materials inventory', NULL, 'N', 3, 'BE', 'Raw materials inventory', '2027-06-30', 6000000.00, 'N', 'ANNUAL', 339, CURRENT_TIMESTAMP, 'HKD', '2023-01-15', '2024-01-01', NULL, 'Y', CURRENT_TIMESTAMP);
INSERT INTO l1.collateral_asset_master (collateral_asset_id, collateral_type_id, counterparty_id, country_code, currency_code, legal_entity_id, charge_type, collateral_asset_type, collateral_id, collateral_status, description, insurance_expiry_date, insurance_flag, lien_priority, location_country_code, location_description, maturity_date, original_cost, regulatory_eligible_flag, revaluation_frequency, source_record_id, updated_ts, valuation_currency_code, vintage_date, effective_start_date, effective_end_date, is_current_flag, created_ts) VALUES (340, 10, 88, 'AT', 'SGD', 1, 'FIRST_MORTGAGE', 'MANUFACTURING_EQUIP', 340, 'ACTIVE', 'Manufacturing equipment and plant', NULL, 'N', 1, 'AT', 'Manufacturing equipment and plant', '2027-06-30', 55000000.00, 'N', 'QUARTERLY', 340, CURRENT_TIMESTAMP, 'SGD', '2023-01-15', '2024-01-01', NULL, 'Y', CURRENT_TIMESTAMP);
INSERT INTO l1.collateral_asset_master (collateral_asset_id, collateral_type_id, counterparty_id, country_code, currency_code, legal_entity_id, charge_type, collateral_asset_type, collateral_id, collateral_status, description, insurance_expiry_date, insurance_flag, lien_priority, location_country_code, location_description, maturity_date, original_cost, regulatory_eligible_flag, revaluation_frequency, source_record_id, updated_ts, valuation_currency_code, vintage_date, effective_start_date, effective_end_date, is_current_flag, created_ts) VALUES (341, 1, 88, 'US', 'USD', 2, 'FIRST_LIEN', 'CASH_DEPOSIT', 341, 'ACTIVE', 'Cash deposit held at custodian bank', '2026-12-31', 'Y', 1, 'US', 'Cash deposit held at custodian bank', '2027-06-30', 50000000.00, 'Y', 'MONTHLY', 341, CURRENT_TIMESTAMP, 'USD', '2023-01-15', '2024-01-01', NULL, 'Y', CURRENT_TIMESTAMP);
INSERT INTO l1.collateral_asset_master (collateral_asset_id, collateral_type_id, counterparty_id, country_code, currency_code, legal_entity_id, charge_type, collateral_asset_type, collateral_id, collateral_status, description, insurance_expiry_date, insurance_flag, lien_priority, location_country_code, location_description, maturity_date, original_cost, regulatory_eligible_flag, revaluation_frequency, source_record_id, updated_ts, valuation_currency_code, vintage_date, effective_start_date, effective_end_date, is_current_flag, created_ts) VALUES (342, 2, 89, 'GB', 'EUR', 3, 'SECOND_LIEN', 'UST_BONDS', 342, 'ACTIVE', 'US Treasury bonds portfolio', '2026-12-31', 'Y', 2, 'GB', 'US Treasury bonds portfolio', '2027-06-30', 75000000.00, 'Y', 'QUARTERLY', 342, CURRENT_TIMESTAMP, 'EUR', '2023-01-15', '2024-01-01', NULL, 'Y', CURRENT_TIMESTAMP);
INSERT INTO l1.collateral_asset_master (collateral_asset_id, collateral_type_id, counterparty_id, country_code, currency_code, legal_entity_id, charge_type, collateral_asset_type, collateral_id, collateral_status, description, insurance_expiry_date, insurance_flag, lien_priority, location_country_code, location_description, maturity_date, original_cost, regulatory_eligible_flag, revaluation_frequency, source_record_id, updated_ts, valuation_currency_code, vintage_date, effective_start_date, effective_end_date, is_current_flag, created_ts) VALUES (343, 3, 89, 'DE', 'GBP', 4, 'FIRST_LIEN', 'CORP_BOND_IG', 343, 'ACTIVE', 'Investment-grade corporate bond basket', '2026-12-31', 'Y', 3, 'DE', 'Investment-grade corporate bond basket', '2027-06-30', 30000000.00, 'Y', 'SEMI_ANNUAL', 343, CURRENT_TIMESTAMP, 'GBP', '2023-01-15', '2024-01-01', NULL, 'Y', CURRENT_TIMESTAMP);
INSERT INTO l1.collateral_asset_master (collateral_asset_id, collateral_type_id, counterparty_id, country_code, currency_code, legal_entity_id, charge_type, collateral_asset_type, collateral_id, collateral_status, description, insurance_expiry_date, insurance_flag, lien_priority, location_country_code, location_description, maturity_date, original_cost, regulatory_eligible_flag, revaluation_frequency, source_record_id, updated_ts, valuation_currency_code, vintage_date, effective_start_date, effective_end_date, is_current_flag, created_ts) VALUES (344, 4, 89, 'FR', 'CHF', 5, 'PLEDGE', 'LISTED_EQUITY', 344, 'ACTIVE', 'Listed equity portfolio - large cap', '2026-12-31', 'Y', 1, 'FR', 'Listed equity portfolio - large cap', '2027-06-30', 20000000.00, 'Y', 'ANNUAL', 344, CURRENT_TIMESTAMP, 'CHF', '2023-01-15', '2024-01-01', NULL, 'Y', CURRENT_TIMESTAMP);
INSERT INTO l1.collateral_asset_master (collateral_asset_id, collateral_type_id, counterparty_id, country_code, currency_code, legal_entity_id, charge_type, collateral_asset_type, collateral_id, collateral_status, description, insurance_expiry_date, insurance_flag, lien_priority, location_country_code, location_description, maturity_date, original_cost, regulatory_eligible_flag, revaluation_frequency, source_record_id, updated_ts, valuation_currency_code, vintage_date, effective_start_date, effective_end_date, is_current_flag, created_ts) VALUES (345, 5, 89, 'JP', 'JPY', 6, 'FIRST_MORTGAGE', 'COMMERCIAL_RE', 345, 'ACTIVE', 'Commercial real estate - office building', '2026-12-31', 'Y', 2, 'JP', 'Commercial real estate - office building', '2027-06-30', 125000000.00, 'Y', 'QUARTERLY', 345, CURRENT_TIMESTAMP, 'JPY', '2023-01-15', '2024-01-01', NULL, 'Y', CURRENT_TIMESTAMP);
INSERT INTO l1.collateral_asset_master (collateral_asset_id, collateral_type_id, counterparty_id, country_code, currency_code, legal_entity_id, charge_type, collateral_asset_type, collateral_id, collateral_status, description, insurance_expiry_date, insurance_flag, lien_priority, location_country_code, location_description, maturity_date, original_cost, regulatory_eligible_flag, revaluation_frequency, source_record_id, updated_ts, valuation_currency_code, vintage_date, effective_start_date, effective_end_date, is_current_flag, created_ts) VALUES (346, 6, 89, 'CH', 'CAD', 7, 'FLOATING_CHARGE', 'TRADE_RECEIVABLES', 346, 'ACTIVE', 'Trade receivables pool', NULL, 'N', 3, 'CH', 'Trade receivables pool', '2027-06-30', 15000000.00, 'Y', 'MONTHLY', 346, CURRENT_TIMESTAMP, 'CAD', '2023-01-15', '2024-01-01', NULL, 'Y', CURRENT_TIMESTAMP);
INSERT INTO l1.collateral_asset_master (collateral_asset_id, collateral_type_id, counterparty_id, country_code, currency_code, legal_entity_id, charge_type, collateral_asset_type, collateral_id, collateral_status, description, insurance_expiry_date, insurance_flag, lien_priority, location_country_code, location_description, maturity_date, original_cost, regulatory_eligible_flag, revaluation_frequency, source_record_id, updated_ts, valuation_currency_code, vintage_date, effective_start_date, effective_end_date, is_current_flag, created_ts) VALUES (347, 7, 89, 'CA', 'AUD', 8, 'UNSECURED', 'PARENT_GUARANTEE', 347, 'ACTIVE', 'Parent company guarantee', NULL, 'N', 1, 'CA', 'Parent company guarantee', '2027-06-30', 0.00, 'Y', 'QUARTERLY', 347, CURRENT_TIMESTAMP, 'AUD', '2023-01-15', '2024-01-01', NULL, 'Y', CURRENT_TIMESTAMP);
INSERT INTO l1.collateral_asset_master (collateral_asset_id, collateral_type_id, counterparty_id, country_code, currency_code, legal_entity_id, charge_type, collateral_asset_type, collateral_id, collateral_status, description, insurance_expiry_date, insurance_flag, lien_priority, location_country_code, location_description, maturity_date, original_cost, regulatory_eligible_flag, revaluation_frequency, source_record_id, updated_ts, valuation_currency_code, vintage_date, effective_start_date, effective_end_date, is_current_flag, created_ts) VALUES (348, 8, 90, 'AU', 'CNY', 9, 'PLEDGE', 'GOLD_BULLION', 348, 'ACTIVE', 'Gold bullion held in vault', NULL, 'N', 2, 'AU', 'Gold bullion held in vault', '2027-06-30', 10000000.00, 'N', 'SEMI_ANNUAL', 348, CURRENT_TIMESTAMP, 'CNY', '2023-01-15', '2024-01-01', NULL, 'Y', CURRENT_TIMESTAMP);
INSERT INTO l1.collateral_asset_master (collateral_asset_id, collateral_type_id, counterparty_id, country_code, currency_code, legal_entity_id, charge_type, collateral_asset_type, collateral_id, collateral_status, description, insurance_expiry_date, insurance_flag, lien_priority, location_country_code, location_description, maturity_date, original_cost, regulatory_eligible_flag, revaluation_frequency, source_record_id, updated_ts, valuation_currency_code, vintage_date, effective_start_date, effective_end_date, is_current_flag, created_ts) VALUES (349, 9, 90, 'NL', 'HKD', 10, 'FLOATING_CHARGE', 'RAW_MATERIALS', 349, 'PENDING_VALUATION', 'Raw materials inventory', NULL, 'N', 3, 'NL', 'Raw materials inventory', '2027-06-30', 8000000.00, 'N', 'ANNUAL', 349, CURRENT_TIMESTAMP, 'HKD', '2023-01-15', '2024-01-01', NULL, 'Y', CURRENT_TIMESTAMP);
INSERT INTO l1.collateral_asset_master (collateral_asset_id, collateral_type_id, counterparty_id, country_code, currency_code, legal_entity_id, charge_type, collateral_asset_type, collateral_id, collateral_status, description, insurance_expiry_date, insurance_flag, lien_priority, location_country_code, location_description, maturity_date, original_cost, regulatory_eligible_flag, revaluation_frequency, source_record_id, updated_ts, valuation_currency_code, vintage_date, effective_start_date, effective_end_date, is_current_flag, created_ts) VALUES (350, 10, 90, 'SG', 'SGD', 1, 'FIRST_MORTGAGE', 'MANUFACTURING_EQUIP', 350, 'ACTIVE', 'Manufacturing equipment and plant', NULL, 'N', 1, 'SG', 'Manufacturing equipment and plant', '2027-06-30', 45000000.00, 'N', 'QUARTERLY', 350, CURRENT_TIMESTAMP, 'SGD', '2023-01-15', '2024-01-01', NULL, 'Y', CURRENT_TIMESTAMP);
INSERT INTO l1.collateral_asset_master (collateral_asset_id, collateral_type_id, counterparty_id, country_code, currency_code, legal_entity_id, charge_type, collateral_asset_type, collateral_id, collateral_status, description, insurance_expiry_date, insurance_flag, lien_priority, location_country_code, location_description, maturity_date, original_cost, regulatory_eligible_flag, revaluation_frequency, source_record_id, updated_ts, valuation_currency_code, vintage_date, effective_start_date, effective_end_date, is_current_flag, created_ts) VALUES (351, 1, 90, 'IE', 'USD', 2, 'FIRST_LIEN', 'CASH_DEPOSIT', 351, 'ACTIVE', 'Cash deposit held at custodian bank', '2026-12-31', 'Y', 1, 'IE', 'Cash deposit held at custodian bank', '2027-06-30', 60000000.00, 'Y', 'MONTHLY', 351, CURRENT_TIMESTAMP, 'USD', '2023-01-15', '2024-01-01', NULL, 'Y', CURRENT_TIMESTAMP);
INSERT INTO l1.collateral_asset_master (collateral_asset_id, collateral_type_id, counterparty_id, country_code, currency_code, legal_entity_id, charge_type, collateral_asset_type, collateral_id, collateral_status, description, insurance_expiry_date, insurance_flag, lien_priority, location_country_code, location_description, maturity_date, original_cost, regulatory_eligible_flag, revaluation_frequency, source_record_id, updated_ts, valuation_currency_code, vintage_date, effective_start_date, effective_end_date, is_current_flag, created_ts) VALUES (352, 2, 90, 'LU', 'EUR', 3, 'SECOND_LIEN', 'UST_BONDS', 352, 'ACTIVE', 'US Treasury bonds portfolio', '2026-12-31', 'Y', 2, 'LU', 'US Treasury bonds portfolio', '2027-06-30', 35000000.00, 'Y', 'QUARTERLY', 352, CURRENT_TIMESTAMP, 'EUR', '2023-01-15', '2024-01-01', NULL, 'Y', CURRENT_TIMESTAMP);
INSERT INTO l1.collateral_asset_master (collateral_asset_id, collateral_type_id, counterparty_id, country_code, currency_code, legal_entity_id, charge_type, collateral_asset_type, collateral_id, collateral_status, description, insurance_expiry_date, insurance_flag, lien_priority, location_country_code, location_description, maturity_date, original_cost, regulatory_eligible_flag, revaluation_frequency, source_record_id, updated_ts, valuation_currency_code, vintage_date, effective_start_date, effective_end_date, is_current_flag, created_ts) VALUES (353, 3, 90, 'HK', 'GBP', 4, 'FIRST_LIEN', 'CORP_BOND_IG', 353, 'ACTIVE', 'Investment-grade corporate bond basket', '2026-12-31', 'Y', 3, 'HK', 'Investment-grade corporate bond basket', '2027-06-30', 22000000.00, 'Y', 'SEMI_ANNUAL', 353, CURRENT_TIMESTAMP, 'GBP', '2023-01-15', '2024-01-01', NULL, 'Y', CURRENT_TIMESTAMP);
INSERT INTO l1.collateral_asset_master (collateral_asset_id, collateral_type_id, counterparty_id, country_code, currency_code, legal_entity_id, charge_type, collateral_asset_type, collateral_id, collateral_status, description, insurance_expiry_date, insurance_flag, lien_priority, location_country_code, location_description, maturity_date, original_cost, regulatory_eligible_flag, revaluation_frequency, source_record_id, updated_ts, valuation_currency_code, vintage_date, effective_start_date, effective_end_date, is_current_flag, created_ts) VALUES (354, 4, 91, 'KR', 'CHF', 5, 'PLEDGE', 'LISTED_EQUITY', 354, 'ACTIVE', 'Listed equity portfolio - large cap', '2026-12-31', 'Y', 1, 'KR', 'Listed equity portfolio - large cap', '2027-06-30', 18000000.00, 'Y', 'ANNUAL', 354, CURRENT_TIMESTAMP, 'CHF', '2023-01-15', '2024-01-01', NULL, 'Y', CURRENT_TIMESTAMP);
INSERT INTO l1.collateral_asset_master (collateral_asset_id, collateral_type_id, counterparty_id, country_code, currency_code, legal_entity_id, charge_type, collateral_asset_type, collateral_id, collateral_status, description, insurance_expiry_date, insurance_flag, lien_priority, location_country_code, location_description, maturity_date, original_cost, regulatory_eligible_flag, revaluation_frequency, source_record_id, updated_ts, valuation_currency_code, vintage_date, effective_start_date, effective_end_date, is_current_flag, created_ts) VALUES (355, 5, 91, 'SE', 'JPY', 6, 'FIRST_MORTGAGE', 'COMMERCIAL_RE', 355, 'ACTIVE', 'Commercial real estate - office building', '2026-12-31', 'Y', 2, 'SE', 'Commercial real estate - office building', '2027-06-30', 90000000.00, 'Y', 'QUARTERLY', 355, CURRENT_TIMESTAMP, 'JPY', '2023-01-15', '2024-01-01', NULL, 'Y', CURRENT_TIMESTAMP);
INSERT INTO l1.collateral_asset_master (collateral_asset_id, collateral_type_id, counterparty_id, country_code, currency_code, legal_entity_id, charge_type, collateral_asset_type, collateral_id, collateral_status, description, insurance_expiry_date, insurance_flag, lien_priority, location_country_code, location_description, maturity_date, original_cost, regulatory_eligible_flag, revaluation_frequency, source_record_id, updated_ts, valuation_currency_code, vintage_date, effective_start_date, effective_end_date, is_current_flag, created_ts) VALUES (356, 6, 91, 'NO', 'CAD', 7, 'FLOATING_CHARGE', 'TRADE_RECEIVABLES', 356, 'ACTIVE', 'Trade receivables pool', NULL, 'N', 3, 'NO', 'Trade receivables pool', '2027-06-30', 12000000.00, 'Y', 'MONTHLY', 356, CURRENT_TIMESTAMP, 'CAD', '2023-01-15', '2024-01-01', NULL, 'Y', CURRENT_TIMESTAMP);
INSERT INTO l1.collateral_asset_master (collateral_asset_id, collateral_type_id, counterparty_id, country_code, currency_code, legal_entity_id, charge_type, collateral_asset_type, collateral_id, collateral_status, description, insurance_expiry_date, insurance_flag, lien_priority, location_country_code, location_description, maturity_date, original_cost, regulatory_eligible_flag, revaluation_frequency, source_record_id, updated_ts, valuation_currency_code, vintage_date, effective_start_date, effective_end_date, is_current_flag, created_ts) VALUES (357, 7, 91, 'DK', 'AUD', 8, 'UNSECURED', 'PARENT_GUARANTEE', 357, 'ACTIVE', 'Parent company guarantee', NULL, 'N', 1, 'DK', 'Parent company guarantee', '2027-06-30', 0.00, 'Y', 'QUARTERLY', 357, CURRENT_TIMESTAMP, 'AUD', '2023-01-15', '2024-01-01', NULL, 'Y', CURRENT_TIMESTAMP);
INSERT INTO l1.collateral_asset_master (collateral_asset_id, collateral_type_id, counterparty_id, country_code, currency_code, legal_entity_id, charge_type, collateral_asset_type, collateral_id, collateral_status, description, insurance_expiry_date, insurance_flag, lien_priority, location_country_code, location_description, maturity_date, original_cost, regulatory_eligible_flag, revaluation_frequency, source_record_id, updated_ts, valuation_currency_code, vintage_date, effective_start_date, effective_end_date, is_current_flag, created_ts) VALUES (358, 8, 91, 'FI', 'CNY', 9, 'PLEDGE', 'GOLD_BULLION', 358, 'ACTIVE', 'Gold bullion held in vault', NULL, 'N', 2, 'FI', 'Gold bullion held in vault', '2027-06-30', 7500000.00, 'N', 'SEMI_ANNUAL', 358, CURRENT_TIMESTAMP, 'CNY', '2023-01-15', '2024-01-01', NULL, 'Y', CURRENT_TIMESTAMP);
INSERT INTO l1.collateral_asset_master (collateral_asset_id, collateral_type_id, counterparty_id, country_code, currency_code, legal_entity_id, charge_type, collateral_asset_type, collateral_id, collateral_status, description, insurance_expiry_date, insurance_flag, lien_priority, location_country_code, location_description, maturity_date, original_cost, regulatory_eligible_flag, revaluation_frequency, source_record_id, updated_ts, valuation_currency_code, vintage_date, effective_start_date, effective_end_date, is_current_flag, created_ts) VALUES (359, 9, 91, 'BE', 'HKD', 10, 'FLOATING_CHARGE', 'RAW_MATERIALS', 359, 'PENDING_VALUATION', 'Raw materials inventory', NULL, 'N', 3, 'BE', 'Raw materials inventory', '2027-06-30', 6000000.00, 'N', 'ANNUAL', 359, CURRENT_TIMESTAMP, 'HKD', '2023-01-15', '2024-01-01', NULL, 'Y', CURRENT_TIMESTAMP);
INSERT INTO l1.collateral_asset_master (collateral_asset_id, collateral_type_id, counterparty_id, country_code, currency_code, legal_entity_id, charge_type, collateral_asset_type, collateral_id, collateral_status, description, insurance_expiry_date, insurance_flag, lien_priority, location_country_code, location_description, maturity_date, original_cost, regulatory_eligible_flag, revaluation_frequency, source_record_id, updated_ts, valuation_currency_code, vintage_date, effective_start_date, effective_end_date, is_current_flag, created_ts) VALUES (360, 10, 92, 'AT', 'SGD', 1, 'FIRST_MORTGAGE', 'MANUFACTURING_EQUIP', 360, 'ACTIVE', 'Manufacturing equipment and plant', NULL, 'N', 1, 'AT', 'Manufacturing equipment and plant', '2027-06-30', 55000000.00, 'N', 'QUARTERLY', 360, CURRENT_TIMESTAMP, 'SGD', '2023-01-15', '2024-01-01', NULL, 'Y', CURRENT_TIMESTAMP);
INSERT INTO l1.collateral_asset_master (collateral_asset_id, collateral_type_id, counterparty_id, country_code, currency_code, legal_entity_id, charge_type, collateral_asset_type, collateral_id, collateral_status, description, insurance_expiry_date, insurance_flag, lien_priority, location_country_code, location_description, maturity_date, original_cost, regulatory_eligible_flag, revaluation_frequency, source_record_id, updated_ts, valuation_currency_code, vintage_date, effective_start_date, effective_end_date, is_current_flag, created_ts) VALUES (361, 1, 92, 'US', 'USD', 2, 'FIRST_LIEN', 'CASH_DEPOSIT', 361, 'ACTIVE', 'Cash deposit held at custodian bank', '2026-12-31', 'Y', 1, 'US', 'Cash deposit held at custodian bank', '2027-06-30', 50000000.00, 'Y', 'MONTHLY', 361, CURRENT_TIMESTAMP, 'USD', '2023-01-15', '2024-01-01', NULL, 'Y', CURRENT_TIMESTAMP);
INSERT INTO l1.collateral_asset_master (collateral_asset_id, collateral_type_id, counterparty_id, country_code, currency_code, legal_entity_id, charge_type, collateral_asset_type, collateral_id, collateral_status, description, insurance_expiry_date, insurance_flag, lien_priority, location_country_code, location_description, maturity_date, original_cost, regulatory_eligible_flag, revaluation_frequency, source_record_id, updated_ts, valuation_currency_code, vintage_date, effective_start_date, effective_end_date, is_current_flag, created_ts) VALUES (362, 2, 92, 'GB', 'EUR', 3, 'SECOND_LIEN', 'UST_BONDS', 362, 'ACTIVE', 'US Treasury bonds portfolio', '2026-12-31', 'Y', 2, 'GB', 'US Treasury bonds portfolio', '2027-06-30', 75000000.00, 'Y', 'QUARTERLY', 362, CURRENT_TIMESTAMP, 'EUR', '2023-01-15', '2024-01-01', NULL, 'Y', CURRENT_TIMESTAMP);
INSERT INTO l1.collateral_asset_master (collateral_asset_id, collateral_type_id, counterparty_id, country_code, currency_code, legal_entity_id, charge_type, collateral_asset_type, collateral_id, collateral_status, description, insurance_expiry_date, insurance_flag, lien_priority, location_country_code, location_description, maturity_date, original_cost, regulatory_eligible_flag, revaluation_frequency, source_record_id, updated_ts, valuation_currency_code, vintage_date, effective_start_date, effective_end_date, is_current_flag, created_ts) VALUES (363, 3, 92, 'DE', 'GBP', 4, 'FIRST_LIEN', 'CORP_BOND_IG', 363, 'ACTIVE', 'Investment-grade corporate bond basket', '2026-12-31', 'Y', 3, 'DE', 'Investment-grade corporate bond basket', '2027-06-30', 30000000.00, 'Y', 'SEMI_ANNUAL', 363, CURRENT_TIMESTAMP, 'GBP', '2023-01-15', '2024-01-01', NULL, 'Y', CURRENT_TIMESTAMP);
INSERT INTO l1.collateral_asset_master (collateral_asset_id, collateral_type_id, counterparty_id, country_code, currency_code, legal_entity_id, charge_type, collateral_asset_type, collateral_id, collateral_status, description, insurance_expiry_date, insurance_flag, lien_priority, location_country_code, location_description, maturity_date, original_cost, regulatory_eligible_flag, revaluation_frequency, source_record_id, updated_ts, valuation_currency_code, vintage_date, effective_start_date, effective_end_date, is_current_flag, created_ts) VALUES (364, 4, 92, 'FR', 'CHF', 5, 'PLEDGE', 'LISTED_EQUITY', 364, 'ACTIVE', 'Listed equity portfolio - large cap', '2026-12-31', 'Y', 1, 'FR', 'Listed equity portfolio - large cap', '2027-06-30', 20000000.00, 'Y', 'ANNUAL', 364, CURRENT_TIMESTAMP, 'CHF', '2023-01-15', '2024-01-01', NULL, 'Y', CURRENT_TIMESTAMP);
INSERT INTO l1.collateral_asset_master (collateral_asset_id, collateral_type_id, counterparty_id, country_code, currency_code, legal_entity_id, charge_type, collateral_asset_type, collateral_id, collateral_status, description, insurance_expiry_date, insurance_flag, lien_priority, location_country_code, location_description, maturity_date, original_cost, regulatory_eligible_flag, revaluation_frequency, source_record_id, updated_ts, valuation_currency_code, vintage_date, effective_start_date, effective_end_date, is_current_flag, created_ts) VALUES (365, 5, 92, 'JP', 'JPY', 6, 'FIRST_MORTGAGE', 'COMMERCIAL_RE', 365, 'ACTIVE', 'Commercial real estate - office building', '2026-12-31', 'Y', 2, 'JP', 'Commercial real estate - office building', '2027-06-30', 125000000.00, 'Y', 'QUARTERLY', 365, CURRENT_TIMESTAMP, 'JPY', '2023-01-15', '2024-01-01', NULL, 'Y', CURRENT_TIMESTAMP);
INSERT INTO l1.collateral_asset_master (collateral_asset_id, collateral_type_id, counterparty_id, country_code, currency_code, legal_entity_id, charge_type, collateral_asset_type, collateral_id, collateral_status, description, insurance_expiry_date, insurance_flag, lien_priority, location_country_code, location_description, maturity_date, original_cost, regulatory_eligible_flag, revaluation_frequency, source_record_id, updated_ts, valuation_currency_code, vintage_date, effective_start_date, effective_end_date, is_current_flag, created_ts) VALUES (366, 6, 93, 'CH', 'CAD', 7, 'FLOATING_CHARGE', 'TRADE_RECEIVABLES', 366, 'ACTIVE', 'Trade receivables pool', NULL, 'N', 3, 'CH', 'Trade receivables pool', '2027-06-30', 15000000.00, 'Y', 'MONTHLY', 366, CURRENT_TIMESTAMP, 'CAD', '2023-01-15', '2024-01-01', NULL, 'Y', CURRENT_TIMESTAMP);
INSERT INTO l1.collateral_asset_master (collateral_asset_id, collateral_type_id, counterparty_id, country_code, currency_code, legal_entity_id, charge_type, collateral_asset_type, collateral_id, collateral_status, description, insurance_expiry_date, insurance_flag, lien_priority, location_country_code, location_description, maturity_date, original_cost, regulatory_eligible_flag, revaluation_frequency, source_record_id, updated_ts, valuation_currency_code, vintage_date, effective_start_date, effective_end_date, is_current_flag, created_ts) VALUES (367, 7, 93, 'CA', 'AUD', 8, 'UNSECURED', 'PARENT_GUARANTEE', 367, 'ACTIVE', 'Parent company guarantee', NULL, 'N', 1, 'CA', 'Parent company guarantee', '2027-06-30', 0.00, 'Y', 'QUARTERLY', 367, CURRENT_TIMESTAMP, 'AUD', '2023-01-15', '2024-01-01', NULL, 'Y', CURRENT_TIMESTAMP);
INSERT INTO l1.collateral_asset_master (collateral_asset_id, collateral_type_id, counterparty_id, country_code, currency_code, legal_entity_id, charge_type, collateral_asset_type, collateral_id, collateral_status, description, insurance_expiry_date, insurance_flag, lien_priority, location_country_code, location_description, maturity_date, original_cost, regulatory_eligible_flag, revaluation_frequency, source_record_id, updated_ts, valuation_currency_code, vintage_date, effective_start_date, effective_end_date, is_current_flag, created_ts) VALUES (368, 8, 93, 'AU', 'CNY', 9, 'PLEDGE', 'GOLD_BULLION', 368, 'ACTIVE', 'Gold bullion held in vault', NULL, 'N', 2, 'AU', 'Gold bullion held in vault', '2027-06-30', 10000000.00, 'N', 'SEMI_ANNUAL', 368, CURRENT_TIMESTAMP, 'CNY', '2023-01-15', '2024-01-01', NULL, 'Y', CURRENT_TIMESTAMP);
INSERT INTO l1.collateral_asset_master (collateral_asset_id, collateral_type_id, counterparty_id, country_code, currency_code, legal_entity_id, charge_type, collateral_asset_type, collateral_id, collateral_status, description, insurance_expiry_date, insurance_flag, lien_priority, location_country_code, location_description, maturity_date, original_cost, regulatory_eligible_flag, revaluation_frequency, source_record_id, updated_ts, valuation_currency_code, vintage_date, effective_start_date, effective_end_date, is_current_flag, created_ts) VALUES (369, 9, 93, 'NL', 'HKD', 10, 'FLOATING_CHARGE', 'RAW_MATERIALS', 369, 'PENDING_VALUATION', 'Raw materials inventory', NULL, 'N', 3, 'NL', 'Raw materials inventory', '2027-06-30', 8000000.00, 'N', 'ANNUAL', 369, CURRENT_TIMESTAMP, 'HKD', '2023-01-15', '2024-01-01', NULL, 'Y', CURRENT_TIMESTAMP);
INSERT INTO l1.collateral_asset_master (collateral_asset_id, collateral_type_id, counterparty_id, country_code, currency_code, legal_entity_id, charge_type, collateral_asset_type, collateral_id, collateral_status, description, insurance_expiry_date, insurance_flag, lien_priority, location_country_code, location_description, maturity_date, original_cost, regulatory_eligible_flag, revaluation_frequency, source_record_id, updated_ts, valuation_currency_code, vintage_date, effective_start_date, effective_end_date, is_current_flag, created_ts) VALUES (370, 10, 93, 'SG', 'SGD', 1, 'FIRST_MORTGAGE', 'MANUFACTURING_EQUIP', 370, 'ACTIVE', 'Manufacturing equipment and plant', NULL, 'N', 1, 'SG', 'Manufacturing equipment and plant', '2027-06-30', 45000000.00, 'N', 'QUARTERLY', 370, CURRENT_TIMESTAMP, 'SGD', '2023-01-15', '2024-01-01', NULL, 'Y', CURRENT_TIMESTAMP);
INSERT INTO l1.collateral_asset_master (collateral_asset_id, collateral_type_id, counterparty_id, country_code, currency_code, legal_entity_id, charge_type, collateral_asset_type, collateral_id, collateral_status, description, insurance_expiry_date, insurance_flag, lien_priority, location_country_code, location_description, maturity_date, original_cost, regulatory_eligible_flag, revaluation_frequency, source_record_id, updated_ts, valuation_currency_code, vintage_date, effective_start_date, effective_end_date, is_current_flag, created_ts) VALUES (371, 1, 94, 'IE', 'USD', 2, 'FIRST_LIEN', 'CASH_DEPOSIT', 371, 'ACTIVE', 'Cash deposit held at custodian bank', '2026-12-31', 'Y', 1, 'IE', 'Cash deposit held at custodian bank', '2027-06-30', 60000000.00, 'Y', 'MONTHLY', 371, CURRENT_TIMESTAMP, 'USD', '2023-01-15', '2024-01-01', NULL, 'Y', CURRENT_TIMESTAMP);
INSERT INTO l1.collateral_asset_master (collateral_asset_id, collateral_type_id, counterparty_id, country_code, currency_code, legal_entity_id, charge_type, collateral_asset_type, collateral_id, collateral_status, description, insurance_expiry_date, insurance_flag, lien_priority, location_country_code, location_description, maturity_date, original_cost, regulatory_eligible_flag, revaluation_frequency, source_record_id, updated_ts, valuation_currency_code, vintage_date, effective_start_date, effective_end_date, is_current_flag, created_ts) VALUES (372, 2, 94, 'LU', 'EUR', 3, 'SECOND_LIEN', 'UST_BONDS', 372, 'ACTIVE', 'US Treasury bonds portfolio', '2026-12-31', 'Y', 2, 'LU', 'US Treasury bonds portfolio', '2027-06-30', 35000000.00, 'Y', 'QUARTERLY', 372, CURRENT_TIMESTAMP, 'EUR', '2023-01-15', '2024-01-01', NULL, 'Y', CURRENT_TIMESTAMP);
INSERT INTO l1.collateral_asset_master (collateral_asset_id, collateral_type_id, counterparty_id, country_code, currency_code, legal_entity_id, charge_type, collateral_asset_type, collateral_id, collateral_status, description, insurance_expiry_date, insurance_flag, lien_priority, location_country_code, location_description, maturity_date, original_cost, regulatory_eligible_flag, revaluation_frequency, source_record_id, updated_ts, valuation_currency_code, vintage_date, effective_start_date, effective_end_date, is_current_flag, created_ts) VALUES (373, 3, 94, 'HK', 'GBP', 4, 'FIRST_LIEN', 'CORP_BOND_IG', 373, 'ACTIVE', 'Investment-grade corporate bond basket', '2026-12-31', 'Y', 3, 'HK', 'Investment-grade corporate bond basket', '2027-06-30', 22000000.00, 'Y', 'SEMI_ANNUAL', 373, CURRENT_TIMESTAMP, 'GBP', '2023-01-15', '2024-01-01', NULL, 'Y', CURRENT_TIMESTAMP);
INSERT INTO l1.collateral_asset_master (collateral_asset_id, collateral_type_id, counterparty_id, country_code, currency_code, legal_entity_id, charge_type, collateral_asset_type, collateral_id, collateral_status, description, insurance_expiry_date, insurance_flag, lien_priority, location_country_code, location_description, maturity_date, original_cost, regulatory_eligible_flag, revaluation_frequency, source_record_id, updated_ts, valuation_currency_code, vintage_date, effective_start_date, effective_end_date, is_current_flag, created_ts) VALUES (374, 4, 94, 'KR', 'CHF', 5, 'PLEDGE', 'LISTED_EQUITY', 374, 'ACTIVE', 'Listed equity portfolio - large cap', '2026-12-31', 'Y', 1, 'KR', 'Listed equity portfolio - large cap', '2027-06-30', 18000000.00, 'Y', 'ANNUAL', 374, CURRENT_TIMESTAMP, 'CHF', '2023-01-15', '2024-01-01', NULL, 'Y', CURRENT_TIMESTAMP);
INSERT INTO l1.collateral_asset_master (collateral_asset_id, collateral_type_id, counterparty_id, country_code, currency_code, legal_entity_id, charge_type, collateral_asset_type, collateral_id, collateral_status, description, insurance_expiry_date, insurance_flag, lien_priority, location_country_code, location_description, maturity_date, original_cost, regulatory_eligible_flag, revaluation_frequency, source_record_id, updated_ts, valuation_currency_code, vintage_date, effective_start_date, effective_end_date, is_current_flag, created_ts) VALUES (375, 5, 95, 'SE', 'JPY', 6, 'FIRST_MORTGAGE', 'COMMERCIAL_RE', 375, 'ACTIVE', 'Commercial real estate - office building', '2026-12-31', 'Y', 2, 'SE', 'Commercial real estate - office building', '2027-06-30', 90000000.00, 'Y', 'QUARTERLY', 375, CURRENT_TIMESTAMP, 'JPY', '2023-01-15', '2024-01-01', NULL, 'Y', CURRENT_TIMESTAMP);
INSERT INTO l1.collateral_asset_master (collateral_asset_id, collateral_type_id, counterparty_id, country_code, currency_code, legal_entity_id, charge_type, collateral_asset_type, collateral_id, collateral_status, description, insurance_expiry_date, insurance_flag, lien_priority, location_country_code, location_description, maturity_date, original_cost, regulatory_eligible_flag, revaluation_frequency, source_record_id, updated_ts, valuation_currency_code, vintage_date, effective_start_date, effective_end_date, is_current_flag, created_ts) VALUES (376, 6, 95, 'NO', 'CAD', 7, 'FLOATING_CHARGE', 'TRADE_RECEIVABLES', 376, 'ACTIVE', 'Trade receivables pool', NULL, 'N', 3, 'NO', 'Trade receivables pool', '2027-06-30', 12000000.00, 'Y', 'MONTHLY', 376, CURRENT_TIMESTAMP, 'CAD', '2023-01-15', '2024-01-01', NULL, 'Y', CURRENT_TIMESTAMP);
INSERT INTO l1.collateral_asset_master (collateral_asset_id, collateral_type_id, counterparty_id, country_code, currency_code, legal_entity_id, charge_type, collateral_asset_type, collateral_id, collateral_status, description, insurance_expiry_date, insurance_flag, lien_priority, location_country_code, location_description, maturity_date, original_cost, regulatory_eligible_flag, revaluation_frequency, source_record_id, updated_ts, valuation_currency_code, vintage_date, effective_start_date, effective_end_date, is_current_flag, created_ts) VALUES (377, 7, 95, 'DK', 'AUD', 8, 'UNSECURED', 'PARENT_GUARANTEE', 377, 'ACTIVE', 'Parent company guarantee', NULL, 'N', 1, 'DK', 'Parent company guarantee', '2027-06-30', 0.00, 'Y', 'QUARTERLY', 377, CURRENT_TIMESTAMP, 'AUD', '2023-01-15', '2024-01-01', NULL, 'Y', CURRENT_TIMESTAMP);
INSERT INTO l1.collateral_asset_master (collateral_asset_id, collateral_type_id, counterparty_id, country_code, currency_code, legal_entity_id, charge_type, collateral_asset_type, collateral_id, collateral_status, description, insurance_expiry_date, insurance_flag, lien_priority, location_country_code, location_description, maturity_date, original_cost, regulatory_eligible_flag, revaluation_frequency, source_record_id, updated_ts, valuation_currency_code, vintage_date, effective_start_date, effective_end_date, is_current_flag, created_ts) VALUES (378, 8, 95, 'FI', 'CNY', 9, 'PLEDGE', 'GOLD_BULLION', 378, 'ACTIVE', 'Gold bullion held in vault', NULL, 'N', 2, 'FI', 'Gold bullion held in vault', '2027-06-30', 7500000.00, 'N', 'SEMI_ANNUAL', 378, CURRENT_TIMESTAMP, 'CNY', '2023-01-15', '2024-01-01', NULL, 'Y', CURRENT_TIMESTAMP);
INSERT INTO l1.collateral_asset_master (collateral_asset_id, collateral_type_id, counterparty_id, country_code, currency_code, legal_entity_id, charge_type, collateral_asset_type, collateral_id, collateral_status, description, insurance_expiry_date, insurance_flag, lien_priority, location_country_code, location_description, maturity_date, original_cost, regulatory_eligible_flag, revaluation_frequency, source_record_id, updated_ts, valuation_currency_code, vintage_date, effective_start_date, effective_end_date, is_current_flag, created_ts) VALUES (379, 9, 95, 'BE', 'HKD', 10, 'FLOATING_CHARGE', 'RAW_MATERIALS', 379, 'PENDING_VALUATION', 'Raw materials inventory', NULL, 'N', 3, 'BE', 'Raw materials inventory', '2027-06-30', 6000000.00, 'N', 'ANNUAL', 379, CURRENT_TIMESTAMP, 'HKD', '2023-01-15', '2024-01-01', NULL, 'Y', CURRENT_TIMESTAMP);
INSERT INTO l1.collateral_asset_master (collateral_asset_id, collateral_type_id, counterparty_id, country_code, currency_code, legal_entity_id, charge_type, collateral_asset_type, collateral_id, collateral_status, description, insurance_expiry_date, insurance_flag, lien_priority, location_country_code, location_description, maturity_date, original_cost, regulatory_eligible_flag, revaluation_frequency, source_record_id, updated_ts, valuation_currency_code, vintage_date, effective_start_date, effective_end_date, is_current_flag, created_ts) VALUES (380, 10, 96, 'AT', 'SGD', 1, 'FIRST_MORTGAGE', 'MANUFACTURING_EQUIP', 380, 'ACTIVE', 'Manufacturing equipment and plant', NULL, 'N', 1, 'AT', 'Manufacturing equipment and plant', '2027-06-30', 55000000.00, 'N', 'QUARTERLY', 380, CURRENT_TIMESTAMP, 'SGD', '2023-01-15', '2024-01-01', NULL, 'Y', CURRENT_TIMESTAMP);
INSERT INTO l1.collateral_asset_master (collateral_asset_id, collateral_type_id, counterparty_id, country_code, currency_code, legal_entity_id, charge_type, collateral_asset_type, collateral_id, collateral_status, description, insurance_expiry_date, insurance_flag, lien_priority, location_country_code, location_description, maturity_date, original_cost, regulatory_eligible_flag, revaluation_frequency, source_record_id, updated_ts, valuation_currency_code, vintage_date, effective_start_date, effective_end_date, is_current_flag, created_ts) VALUES (381, 1, 96, 'US', 'USD', 2, 'FIRST_LIEN', 'CASH_DEPOSIT', 381, 'ACTIVE', 'Cash deposit held at custodian bank', '2026-12-31', 'Y', 1, 'US', 'Cash deposit held at custodian bank', '2027-06-30', 50000000.00, 'Y', 'MONTHLY', 381, CURRENT_TIMESTAMP, 'USD', '2023-01-15', '2024-01-01', NULL, 'Y', CURRENT_TIMESTAMP);
INSERT INTO l1.collateral_asset_master (collateral_asset_id, collateral_type_id, counterparty_id, country_code, currency_code, legal_entity_id, charge_type, collateral_asset_type, collateral_id, collateral_status, description, insurance_expiry_date, insurance_flag, lien_priority, location_country_code, location_description, maturity_date, original_cost, regulatory_eligible_flag, revaluation_frequency, source_record_id, updated_ts, valuation_currency_code, vintage_date, effective_start_date, effective_end_date, is_current_flag, created_ts) VALUES (382, 2, 96, 'GB', 'EUR', 3, 'SECOND_LIEN', 'UST_BONDS', 382, 'ACTIVE', 'US Treasury bonds portfolio', '2026-12-31', 'Y', 2, 'GB', 'US Treasury bonds portfolio', '2027-06-30', 75000000.00, 'Y', 'QUARTERLY', 382, CURRENT_TIMESTAMP, 'EUR', '2023-01-15', '2024-01-01', NULL, 'Y', CURRENT_TIMESTAMP);
INSERT INTO l1.collateral_asset_master (collateral_asset_id, collateral_type_id, counterparty_id, country_code, currency_code, legal_entity_id, charge_type, collateral_asset_type, collateral_id, collateral_status, description, insurance_expiry_date, insurance_flag, lien_priority, location_country_code, location_description, maturity_date, original_cost, regulatory_eligible_flag, revaluation_frequency, source_record_id, updated_ts, valuation_currency_code, vintage_date, effective_start_date, effective_end_date, is_current_flag, created_ts) VALUES (383, 3, 96, 'DE', 'GBP', 4, 'FIRST_LIEN', 'CORP_BOND_IG', 383, 'ACTIVE', 'Investment-grade corporate bond basket', '2026-12-31', 'Y', 3, 'DE', 'Investment-grade corporate bond basket', '2027-06-30', 30000000.00, 'Y', 'SEMI_ANNUAL', 383, CURRENT_TIMESTAMP, 'GBP', '2023-01-15', '2024-01-01', NULL, 'Y', CURRENT_TIMESTAMP);
INSERT INTO l1.collateral_asset_master (collateral_asset_id, collateral_type_id, counterparty_id, country_code, currency_code, legal_entity_id, charge_type, collateral_asset_type, collateral_id, collateral_status, description, insurance_expiry_date, insurance_flag, lien_priority, location_country_code, location_description, maturity_date, original_cost, regulatory_eligible_flag, revaluation_frequency, source_record_id, updated_ts, valuation_currency_code, vintage_date, effective_start_date, effective_end_date, is_current_flag, created_ts) VALUES (384, 4, 96, 'FR', 'CHF', 5, 'PLEDGE', 'LISTED_EQUITY', 384, 'ACTIVE', 'Listed equity portfolio - large cap', '2026-12-31', 'Y', 1, 'FR', 'Listed equity portfolio - large cap', '2027-06-30', 20000000.00, 'Y', 'ANNUAL', 384, CURRENT_TIMESTAMP, 'CHF', '2023-01-15', '2024-01-01', NULL, 'Y', CURRENT_TIMESTAMP);
INSERT INTO l1.collateral_asset_master (collateral_asset_id, collateral_type_id, counterparty_id, country_code, currency_code, legal_entity_id, charge_type, collateral_asset_type, collateral_id, collateral_status, description, insurance_expiry_date, insurance_flag, lien_priority, location_country_code, location_description, maturity_date, original_cost, regulatory_eligible_flag, revaluation_frequency, source_record_id, updated_ts, valuation_currency_code, vintage_date, effective_start_date, effective_end_date, is_current_flag, created_ts) VALUES (385, 5, 96, 'JP', 'JPY', 6, 'FIRST_MORTGAGE', 'COMMERCIAL_RE', 385, 'ACTIVE', 'Commercial real estate - office building', '2026-12-31', 'Y', 2, 'JP', 'Commercial real estate - office building', '2027-06-30', 125000000.00, 'Y', 'QUARTERLY', 385, CURRENT_TIMESTAMP, 'JPY', '2023-01-15', '2024-01-01', NULL, 'Y', CURRENT_TIMESTAMP);
INSERT INTO l1.collateral_asset_master (collateral_asset_id, collateral_type_id, counterparty_id, country_code, currency_code, legal_entity_id, charge_type, collateral_asset_type, collateral_id, collateral_status, description, insurance_expiry_date, insurance_flag, lien_priority, location_country_code, location_description, maturity_date, original_cost, regulatory_eligible_flag, revaluation_frequency, source_record_id, updated_ts, valuation_currency_code, vintage_date, effective_start_date, effective_end_date, is_current_flag, created_ts) VALUES (386, 6, 97, 'CH', 'CAD', 7, 'FLOATING_CHARGE', 'TRADE_RECEIVABLES', 386, 'ACTIVE', 'Trade receivables pool', NULL, 'N', 3, 'CH', 'Trade receivables pool', '2027-06-30', 15000000.00, 'Y', 'MONTHLY', 386, CURRENT_TIMESTAMP, 'CAD', '2023-01-15', '2024-01-01', NULL, 'Y', CURRENT_TIMESTAMP);
INSERT INTO l1.collateral_asset_master (collateral_asset_id, collateral_type_id, counterparty_id, country_code, currency_code, legal_entity_id, charge_type, collateral_asset_type, collateral_id, collateral_status, description, insurance_expiry_date, insurance_flag, lien_priority, location_country_code, location_description, maturity_date, original_cost, regulatory_eligible_flag, revaluation_frequency, source_record_id, updated_ts, valuation_currency_code, vintage_date, effective_start_date, effective_end_date, is_current_flag, created_ts) VALUES (387, 7, 97, 'CA', 'AUD', 8, 'UNSECURED', 'PARENT_GUARANTEE', 387, 'ACTIVE', 'Parent company guarantee', NULL, 'N', 1, 'CA', 'Parent company guarantee', '2027-06-30', 0.00, 'Y', 'QUARTERLY', 387, CURRENT_TIMESTAMP, 'AUD', '2023-01-15', '2024-01-01', NULL, 'Y', CURRENT_TIMESTAMP);
INSERT INTO l1.collateral_asset_master (collateral_asset_id, collateral_type_id, counterparty_id, country_code, currency_code, legal_entity_id, charge_type, collateral_asset_type, collateral_id, collateral_status, description, insurance_expiry_date, insurance_flag, lien_priority, location_country_code, location_description, maturity_date, original_cost, regulatory_eligible_flag, revaluation_frequency, source_record_id, updated_ts, valuation_currency_code, vintage_date, effective_start_date, effective_end_date, is_current_flag, created_ts) VALUES (388, 8, 97, 'AU', 'CNY', 9, 'PLEDGE', 'GOLD_BULLION', 388, 'ACTIVE', 'Gold bullion held in vault', NULL, 'N', 2, 'AU', 'Gold bullion held in vault', '2027-06-30', 10000000.00, 'N', 'SEMI_ANNUAL', 388, CURRENT_TIMESTAMP, 'CNY', '2023-01-15', '2024-01-01', NULL, 'Y', CURRENT_TIMESTAMP);
INSERT INTO l1.collateral_asset_master (collateral_asset_id, collateral_type_id, counterparty_id, country_code, currency_code, legal_entity_id, charge_type, collateral_asset_type, collateral_id, collateral_status, description, insurance_expiry_date, insurance_flag, lien_priority, location_country_code, location_description, maturity_date, original_cost, regulatory_eligible_flag, revaluation_frequency, source_record_id, updated_ts, valuation_currency_code, vintage_date, effective_start_date, effective_end_date, is_current_flag, created_ts) VALUES (389, 9, 97, 'NL', 'HKD', 10, 'FLOATING_CHARGE', 'RAW_MATERIALS', 389, 'PENDING_VALUATION', 'Raw materials inventory', NULL, 'N', 3, 'NL', 'Raw materials inventory', '2027-06-30', 8000000.00, 'N', 'ANNUAL', 389, CURRENT_TIMESTAMP, 'HKD', '2023-01-15', '2024-01-01', NULL, 'Y', CURRENT_TIMESTAMP);
INSERT INTO l1.collateral_asset_master (collateral_asset_id, collateral_type_id, counterparty_id, country_code, currency_code, legal_entity_id, charge_type, collateral_asset_type, collateral_id, collateral_status, description, insurance_expiry_date, insurance_flag, lien_priority, location_country_code, location_description, maturity_date, original_cost, regulatory_eligible_flag, revaluation_frequency, source_record_id, updated_ts, valuation_currency_code, vintage_date, effective_start_date, effective_end_date, is_current_flag, created_ts) VALUES (390, 10, 97, 'SG', 'SGD', 1, 'FIRST_MORTGAGE', 'MANUFACTURING_EQUIP', 390, 'ACTIVE', 'Manufacturing equipment and plant', NULL, 'N', 1, 'SG', 'Manufacturing equipment and plant', '2027-06-30', 45000000.00, 'N', 'QUARTERLY', 390, CURRENT_TIMESTAMP, 'SGD', '2023-01-15', '2024-01-01', NULL, 'Y', CURRENT_TIMESTAMP);
INSERT INTO l1.collateral_asset_master (collateral_asset_id, collateral_type_id, counterparty_id, country_code, currency_code, legal_entity_id, charge_type, collateral_asset_type, collateral_id, collateral_status, description, insurance_expiry_date, insurance_flag, lien_priority, location_country_code, location_description, maturity_date, original_cost, regulatory_eligible_flag, revaluation_frequency, source_record_id, updated_ts, valuation_currency_code, vintage_date, effective_start_date, effective_end_date, is_current_flag, created_ts) VALUES (391, 1, 97, 'IE', 'USD', 2, 'FIRST_LIEN', 'CASH_DEPOSIT', 391, 'ACTIVE', 'Cash deposit held at custodian bank', '2026-12-31', 'Y', 1, 'IE', 'Cash deposit held at custodian bank', '2027-06-30', 60000000.00, 'Y', 'MONTHLY', 391, CURRENT_TIMESTAMP, 'USD', '2023-01-15', '2024-01-01', NULL, 'Y', CURRENT_TIMESTAMP);
INSERT INTO l1.collateral_asset_master (collateral_asset_id, collateral_type_id, counterparty_id, country_code, currency_code, legal_entity_id, charge_type, collateral_asset_type, collateral_id, collateral_status, description, insurance_expiry_date, insurance_flag, lien_priority, location_country_code, location_description, maturity_date, original_cost, regulatory_eligible_flag, revaluation_frequency, source_record_id, updated_ts, valuation_currency_code, vintage_date, effective_start_date, effective_end_date, is_current_flag, created_ts) VALUES (392, 2, 98, 'LU', 'EUR', 3, 'SECOND_LIEN', 'UST_BONDS', 392, 'ACTIVE', 'US Treasury bonds portfolio', '2026-12-31', 'Y', 2, 'LU', 'US Treasury bonds portfolio', '2027-06-30', 35000000.00, 'Y', 'QUARTERLY', 392, CURRENT_TIMESTAMP, 'EUR', '2023-01-15', '2024-01-01', NULL, 'Y', CURRENT_TIMESTAMP);
INSERT INTO l1.collateral_asset_master (collateral_asset_id, collateral_type_id, counterparty_id, country_code, currency_code, legal_entity_id, charge_type, collateral_asset_type, collateral_id, collateral_status, description, insurance_expiry_date, insurance_flag, lien_priority, location_country_code, location_description, maturity_date, original_cost, regulatory_eligible_flag, revaluation_frequency, source_record_id, updated_ts, valuation_currency_code, vintage_date, effective_start_date, effective_end_date, is_current_flag, created_ts) VALUES (393, 3, 98, 'HK', 'GBP', 4, 'FIRST_LIEN', 'CORP_BOND_IG', 393, 'ACTIVE', 'Investment-grade corporate bond basket', '2026-12-31', 'Y', 3, 'HK', 'Investment-grade corporate bond basket', '2027-06-30', 22000000.00, 'Y', 'SEMI_ANNUAL', 393, CURRENT_TIMESTAMP, 'GBP', '2023-01-15', '2024-01-01', NULL, 'Y', CURRENT_TIMESTAMP);
INSERT INTO l1.collateral_asset_master (collateral_asset_id, collateral_type_id, counterparty_id, country_code, currency_code, legal_entity_id, charge_type, collateral_asset_type, collateral_id, collateral_status, description, insurance_expiry_date, insurance_flag, lien_priority, location_country_code, location_description, maturity_date, original_cost, regulatory_eligible_flag, revaluation_frequency, source_record_id, updated_ts, valuation_currency_code, vintage_date, effective_start_date, effective_end_date, is_current_flag, created_ts) VALUES (394, 4, 98, 'KR', 'CHF', 5, 'PLEDGE', 'LISTED_EQUITY', 394, 'ACTIVE', 'Listed equity portfolio - large cap', '2026-12-31', 'Y', 1, 'KR', 'Listed equity portfolio - large cap', '2027-06-30', 18000000.00, 'Y', 'ANNUAL', 394, CURRENT_TIMESTAMP, 'CHF', '2023-01-15', '2024-01-01', NULL, 'Y', CURRENT_TIMESTAMP);
INSERT INTO l1.collateral_asset_master (collateral_asset_id, collateral_type_id, counterparty_id, country_code, currency_code, legal_entity_id, charge_type, collateral_asset_type, collateral_id, collateral_status, description, insurance_expiry_date, insurance_flag, lien_priority, location_country_code, location_description, maturity_date, original_cost, regulatory_eligible_flag, revaluation_frequency, source_record_id, updated_ts, valuation_currency_code, vintage_date, effective_start_date, effective_end_date, is_current_flag, created_ts) VALUES (395, 5, 98, 'SE', 'JPY', 6, 'FIRST_MORTGAGE', 'COMMERCIAL_RE', 395, 'ACTIVE', 'Commercial real estate - office building', '2026-12-31', 'Y', 2, 'SE', 'Commercial real estate - office building', '2027-06-30', 90000000.00, 'Y', 'QUARTERLY', 395, CURRENT_TIMESTAMP, 'JPY', '2023-01-15', '2024-01-01', NULL, 'Y', CURRENT_TIMESTAMP);
INSERT INTO l1.collateral_asset_master (collateral_asset_id, collateral_type_id, counterparty_id, country_code, currency_code, legal_entity_id, charge_type, collateral_asset_type, collateral_id, collateral_status, description, insurance_expiry_date, insurance_flag, lien_priority, location_country_code, location_description, maturity_date, original_cost, regulatory_eligible_flag, revaluation_frequency, source_record_id, updated_ts, valuation_currency_code, vintage_date, effective_start_date, effective_end_date, is_current_flag, created_ts) VALUES (396, 6, 99, 'NO', 'CAD', 7, 'FLOATING_CHARGE', 'TRADE_RECEIVABLES', 396, 'ACTIVE', 'Trade receivables pool', NULL, 'N', 3, 'NO', 'Trade receivables pool', '2027-06-30', 12000000.00, 'Y', 'MONTHLY', 396, CURRENT_TIMESTAMP, 'CAD', '2023-01-15', '2024-01-01', NULL, 'Y', CURRENT_TIMESTAMP);
INSERT INTO l1.collateral_asset_master (collateral_asset_id, collateral_type_id, counterparty_id, country_code, currency_code, legal_entity_id, charge_type, collateral_asset_type, collateral_id, collateral_status, description, insurance_expiry_date, insurance_flag, lien_priority, location_country_code, location_description, maturity_date, original_cost, regulatory_eligible_flag, revaluation_frequency, source_record_id, updated_ts, valuation_currency_code, vintage_date, effective_start_date, effective_end_date, is_current_flag, created_ts) VALUES (397, 7, 99, 'DK', 'AUD', 8, 'UNSECURED', 'PARENT_GUARANTEE', 397, 'ACTIVE', 'Parent company guarantee', NULL, 'N', 1, 'DK', 'Parent company guarantee', '2027-06-30', 0.00, 'Y', 'QUARTERLY', 397, CURRENT_TIMESTAMP, 'AUD', '2023-01-15', '2024-01-01', NULL, 'Y', CURRENT_TIMESTAMP);
INSERT INTO l1.collateral_asset_master (collateral_asset_id, collateral_type_id, counterparty_id, country_code, currency_code, legal_entity_id, charge_type, collateral_asset_type, collateral_id, collateral_status, description, insurance_expiry_date, insurance_flag, lien_priority, location_country_code, location_description, maturity_date, original_cost, regulatory_eligible_flag, revaluation_frequency, source_record_id, updated_ts, valuation_currency_code, vintage_date, effective_start_date, effective_end_date, is_current_flag, created_ts) VALUES (398, 8, 99, 'FI', 'CNY', 9, 'PLEDGE', 'GOLD_BULLION', 398, 'ACTIVE', 'Gold bullion held in vault', NULL, 'N', 2, 'FI', 'Gold bullion held in vault', '2027-06-30', 7500000.00, 'N', 'SEMI_ANNUAL', 398, CURRENT_TIMESTAMP, 'CNY', '2023-01-15', '2024-01-01', NULL, 'Y', CURRENT_TIMESTAMP);
INSERT INTO l1.collateral_asset_master (collateral_asset_id, collateral_type_id, counterparty_id, country_code, currency_code, legal_entity_id, charge_type, collateral_asset_type, collateral_id, collateral_status, description, insurance_expiry_date, insurance_flag, lien_priority, location_country_code, location_description, maturity_date, original_cost, regulatory_eligible_flag, revaluation_frequency, source_record_id, updated_ts, valuation_currency_code, vintage_date, effective_start_date, effective_end_date, is_current_flag, created_ts) VALUES (399, 9, 99, 'BE', 'HKD', 10, 'FLOATING_CHARGE', 'RAW_MATERIALS', 399, 'PENDING_VALUATION', 'Raw materials inventory', NULL, 'N', 3, 'BE', 'Raw materials inventory', '2027-06-30', 6000000.00, 'N', 'ANNUAL', 399, CURRENT_TIMESTAMP, 'HKD', '2023-01-15', '2024-01-01', NULL, 'Y', CURRENT_TIMESTAMP);
INSERT INTO l1.collateral_asset_master (collateral_asset_id, collateral_type_id, counterparty_id, country_code, currency_code, legal_entity_id, charge_type, collateral_asset_type, collateral_id, collateral_status, description, insurance_expiry_date, insurance_flag, lien_priority, location_country_code, location_description, maturity_date, original_cost, regulatory_eligible_flag, revaluation_frequency, source_record_id, updated_ts, valuation_currency_code, vintage_date, effective_start_date, effective_end_date, is_current_flag, created_ts) VALUES (400, 10, 99, 'AT', 'SGD', 1, 'FIRST_MORTGAGE', 'MANUFACTURING_EQUIP', 400, 'ACTIVE', 'Manufacturing equipment and plant', NULL, 'N', 1, 'AT', 'Manufacturing equipment and plant', '2027-06-30', 55000000.00, 'N', 'QUARTERLY', 400, CURRENT_TIMESTAMP, 'SGD', '2023-01-15', '2024-01-01', NULL, 'Y', CURRENT_TIMESTAMP);
INSERT INTO l1.collateral_asset_master (collateral_asset_id, collateral_type_id, counterparty_id, country_code, currency_code, legal_entity_id, charge_type, collateral_asset_type, collateral_id, collateral_status, description, insurance_expiry_date, insurance_flag, lien_priority, location_country_code, location_description, maturity_date, original_cost, regulatory_eligible_flag, revaluation_frequency, source_record_id, updated_ts, valuation_currency_code, vintage_date, effective_start_date, effective_end_date, is_current_flag, created_ts) VALUES (401, 1, 100, 'US', 'USD', 2, 'FIRST_LIEN', 'CASH_DEPOSIT', 401, 'ACTIVE', 'Cash deposit held at custodian bank', '2026-12-31', 'Y', 1, 'US', 'Cash deposit held at custodian bank', '2027-06-30', 50000000.00, 'Y', 'MONTHLY', 401, CURRENT_TIMESTAMP, 'USD', '2023-01-15', '2024-01-01', NULL, 'Y', CURRENT_TIMESTAMP);
INSERT INTO l1.collateral_asset_master (collateral_asset_id, collateral_type_id, counterparty_id, country_code, currency_code, legal_entity_id, charge_type, collateral_asset_type, collateral_id, collateral_status, description, insurance_expiry_date, insurance_flag, lien_priority, location_country_code, location_description, maturity_date, original_cost, regulatory_eligible_flag, revaluation_frequency, source_record_id, updated_ts, valuation_currency_code, vintage_date, effective_start_date, effective_end_date, is_current_flag, created_ts) VALUES (402, 2, 100, 'GB', 'EUR', 3, 'SECOND_LIEN', 'UST_BONDS', 402, 'ACTIVE', 'US Treasury bonds portfolio', '2026-12-31', 'Y', 2, 'GB', 'US Treasury bonds portfolio', '2027-06-30', 75000000.00, 'Y', 'QUARTERLY', 402, CURRENT_TIMESTAMP, 'EUR', '2023-01-15', '2024-01-01', NULL, 'Y', CURRENT_TIMESTAMP);
INSERT INTO l1.collateral_asset_master (collateral_asset_id, collateral_type_id, counterparty_id, country_code, currency_code, legal_entity_id, charge_type, collateral_asset_type, collateral_id, collateral_status, description, insurance_expiry_date, insurance_flag, lien_priority, location_country_code, location_description, maturity_date, original_cost, regulatory_eligible_flag, revaluation_frequency, source_record_id, updated_ts, valuation_currency_code, vintage_date, effective_start_date, effective_end_date, is_current_flag, created_ts) VALUES (403, 3, 100, 'DE', 'GBP', 4, 'FIRST_LIEN', 'CORP_BOND_IG', 403, 'ACTIVE', 'Investment-grade corporate bond basket', '2026-12-31', 'Y', 3, 'DE', 'Investment-grade corporate bond basket', '2027-06-30', 30000000.00, 'Y', 'SEMI_ANNUAL', 403, CURRENT_TIMESTAMP, 'GBP', '2023-01-15', '2024-01-01', NULL, 'Y', CURRENT_TIMESTAMP);
INSERT INTO l1.collateral_asset_master (collateral_asset_id, collateral_type_id, counterparty_id, country_code, currency_code, legal_entity_id, charge_type, collateral_asset_type, collateral_id, collateral_status, description, insurance_expiry_date, insurance_flag, lien_priority, location_country_code, location_description, maturity_date, original_cost, regulatory_eligible_flag, revaluation_frequency, source_record_id, updated_ts, valuation_currency_code, vintage_date, effective_start_date, effective_end_date, is_current_flag, created_ts) VALUES (404, 4, 100, 'FR', 'CHF', 5, 'PLEDGE', 'LISTED_EQUITY', 404, 'ACTIVE', 'Listed equity portfolio - large cap', '2026-12-31', 'Y', 1, 'FR', 'Listed equity portfolio - large cap', '2027-06-30', 20000000.00, 'Y', 'ANNUAL', 404, CURRENT_TIMESTAMP, 'CHF', '2023-01-15', '2024-01-01', NULL, 'Y', CURRENT_TIMESTAMP);
INSERT INTO l1.collateral_asset_master (collateral_asset_id, collateral_type_id, counterparty_id, country_code, currency_code, legal_entity_id, charge_type, collateral_asset_type, collateral_id, collateral_status, description, insurance_expiry_date, insurance_flag, lien_priority, location_country_code, location_description, maturity_date, original_cost, regulatory_eligible_flag, revaluation_frequency, source_record_id, updated_ts, valuation_currency_code, vintage_date, effective_start_date, effective_end_date, is_current_flag, created_ts) VALUES (405, 5, 100, 'JP', 'JPY', 6, 'FIRST_MORTGAGE', 'COMMERCIAL_RE', 405, 'ACTIVE', 'Commercial real estate - office building', '2026-12-31', 'Y', 2, 'JP', 'Commercial real estate - office building', '2027-06-30', 125000000.00, 'Y', 'QUARTERLY', 405, CURRENT_TIMESTAMP, 'JPY', '2023-01-15', '2024-01-01', NULL, 'Y', CURRENT_TIMESTAMP);
