-- ═════════════════════════════════════════════════════════════════
-- Factory-Generated Scenario Data
-- Generated: 2026-03-10T04:28:27.435Z
-- Scenarios: 32
-- Load AFTER: 05-scenario-seed.sql
-- ═════════════════════════════════════════════════════════════════

SET search_path TO l1, l2, public;

-- Factory prerequisite: additional country_dim entries
INSERT INTO l1.country_dim (country_code, country_name, is_active, region_code, basel_country_risk_weight, is_developed_market, is_fatf_high_risk, is_ofac_sanctioned, iso_alpha_3, iso_numeric, jurisdiction_id) VALUES ('BR', 'Brazil', 'Y', 'AMER', '50%', 'N', 'N', 'N', 'BRA', '076', 11) ON CONFLICT (country_code) DO NOTHING;
INSERT INTO l1.country_dim (country_code, country_name, is_active, region_code, basel_country_risk_weight, is_developed_market, is_fatf_high_risk, is_ofac_sanctioned, iso_alpha_3, iso_numeric, jurisdiction_id) VALUES ('IN', 'India', 'Y', 'APAC', '50%', 'N', 'N', 'N', 'IND', '356', 12) ON CONFLICT (country_code) DO NOTHING;
INSERT INTO l1.country_dim (country_code, country_name, is_active, region_code, basel_country_risk_weight, is_developed_market, is_fatf_high_risk, is_ofac_sanctioned, iso_alpha_3, iso_numeric, jurisdiction_id) VALUES ('MX', 'Mexico', 'Y', 'AMER', '50%', 'N', 'N', 'N', 'MEX', '484', 13) ON CONFLICT (country_code) DO NOTHING;
INSERT INTO l1.country_dim (country_code, country_name, is_active, region_code, basel_country_risk_weight, is_developed_market, is_fatf_high_risk, is_ofac_sanctioned, iso_alpha_3, iso_numeric, jurisdiction_id) VALUES ('AE', 'United Arab Emirates', 'Y', 'EMEA', '50%', 'N', 'N', 'N', 'ARE', '784', 14) ON CONFLICT (country_code) DO NOTHING;
INSERT INTO l1.country_dim (country_code, country_name, is_active, region_code, basel_country_risk_weight, is_developed_market, is_fatf_high_risk, is_ofac_sanctioned, iso_alpha_3, iso_numeric, jurisdiction_id) VALUES ('KR', 'South Korea', 'Y', 'APAC', '0%', 'Y', 'N', 'N', 'KOR', '410', 15) ON CONFLICT (country_code) DO NOTHING;
INSERT INTO l1.country_dim (country_code, country_name, is_active, region_code, basel_country_risk_weight, is_developed_market, is_fatf_high_risk, is_ofac_sanctioned, iso_alpha_3, iso_numeric, jurisdiction_id) VALUES ('HK', 'Hong Kong', 'Y', 'APAC', '0%', 'Y', 'N', 'N', 'HKG', '344', 16) ON CONFLICT (country_code) DO NOTHING;
-- Factory prerequisite: additional currency_dim entries
INSERT INTO l1.currency_dim (currency_code, currency_name, currency_symbol, is_active, iso_numeric, minor_unit_decimals, is_g10_currency) VALUES ('BRL', 'Brazilian Real', 'R$', 'Y', '986', 2, 'N') ON CONFLICT (currency_code) DO NOTHING;
INSERT INTO l1.currency_dim (currency_code, currency_name, currency_symbol, is_active, iso_numeric, minor_unit_decimals, is_g10_currency) VALUES ('INR', 'Indian Rupee', 'Rs', 'Y', '356', 2, 'N') ON CONFLICT (currency_code) DO NOTHING;
INSERT INTO l1.currency_dim (currency_code, currency_name, currency_symbol, is_active, iso_numeric, minor_unit_decimals, is_g10_currency) VALUES ('MXN', 'Mexican Peso', 'Mex$', 'Y', '484', 2, 'N') ON CONFLICT (currency_code) DO NOTHING;
INSERT INTO l1.currency_dim (currency_code, currency_name, currency_symbol, is_active, iso_numeric, minor_unit_decimals, is_g10_currency) VALUES ('AED', 'UAE Dirham', 'AED', 'Y', '784', 2, 'N') ON CONFLICT (currency_code) DO NOTHING;
INSERT INTO l1.currency_dim (currency_code, currency_name, currency_symbol, is_active, iso_numeric, minor_unit_decimals, is_g10_currency) VALUES ('KRW', 'South Korean Won', 'W', 'Y', '410', 0, 'N') ON CONFLICT (currency_code) DO NOTHING;-- ═════════════════════════════════════════════════════════════════
-- Scenario S19: Oil & Gas Sector Downgrade
-- Sector-wide rating downgrade hits 5 O&G counterparties, triggering covenant reviews on $1.8B exposure
-- Generated: 2026-03-10T04:28:27.422Z
-- ═════════════════════════════════════════════════════════════════

SET search_path TO l1, l2, public;

-- ────────────────────────────────────────
-- l1.counterparty (5 rows)
-- ────────────────────────────────────────
INSERT INTO l1.counterparty (counterparty_id, legal_name, counterparty_type, country_code, entity_type_code, industry_id, basel_asset_class, basel_risk_grade, call_report_counterparty_type, external_rating_fitch, external_rating_moodys, external_rating_sp, fr2590_counterparty_type, internal_risk_rating, is_affiliated, is_central_counterparty, is_financial_institution, is_insider, is_multilateral_dev_bank, is_parent_flag, is_public_sector_entity, is_regulated_entity, is_sovereign, lei_code, lgd_unsecured, pd_annual, regulatory_counterparty_type, y14_obligor_type, effective_start_date, effective_end_date, is_current_flag) VALUES (2770, 'Deepwater Drilling Holdings LP', 'CORPORATE', 'US', 'CORP', 4, 'CORPORATE', '6', 'C&I_DOMESTIC', 'BBB-', 'Baa3', 'BB+', 'NON_FINANCIAL', '5', 'N', 'N', 'N', 'N', 'N', 'Y', 'N', 'N', 'N', '529900L6UQ6RUN4QA8J7', 0.48, 0.0083, 'CORPORATE', 'LARGE_CORPORATE', '2020-01-01', NULL, 'Y');
INSERT INTO l1.counterparty (counterparty_id, legal_name, counterparty_type, country_code, entity_type_code, industry_id, basel_asset_class, basel_risk_grade, call_report_counterparty_type, external_rating_fitch, external_rating_moodys, external_rating_sp, fr2590_counterparty_type, internal_risk_rating, is_affiliated, is_central_counterparty, is_financial_institution, is_insider, is_multilateral_dev_bank, is_parent_flag, is_public_sector_entity, is_regulated_entity, is_sovereign, lei_code, lgd_unsecured, pd_annual, regulatory_counterparty_type, y14_obligor_type, effective_start_date, effective_end_date, is_current_flag) VALUES (2771, 'Arctic Exploration Corp.', 'CORPORATE', 'CA', 'CORP', 4, 'CORPORATE', '6', 'C&I_FOREIGN', 'BB-', 'Ba2', 'BB', 'NON_FINANCIAL', '7', 'N', 'N', 'N', 'N', 'N', 'Y', 'N', 'N', 'N', '529900L1HW96LHD01IOE', 0.55, 0.0273, 'CORPORATE', 'LARGE_CORPORATE', '2020-01-01', NULL, 'Y');
INSERT INTO l1.counterparty (counterparty_id, legal_name, counterparty_type, country_code, entity_type_code, industry_id, basel_asset_class, basel_risk_grade, call_report_counterparty_type, external_rating_fitch, external_rating_moodys, external_rating_sp, fr2590_counterparty_type, internal_risk_rating, is_affiliated, is_central_counterparty, is_financial_institution, is_insider, is_multilateral_dev_bank, is_parent_flag, is_public_sector_entity, is_regulated_entity, is_sovereign, lei_code, lgd_unsecured, pd_annual, regulatory_counterparty_type, y14_obligor_type, effective_start_date, effective_end_date, is_current_flag) VALUES (2772, 'Gulf Refining Partners LLC', 'CORPORATE', 'US', 'CORP', 4, 'CORPORATE', '5', 'C&I_DOMESTIC', 'BBB', 'Baa1', 'BBB+', 'NON_FINANCIAL', '5', 'N', 'N', 'N', 'N', 'N', 'N', 'N', 'N', 'N', '529900PHO1EQEDR46L75', 0.45, 0.0043, 'CORPORATE', 'LARGE_CORPORATE', '2020-01-01', NULL, 'Y');
INSERT INTO l1.counterparty (counterparty_id, legal_name, counterparty_type, country_code, entity_type_code, industry_id, basel_asset_class, basel_risk_grade, call_report_counterparty_type, external_rating_fitch, external_rating_moodys, external_rating_sp, fr2590_counterparty_type, internal_risk_rating, is_affiliated, is_central_counterparty, is_financial_institution, is_insider, is_multilateral_dev_bank, is_parent_flag, is_public_sector_entity, is_regulated_entity, is_sovereign, lei_code, lgd_unsecured, pd_annual, regulatory_counterparty_type, y14_obligor_type, effective_start_date, effective_end_date, is_current_flag) VALUES (2773, 'Prairie Shale Resources Inc.', 'CORPORATE', 'US', 'CORP', 4, 'CORPORATE', '5', 'C&I_DOMESTIC', 'BBB-', 'Baa3', 'BB+', 'NON_FINANCIAL', '6', 'N', 'N', 'N', 'N', 'N', 'N', 'N', 'N', 'N', '529900S8MWXM7I307O9E', 0.48, 0.0096, 'CORPORATE', 'MIDDLE_MARKET', '2020-01-01', NULL, 'Y');
INSERT INTO l1.counterparty (counterparty_id, legal_name, counterparty_type, country_code, entity_type_code, industry_id, basel_asset_class, basel_risk_grade, call_report_counterparty_type, external_rating_fitch, external_rating_moodys, external_rating_sp, fr2590_counterparty_type, internal_risk_rating, is_affiliated, is_central_counterparty, is_financial_institution, is_insider, is_multilateral_dev_bank, is_parent_flag, is_public_sector_entity, is_regulated_entity, is_sovereign, lei_code, lgd_unsecured, pd_annual, regulatory_counterparty_type, y14_obligor_type, effective_start_date, effective_end_date, is_current_flag) VALUES (2774, 'Oceanic LNG Transport Ltd.', 'CORPORATE', 'GB', 'CORP', 4, 'CORPORATE', '4', 'C&I_FOREIGN', 'BBB', 'Baa1', 'BBB', 'NON_FINANCIAL', '5', 'N', 'N', 'N', 'N', 'N', 'N', 'N', 'N', 'N', '21380030I4U51F4XFMVB', 0.45, 0.0043, 'CORPORATE', 'LARGE_CORPORATE', '2020-01-01', NULL, 'Y');

-- ────────────────────────────────────────
-- l1.credit_agreement_master (5 rows)
-- ────────────────────────────────────────
INSERT INTO l1.credit_agreement_master (credit_agreement_id, borrower_counterparty_id, lender_legal_entity_id, agreement_type, status_code, agreement_reference, currency_code, origination_date, maturity_date, effective_start_date, effective_end_date, is_current_flag) VALUES (2230, 2770, 5, 'SYNDICATED', 'ACTIVE', 'CA-2022-02230-USD', 'USD', '2022-03-11', '2026-03-11', '2024-01-01', NULL, 'Y');
INSERT INTO l1.credit_agreement_master (credit_agreement_id, borrower_counterparty_id, lender_legal_entity_id, agreement_type, status_code, agreement_reference, currency_code, origination_date, maturity_date, effective_start_date, effective_end_date, is_current_flag) VALUES (2231, 2771, 4, 'SYNDICATED', 'ACTIVE', 'CA-2024-02231-CAD', 'CAD', '2024-10-23', '2030-10-23', '2024-01-01', NULL, 'Y');
INSERT INTO l1.credit_agreement_master (credit_agreement_id, borrower_counterparty_id, lender_legal_entity_id, agreement_type, status_code, agreement_reference, currency_code, origination_date, maturity_date, effective_start_date, effective_end_date, is_current_flag) VALUES (2232, 2772, 6, 'SYNDICATED', 'ACTIVE', 'CA-2022-02232-USD', 'USD', '2022-11-19', '2026-11-19', '2024-01-01', NULL, 'Y');
INSERT INTO l1.credit_agreement_master (credit_agreement_id, borrower_counterparty_id, lender_legal_entity_id, agreement_type, status_code, agreement_reference, currency_code, origination_date, maturity_date, effective_start_date, effective_end_date, is_current_flag) VALUES (2233, 2773, 3, 'SYNDICATED', 'ACTIVE', 'CA-2024-02233-USD', 'USD', '2024-11-14', '2029-11-14', '2024-01-01', NULL, 'Y');
INSERT INTO l1.credit_agreement_master (credit_agreement_id, borrower_counterparty_id, lender_legal_entity_id, agreement_type, status_code, agreement_reference, currency_code, origination_date, maturity_date, effective_start_date, effective_end_date, is_current_flag) VALUES (2234, 2774, 11, 'SYNDICATED', 'ACTIVE', 'CA-2023-02234-GBP', 'GBP', '2023-07-09', '2027-07-09', '2024-01-01', NULL, 'Y');

-- ────────────────────────────────────────
-- l1.facility_master (15 rows)
-- ────────────────────────────────────────
INSERT INTO l1.facility_master (facility_id, credit_agreement_id, counterparty_id, facility_name, facility_type, facility_status, committed_facility_amt, currency_code, origination_date, maturity_date, portfolio_id, industry_code, lob_segment_id, product_node_id, rate_index_id, ledger_account_id, product_id, region_code, interest_rate_type, interest_rate_reference, interest_rate_spread_bps, all_in_rate_pct, day_count_convention, amortization_type, revolving_flag, active_flag, facility_reference, payment_frequency, effective_start_date, effective_end_date, is_current_flag) VALUES (8144, 2230, 2770, 'Deepwater — USD Revolver 2030-A', 'REVOLVING_CREDIT', 'ACTIVE', 524789037, 'USD', '2024-08-17', '2030-08-17', 9, 'ENR', 177, 5, 5, 1, 5, 'AMER', 'FLOATING', 'SOFR', 454, 7.17, 'ACT/365', 'BULLET', 'Y', 'Y', 'FAC-2024-08144-A', 'QUARTERLY', '2024-01-01', NULL, 'Y');
INSERT INTO l1.facility_master (facility_id, credit_agreement_id, counterparty_id, facility_name, facility_type, facility_status, committed_facility_amt, currency_code, origination_date, maturity_date, portfolio_id, industry_code, lob_segment_id, product_node_id, rate_index_id, ledger_account_id, product_id, region_code, interest_rate_type, interest_rate_reference, interest_rate_spread_bps, all_in_rate_pct, day_count_convention, amortization_type, revolving_flag, active_flag, facility_reference, payment_frequency, effective_start_date, effective_end_date, is_current_flag) VALUES (8145, 2230, 2770, 'Deepwater — USD Term Loan 2030-B', 'TERM_LOAN', 'ACTIVE', 787183555, 'USD', '2024-08-17', '2030-08-17', 2, 'ENR', 178, 10, 5, 1, 4, 'AMER', 'FIXED', 'SOFR', 454, 7.44, 'ACT/365', 'BULLET', 'N', 'Y', 'FAC-2024-08145-B', 'QUARTERLY', '2024-01-01', NULL, 'Y');
INSERT INTO l1.facility_master (facility_id, credit_agreement_id, counterparty_id, facility_name, facility_type, facility_status, committed_facility_amt, currency_code, origination_date, maturity_date, portfolio_id, industry_code, lob_segment_id, product_node_id, rate_index_id, ledger_account_id, product_id, region_code, interest_rate_type, interest_rate_reference, interest_rate_spread_bps, all_in_rate_pct, day_count_convention, amortization_type, revolving_flag, active_flag, facility_reference, payment_frequency, effective_start_date, effective_end_date, is_current_flag) VALUES (8146, 2230, 2770, 'Deepwater — USD L/C 2030-C', 'LETTER_OF_CREDIT', 'ACTIVE', 437324197, 'USD', '2024-08-17', '2030-08-17', 2, 'ENR', 179, 7, 1, 7, 2, 'AMER', 'FLOATING', 'SOFR', 454, 8.19, 'ACT/360', 'BULLET', 'N', 'Y', 'FAC-2024-08146-C', 'MONTHLY', '2024-01-01', NULL, 'Y');
INSERT INTO l1.facility_master (facility_id, credit_agreement_id, counterparty_id, facility_name, facility_type, facility_status, committed_facility_amt, currency_code, origination_date, maturity_date, portfolio_id, industry_code, lob_segment_id, product_node_id, rate_index_id, ledger_account_id, product_id, region_code, interest_rate_type, interest_rate_reference, interest_rate_spread_bps, all_in_rate_pct, day_count_convention, amortization_type, revolving_flag, active_flag, facility_reference, payment_frequency, effective_start_date, effective_end_date, is_current_flag) VALUES (8147, 2231, 2771, 'Arctic — CAD Revolver 2024-A', 'REVOLVING_CREDIT', 'ACTIVE', 88988308, 'CAD', '2020-04-11', '2024-04-11', 9, 'ENR', 180, 10, 1, 1, 5, 'AMER', 'FLOATING', 'CORRA', 1018, 13.05, 'ACT/360', 'BULLET', 'Y', 'Y', 'FAC-2020-08147-A', 'MONTHLY', '2024-01-01', NULL, 'Y');
INSERT INTO l1.facility_master (facility_id, credit_agreement_id, counterparty_id, facility_name, facility_type, facility_status, committed_facility_amt, currency_code, origination_date, maturity_date, portfolio_id, industry_code, lob_segment_id, product_node_id, rate_index_id, ledger_account_id, product_id, region_code, interest_rate_type, interest_rate_reference, interest_rate_spread_bps, all_in_rate_pct, day_count_convention, amortization_type, revolving_flag, active_flag, facility_reference, payment_frequency, effective_start_date, effective_end_date, is_current_flag) VALUES (8148, 2231, 2771, 'Arctic — CAD Term Loan 2024-B', 'TERM_LOAN', 'ACTIVE', 133482462, 'CAD', '2020-04-11', '2024-04-11', 2, 'ENR', 181, 10, 2, 3, 2, 'AMER', 'FLOATING', 'CORRA', 1018, 13.03, 'ACT/360', 'AMORTIZING', 'N', 'Y', 'FAC-2020-08148-B', 'QUARTERLY', '2024-01-01', NULL, 'Y');
INSERT INTO l1.facility_master (facility_id, credit_agreement_id, counterparty_id, facility_name, facility_type, facility_status, committed_facility_amt, currency_code, origination_date, maturity_date, portfolio_id, industry_code, lob_segment_id, product_node_id, rate_index_id, ledger_account_id, product_id, region_code, interest_rate_type, interest_rate_reference, interest_rate_spread_bps, all_in_rate_pct, day_count_convention, amortization_type, revolving_flag, active_flag, facility_reference, payment_frequency, effective_start_date, effective_end_date, is_current_flag) VALUES (8149, 2231, 2771, 'Arctic — CAD L/C 2024-C', 'LETTER_OF_CREDIT', 'ACTIVE', 74156923, 'CAD', '2020-04-11', '2024-04-11', 2, 'ENR', 182, 5, 1, 8, 2, 'AMER', 'FLOATING', 'CORRA', 1018, 14.1, 'ACT/360', 'AMORTIZING', 'N', 'Y', 'FAC-2020-08149-C', 'QUARTERLY', '2024-01-01', NULL, 'Y');
INSERT INTO l1.facility_master (facility_id, credit_agreement_id, counterparty_id, facility_name, facility_type, facility_status, committed_facility_amt, currency_code, origination_date, maturity_date, portfolio_id, industry_code, lob_segment_id, product_node_id, rate_index_id, ledger_account_id, product_id, region_code, interest_rate_type, interest_rate_reference, interest_rate_spread_bps, all_in_rate_pct, day_count_convention, amortization_type, revolving_flag, active_flag, facility_reference, payment_frequency, effective_start_date, effective_end_date, is_current_flag) VALUES (8150, 2232, 2772, 'Gulf — USD Revolver 2024-A', 'REVOLVING_CREDIT', 'ACTIVE', 48575253, 'USD', '2020-11-21', '2024-11-21', 5, 'ENR', 183, 3, 5, 4, 4, 'AMER', 'FLOATING', 'SOFR', 277, 6.22, 'ACT/360', 'BULLET', 'Y', 'Y', 'FAC-2020-08150-A', 'MONTHLY', '2024-01-01', NULL, 'Y');
INSERT INTO l1.facility_master (facility_id, credit_agreement_id, counterparty_id, facility_name, facility_type, facility_status, committed_facility_amt, currency_code, origination_date, maturity_date, portfolio_id, industry_code, lob_segment_id, product_node_id, rate_index_id, ledger_account_id, product_id, region_code, interest_rate_type, interest_rate_reference, interest_rate_spread_bps, all_in_rate_pct, day_count_convention, amortization_type, revolving_flag, active_flag, facility_reference, payment_frequency, effective_start_date, effective_end_date, is_current_flag) VALUES (8151, 2232, 2772, 'Gulf — USD Term Loan 2024-B', 'TERM_LOAN', 'ACTIVE', 72862880, 'USD', '2020-11-21', '2024-11-21', 3, 'ENR', 184, 8, 4, 5, 2, 'AMER', 'FIXED', 'SOFR', 277, 6.13, 'ACT/360', 'BULLET', 'N', 'Y', 'FAC-2020-08151-B', 'QUARTERLY', '2024-01-01', NULL, 'Y');
INSERT INTO l1.facility_master (facility_id, credit_agreement_id, counterparty_id, facility_name, facility_type, facility_status, committed_facility_amt, currency_code, origination_date, maturity_date, portfolio_id, industry_code, lob_segment_id, product_node_id, rate_index_id, ledger_account_id, product_id, region_code, interest_rate_type, interest_rate_reference, interest_rate_spread_bps, all_in_rate_pct, day_count_convention, amortization_type, revolving_flag, active_flag, facility_reference, payment_frequency, effective_start_date, effective_end_date, is_current_flag) VALUES (8152, 2232, 2772, 'Gulf — USD L/C 2024-C', 'LETTER_OF_CREDIT', 'ACTIVE', 40479378, 'USD', '2020-11-21', '2024-11-21', 1, 'ENR', 185, 8, 4, 5, 1, 'AMER', 'FLOATING', 'SOFR', 277, 6.59, 'ACT/360', 'AMORTIZING', 'N', 'Y', 'FAC-2020-08152-C', 'MONTHLY', '2024-01-01', NULL, 'Y');
INSERT INTO l1.facility_master (facility_id, credit_agreement_id, counterparty_id, facility_name, facility_type, facility_status, committed_facility_amt, currency_code, origination_date, maturity_date, portfolio_id, industry_code, lob_segment_id, product_node_id, rate_index_id, ledger_account_id, product_id, region_code, interest_rate_type, interest_rate_reference, interest_rate_spread_bps, all_in_rate_pct, day_count_convention, amortization_type, revolving_flag, active_flag, facility_reference, payment_frequency, effective_start_date, effective_end_date, is_current_flag) VALUES (8153, 2233, 2773, 'Prairie — USD Revolver 2029-A', 'REVOLVING_CREDIT', 'ACTIVE', 25753515, 'USD', '2023-10-09', '2029-10-09', 9, 'ENR', 186, 3, 2, 4, 4, 'AMER', 'FLOATING', 'SOFR', 474, 8.07, 'ACT/360', 'BULLET', 'Y', 'Y', 'FAC-2023-08153-A', 'QUARTERLY', '2024-01-01', NULL, 'Y');
INSERT INTO l1.facility_master (facility_id, credit_agreement_id, counterparty_id, facility_name, facility_type, facility_status, committed_facility_amt, currency_code, origination_date, maturity_date, portfolio_id, industry_code, lob_segment_id, product_node_id, rate_index_id, ledger_account_id, product_id, region_code, interest_rate_type, interest_rate_reference, interest_rate_spread_bps, all_in_rate_pct, day_count_convention, amortization_type, revolving_flag, active_flag, facility_reference, payment_frequency, effective_start_date, effective_end_date, is_current_flag) VALUES (8154, 2233, 2773, 'Prairie — USD Term Loan 2029-B', 'TERM_LOAN', 'ACTIVE', 38630273, 'USD', '2023-10-09', '2029-10-09', 9, 'ENR', 187, 6, 2, 1, 1, 'AMER', 'FLOATING', 'SOFR', 474, 8.7, 'ACT/365', 'AMORTIZING', 'N', 'Y', 'FAC-2023-08154-B', 'QUARTERLY', '2024-01-01', NULL, 'Y');
INSERT INTO l1.facility_master (facility_id, credit_agreement_id, counterparty_id, facility_name, facility_type, facility_status, committed_facility_amt, currency_code, origination_date, maturity_date, portfolio_id, industry_code, lob_segment_id, product_node_id, rate_index_id, ledger_account_id, product_id, region_code, interest_rate_type, interest_rate_reference, interest_rate_spread_bps, all_in_rate_pct, day_count_convention, amortization_type, revolving_flag, active_flag, facility_reference, payment_frequency, effective_start_date, effective_end_date, is_current_flag) VALUES (8155, 2233, 2773, 'Prairie — USD L/C 2029-C', 'LETTER_OF_CREDIT', 'ACTIVE', 21461263, 'USD', '2023-10-09', '2029-10-09', 10, 'ENR', 188, 3, 5, 6, 5, 'AMER', 'FLOATING', 'SOFR', 474, 7.58, 'ACT/365', 'AMORTIZING', 'N', 'Y', 'FAC-2023-08155-C', 'QUARTERLY', '2024-01-01', NULL, 'Y');
INSERT INTO l1.facility_master (facility_id, credit_agreement_id, counterparty_id, facility_name, facility_type, facility_status, committed_facility_amt, currency_code, origination_date, maturity_date, portfolio_id, industry_code, lob_segment_id, product_node_id, rate_index_id, ledger_account_id, product_id, region_code, interest_rate_type, interest_rate_reference, interest_rate_spread_bps, all_in_rate_pct, day_count_convention, amortization_type, revolving_flag, active_flag, facility_reference, payment_frequency, effective_start_date, effective_end_date, is_current_flag) VALUES (8156, 2234, 2774, 'Oceanic — GBP Revolver 2026-A', 'REVOLVING_CREDIT', 'ACTIVE', 118415361, 'GBP', '2021-06-08', '2026-06-08', 3, 'ENR', 189, 8, 5, 1, 5, 'EMEA', 'FLOATING', 'SONIA', 269, 5.98, 'ACT/365', 'BULLET', 'Y', 'Y', 'FAC-2021-08156-A', 'QUARTERLY', '2024-01-01', NULL, 'Y');
INSERT INTO l1.facility_master (facility_id, credit_agreement_id, counterparty_id, facility_name, facility_type, facility_status, committed_facility_amt, currency_code, origination_date, maturity_date, portfolio_id, industry_code, lob_segment_id, product_node_id, rate_index_id, ledger_account_id, product_id, region_code, interest_rate_type, interest_rate_reference, interest_rate_spread_bps, all_in_rate_pct, day_count_convention, amortization_type, revolving_flag, active_flag, facility_reference, payment_frequency, effective_start_date, effective_end_date, is_current_flag) VALUES (8157, 2234, 2774, 'Oceanic — GBP Term Loan 2026-B', 'TERM_LOAN', 'ACTIVE', 177623042, 'GBP', '2021-06-08', '2026-06-08', 1, 'ENR', 190, 2, 1, 7, 2, 'EMEA', 'FIXED', 'SONIA', 269, 5.82, 'ACT/360', 'AMORTIZING', 'N', 'Y', 'FAC-2021-08157-B', 'QUARTERLY', '2024-01-01', NULL, 'Y');
INSERT INTO l1.facility_master (facility_id, credit_agreement_id, counterparty_id, facility_name, facility_type, facility_status, committed_facility_amt, currency_code, origination_date, maturity_date, portfolio_id, industry_code, lob_segment_id, product_node_id, rate_index_id, ledger_account_id, product_id, region_code, interest_rate_type, interest_rate_reference, interest_rate_spread_bps, all_in_rate_pct, day_count_convention, amortization_type, revolving_flag, active_flag, facility_reference, payment_frequency, effective_start_date, effective_end_date, is_current_flag) VALUES (8158, 2234, 2774, 'Oceanic — GBP L/C 2026-C', 'LETTER_OF_CREDIT', 'ACTIVE', 98679468, 'GBP', '2021-06-08', '2026-06-08', 5, 'ENR', 191, 3, 1, 6, 3, 'EMEA', 'FLOATING', 'SONIA', 269, 6.03, 'ACT/365', 'AMORTIZING', 'N', 'Y', 'FAC-2021-08158-C', 'QUARTERLY', '2024-01-01', NULL, 'Y');

-- ────────────────────────────────────────
-- l1.facility_lender_allocation (15 rows)
-- ────────────────────────────────────────
INSERT INTO l1.facility_lender_allocation (lender_allocation_id, facility_id, legal_entity_id, allocation_role, bank_share_pct, is_current_flag, effective_start_date, effective_end_date) VALUES (100001, 8144, 1, 'LEAD_ARRANGER', 1, 'Y', '2024-08-17', NULL);
INSERT INTO l1.facility_lender_allocation (lender_allocation_id, facility_id, legal_entity_id, allocation_role, bank_share_pct, is_current_flag, effective_start_date, effective_end_date) VALUES (100002, 8145, 1, 'LEAD_ARRANGER', 1, 'Y', '2024-08-17', NULL);
INSERT INTO l1.facility_lender_allocation (lender_allocation_id, facility_id, legal_entity_id, allocation_role, bank_share_pct, is_current_flag, effective_start_date, effective_end_date) VALUES (100003, 8146, 1, 'LEAD_ARRANGER', 1, 'Y', '2024-08-17', NULL);
INSERT INTO l1.facility_lender_allocation (lender_allocation_id, facility_id, legal_entity_id, allocation_role, bank_share_pct, is_current_flag, effective_start_date, effective_end_date) VALUES (100004, 8147, 1, 'LEAD_ARRANGER', 1, 'Y', '2020-04-11', NULL);
INSERT INTO l1.facility_lender_allocation (lender_allocation_id, facility_id, legal_entity_id, allocation_role, bank_share_pct, is_current_flag, effective_start_date, effective_end_date) VALUES (100005, 8148, 3, 'LEAD_ARRANGER', 1, 'Y', '2020-04-11', NULL);
INSERT INTO l1.facility_lender_allocation (lender_allocation_id, facility_id, legal_entity_id, allocation_role, bank_share_pct, is_current_flag, effective_start_date, effective_end_date) VALUES (100006, 8149, 1, 'LEAD_ARRANGER', 1, 'Y', '2020-04-11', NULL);
INSERT INTO l1.facility_lender_allocation (lender_allocation_id, facility_id, legal_entity_id, allocation_role, bank_share_pct, is_current_flag, effective_start_date, effective_end_date) VALUES (100007, 8150, 4, 'LEAD_ARRANGER', 1, 'Y', '2020-11-21', NULL);
INSERT INTO l1.facility_lender_allocation (lender_allocation_id, facility_id, legal_entity_id, allocation_role, bank_share_pct, is_current_flag, effective_start_date, effective_end_date) VALUES (100008, 8151, 5, 'LEAD_ARRANGER', 1, 'Y', '2020-11-21', NULL);
INSERT INTO l1.facility_lender_allocation (lender_allocation_id, facility_id, legal_entity_id, allocation_role, bank_share_pct, is_current_flag, effective_start_date, effective_end_date) VALUES (100009, 8152, 5, 'LEAD_ARRANGER', 1, 'Y', '2020-11-21', NULL);
INSERT INTO l1.facility_lender_allocation (lender_allocation_id, facility_id, legal_entity_id, allocation_role, bank_share_pct, is_current_flag, effective_start_date, effective_end_date) VALUES (100010, 8153, 4, 'LEAD_ARRANGER', 1, 'Y', '2023-10-09', NULL);
INSERT INTO l1.facility_lender_allocation (lender_allocation_id, facility_id, legal_entity_id, allocation_role, bank_share_pct, is_current_flag, effective_start_date, effective_end_date) VALUES (100011, 8154, 1, 'LEAD_ARRANGER', 1, 'Y', '2023-10-09', NULL);
INSERT INTO l1.facility_lender_allocation (lender_allocation_id, facility_id, legal_entity_id, allocation_role, bank_share_pct, is_current_flag, effective_start_date, effective_end_date) VALUES (100012, 8155, 1, 'LEAD_ARRANGER', 1, 'Y', '2023-10-09', NULL);
INSERT INTO l1.facility_lender_allocation (lender_allocation_id, facility_id, legal_entity_id, allocation_role, bank_share_pct, is_current_flag, effective_start_date, effective_end_date) VALUES (100013, 8156, 1, 'LEAD_ARRANGER', 1, 'Y', '2021-06-08', NULL);
INSERT INTO l1.facility_lender_allocation (lender_allocation_id, facility_id, legal_entity_id, allocation_role, bank_share_pct, is_current_flag, effective_start_date, effective_end_date) VALUES (100014, 8157, 1, 'LEAD_ARRANGER', 1, 'Y', '2021-06-08', NULL);
INSERT INTO l1.facility_lender_allocation (lender_allocation_id, facility_id, legal_entity_id, allocation_role, bank_share_pct, is_current_flag, effective_start_date, effective_end_date) VALUES (100015, 8158, 1, 'LEAD_ARRANGER', 1, 'Y', '2021-06-08', NULL);

-- ────────────────────────────────────────
-- l2.facility_exposure_snapshot (45 rows)
-- ────────────────────────────────────────
INSERT INTO l2.facility_exposure_snapshot (facility_exposure_id, facility_id, counterparty_id, as_of_date, exposure_type_id, drawn_amount, committed_amount, undrawn_amount, currency_code, limit_status_code) VALUES (200001, 8144, 2770, '2024-11-30', 1, 419831230, 524789037, 104957807, 'USD', 'WITHIN_LIMIT');
INSERT INTO l2.facility_exposure_snapshot (facility_exposure_id, facility_id, counterparty_id, as_of_date, exposure_type_id, drawn_amount, committed_amount, undrawn_amount, currency_code, limit_status_code) VALUES (200002, 8144, 2770, '2024-12-31', 1, 446070681, 524789037, 78718356, 'USD', 'WITHIN_LIMIT');
INSERT INTO l2.facility_exposure_snapshot (facility_exposure_id, facility_id, counterparty_id, as_of_date, exposure_type_id, drawn_amount, committed_amount, undrawn_amount, currency_code, limit_status_code) VALUES (200003, 8144, 2770, '2025-01-31', 1, 430327010, 524789037, 94462027, 'USD', 'WITHIN_LIMIT');
INSERT INTO l2.facility_exposure_snapshot (facility_exposure_id, facility_id, counterparty_id, as_of_date, exposure_type_id, drawn_amount, committed_amount, undrawn_amount, currency_code, limit_status_code) VALUES (200004, 8145, 2770, '2024-11-30', 1, 629746844, 787183555, 157436711, 'USD', 'WITHIN_LIMIT');
INSERT INTO l2.facility_exposure_snapshot (facility_exposure_id, facility_id, counterparty_id, as_of_date, exposure_type_id, drawn_amount, committed_amount, undrawn_amount, currency_code, limit_status_code) VALUES (200005, 8145, 2770, '2024-12-31', 1, 669106022, 787183555, 118077533, 'USD', 'WITHIN_LIMIT');
INSERT INTO l2.facility_exposure_snapshot (facility_exposure_id, facility_id, counterparty_id, as_of_date, exposure_type_id, drawn_amount, committed_amount, undrawn_amount, currency_code, limit_status_code) VALUES (200006, 8145, 2770, '2025-01-31', 1, 645490515, 787183555, 141693040, 'USD', 'WITHIN_LIMIT');
INSERT INTO l2.facility_exposure_snapshot (facility_exposure_id, facility_id, counterparty_id, as_of_date, exposure_type_id, drawn_amount, committed_amount, undrawn_amount, currency_code, limit_status_code) VALUES (200007, 8146, 2770, '2024-11-30', 1, 349859358, 437324197, 87464839, 'USD', 'WITHIN_LIMIT');
INSERT INTO l2.facility_exposure_snapshot (facility_exposure_id, facility_id, counterparty_id, as_of_date, exposure_type_id, drawn_amount, committed_amount, undrawn_amount, currency_code, limit_status_code) VALUES (200008, 8146, 2770, '2024-12-31', 1, 371725567, 437324197, 65598630, 'USD', 'WITHIN_LIMIT');
INSERT INTO l2.facility_exposure_snapshot (facility_exposure_id, facility_id, counterparty_id, as_of_date, exposure_type_id, drawn_amount, committed_amount, undrawn_amount, currency_code, limit_status_code) VALUES (200009, 8146, 2770, '2025-01-31', 1, 358605842, 437324197, 78718355, 'USD', 'WITHIN_LIMIT');
INSERT INTO l2.facility_exposure_snapshot (facility_exposure_id, facility_id, counterparty_id, as_of_date, exposure_type_id, drawn_amount, committed_amount, undrawn_amount, currency_code, limit_status_code) VALUES (200010, 8147, 2771, '2024-11-30', 1, 69410880, 88988308, 19577428, 'CAD', 'WITHIN_LIMIT');
INSERT INTO l2.facility_exposure_snapshot (facility_exposure_id, facility_id, counterparty_id, as_of_date, exposure_type_id, drawn_amount, committed_amount, undrawn_amount, currency_code, limit_status_code) VALUES (200011, 8147, 2771, '2024-12-31', 1, 62291816, 88988308, 26696492, 'CAD', 'WITHIN_LIMIT');
INSERT INTO l2.facility_exposure_snapshot (facility_exposure_id, facility_id, counterparty_id, as_of_date, exposure_type_id, drawn_amount, committed_amount, undrawn_amount, currency_code, limit_status_code) VALUES (200012, 8147, 2771, '2025-01-31', 1, 55172751, 88988308, 33815557, 'CAD', 'WITHIN_LIMIT');
INSERT INTO l2.facility_exposure_snapshot (facility_exposure_id, facility_id, counterparty_id, as_of_date, exposure_type_id, drawn_amount, committed_amount, undrawn_amount, currency_code, limit_status_code) VALUES (200013, 8148, 2771, '2024-11-30', 1, 104116320, 133482462, 29366142, 'CAD', 'WITHIN_LIMIT');
INSERT INTO l2.facility_exposure_snapshot (facility_exposure_id, facility_id, counterparty_id, as_of_date, exposure_type_id, drawn_amount, committed_amount, undrawn_amount, currency_code, limit_status_code) VALUES (200014, 8148, 2771, '2024-12-31', 1, 93437723, 133482462, 40044739, 'CAD', 'WITHIN_LIMIT');
INSERT INTO l2.facility_exposure_snapshot (facility_exposure_id, facility_id, counterparty_id, as_of_date, exposure_type_id, drawn_amount, committed_amount, undrawn_amount, currency_code, limit_status_code) VALUES (200015, 8148, 2771, '2025-01-31', 1, 82759126, 133482462, 50723336, 'CAD', 'WITHIN_LIMIT');
INSERT INTO l2.facility_exposure_snapshot (facility_exposure_id, facility_id, counterparty_id, as_of_date, exposure_type_id, drawn_amount, committed_amount, undrawn_amount, currency_code, limit_status_code) VALUES (200016, 8149, 2771, '2024-11-30', 1, 57842400, 74156923, 16314523, 'CAD', 'WITHIN_LIMIT');
INSERT INTO l2.facility_exposure_snapshot (facility_exposure_id, facility_id, counterparty_id, as_of_date, exposure_type_id, drawn_amount, committed_amount, undrawn_amount, currency_code, limit_status_code) VALUES (200017, 8149, 2771, '2024-12-31', 1, 51909846, 74156923, 22247077, 'CAD', 'WITHIN_LIMIT');
INSERT INTO l2.facility_exposure_snapshot (facility_exposure_id, facility_id, counterparty_id, as_of_date, exposure_type_id, drawn_amount, committed_amount, undrawn_amount, currency_code, limit_status_code) VALUES (200018, 8149, 2771, '2025-01-31', 1, 45977292, 74156923, 28179631, 'CAD', 'WITHIN_LIMIT');
INSERT INTO l2.facility_exposure_snapshot (facility_exposure_id, facility_id, counterparty_id, as_of_date, exposure_type_id, drawn_amount, committed_amount, undrawn_amount, currency_code, limit_status_code) VALUES (200019, 8150, 2772, '2024-11-30', 1, 38860202, 48575253, 9715051, 'USD', 'WITHIN_LIMIT');
INSERT INTO l2.facility_exposure_snapshot (facility_exposure_id, facility_id, counterparty_id, as_of_date, exposure_type_id, drawn_amount, committed_amount, undrawn_amount, currency_code, limit_status_code) VALUES (200020, 8150, 2772, '2024-12-31', 1, 41288965, 48575253, 7286288, 'USD', 'WITHIN_LIMIT');
INSERT INTO l2.facility_exposure_snapshot (facility_exposure_id, facility_id, counterparty_id, as_of_date, exposure_type_id, drawn_amount, committed_amount, undrawn_amount, currency_code, limit_status_code) VALUES (200021, 8150, 2772, '2025-01-31', 1, 39831707, 48575253, 8743546, 'USD', 'WITHIN_LIMIT');
INSERT INTO l2.facility_exposure_snapshot (facility_exposure_id, facility_id, counterparty_id, as_of_date, exposure_type_id, drawn_amount, committed_amount, undrawn_amount, currency_code, limit_status_code) VALUES (200022, 8151, 2772, '2024-11-30', 1, 58290304, 72862880, 14572576, 'USD', 'WITHIN_LIMIT');
INSERT INTO l2.facility_exposure_snapshot (facility_exposure_id, facility_id, counterparty_id, as_of_date, exposure_type_id, drawn_amount, committed_amount, undrawn_amount, currency_code, limit_status_code) VALUES (200023, 8151, 2772, '2024-12-31', 1, 61933448, 72862880, 10929432, 'USD', 'WITHIN_LIMIT');
INSERT INTO l2.facility_exposure_snapshot (facility_exposure_id, facility_id, counterparty_id, as_of_date, exposure_type_id, drawn_amount, committed_amount, undrawn_amount, currency_code, limit_status_code) VALUES (200024, 8151, 2772, '2025-01-31', 1, 59747562, 72862880, 13115318, 'USD', 'WITHIN_LIMIT');
INSERT INTO l2.facility_exposure_snapshot (facility_exposure_id, facility_id, counterparty_id, as_of_date, exposure_type_id, drawn_amount, committed_amount, undrawn_amount, currency_code, limit_status_code) VALUES (200025, 8152, 2772, '2024-11-30', 1, 32383502, 40479378, 8095876, 'USD', 'WITHIN_LIMIT');
INSERT INTO l2.facility_exposure_snapshot (facility_exposure_id, facility_id, counterparty_id, as_of_date, exposure_type_id, drawn_amount, committed_amount, undrawn_amount, currency_code, limit_status_code) VALUES (200026, 8152, 2772, '2024-12-31', 1, 34407471, 40479378, 6071907, 'USD', 'WITHIN_LIMIT');
INSERT INTO l2.facility_exposure_snapshot (facility_exposure_id, facility_id, counterparty_id, as_of_date, exposure_type_id, drawn_amount, committed_amount, undrawn_amount, currency_code, limit_status_code) VALUES (200027, 8152, 2772, '2025-01-31', 1, 33193090, 40479378, 7286288, 'USD', 'WITHIN_LIMIT');
INSERT INTO l2.facility_exposure_snapshot (facility_exposure_id, facility_id, counterparty_id, as_of_date, exposure_type_id, drawn_amount, committed_amount, undrawn_amount, currency_code, limit_status_code) VALUES (200028, 8153, 2773, '2024-11-30', 1, 20087742, 25753515, 5665773, 'USD', 'WITHIN_LIMIT');
INSERT INTO l2.facility_exposure_snapshot (facility_exposure_id, facility_id, counterparty_id, as_of_date, exposure_type_id, drawn_amount, committed_amount, undrawn_amount, currency_code, limit_status_code) VALUES (200029, 8153, 2773, '2024-12-31', 1, 18027461, 25753515, 7726054, 'USD', 'WITHIN_LIMIT');
INSERT INTO l2.facility_exposure_snapshot (facility_exposure_id, facility_id, counterparty_id, as_of_date, exposure_type_id, drawn_amount, committed_amount, undrawn_amount, currency_code, limit_status_code) VALUES (200030, 8153, 2773, '2025-01-31', 1, 15967179, 25753515, 9786336, 'USD', 'WITHIN_LIMIT');
INSERT INTO l2.facility_exposure_snapshot (facility_exposure_id, facility_id, counterparty_id, as_of_date, exposure_type_id, drawn_amount, committed_amount, undrawn_amount, currency_code, limit_status_code) VALUES (200031, 8154, 2773, '2024-11-30', 1, 30131613, 38630273, 8498660, 'USD', 'WITHIN_LIMIT');
INSERT INTO l2.facility_exposure_snapshot (facility_exposure_id, facility_id, counterparty_id, as_of_date, exposure_type_id, drawn_amount, committed_amount, undrawn_amount, currency_code, limit_status_code) VALUES (200032, 8154, 2773, '2024-12-31', 1, 27041191, 38630273, 11589082, 'USD', 'WITHIN_LIMIT');
INSERT INTO l2.facility_exposure_snapshot (facility_exposure_id, facility_id, counterparty_id, as_of_date, exposure_type_id, drawn_amount, committed_amount, undrawn_amount, currency_code, limit_status_code) VALUES (200033, 8154, 2773, '2025-01-31', 1, 23950769, 38630273, 14679504, 'USD', 'WITHIN_LIMIT');
INSERT INTO l2.facility_exposure_snapshot (facility_exposure_id, facility_id, counterparty_id, as_of_date, exposure_type_id, drawn_amount, committed_amount, undrawn_amount, currency_code, limit_status_code) VALUES (200034, 8155, 2773, '2024-11-30', 1, 16739785, 21461263, 4721478, 'USD', 'WITHIN_LIMIT');
INSERT INTO l2.facility_exposure_snapshot (facility_exposure_id, facility_id, counterparty_id, as_of_date, exposure_type_id, drawn_amount, committed_amount, undrawn_amount, currency_code, limit_status_code) VALUES (200035, 8155, 2773, '2024-12-31', 1, 15022884, 21461263, 6438379, 'USD', 'WITHIN_LIMIT');
INSERT INTO l2.facility_exposure_snapshot (facility_exposure_id, facility_id, counterparty_id, as_of_date, exposure_type_id, drawn_amount, committed_amount, undrawn_amount, currency_code, limit_status_code) VALUES (200036, 8155, 2773, '2025-01-31', 1, 13305983, 21461263, 8155280, 'USD', 'WITHIN_LIMIT');
INSERT INTO l2.facility_exposure_snapshot (facility_exposure_id, facility_id, counterparty_id, as_of_date, exposure_type_id, drawn_amount, committed_amount, undrawn_amount, currency_code, limit_status_code) VALUES (200037, 8156, 2774, '2024-11-30', 1, 94732289, 118415361, 23683072, 'GBP', 'WITHIN_LIMIT');
INSERT INTO l2.facility_exposure_snapshot (facility_exposure_id, facility_id, counterparty_id, as_of_date, exposure_type_id, drawn_amount, committed_amount, undrawn_amount, currency_code, limit_status_code) VALUES (200038, 8156, 2774, '2024-12-31', 1, 100653057, 118415361, 17762304, 'GBP', 'WITHIN_LIMIT');
INSERT INTO l2.facility_exposure_snapshot (facility_exposure_id, facility_id, counterparty_id, as_of_date, exposure_type_id, drawn_amount, committed_amount, undrawn_amount, currency_code, limit_status_code) VALUES (200039, 8156, 2774, '2025-01-31', 1, 97100596, 118415361, 21314765, 'GBP', 'WITHIN_LIMIT');
INSERT INTO l2.facility_exposure_snapshot (facility_exposure_id, facility_id, counterparty_id, as_of_date, exposure_type_id, drawn_amount, committed_amount, undrawn_amount, currency_code, limit_status_code) VALUES (200040, 8157, 2774, '2024-11-30', 1, 142098434, 177623042, 35524608, 'GBP', 'WITHIN_LIMIT');
INSERT INTO l2.facility_exposure_snapshot (facility_exposure_id, facility_id, counterparty_id, as_of_date, exposure_type_id, drawn_amount, committed_amount, undrawn_amount, currency_code, limit_status_code) VALUES (200041, 8157, 2774, '2024-12-31', 1, 150979586, 177623042, 26643456, 'GBP', 'WITHIN_LIMIT');
INSERT INTO l2.facility_exposure_snapshot (facility_exposure_id, facility_id, counterparty_id, as_of_date, exposure_type_id, drawn_amount, committed_amount, undrawn_amount, currency_code, limit_status_code) VALUES (200042, 8157, 2774, '2025-01-31', 1, 145650894, 177623042, 31972148, 'GBP', 'WITHIN_LIMIT');
INSERT INTO l2.facility_exposure_snapshot (facility_exposure_id, facility_id, counterparty_id, as_of_date, exposure_type_id, drawn_amount, committed_amount, undrawn_amount, currency_code, limit_status_code) VALUES (200043, 8158, 2774, '2024-11-30', 1, 78943574, 98679468, 19735894, 'GBP', 'WITHIN_LIMIT');
INSERT INTO l2.facility_exposure_snapshot (facility_exposure_id, facility_id, counterparty_id, as_of_date, exposure_type_id, drawn_amount, committed_amount, undrawn_amount, currency_code, limit_status_code) VALUES (200044, 8158, 2774, '2024-12-31', 1, 83877548, 98679468, 14801920, 'GBP', 'WITHIN_LIMIT');
INSERT INTO l2.facility_exposure_snapshot (facility_exposure_id, facility_id, counterparty_id, as_of_date, exposure_type_id, drawn_amount, committed_amount, undrawn_amount, currency_code, limit_status_code) VALUES (200045, 8158, 2774, '2025-01-31', 1, 80917164, 98679468, 17762304, 'GBP', 'WITHIN_LIMIT');

-- ────────────────────────────────────────
-- l2.counterparty_rating_observation (30 rows)
-- ────────────────────────────────────────
INSERT INTO l2.counterparty_rating_observation (observation_id, counterparty_id, as_of_date, rating_type, rating_value, rating_grade_id, is_internal_flag, pd_implied, rating_source_id) VALUES (50001, 2770, '2024-11-30', 'INTERNAL', 0, 5, 'Y', '0.0126', 1);
INSERT INTO l2.counterparty_rating_observation (observation_id, counterparty_id, as_of_date, rating_type, rating_value, rating_grade_id, is_internal_flag, pd_implied, rating_source_id) VALUES (50002, 2770, '2024-11-30', 'EXTERNAL_MOODYS', 0, 3, 'N', '0.0139', 2);
INSERT INTO l2.counterparty_rating_observation (observation_id, counterparty_id, as_of_date, rating_type, rating_value, rating_grade_id, is_internal_flag, pd_implied, rating_source_id) VALUES (50003, 2770, '2024-12-31', 'INTERNAL', 0, 5, 'Y', '0.0154', 1);
INSERT INTO l2.counterparty_rating_observation (observation_id, counterparty_id, as_of_date, rating_type, rating_value, rating_grade_id, is_internal_flag, pd_implied, rating_source_id) VALUES (50004, 2770, '2024-12-31', 'EXTERNAL_MOODYS', 0, 4, 'N', '0.0169', 2);
INSERT INTO l2.counterparty_rating_observation (observation_id, counterparty_id, as_of_date, rating_type, rating_value, rating_grade_id, is_internal_flag, pd_implied, rating_source_id) VALUES (50005, 2770, '2025-01-31', 'INTERNAL', 0, 5, 'Y', '0.014', 1);
INSERT INTO l2.counterparty_rating_observation (observation_id, counterparty_id, as_of_date, rating_type, rating_value, rating_grade_id, is_internal_flag, pd_implied, rating_source_id) VALUES (50006, 2770, '2025-01-31', 'EXTERNAL_MOODYS', 0, 5, 'N', '0.0154', 2);
INSERT INTO l2.counterparty_rating_observation (observation_id, counterparty_id, as_of_date, rating_type, rating_value, rating_grade_id, is_internal_flag, pd_implied, rating_source_id) VALUES (50007, 2771, '2024-11-30', 'INTERNAL', 0, 7, 'Y', '0.03', 1);
INSERT INTO l2.counterparty_rating_observation (observation_id, counterparty_id, as_of_date, rating_type, rating_value, rating_grade_id, is_internal_flag, pd_implied, rating_source_id) VALUES (50008, 2771, '2024-11-30', 'EXTERNAL_MOODYS', 0, 3, 'N', '0.033', 2);
INSERT INTO l2.counterparty_rating_observation (observation_id, counterparty_id, as_of_date, rating_type, rating_value, rating_grade_id, is_internal_flag, pd_implied, rating_source_id) VALUES (50009, 2771, '2024-12-31', 'INTERNAL', 0, 7, 'Y', '0.024', 1);
INSERT INTO l2.counterparty_rating_observation (observation_id, counterparty_id, as_of_date, rating_type, rating_value, rating_grade_id, is_internal_flag, pd_implied, rating_source_id) VALUES (50010, 2771, '2024-12-31', 'EXTERNAL_MOODYS', 0, 4, 'N', '0.0264', 2);
INSERT INTO l2.counterparty_rating_observation (observation_id, counterparty_id, as_of_date, rating_type, rating_value, rating_grade_id, is_internal_flag, pd_implied, rating_source_id) VALUES (50011, 2771, '2025-01-31', 'INTERNAL', 0, 7, 'Y', '0.0195', 1);
INSERT INTO l2.counterparty_rating_observation (observation_id, counterparty_id, as_of_date, rating_type, rating_value, rating_grade_id, is_internal_flag, pd_implied, rating_source_id) VALUES (50012, 2771, '2025-01-31', 'EXTERNAL_MOODYS', 0, 4, 'N', '0.0215', 2);
INSERT INTO l2.counterparty_rating_observation (observation_id, counterparty_id, as_of_date, rating_type, rating_value, rating_grade_id, is_internal_flag, pd_implied, rating_source_id) VALUES (50013, 2772, '2024-11-30', 'INTERNAL', 0, 5, 'Y', '0.0054', 1);
INSERT INTO l2.counterparty_rating_observation (observation_id, counterparty_id, as_of_date, rating_type, rating_value, rating_grade_id, is_internal_flag, pd_implied, rating_source_id) VALUES (50014, 2772, '2024-11-30', 'EXTERNAL_MOODYS', 0, 3, 'N', '0.0059', 2);
INSERT INTO l2.counterparty_rating_observation (observation_id, counterparty_id, as_of_date, rating_type, rating_value, rating_grade_id, is_internal_flag, pd_implied, rating_source_id) VALUES (50015, 2772, '2024-12-31', 'INTERNAL', 0, 5, 'Y', '0.0066', 1);
INSERT INTO l2.counterparty_rating_observation (observation_id, counterparty_id, as_of_date, rating_type, rating_value, rating_grade_id, is_internal_flag, pd_implied, rating_source_id) VALUES (50016, 2772, '2024-12-31', 'EXTERNAL_MOODYS', 0, 4, 'N', '0.0073', 2);
INSERT INTO l2.counterparty_rating_observation (observation_id, counterparty_id, as_of_date, rating_type, rating_value, rating_grade_id, is_internal_flag, pd_implied, rating_source_id) VALUES (50017, 2772, '2025-01-31', 'INTERNAL', 0, 5, 'Y', '0.006', 1);
INSERT INTO l2.counterparty_rating_observation (observation_id, counterparty_id, as_of_date, rating_type, rating_value, rating_grade_id, is_internal_flag, pd_implied, rating_source_id) VALUES (50018, 2772, '2025-01-31', 'EXTERNAL_MOODYS', 0, 5, 'N', '0.0066', 2);
INSERT INTO l2.counterparty_rating_observation (observation_id, counterparty_id, as_of_date, rating_type, rating_value, rating_grade_id, is_internal_flag, pd_implied, rating_source_id) VALUES (50019, 2773, '2024-11-30', 'INTERNAL', 0, 6, 'Y', '0.014', 1);
INSERT INTO l2.counterparty_rating_observation (observation_id, counterparty_id, as_of_date, rating_type, rating_value, rating_grade_id, is_internal_flag, pd_implied, rating_source_id) VALUES (50020, 2773, '2024-11-30', 'EXTERNAL_MOODYS', 0, 3, 'N', '0.0154', 2);
INSERT INTO l2.counterparty_rating_observation (observation_id, counterparty_id, as_of_date, rating_type, rating_value, rating_grade_id, is_internal_flag, pd_implied, rating_source_id) VALUES (50021, 2773, '2024-12-31', 'INTERNAL', 0, 6, 'Y', '0.0112', 1);
INSERT INTO l2.counterparty_rating_observation (observation_id, counterparty_id, as_of_date, rating_type, rating_value, rating_grade_id, is_internal_flag, pd_implied, rating_source_id) VALUES (50022, 2773, '2024-12-31', 'EXTERNAL_MOODYS', 0, 4, 'N', '0.0123', 2);
INSERT INTO l2.counterparty_rating_observation (observation_id, counterparty_id, as_of_date, rating_type, rating_value, rating_grade_id, is_internal_flag, pd_implied, rating_source_id) VALUES (50023, 2773, '2025-01-31', 'INTERNAL', 0, 6, 'Y', '0.0091', 1);
INSERT INTO l2.counterparty_rating_observation (observation_id, counterparty_id, as_of_date, rating_type, rating_value, rating_grade_id, is_internal_flag, pd_implied, rating_source_id) VALUES (50024, 2773, '2025-01-31', 'EXTERNAL_MOODYS', 0, 4, 'N', '0.01', 2);
INSERT INTO l2.counterparty_rating_observation (observation_id, counterparty_id, as_of_date, rating_type, rating_value, rating_grade_id, is_internal_flag, pd_implied, rating_source_id) VALUES (50025, 2774, '2024-11-30', 'INTERNAL', 0, 5, 'Y', '0.0054', 1);
INSERT INTO l2.counterparty_rating_observation (observation_id, counterparty_id, as_of_date, rating_type, rating_value, rating_grade_id, is_internal_flag, pd_implied, rating_source_id) VALUES (50026, 2774, '2024-11-30', 'EXTERNAL_MOODYS', 0, 3, 'N', '0.0059', 2);
INSERT INTO l2.counterparty_rating_observation (observation_id, counterparty_id, as_of_date, rating_type, rating_value, rating_grade_id, is_internal_flag, pd_implied, rating_source_id) VALUES (50027, 2774, '2024-12-31', 'INTERNAL', 0, 5, 'Y', '0.0066', 1);
INSERT INTO l2.counterparty_rating_observation (observation_id, counterparty_id, as_of_date, rating_type, rating_value, rating_grade_id, is_internal_flag, pd_implied, rating_source_id) VALUES (50028, 2774, '2024-12-31', 'EXTERNAL_MOODYS', 0, 4, 'N', '0.0073', 2);
INSERT INTO l2.counterparty_rating_observation (observation_id, counterparty_id, as_of_date, rating_type, rating_value, rating_grade_id, is_internal_flag, pd_implied, rating_source_id) VALUES (50029, 2774, '2025-01-31', 'INTERNAL', 0, 5, 'Y', '0.006', 1);
INSERT INTO l2.counterparty_rating_observation (observation_id, counterparty_id, as_of_date, rating_type, rating_value, rating_grade_id, is_internal_flag, pd_implied, rating_source_id) VALUES (50030, 2774, '2025-01-31', 'EXTERNAL_MOODYS', 0, 5, 'N', '0.0066', 2);

-- ────────────────────────────────────────
-- l2.credit_event (2 rows)
-- ────────────────────────────────────────
INSERT INTO l2.credit_event (credit_event_id, counterparty_id, credit_event_type_code, event_date, event_summary, event_status) VALUES (5386, 2770, 10, '2024-12-15', 'Moody''s places O&G sector on negative outlook', 'CONFIRMED');
INSERT INTO l2.credit_event (credit_event_id, counterparty_id, credit_event_type_code, event_date, event_summary, event_status) VALUES (5387, 2771, 4, '2025-01-10', 'Covenant compliance review triggered by rating action', 'CONFIRMED');

-- ────────────────────────────────────────
-- l2.credit_event_facility_link (6 rows)
-- ────────────────────────────────────────
INSERT INTO l2.credit_event_facility_link (link_id, credit_event_id, facility_id) VALUES (300001, 5386, 8144);
INSERT INTO l2.credit_event_facility_link (link_id, credit_event_id, facility_id) VALUES (300002, 5386, 8145);
INSERT INTO l2.credit_event_facility_link (link_id, credit_event_id, facility_id) VALUES (300003, 5386, 8146);
INSERT INTO l2.credit_event_facility_link (link_id, credit_event_id, facility_id) VALUES (300004, 5387, 8147);
INSERT INTO l2.credit_event_facility_link (link_id, credit_event_id, facility_id) VALUES (300005, 5387, 8148);
INSERT INTO l2.credit_event_facility_link (link_id, credit_event_id, facility_id) VALUES (300006, 5387, 8149);

-- ────────────────────────────────────────
-- l2.risk_flag (10 rows)
-- ────────────────────────────────────────
INSERT INTO l2.risk_flag (risk_flag_id, facility_id, counterparty_id, flag_type, flag_code, flag_severity, as_of_date, flag_description) VALUES (7898, 8144, 2770, 'WATCH_LIST', 'SECTOR_CONCENTRATION', 'HIGH', '2025-01-31', 'Energy sector exposure exceeds 15% of portfolio');
INSERT INTO l2.risk_flag (risk_flag_id, facility_id, counterparty_id, flag_type, flag_code, flag_severity, as_of_date, flag_description) VALUES (7899, 8147, 2771, 'WATCH_LIST', 'SECTOR_CONCENTRATION', 'HIGH', '2025-01-31', 'Energy sector exposure exceeds 15% of portfolio');
INSERT INTO l2.risk_flag (risk_flag_id, facility_id, counterparty_id, flag_type, flag_code, flag_severity, as_of_date, flag_description) VALUES (7900, 8150, 2772, 'WATCH_LIST', 'SECTOR_CONCENTRATION', 'HIGH', '2025-01-31', 'Energy sector exposure exceeds 15% of portfolio');
INSERT INTO l2.risk_flag (risk_flag_id, facility_id, counterparty_id, flag_type, flag_code, flag_severity, as_of_date, flag_description) VALUES (7901, 8153, 2773, 'WATCH_LIST', 'SECTOR_CONCENTRATION', 'HIGH', '2025-01-31', 'Energy sector exposure exceeds 15% of portfolio');
INSERT INTO l2.risk_flag (risk_flag_id, facility_id, counterparty_id, flag_type, flag_code, flag_severity, as_of_date, flag_description) VALUES (7902, 8156, 2774, 'WATCH_LIST', 'SECTOR_CONCENTRATION', 'HIGH', '2025-01-31', 'Energy sector exposure exceeds 15% of portfolio');
INSERT INTO l2.risk_flag (risk_flag_id, facility_id, counterparty_id, flag_type, flag_code, flag_severity, as_of_date, flag_description) VALUES (7903, 8144, 2770, 'CONCENTRATION', 'RATING_MIGRATION_ADVERSE', 'MEDIUM', '2025-01-31', 'Multiple counterparty downgrades in 30-day window');
INSERT INTO l2.risk_flag (risk_flag_id, facility_id, counterparty_id, flag_type, flag_code, flag_severity, as_of_date, flag_description) VALUES (7904, 8147, 2771, 'CONCENTRATION', 'RATING_MIGRATION_ADVERSE', 'MEDIUM', '2025-01-31', 'Multiple counterparty downgrades in 30-day window');
INSERT INTO l2.risk_flag (risk_flag_id, facility_id, counterparty_id, flag_type, flag_code, flag_severity, as_of_date, flag_description) VALUES (7905, 8150, 2772, 'CONCENTRATION', 'RATING_MIGRATION_ADVERSE', 'MEDIUM', '2025-01-31', 'Multiple counterparty downgrades in 30-day window');
INSERT INTO l2.risk_flag (risk_flag_id, facility_id, counterparty_id, flag_type, flag_code, flag_severity, as_of_date, flag_description) VALUES (7906, 8153, 2773, 'CONCENTRATION', 'RATING_MIGRATION_ADVERSE', 'MEDIUM', '2025-01-31', 'Multiple counterparty downgrades in 30-day window');
INSERT INTO l2.risk_flag (risk_flag_id, facility_id, counterparty_id, flag_type, flag_code, flag_severity, as_of_date, flag_description) VALUES (7907, 8156, 2774, 'CONCENTRATION', 'RATING_MIGRATION_ADVERSE', 'MEDIUM', '2025-01-31', 'Multiple counterparty downgrades in 30-day window');


-- ═════════════════════════════════════════════════════════════════
-- Scenario S20: CRE Maturity Cliff
-- 4 CRE borrowers face $1.2B maturing facilities in Q1 2025 with declining property values
-- Generated: 2026-03-10T04:28:27.424Z
-- ═════════════════════════════════════════════════════════════════

SET search_path TO l1, l2, public;

-- ────────────────────────────────────────
-- l1.counterparty (4 rows)
-- ────────────────────────────────────────
INSERT INTO l1.counterparty (counterparty_id, legal_name, counterparty_type, country_code, entity_type_code, industry_id, basel_asset_class, basel_risk_grade, call_report_counterparty_type, external_rating_fitch, external_rating_moodys, external_rating_sp, fr2590_counterparty_type, internal_risk_rating, is_affiliated, is_central_counterparty, is_financial_institution, is_insider, is_multilateral_dev_bank, is_parent_flag, is_public_sector_entity, is_regulated_entity, is_sovereign, lei_code, lgd_unsecured, pd_annual, regulatory_counterparty_type, y14_obligor_type, effective_start_date, effective_end_date, is_current_flag) VALUES (2775, 'Pinnacle Office Properties REIT', 'RE_TRUST', 'US', 'RE', 10, 'CRE', '6', 'CRE_NONFARM', 'BBB-', 'Baa3', 'BBB-', 'NON_FINANCIAL', '6', 'N', 'N', 'N', 'N', 'N', 'Y', 'N', 'N', 'N', '529900ZFMJVQNEHJO5FJ', 0.48, 0.0104, 'CRE', 'CRE', '2020-01-01', NULL, 'Y');
INSERT INTO l1.counterparty (counterparty_id, legal_name, counterparty_type, country_code, entity_type_code, industry_id, basel_asset_class, basel_risk_grade, call_report_counterparty_type, external_rating_fitch, external_rating_moodys, external_rating_sp, fr2590_counterparty_type, internal_risk_rating, is_affiliated, is_central_counterparty, is_financial_institution, is_insider, is_multilateral_dev_bank, is_parent_flag, is_public_sector_entity, is_regulated_entity, is_sovereign, lei_code, lgd_unsecured, pd_annual, regulatory_counterparty_type, y14_obligor_type, effective_start_date, effective_end_date, is_current_flag) VALUES (2776, 'Crosstown Retail Centers LP', 'RE_TRUST', 'US', 'RE', 10, 'CRE', '7', 'CRE_NONFARM', 'BB', 'Ba3', 'BB-', 'NON_FINANCIAL', '7', 'N', 'N', 'N', 'N', 'N', 'N', 'N', 'N', 'N', '529900NOK6960VU81F8M', 0.55, 0.0201, 'CRE', 'CRE', '2020-01-01', NULL, 'Y');
INSERT INTO l1.counterparty (counterparty_id, legal_name, counterparty_type, country_code, entity_type_code, industry_id, basel_asset_class, basel_risk_grade, call_report_counterparty_type, external_rating_fitch, external_rating_moodys, external_rating_sp, fr2590_counterparty_type, internal_risk_rating, is_affiliated, is_central_counterparty, is_financial_institution, is_insider, is_multilateral_dev_bank, is_parent_flag, is_public_sector_entity, is_regulated_entity, is_sovereign, lei_code, lgd_unsecured, pd_annual, regulatory_counterparty_type, y14_obligor_type, effective_start_date, effective_end_date, is_current_flag) VALUES (2777, 'Lakeshore Multifamily Holdings Inc.', 'RE_TRUST', 'US', 'RE', 10, 'CRE', '4', 'CRE_NONFARM', 'BBB', 'Baa2', 'BBB', 'NON_FINANCIAL', '4', 'N', 'N', 'N', 'N', 'N', 'Y', 'N', 'N', 'N', '529900CCWQV09F3BCH3J', 0.45, 0.0049, 'CRE', 'CRE', '2020-01-01', NULL, 'Y');
INSERT INTO l1.counterparty (counterparty_id, legal_name, counterparty_type, country_code, entity_type_code, industry_id, basel_asset_class, basel_risk_grade, call_report_counterparty_type, external_rating_fitch, external_rating_moodys, external_rating_sp, fr2590_counterparty_type, internal_risk_rating, is_affiliated, is_central_counterparty, is_financial_institution, is_insider, is_multilateral_dev_bank, is_parent_flag, is_public_sector_entity, is_regulated_entity, is_sovereign, lei_code, lgd_unsecured, pd_annual, regulatory_counterparty_type, y14_obligor_type, effective_start_date, effective_end_date, is_current_flag) VALUES (2778, 'Westfield Mixed-Use Development LLC', 'RE_TRUST', 'US', 'RE', 10, 'CRE', '6', 'CRE_NONFARM', 'BBB-', 'Baa3', 'BB+', 'NON_FINANCIAL', '6', 'N', 'N', 'N', 'N', 'N', 'Y', 'N', 'N', 'N', '529900ZOHALYSWBMCTV5', 0.48, 0.0115, 'CRE', 'MIDDLE_MARKET', '2020-01-01', NULL, 'Y');

-- ────────────────────────────────────────
-- l1.credit_agreement_master (4 rows)
-- ────────────────────────────────────────
INSERT INTO l1.credit_agreement_master (credit_agreement_id, borrower_counterparty_id, lender_legal_entity_id, agreement_type, status_code, agreement_reference, currency_code, origination_date, maturity_date, effective_start_date, effective_end_date, is_current_flag) VALUES (2235, 2775, 2, 'SYNDICATED', 'ACTIVE', 'CA-2021-02235-USD', 'USD', '2021-12-17', '2027-12-17', '2024-01-01', NULL, 'Y');
INSERT INTO l1.credit_agreement_master (credit_agreement_id, borrower_counterparty_id, lender_legal_entity_id, agreement_type, status_code, agreement_reference, currency_code, origination_date, maturity_date, effective_start_date, effective_end_date, is_current_flag) VALUES (2236, 2776, 9, 'SYNDICATED', 'ACTIVE', 'CA-2023-02236-USD', 'USD', '2023-08-06', '2029-08-06', '2024-01-01', NULL, 'Y');
INSERT INTO l1.credit_agreement_master (credit_agreement_id, borrower_counterparty_id, lender_legal_entity_id, agreement_type, status_code, agreement_reference, currency_code, origination_date, maturity_date, effective_start_date, effective_end_date, is_current_flag) VALUES (2237, 2777, 8, 'SYNDICATED', 'ACTIVE', 'CA-2024-02237-USD', 'USD', '2024-07-06', '2030-07-06', '2024-01-01', NULL, 'Y');
INSERT INTO l1.credit_agreement_master (credit_agreement_id, borrower_counterparty_id, lender_legal_entity_id, agreement_type, status_code, agreement_reference, currency_code, origination_date, maturity_date, effective_start_date, effective_end_date, is_current_flag) VALUES (2238, 2778, 9, 'SYNDICATED', 'ACTIVE', 'CA-2020-02238-USD', 'USD', '2020-02-05', '2024-02-05', '2024-01-01', NULL, 'Y');

-- ────────────────────────────────────────
-- l1.facility_master (8 rows)
-- ────────────────────────────────────────
INSERT INTO l1.facility_master (facility_id, credit_agreement_id, counterparty_id, facility_name, facility_type, facility_status, committed_facility_amt, currency_code, origination_date, maturity_date, portfolio_id, industry_code, lob_segment_id, product_node_id, rate_index_id, ledger_account_id, product_id, region_code, interest_rate_type, interest_rate_reference, interest_rate_spread_bps, all_in_rate_pct, day_count_convention, amortization_type, revolving_flag, active_flag, facility_reference, payment_frequency, effective_start_date, effective_end_date, is_current_flag) VALUES (8159, 2235, 2775, 'Pinnacle — USD Revolver 2026-A', 'REVOLVING_CREDIT', 'ACTIVE', 956185978, 'USD', '2022-10-02', '2026-10-02', 10, 'RE', 192, 4, 3, 6, 2, 'AMER', 'FLOATING', 'SOFR', 489, 8.53, 'ACT/360', 'BULLET', 'Y', 'Y', 'FAC-2022-08159-A', 'QUARTERLY', '2024-01-01', NULL, 'Y');
INSERT INTO l1.facility_master (facility_id, credit_agreement_id, counterparty_id, facility_name, facility_type, facility_status, committed_facility_amt, currency_code, origination_date, maturity_date, portfolio_id, industry_code, lob_segment_id, product_node_id, rate_index_id, ledger_account_id, product_id, region_code, interest_rate_type, interest_rate_reference, interest_rate_spread_bps, all_in_rate_pct, day_count_convention, amortization_type, revolving_flag, active_flag, facility_reference, payment_frequency, effective_start_date, effective_end_date, is_current_flag) VALUES (8160, 2235, 2775, 'Pinnacle — USD Term Loan 2026-B', 'TERM_LOAN', 'ACTIVE', 1434278967, 'USD', '2022-10-02', '2026-10-02', 10, 'RE', 193, 7, 1, 2, 5, 'AMER', 'FIXED', 'SOFR', 489, 8.19, 'ACT/365', 'AMORTIZING', 'N', 'Y', 'FAC-2022-08160-B', 'QUARTERLY', '2024-01-01', NULL, 'Y');
INSERT INTO l1.facility_master (facility_id, credit_agreement_id, counterparty_id, facility_name, facility_type, facility_status, committed_facility_amt, currency_code, origination_date, maturity_date, portfolio_id, industry_code, lob_segment_id, product_node_id, rate_index_id, ledger_account_id, product_id, region_code, interest_rate_type, interest_rate_reference, interest_rate_spread_bps, all_in_rate_pct, day_count_convention, amortization_type, revolving_flag, active_flag, facility_reference, payment_frequency, effective_start_date, effective_end_date, is_current_flag) VALUES (8161, 2236, 2776, 'Crosstown — USD Revolver 2030-A', 'REVOLVING_CREDIT', 'ACTIVE', 97170607, 'USD', '2024-01-15', '2030-01-15', 2, 'RE', 194, 1, 4, 4, 5, 'AMER', 'FLOATING', 'SOFR', 1016, 13.26, 'ACT/365', 'BULLET', 'Y', 'Y', 'FAC-2024-08161-A', 'QUARTERLY', '2024-01-01', NULL, 'Y');
INSERT INTO l1.facility_master (facility_id, credit_agreement_id, counterparty_id, facility_name, facility_type, facility_status, committed_facility_amt, currency_code, origination_date, maturity_date, portfolio_id, industry_code, lob_segment_id, product_node_id, rate_index_id, ledger_account_id, product_id, region_code, interest_rate_type, interest_rate_reference, interest_rate_spread_bps, all_in_rate_pct, day_count_convention, amortization_type, revolving_flag, active_flag, facility_reference, payment_frequency, effective_start_date, effective_end_date, is_current_flag) VALUES (8162, 2236, 2776, 'Crosstown — USD Term Loan 2030-B', 'TERM_LOAN', 'ACTIVE', 145755910, 'USD', '2024-01-15', '2030-01-15', 2, 'RE', 195, 7, 4, 4, 3, 'AMER', 'FIXED', 'SOFR', 1016, 13.77, 'ACT/365', 'AMORTIZING', 'N', 'Y', 'FAC-2024-08162-B', 'MONTHLY', '2024-01-01', NULL, 'Y');
INSERT INTO l1.facility_master (facility_id, credit_agreement_id, counterparty_id, facility_name, facility_type, facility_status, committed_facility_amt, currency_code, origination_date, maturity_date, portfolio_id, industry_code, lob_segment_id, product_node_id, rate_index_id, ledger_account_id, product_id, region_code, interest_rate_type, interest_rate_reference, interest_rate_spread_bps, all_in_rate_pct, day_count_convention, amortization_type, revolving_flag, active_flag, facility_reference, payment_frequency, effective_start_date, effective_end_date, is_current_flag) VALUES (8163, 2237, 2777, 'Lakeshore — USD Revolver 2027-A', 'REVOLVING_CREDIT', 'ACTIVE', 145204399, 'USD', '2023-01-10', '2027-01-10', 5, 'RE', 196, 7, 4, 6, 5, 'AMER', 'FLOATING', 'SOFR', 279, 5.5, 'ACT/365', 'BULLET', 'Y', 'Y', 'FAC-2023-08163-A', 'QUARTERLY', '2024-01-01', NULL, 'Y');
INSERT INTO l1.facility_master (facility_id, credit_agreement_id, counterparty_id, facility_name, facility_type, facility_status, committed_facility_amt, currency_code, origination_date, maturity_date, portfolio_id, industry_code, lob_segment_id, product_node_id, rate_index_id, ledger_account_id, product_id, region_code, interest_rate_type, interest_rate_reference, interest_rate_spread_bps, all_in_rate_pct, day_count_convention, amortization_type, revolving_flag, active_flag, facility_reference, payment_frequency, effective_start_date, effective_end_date, is_current_flag) VALUES (8164, 2237, 2777, 'Lakeshore — USD Term Loan 2027-B', 'TERM_LOAN', 'ACTIVE', 217806599, 'USD', '2023-01-10', '2027-01-10', 6, 'RE', 197, 8, 5, 3, 2, 'AMER', 'FLOATING', 'SOFR', 279, 5.57, 'ACT/360', 'AMORTIZING', 'N', 'Y', 'FAC-2023-08164-B', 'MONTHLY', '2024-01-01', NULL, 'Y');
INSERT INTO l1.facility_master (facility_id, credit_agreement_id, counterparty_id, facility_name, facility_type, facility_status, committed_facility_amt, currency_code, origination_date, maturity_date, portfolio_id, industry_code, lob_segment_id, product_node_id, rate_index_id, ledger_account_id, product_id, region_code, interest_rate_type, interest_rate_reference, interest_rate_spread_bps, all_in_rate_pct, day_count_convention, amortization_type, revolving_flag, active_flag, facility_reference, payment_frequency, effective_start_date, effective_end_date, is_current_flag) VALUES (8165, 2238, 2778, 'Westfield — USD Revolver 2025-A', 'REVOLVING_CREDIT', 'ACTIVE', 31440622, 'USD', '2020-03-19', '2025-03-19', 9, 'RE', 198, 7, 2, 4, 1, 'AMER', 'FLOATING', 'SOFR', 482, 8.06, 'ACT/360', 'BULLET', 'Y', 'Y', 'FAC-2020-08165-A', 'QUARTERLY', '2024-01-01', NULL, 'Y');
INSERT INTO l1.facility_master (facility_id, credit_agreement_id, counterparty_id, facility_name, facility_type, facility_status, committed_facility_amt, currency_code, origination_date, maturity_date, portfolio_id, industry_code, lob_segment_id, product_node_id, rate_index_id, ledger_account_id, product_id, region_code, interest_rate_type, interest_rate_reference, interest_rate_spread_bps, all_in_rate_pct, day_count_convention, amortization_type, revolving_flag, active_flag, facility_reference, payment_frequency, effective_start_date, effective_end_date, is_current_flag) VALUES (8166, 2238, 2778, 'Westfield — USD Term Loan 2025-B', 'TERM_LOAN', 'ACTIVE', 47160933, 'USD', '2020-03-19', '2025-03-19', 10, 'RE', 199, 9, 3, 8, 3, 'AMER', 'FLOATING', 'SOFR', 482, 8.41, 'ACT/360', 'BULLET', 'N', 'Y', 'FAC-2020-08166-B', 'MONTHLY', '2024-01-01', NULL, 'Y');

-- ────────────────────────────────────────
-- l1.facility_lender_allocation (8 rows)
-- ────────────────────────────────────────
INSERT INTO l1.facility_lender_allocation (lender_allocation_id, facility_id, legal_entity_id, allocation_role, bank_share_pct, is_current_flag, effective_start_date, effective_end_date) VALUES (100016, 8159, 1, 'LEAD_ARRANGER', 1, 'Y', '2022-10-02', NULL);
INSERT INTO l1.facility_lender_allocation (lender_allocation_id, facility_id, legal_entity_id, allocation_role, bank_share_pct, is_current_flag, effective_start_date, effective_end_date) VALUES (100017, 8160, 2, 'LEAD_ARRANGER', 1, 'Y', '2022-10-02', NULL);
INSERT INTO l1.facility_lender_allocation (lender_allocation_id, facility_id, legal_entity_id, allocation_role, bank_share_pct, is_current_flag, effective_start_date, effective_end_date) VALUES (100018, 8161, 4, 'LEAD_ARRANGER', 1, 'Y', '2024-01-15', NULL);
INSERT INTO l1.facility_lender_allocation (lender_allocation_id, facility_id, legal_entity_id, allocation_role, bank_share_pct, is_current_flag, effective_start_date, effective_end_date) VALUES (100019, 8162, 4, 'LEAD_ARRANGER', 1, 'Y', '2024-01-15', NULL);
INSERT INTO l1.facility_lender_allocation (lender_allocation_id, facility_id, legal_entity_id, allocation_role, bank_share_pct, is_current_flag, effective_start_date, effective_end_date) VALUES (100020, 8163, 1, 'LEAD_ARRANGER', 1, 'Y', '2023-01-10', NULL);
INSERT INTO l1.facility_lender_allocation (lender_allocation_id, facility_id, legal_entity_id, allocation_role, bank_share_pct, is_current_flag, effective_start_date, effective_end_date) VALUES (100021, 8164, 3, 'LEAD_ARRANGER', 1, 'Y', '2023-01-10', NULL);
INSERT INTO l1.facility_lender_allocation (lender_allocation_id, facility_id, legal_entity_id, allocation_role, bank_share_pct, is_current_flag, effective_start_date, effective_end_date) VALUES (100022, 8165, 4, 'LEAD_ARRANGER', 1, 'Y', '2020-03-19', NULL);
INSERT INTO l1.facility_lender_allocation (lender_allocation_id, facility_id, legal_entity_id, allocation_role, bank_share_pct, is_current_flag, effective_start_date, effective_end_date) VALUES (100023, 8166, 1, 'LEAD_ARRANGER', 1, 'Y', '2020-03-19', NULL);

-- ────────────────────────────────────────
-- l2.facility_exposure_snapshot (24 rows)
-- ────────────────────────────────────────
INSERT INTO l2.facility_exposure_snapshot (facility_exposure_id, facility_id, counterparty_id, as_of_date, exposure_type_id, drawn_amount, committed_amount, undrawn_amount, currency_code, limit_status_code) VALUES (200046, 8159, 2775, '2024-11-30', 1, 745825063, 956185978, 210360915, 'USD', 'WITHIN_LIMIT');
INSERT INTO l2.facility_exposure_snapshot (facility_exposure_id, facility_id, counterparty_id, as_of_date, exposure_type_id, drawn_amount, committed_amount, undrawn_amount, currency_code, limit_status_code) VALUES (200047, 8159, 2775, '2024-12-31', 1, 669330185, 956185978, 286855793, 'USD', 'WITHIN_LIMIT');
INSERT INTO l2.facility_exposure_snapshot (facility_exposure_id, facility_id, counterparty_id, as_of_date, exposure_type_id, drawn_amount, committed_amount, undrawn_amount, currency_code, limit_status_code) VALUES (200048, 8159, 2775, '2025-01-31', 1, 592835306, 956185978, 363350672, 'USD', 'WITHIN_LIMIT');
INSERT INTO l2.facility_exposure_snapshot (facility_exposure_id, facility_id, counterparty_id, as_of_date, exposure_type_id, drawn_amount, committed_amount, undrawn_amount, currency_code, limit_status_code) VALUES (200049, 8160, 2775, '2024-11-30', 1, 1118737594, 1434278967, 315541373, 'USD', 'WITHIN_LIMIT');
INSERT INTO l2.facility_exposure_snapshot (facility_exposure_id, facility_id, counterparty_id, as_of_date, exposure_type_id, drawn_amount, committed_amount, undrawn_amount, currency_code, limit_status_code) VALUES (200050, 8160, 2775, '2024-12-31', 1, 1003995277, 1434278967, 430283690, 'USD', 'WITHIN_LIMIT');
INSERT INTO l2.facility_exposure_snapshot (facility_exposure_id, facility_id, counterparty_id, as_of_date, exposure_type_id, drawn_amount, committed_amount, undrawn_amount, currency_code, limit_status_code) VALUES (200051, 8160, 2775, '2025-01-31', 1, 889252960, 1434278967, 545026007, 'USD', 'WITHIN_LIMIT');
INSERT INTO l2.facility_exposure_snapshot (facility_exposure_id, facility_id, counterparty_id, as_of_date, exposure_type_id, drawn_amount, committed_amount, undrawn_amount, currency_code, limit_status_code) VALUES (200052, 8161, 2776, '2024-11-30', 1, 77736486, 97170607, 19434121, 'USD', 'WITHIN_LIMIT');
INSERT INTO l2.facility_exposure_snapshot (facility_exposure_id, facility_id, counterparty_id, as_of_date, exposure_type_id, drawn_amount, committed_amount, undrawn_amount, currency_code, limit_status_code) VALUES (200053, 8161, 2776, '2024-12-31', 1, 82595016, 97170607, 14575591, 'USD', 'WITHIN_LIMIT');
INSERT INTO l2.facility_exposure_snapshot (facility_exposure_id, facility_id, counterparty_id, as_of_date, exposure_type_id, drawn_amount, committed_amount, undrawn_amount, currency_code, limit_status_code) VALUES (200054, 8161, 2776, '2025-01-31', 1, 79679898, 97170607, 17490709, 'USD', 'WITHIN_LIMIT');
INSERT INTO l2.facility_exposure_snapshot (facility_exposure_id, facility_id, counterparty_id, as_of_date, exposure_type_id, drawn_amount, committed_amount, undrawn_amount, currency_code, limit_status_code) VALUES (200055, 8162, 2776, '2024-11-30', 1, 116604728, 145755910, 29151182, 'USD', 'WITHIN_LIMIT');
INSERT INTO l2.facility_exposure_snapshot (facility_exposure_id, facility_id, counterparty_id, as_of_date, exposure_type_id, drawn_amount, committed_amount, undrawn_amount, currency_code, limit_status_code) VALUES (200056, 8162, 2776, '2024-12-31', 1, 123892524, 145755910, 21863386, 'USD', 'WITHIN_LIMIT');
INSERT INTO l2.facility_exposure_snapshot (facility_exposure_id, facility_id, counterparty_id, as_of_date, exposure_type_id, drawn_amount, committed_amount, undrawn_amount, currency_code, limit_status_code) VALUES (200057, 8162, 2776, '2025-01-31', 1, 119519846, 145755910, 26236064, 'USD', 'WITHIN_LIMIT');
INSERT INTO l2.facility_exposure_snapshot (facility_exposure_id, facility_id, counterparty_id, as_of_date, exposure_type_id, drawn_amount, committed_amount, undrawn_amount, currency_code, limit_status_code) VALUES (200058, 8163, 2777, '2024-11-30', 1, 84218551, 145204399, 60985848, 'USD', 'WITHIN_LIMIT');
INSERT INTO l2.facility_exposure_snapshot (facility_exposure_id, facility_id, counterparty_id, as_of_date, exposure_type_id, drawn_amount, committed_amount, undrawn_amount, currency_code, limit_status_code) VALUES (200059, 8163, 2777, '2024-12-31', 1, 88574683, 145204399, 56629716, 'USD', 'WITHIN_LIMIT');
INSERT INTO l2.facility_exposure_snapshot (facility_exposure_id, facility_id, counterparty_id, as_of_date, exposure_type_id, drawn_amount, committed_amount, undrawn_amount, currency_code, limit_status_code) VALUES (200060, 8163, 2777, '2025-01-31', 1, 87122639, 145204399, 58081760, 'USD', 'WITHIN_LIMIT');
INSERT INTO l2.facility_exposure_snapshot (facility_exposure_id, facility_id, counterparty_id, as_of_date, exposure_type_id, drawn_amount, committed_amount, undrawn_amount, currency_code, limit_status_code) VALUES (200061, 8164, 2777, '2024-11-30', 1, 126327827, 217806599, 91478772, 'USD', 'WITHIN_LIMIT');
INSERT INTO l2.facility_exposure_snapshot (facility_exposure_id, facility_id, counterparty_id, as_of_date, exposure_type_id, drawn_amount, committed_amount, undrawn_amount, currency_code, limit_status_code) VALUES (200062, 8164, 2777, '2024-12-31', 1, 132862025, 217806599, 84944574, 'USD', 'WITHIN_LIMIT');
INSERT INTO l2.facility_exposure_snapshot (facility_exposure_id, facility_id, counterparty_id, as_of_date, exposure_type_id, drawn_amount, committed_amount, undrawn_amount, currency_code, limit_status_code) VALUES (200063, 8164, 2777, '2025-01-31', 1, 130683959, 217806599, 87122640, 'USD', 'WITHIN_LIMIT');
INSERT INTO l2.facility_exposure_snapshot (facility_exposure_id, facility_id, counterparty_id, as_of_date, exposure_type_id, drawn_amount, committed_amount, undrawn_amount, currency_code, limit_status_code) VALUES (200064, 8165, 2778, '2024-11-30', 1, 24523685, 31440622, 6916937, 'USD', 'WITHIN_LIMIT');
INSERT INTO l2.facility_exposure_snapshot (facility_exposure_id, facility_id, counterparty_id, as_of_date, exposure_type_id, drawn_amount, committed_amount, undrawn_amount, currency_code, limit_status_code) VALUES (200065, 8165, 2778, '2024-12-31', 1, 22008435, 31440622, 9432187, 'USD', 'WITHIN_LIMIT');
INSERT INTO l2.facility_exposure_snapshot (facility_exposure_id, facility_id, counterparty_id, as_of_date, exposure_type_id, drawn_amount, committed_amount, undrawn_amount, currency_code, limit_status_code) VALUES (200066, 8165, 2778, '2025-01-31', 1, 19493186, 31440622, 11947436, 'USD', 'WITHIN_LIMIT');
INSERT INTO l2.facility_exposure_snapshot (facility_exposure_id, facility_id, counterparty_id, as_of_date, exposure_type_id, drawn_amount, committed_amount, undrawn_amount, currency_code, limit_status_code) VALUES (200067, 8166, 2778, '2024-11-30', 1, 36785528, 47160933, 10375405, 'USD', 'WITHIN_LIMIT');
INSERT INTO l2.facility_exposure_snapshot (facility_exposure_id, facility_id, counterparty_id, as_of_date, exposure_type_id, drawn_amount, committed_amount, undrawn_amount, currency_code, limit_status_code) VALUES (200068, 8166, 2778, '2024-12-31', 1, 33012653, 47160933, 14148280, 'USD', 'WITHIN_LIMIT');
INSERT INTO l2.facility_exposure_snapshot (facility_exposure_id, facility_id, counterparty_id, as_of_date, exposure_type_id, drawn_amount, committed_amount, undrawn_amount, currency_code, limit_status_code) VALUES (200069, 8166, 2778, '2025-01-31', 1, 29239778, 47160933, 17921155, 'USD', 'WITHIN_LIMIT');

-- ────────────────────────────────────────
-- l2.risk_flag (8 rows)
-- ────────────────────────────────────────
INSERT INTO l2.risk_flag (risk_flag_id, facility_id, counterparty_id, flag_type, flag_code, flag_severity, as_of_date, flag_description) VALUES (7908, 8159, 2775, 'WATCH_LIST', 'MATURITY_CONCENTRATION', 'HIGH', '2025-01-31', 'CRE maturity wall — $1.2B due in Q1 2025');
INSERT INTO l2.risk_flag (risk_flag_id, facility_id, counterparty_id, flag_type, flag_code, flag_severity, as_of_date, flag_description) VALUES (7909, 8161, 2776, 'WATCH_LIST', 'MATURITY_CONCENTRATION', 'HIGH', '2025-01-31', 'CRE maturity wall — $1.2B due in Q1 2025');
INSERT INTO l2.risk_flag (risk_flag_id, facility_id, counterparty_id, flag_type, flag_code, flag_severity, as_of_date, flag_description) VALUES (7910, 8163, 2777, 'WATCH_LIST', 'MATURITY_CONCENTRATION', 'HIGH', '2025-01-31', 'CRE maturity wall — $1.2B due in Q1 2025');
INSERT INTO l2.risk_flag (risk_flag_id, facility_id, counterparty_id, flag_type, flag_code, flag_severity, as_of_date, flag_description) VALUES (7911, 8165, 2778, 'WATCH_LIST', 'MATURITY_CONCENTRATION', 'HIGH', '2025-01-31', 'CRE maturity wall — $1.2B due in Q1 2025');
INSERT INTO l2.risk_flag (risk_flag_id, facility_id, counterparty_id, flag_type, flag_code, flag_severity, as_of_date, flag_description) VALUES (7912, 8159, 2775, 'CONCENTRATION', 'COLLATERAL_COVERAGE_DECLINE', 'MEDIUM', '2025-01-31', 'CRE property values declining, LTV rising');
INSERT INTO l2.risk_flag (risk_flag_id, facility_id, counterparty_id, flag_type, flag_code, flag_severity, as_of_date, flag_description) VALUES (7913, 8161, 2776, 'CONCENTRATION', 'COLLATERAL_COVERAGE_DECLINE', 'MEDIUM', '2025-01-31', 'CRE property values declining, LTV rising');
INSERT INTO l2.risk_flag (risk_flag_id, facility_id, counterparty_id, flag_type, flag_code, flag_severity, as_of_date, flag_description) VALUES (7914, 8163, 2777, 'CONCENTRATION', 'COLLATERAL_COVERAGE_DECLINE', 'MEDIUM', '2025-01-31', 'CRE property values declining, LTV rising');
INSERT INTO l2.risk_flag (risk_flag_id, facility_id, counterparty_id, flag_type, flag_code, flag_severity, as_of_date, flag_description) VALUES (7915, 8165, 2778, 'CONCENTRATION', 'COLLATERAL_COVERAGE_DECLINE', 'MEDIUM', '2025-01-31', 'CRE property values declining, LTV rising');


-- ═════════════════════════════════════════════════════════════════
-- Scenario S21: Tech Leveraged Buyout Stress
-- PE-backed tech firm's $2.5B LBO faces integration headwinds, aggressive revolver draws on $800M bank exposure
-- Generated: 2026-03-10T04:28:27.424Z
-- ═════════════════════════════════════════════════════════════════

SET search_path TO l1, l2, public;

-- ────────────────────────────────────────
-- l1.counterparty (3 rows)
-- ────────────────────────────────────────
INSERT INTO l1.counterparty (counterparty_id, legal_name, counterparty_type, country_code, entity_type_code, industry_id, basel_asset_class, basel_risk_grade, call_report_counterparty_type, external_rating_fitch, external_rating_moodys, external_rating_sp, fr2590_counterparty_type, internal_risk_rating, is_affiliated, is_central_counterparty, is_financial_institution, is_insider, is_multilateral_dev_bank, is_parent_flag, is_public_sector_entity, is_regulated_entity, is_sovereign, lei_code, lgd_unsecured, pd_annual, regulatory_counterparty_type, y14_obligor_type, effective_start_date, effective_end_date, is_current_flag) VALUES (2779, 'NexGen Software Holdings LLC', 'CORPORATE', 'US', 'CORP', 2, 'CORPORATE', '6', 'C&I_DOMESTIC', 'BB-', 'Ba3', 'BB-', 'NON_FINANCIAL', '6', 'N', 'N', 'N', 'N', 'N', 'N', 'N', 'N', 'N', '529900M75Y0IMT803IAZ', 0.55, 0.0154, 'CORPORATE', 'LARGE_CORPORATE', '2020-01-01', NULL, 'Y');
INSERT INTO l1.counterparty (counterparty_id, legal_name, counterparty_type, country_code, entity_type_code, industry_id, basel_asset_class, basel_risk_grade, call_report_counterparty_type, external_rating_fitch, external_rating_moodys, external_rating_sp, fr2590_counterparty_type, internal_risk_rating, is_affiliated, is_central_counterparty, is_financial_institution, is_insider, is_multilateral_dev_bank, is_parent_flag, is_public_sector_entity, is_regulated_entity, is_sovereign, lei_code, lgd_unsecured, pd_annual, regulatory_counterparty_type, y14_obligor_type, effective_start_date, effective_end_date, is_current_flag) VALUES (2780, 'NexGen Software Operating Co.', 'CORPORATE', 'US', 'CORP', 2, 'CORPORATE', '7', 'C&I_DOMESTIC', 'BB-', 'Ba3', 'BB', 'NON_FINANCIAL', '7', 'N', 'N', 'N', 'N', 'N', 'N', 'N', 'N', 'N', '529900EGPVUY9JNT8BB6', 0.55, 0.0164, 'CORPORATE', 'LARGE_CORPORATE', '2020-01-01', NULL, 'Y');
INSERT INTO l1.counterparty (counterparty_id, legal_name, counterparty_type, country_code, entity_type_code, industry_id, basel_asset_class, basel_risk_grade, call_report_counterparty_type, external_rating_fitch, external_rating_moodys, external_rating_sp, fr2590_counterparty_type, internal_risk_rating, is_affiliated, is_central_counterparty, is_financial_institution, is_insider, is_multilateral_dev_bank, is_parent_flag, is_public_sector_entity, is_regulated_entity, is_sovereign, lei_code, lgd_unsecured, pd_annual, regulatory_counterparty_type, y14_obligor_type, effective_start_date, effective_end_date, is_current_flag) VALUES (2781, 'Apex Capital Partners Fund VII', 'CORPORATE', 'US', 'CORP', 1, 'CORPORATE', '3', 'C&I_DOMESTIC', 'A', 'A2', 'A-', 'NON_FINANCIAL', '3', 'N', 'N', 'N', 'N', 'N', 'N', 'N', 'N', 'N', '529900LM5MJRZF3SYGO9', 0.42, 0.002, 'CORPORATE', 'LARGE_CORPORATE', '2020-01-01', NULL, 'Y');

-- ────────────────────────────────────────
-- l1.credit_agreement_master (3 rows)
-- ────────────────────────────────────────
INSERT INTO l1.credit_agreement_master (credit_agreement_id, borrower_counterparty_id, lender_legal_entity_id, agreement_type, status_code, agreement_reference, currency_code, origination_date, maturity_date, effective_start_date, effective_end_date, is_current_flag) VALUES (2239, 2779, 11, 'SYNDICATED', 'ACTIVE', 'CA-2024-02239-USD', 'USD', '2024-12-01', '2029-12-01', '2024-01-01', NULL, 'Y');
INSERT INTO l1.credit_agreement_master (credit_agreement_id, borrower_counterparty_id, lender_legal_entity_id, agreement_type, status_code, agreement_reference, currency_code, origination_date, maturity_date, effective_start_date, effective_end_date, is_current_flag) VALUES (2240, 2780, 10, 'SYNDICATED', 'ACTIVE', 'CA-2024-02240-USD', 'USD', '2024-04-26', '2028-04-26', '2024-01-01', NULL, 'Y');
INSERT INTO l1.credit_agreement_master (credit_agreement_id, borrower_counterparty_id, lender_legal_entity_id, agreement_type, status_code, agreement_reference, currency_code, origination_date, maturity_date, effective_start_date, effective_end_date, is_current_flag) VALUES (2241, 2781, 5, 'SYNDICATED', 'ACTIVE', 'CA-2023-02241-USD', 'USD', '2023-03-12', '2029-03-12', '2024-01-01', NULL, 'Y');

-- ────────────────────────────────────────
-- l1.facility_master (9 rows)
-- ────────────────────────────────────────
INSERT INTO l1.facility_master (facility_id, credit_agreement_id, counterparty_id, facility_name, facility_type, facility_status, committed_facility_amt, currency_code, origination_date, maturity_date, portfolio_id, industry_code, lob_segment_id, product_node_id, rate_index_id, ledger_account_id, product_id, region_code, interest_rate_type, interest_rate_reference, interest_rate_spread_bps, all_in_rate_pct, day_count_convention, amortization_type, revolving_flag, active_flag, facility_reference, payment_frequency, effective_start_date, effective_end_date, is_current_flag) VALUES (8167, 2239, 2779, 'NexGen — USD Revolver 2030-A', 'REVOLVING_CREDIT', 'ACTIVE', 1076556447, 'USD', '2024-07-02', '2030-07-02', 2, 'TMT', 200, 10, 4, 8, 2, 'AMER', 'FLOATING', 'SOFR', 980, 13.77, 'ACT/360', 'BULLET', 'Y', 'Y', 'FAC-2024-08167-A', 'QUARTERLY', '2024-01-01', NULL, 'Y');
INSERT INTO l1.facility_master (facility_id, credit_agreement_id, counterparty_id, facility_name, facility_type, facility_status, committed_facility_amt, currency_code, origination_date, maturity_date, portfolio_id, industry_code, lob_segment_id, product_node_id, rate_index_id, ledger_account_id, product_id, region_code, interest_rate_type, interest_rate_reference, interest_rate_spread_bps, all_in_rate_pct, day_count_convention, amortization_type, revolving_flag, active_flag, facility_reference, payment_frequency, effective_start_date, effective_end_date, is_current_flag) VALUES (8168, 2239, 2779, 'NexGen — USD Term Loan 2030-B', 'TERM_LOAN', 'ACTIVE', 1614834670, 'USD', '2024-07-02', '2030-07-02', 10, 'TMT', 201, 10, 1, 4, 4, 'AMER', 'FLOATING', 'SOFR', 980, 12.51, 'ACT/360', 'BULLET', 'N', 'Y', 'FAC-2024-08168-B', 'QUARTERLY', '2024-01-01', NULL, 'Y');
INSERT INTO l1.facility_master (facility_id, credit_agreement_id, counterparty_id, facility_name, facility_type, facility_status, committed_facility_amt, currency_code, origination_date, maturity_date, portfolio_id, industry_code, lob_segment_id, product_node_id, rate_index_id, ledger_account_id, product_id, region_code, interest_rate_type, interest_rate_reference, interest_rate_spread_bps, all_in_rate_pct, day_count_convention, amortization_type, revolving_flag, active_flag, facility_reference, payment_frequency, effective_start_date, effective_end_date, is_current_flag) VALUES (8169, 2239, 2779, 'NexGen — USD L/C 2030-C', 'LETTER_OF_CREDIT', 'ACTIVE', 897130372, 'USD', '2024-07-02', '2030-07-02', 10, 'TMT', 202, 6, 3, 4, 4, 'AMER', 'FLOATING', 'SOFR', 980, 12.78, 'ACT/360', 'AMORTIZING', 'N', 'Y', 'FAC-2024-08169-C', 'MONTHLY', '2024-01-01', NULL, 'Y');
INSERT INTO l1.facility_master (facility_id, credit_agreement_id, counterparty_id, facility_name, facility_type, facility_status, committed_facility_amt, currency_code, origination_date, maturity_date, portfolio_id, industry_code, lob_segment_id, product_node_id, rate_index_id, ledger_account_id, product_id, region_code, interest_rate_type, interest_rate_reference, interest_rate_spread_bps, all_in_rate_pct, day_count_convention, amortization_type, revolving_flag, active_flag, facility_reference, payment_frequency, effective_start_date, effective_end_date, is_current_flag) VALUES (8170, 2240, 2780, 'NexGen — USD Revolver 2027-A', 'REVOLVING_CREDIT', 'ACTIVE', 106011974, 'USD', '2022-09-19', '2027-09-19', 10, 'TMT', 203, 3, 4, 4, 2, 'AMER', 'FLOATING', 'SOFR', 1015, 13.65, 'ACT/360', 'BULLET', 'Y', 'Y', 'FAC-2022-08170-A', 'MONTHLY', '2024-01-01', NULL, 'Y');
INSERT INTO l1.facility_master (facility_id, credit_agreement_id, counterparty_id, facility_name, facility_type, facility_status, committed_facility_amt, currency_code, origination_date, maturity_date, portfolio_id, industry_code, lob_segment_id, product_node_id, rate_index_id, ledger_account_id, product_id, region_code, interest_rate_type, interest_rate_reference, interest_rate_spread_bps, all_in_rate_pct, day_count_convention, amortization_type, revolving_flag, active_flag, facility_reference, payment_frequency, effective_start_date, effective_end_date, is_current_flag) VALUES (8171, 2240, 2780, 'NexGen — USD Term Loan 2027-B', 'TERM_LOAN', 'ACTIVE', 159017962, 'USD', '2022-09-19', '2027-09-19', 10, 'TMT', 204, 5, 4, 2, 2, 'AMER', 'FLOATING', 'SOFR', 1015, 13.6, 'ACT/360', 'AMORTIZING', 'N', 'Y', 'FAC-2022-08171-B', 'QUARTERLY', '2024-01-01', NULL, 'Y');
INSERT INTO l1.facility_master (facility_id, credit_agreement_id, counterparty_id, facility_name, facility_type, facility_status, committed_facility_amt, currency_code, origination_date, maturity_date, portfolio_id, industry_code, lob_segment_id, product_node_id, rate_index_id, ledger_account_id, product_id, region_code, interest_rate_type, interest_rate_reference, interest_rate_spread_bps, all_in_rate_pct, day_count_convention, amortization_type, revolving_flag, active_flag, facility_reference, payment_frequency, effective_start_date, effective_end_date, is_current_flag) VALUES (8172, 2240, 2780, 'NexGen — USD L/C 2027-C', 'LETTER_OF_CREDIT', 'ACTIVE', 88343312, 'USD', '2022-09-19', '2027-09-19', 2, 'TMT', 205, 4, 1, 1, 1, 'AMER', 'FLOATING', 'SOFR', 1015, 13.06, 'ACT/365', 'AMORTIZING', 'N', 'Y', 'FAC-2022-08172-C', 'QUARTERLY', '2024-01-01', NULL, 'Y');
INSERT INTO l1.facility_master (facility_id, credit_agreement_id, counterparty_id, facility_name, facility_type, facility_status, committed_facility_amt, currency_code, origination_date, maturity_date, portfolio_id, industry_code, lob_segment_id, product_node_id, rate_index_id, ledger_account_id, product_id, region_code, interest_rate_type, interest_rate_reference, interest_rate_spread_bps, all_in_rate_pct, day_count_convention, amortization_type, revolving_flag, active_flag, facility_reference, payment_frequency, effective_start_date, effective_end_date, is_current_flag) VALUES (8173, 2241, 2781, 'Apex — USD Revolver 2025-A', 'REVOLVING_CREDIT', 'ACTIVE', 1039379536, 'USD', '2021-07-18', '2025-07-18', 3, 'FIN', 206, 7, 5, 5, 4, 'AMER', 'FLOATING', 'SOFR', 186, 4.49, 'ACT/360', 'BULLET', 'Y', 'Y', 'FAC-2021-08173-A', 'QUARTERLY', '2024-01-01', NULL, 'Y');
INSERT INTO l1.facility_master (facility_id, credit_agreement_id, counterparty_id, facility_name, facility_type, facility_status, committed_facility_amt, currency_code, origination_date, maturity_date, portfolio_id, industry_code, lob_segment_id, product_node_id, rate_index_id, ledger_account_id, product_id, region_code, interest_rate_type, interest_rate_reference, interest_rate_spread_bps, all_in_rate_pct, day_count_convention, amortization_type, revolving_flag, active_flag, facility_reference, payment_frequency, effective_start_date, effective_end_date, is_current_flag) VALUES (8174, 2241, 2781, 'Apex — USD Term Loan 2025-B', 'TERM_LOAN', 'ACTIVE', 1559069303, 'USD', '2021-07-18', '2025-07-18', 3, 'FIN', 207, 5, 2, 6, 5, 'AMER', 'FIXED', 'SOFR', 186, 4.56, 'ACT/365', 'AMORTIZING', 'N', 'Y', 'FAC-2021-08174-B', 'MONTHLY', '2024-01-01', NULL, 'Y');
INSERT INTO l1.facility_master (facility_id, credit_agreement_id, counterparty_id, facility_name, facility_type, facility_status, committed_facility_amt, currency_code, origination_date, maturity_date, portfolio_id, industry_code, lob_segment_id, product_node_id, rate_index_id, ledger_account_id, product_id, region_code, interest_rate_type, interest_rate_reference, interest_rate_spread_bps, all_in_rate_pct, day_count_convention, amortization_type, revolving_flag, active_flag, facility_reference, payment_frequency, effective_start_date, effective_end_date, is_current_flag) VALUES (8175, 2241, 2781, 'Apex — USD L/C 2025-C', 'LETTER_OF_CREDIT', 'ACTIVE', 866149613, 'USD', '2021-07-18', '2025-07-18', 5, 'FIN', 208, 3, 5, 4, 3, 'AMER', 'FLOATING', 'SOFR', 186, 4.43, 'ACT/360', 'AMORTIZING', 'N', 'Y', 'FAC-2021-08175-C', 'QUARTERLY', '2024-01-01', NULL, 'Y');

-- ────────────────────────────────────────
-- l1.facility_lender_allocation (9 rows)
-- ────────────────────────────────────────
INSERT INTO l1.facility_lender_allocation (lender_allocation_id, facility_id, legal_entity_id, allocation_role, bank_share_pct, is_current_flag, effective_start_date, effective_end_date) VALUES (100024, 8167, 1, 'LEAD_ARRANGER', 1, 'Y', '2024-07-02', NULL);
INSERT INTO l1.facility_lender_allocation (lender_allocation_id, facility_id, legal_entity_id, allocation_role, bank_share_pct, is_current_flag, effective_start_date, effective_end_date) VALUES (100025, 8168, 4, 'LEAD_ARRANGER', 1, 'Y', '2024-07-02', NULL);
INSERT INTO l1.facility_lender_allocation (lender_allocation_id, facility_id, legal_entity_id, allocation_role, bank_share_pct, is_current_flag, effective_start_date, effective_end_date) VALUES (100026, 8169, 4, 'LEAD_ARRANGER', 1, 'Y', '2024-07-02', NULL);
INSERT INTO l1.facility_lender_allocation (lender_allocation_id, facility_id, legal_entity_id, allocation_role, bank_share_pct, is_current_flag, effective_start_date, effective_end_date) VALUES (100027, 8170, 4, 'LEAD_ARRANGER', 1, 'Y', '2022-09-19', NULL);
INSERT INTO l1.facility_lender_allocation (lender_allocation_id, facility_id, legal_entity_id, allocation_role, bank_share_pct, is_current_flag, effective_start_date, effective_end_date) VALUES (100028, 8171, 2, 'LEAD_ARRANGER', 1, 'Y', '2022-09-19', NULL);
INSERT INTO l1.facility_lender_allocation (lender_allocation_id, facility_id, legal_entity_id, allocation_role, bank_share_pct, is_current_flag, effective_start_date, effective_end_date) VALUES (100029, 8172, 1, 'LEAD_ARRANGER', 1, 'Y', '2022-09-19', NULL);
INSERT INTO l1.facility_lender_allocation (lender_allocation_id, facility_id, legal_entity_id, allocation_role, bank_share_pct, is_current_flag, effective_start_date, effective_end_date) VALUES (100030, 8173, 5, 'LEAD_ARRANGER', 1, 'Y', '2021-07-18', NULL);
INSERT INTO l1.facility_lender_allocation (lender_allocation_id, facility_id, legal_entity_id, allocation_role, bank_share_pct, is_current_flag, effective_start_date, effective_end_date) VALUES (100031, 8174, 1, 'LEAD_ARRANGER', 1, 'Y', '2021-07-18', NULL);
INSERT INTO l1.facility_lender_allocation (lender_allocation_id, facility_id, legal_entity_id, allocation_role, bank_share_pct, is_current_flag, effective_start_date, effective_end_date) VALUES (100032, 8175, 4, 'LEAD_ARRANGER', 1, 'Y', '2021-07-18', NULL);

-- ────────────────────────────────────────
-- l2.facility_exposure_snapshot (27 rows)
-- ────────────────────────────────────────
INSERT INTO l2.facility_exposure_snapshot (facility_exposure_id, facility_id, counterparty_id, as_of_date, exposure_type_id, drawn_amount, committed_amount, undrawn_amount, currency_code, limit_status_code) VALUES (200070, 8167, 2779, '2024-11-30', 1, 861245158, 1076556447, 215311289, 'USD', 'WITHIN_LIMIT');
INSERT INTO l2.facility_exposure_snapshot (facility_exposure_id, facility_id, counterparty_id, as_of_date, exposure_type_id, drawn_amount, committed_amount, undrawn_amount, currency_code, limit_status_code) VALUES (200071, 8167, 2779, '2024-12-31', 1, 915072980, 1076556447, 161483467, 'USD', 'WITHIN_LIMIT');
INSERT INTO l2.facility_exposure_snapshot (facility_exposure_id, facility_id, counterparty_id, as_of_date, exposure_type_id, drawn_amount, committed_amount, undrawn_amount, currency_code, limit_status_code) VALUES (200072, 8167, 2779, '2025-01-31', 1, 882776287, 1076556447, 193780160, 'USD', 'WITHIN_LIMIT');
INSERT INTO l2.facility_exposure_snapshot (facility_exposure_id, facility_id, counterparty_id, as_of_date, exposure_type_id, drawn_amount, committed_amount, undrawn_amount, currency_code, limit_status_code) VALUES (200073, 8168, 2779, '2024-11-30', 1, 1291867736, 1614834670, 322966934, 'USD', 'WITHIN_LIMIT');
INSERT INTO l2.facility_exposure_snapshot (facility_exposure_id, facility_id, counterparty_id, as_of_date, exposure_type_id, drawn_amount, committed_amount, undrawn_amount, currency_code, limit_status_code) VALUES (200074, 8168, 2779, '2024-12-31', 1, 1372609470, 1614834670, 242225200, 'USD', 'WITHIN_LIMIT');
INSERT INTO l2.facility_exposure_snapshot (facility_exposure_id, facility_id, counterparty_id, as_of_date, exposure_type_id, drawn_amount, committed_amount, undrawn_amount, currency_code, limit_status_code) VALUES (200075, 8168, 2779, '2025-01-31', 1, 1324164429, 1614834670, 290670241, 'USD', 'WITHIN_LIMIT');
INSERT INTO l2.facility_exposure_snapshot (facility_exposure_id, facility_id, counterparty_id, as_of_date, exposure_type_id, drawn_amount, committed_amount, undrawn_amount, currency_code, limit_status_code) VALUES (200076, 8169, 2779, '2024-11-30', 1, 717704298, 897130372, 179426074, 'USD', 'WITHIN_LIMIT');
INSERT INTO l2.facility_exposure_snapshot (facility_exposure_id, facility_id, counterparty_id, as_of_date, exposure_type_id, drawn_amount, committed_amount, undrawn_amount, currency_code, limit_status_code) VALUES (200077, 8169, 2779, '2024-12-31', 1, 762560816, 897130372, 134569556, 'USD', 'WITHIN_LIMIT');
INSERT INTO l2.facility_exposure_snapshot (facility_exposure_id, facility_id, counterparty_id, as_of_date, exposure_type_id, drawn_amount, committed_amount, undrawn_amount, currency_code, limit_status_code) VALUES (200078, 8169, 2779, '2025-01-31', 1, 735646905, 897130372, 161483467, 'USD', 'WITHIN_LIMIT');
INSERT INTO l2.facility_exposure_snapshot (facility_exposure_id, facility_id, counterparty_id, as_of_date, exposure_type_id, drawn_amount, committed_amount, undrawn_amount, currency_code, limit_status_code) VALUES (200079, 8170, 2780, '2024-11-30', 1, 84809579, 106011974, 21202395, 'USD', 'WITHIN_LIMIT');
INSERT INTO l2.facility_exposure_snapshot (facility_exposure_id, facility_id, counterparty_id, as_of_date, exposure_type_id, drawn_amount, committed_amount, undrawn_amount, currency_code, limit_status_code) VALUES (200080, 8170, 2780, '2024-12-31', 1, 90110178, 106011974, 15901796, 'USD', 'WITHIN_LIMIT');
INSERT INTO l2.facility_exposure_snapshot (facility_exposure_id, facility_id, counterparty_id, as_of_date, exposure_type_id, drawn_amount, committed_amount, undrawn_amount, currency_code, limit_status_code) VALUES (200081, 8170, 2780, '2025-01-31', 1, 86929819, 106011974, 19082155, 'USD', 'WITHIN_LIMIT');
INSERT INTO l2.facility_exposure_snapshot (facility_exposure_id, facility_id, counterparty_id, as_of_date, exposure_type_id, drawn_amount, committed_amount, undrawn_amount, currency_code, limit_status_code) VALUES (200082, 8171, 2780, '2024-11-30', 1, 127214370, 159017962, 31803592, 'USD', 'WITHIN_LIMIT');
INSERT INTO l2.facility_exposure_snapshot (facility_exposure_id, facility_id, counterparty_id, as_of_date, exposure_type_id, drawn_amount, committed_amount, undrawn_amount, currency_code, limit_status_code) VALUES (200083, 8171, 2780, '2024-12-31', 1, 135165268, 159017962, 23852694, 'USD', 'WITHIN_LIMIT');
INSERT INTO l2.facility_exposure_snapshot (facility_exposure_id, facility_id, counterparty_id, as_of_date, exposure_type_id, drawn_amount, committed_amount, undrawn_amount, currency_code, limit_status_code) VALUES (200084, 8171, 2780, '2025-01-31', 1, 130394729, 159017962, 28623233, 'USD', 'WITHIN_LIMIT');
INSERT INTO l2.facility_exposure_snapshot (facility_exposure_id, facility_id, counterparty_id, as_of_date, exposure_type_id, drawn_amount, committed_amount, undrawn_amount, currency_code, limit_status_code) VALUES (200085, 8172, 2780, '2024-11-30', 1, 70674650, 88343312, 17668662, 'USD', 'WITHIN_LIMIT');
INSERT INTO l2.facility_exposure_snapshot (facility_exposure_id, facility_id, counterparty_id, as_of_date, exposure_type_id, drawn_amount, committed_amount, undrawn_amount, currency_code, limit_status_code) VALUES (200086, 8172, 2780, '2024-12-31', 1, 75091815, 88343312, 13251497, 'USD', 'WITHIN_LIMIT');
INSERT INTO l2.facility_exposure_snapshot (facility_exposure_id, facility_id, counterparty_id, as_of_date, exposure_type_id, drawn_amount, committed_amount, undrawn_amount, currency_code, limit_status_code) VALUES (200087, 8172, 2780, '2025-01-31', 1, 72441516, 88343312, 15901796, 'USD', 'WITHIN_LIMIT');
INSERT INTO l2.facility_exposure_snapshot (facility_exposure_id, facility_id, counterparty_id, as_of_date, exposure_type_id, drawn_amount, committed_amount, undrawn_amount, currency_code, limit_status_code) VALUES (200088, 8173, 2781, '2024-11-30', 1, 509295973, 1039379536, 530083563, 'USD', 'WITHIN_LIMIT');
INSERT INTO l2.facility_exposure_snapshot (facility_exposure_id, facility_id, counterparty_id, as_of_date, exposure_type_id, drawn_amount, committed_amount, undrawn_amount, currency_code, limit_status_code) VALUES (200089, 8173, 2781, '2024-12-31', 1, 488508382, 1039379536, 550871154, 'USD', 'WITHIN_LIMIT');
INSERT INTO l2.facility_exposure_snapshot (facility_exposure_id, facility_id, counterparty_id, as_of_date, exposure_type_id, drawn_amount, committed_amount, undrawn_amount, currency_code, limit_status_code) VALUES (200090, 8173, 2781, '2025-01-31', 1, 498902177, 1039379536, 540477359, 'USD', 'WITHIN_LIMIT');
INSERT INTO l2.facility_exposure_snapshot (facility_exposure_id, facility_id, counterparty_id, as_of_date, exposure_type_id, drawn_amount, committed_amount, undrawn_amount, currency_code, limit_status_code) VALUES (200091, 8174, 2781, '2024-11-30', 1, 763943958, 1559069303, 795125345, 'USD', 'WITHIN_LIMIT');
INSERT INTO l2.facility_exposure_snapshot (facility_exposure_id, facility_id, counterparty_id, as_of_date, exposure_type_id, drawn_amount, committed_amount, undrawn_amount, currency_code, limit_status_code) VALUES (200092, 8174, 2781, '2024-12-31', 1, 732762572, 1559069303, 826306731, 'USD', 'WITHIN_LIMIT');
INSERT INTO l2.facility_exposure_snapshot (facility_exposure_id, facility_id, counterparty_id, as_of_date, exposure_type_id, drawn_amount, committed_amount, undrawn_amount, currency_code, limit_status_code) VALUES (200093, 8174, 2781, '2025-01-31', 1, 748353265, 1559069303, 810716038, 'USD', 'WITHIN_LIMIT');
INSERT INTO l2.facility_exposure_snapshot (facility_exposure_id, facility_id, counterparty_id, as_of_date, exposure_type_id, drawn_amount, committed_amount, undrawn_amount, currency_code, limit_status_code) VALUES (200094, 8175, 2781, '2024-11-30', 1, 424413310, 866149613, 441736303, 'USD', 'WITHIN_LIMIT');
INSERT INTO l2.facility_exposure_snapshot (facility_exposure_id, facility_id, counterparty_id, as_of_date, exposure_type_id, drawn_amount, committed_amount, undrawn_amount, currency_code, limit_status_code) VALUES (200095, 8175, 2781, '2024-12-31', 1, 407090318, 866149613, 459059295, 'USD', 'WITHIN_LIMIT');
INSERT INTO l2.facility_exposure_snapshot (facility_exposure_id, facility_id, counterparty_id, as_of_date, exposure_type_id, drawn_amount, committed_amount, undrawn_amount, currency_code, limit_status_code) VALUES (200096, 8175, 2781, '2025-01-31', 1, 415751814, 866149613, 450397799, 'USD', 'WITHIN_LIMIT');

-- ────────────────────────────────────────
-- l2.credit_event (1 rows)
-- ────────────────────────────────────────
INSERT INTO l2.credit_event (credit_event_id, counterparty_id, credit_event_type_code, event_date, event_summary, event_status) VALUES (5388, 2779, 4, '2024-12-20', 'Leverage ratio covenant test triggered at 6.8x vs 6.5x limit', 'CONFIRMED');

-- ────────────────────────────────────────
-- l2.credit_event_facility_link (3 rows)
-- ────────────────────────────────────────
INSERT INTO l2.credit_event_facility_link (link_id, credit_event_id, facility_id) VALUES (300007, 5388, 8167);
INSERT INTO l2.credit_event_facility_link (link_id, credit_event_id, facility_id) VALUES (300008, 5388, 8168);
INSERT INTO l2.credit_event_facility_link (link_id, credit_event_id, facility_id) VALUES (300009, 5388, 8169);

-- ────────────────────────────────────────
-- l2.risk_flag (6 rows)
-- ────────────────────────────────────────
INSERT INTO l2.risk_flag (risk_flag_id, facility_id, counterparty_id, flag_type, flag_code, flag_severity, as_of_date, flag_description) VALUES (7916, 8167, 2779, 'WATCH_LIST', 'LEVERAGE_EXCESSIVE', 'HIGH', '2025-01-31', 'Total leverage exceeds 6.5x EBITDA covenant threshold');
INSERT INTO l2.risk_flag (risk_flag_id, facility_id, counterparty_id, flag_type, flag_code, flag_severity, as_of_date, flag_description) VALUES (7917, 8170, 2780, 'WATCH_LIST', 'LEVERAGE_EXCESSIVE', 'HIGH', '2025-01-31', 'Total leverage exceeds 6.5x EBITDA covenant threshold');
INSERT INTO l2.risk_flag (risk_flag_id, facility_id, counterparty_id, flag_type, flag_code, flag_severity, as_of_date, flag_description) VALUES (7918, 8173, 2781, 'WATCH_LIST', 'LEVERAGE_EXCESSIVE', 'HIGH', '2025-01-31', 'Total leverage exceeds 6.5x EBITDA covenant threshold');
INSERT INTO l2.risk_flag (risk_flag_id, facility_id, counterparty_id, flag_type, flag_code, flag_severity, as_of_date, flag_description) VALUES (7919, 8167, 2779, 'CONCENTRATION', 'REVOLVER_DRAW_SPIKE', 'MEDIUM', '2025-01-31', 'Revolver utilization increased 40% in 60 days');
INSERT INTO l2.risk_flag (risk_flag_id, facility_id, counterparty_id, flag_type, flag_code, flag_severity, as_of_date, flag_description) VALUES (7920, 8170, 2780, 'CONCENTRATION', 'REVOLVER_DRAW_SPIKE', 'MEDIUM', '2025-01-31', 'Revolver utilization increased 40% in 60 days');
INSERT INTO l2.risk_flag (risk_flag_id, facility_id, counterparty_id, flag_type, flag_code, flag_severity, as_of_date, flag_description) VALUES (7921, 8173, 2781, 'CONCENTRATION', 'REVOLVER_DRAW_SPIKE', 'MEDIUM', '2025-01-31', 'Revolver utilization increased 40% in 60 days');


-- ═════════════════════════════════════════════════════════════════
-- Scenario S22: Healthcare Rating Divergence
-- Hospital chain has 3-notch internal vs external rating gap after failed merger and malpractice liabilities
-- Generated: 2026-03-10T04:28:27.425Z
-- ═════════════════════════════════════════════════════════════════

SET search_path TO l1, l2, public;

-- ────────────────────────────────────────
-- l1.counterparty (3 rows)
-- ────────────────────────────────────────
INSERT INTO l1.counterparty (counterparty_id, legal_name, counterparty_type, country_code, entity_type_code, industry_id, basel_asset_class, basel_risk_grade, call_report_counterparty_type, external_rating_fitch, external_rating_moodys, external_rating_sp, fr2590_counterparty_type, internal_risk_rating, is_affiliated, is_central_counterparty, is_financial_institution, is_insider, is_multilateral_dev_bank, is_parent_flag, is_public_sector_entity, is_regulated_entity, is_sovereign, lei_code, lgd_unsecured, pd_annual, regulatory_counterparty_type, y14_obligor_type, effective_start_date, effective_end_date, is_current_flag) VALUES (2782, 'MedCore Health Systems Inc.', 'BANK', 'US', 'BANK', 3, 'BANK', '5', 'DEPOSITORY', 'BBB-', 'Ba1', 'BBB-', 'FINANCIAL', '6', 'N', 'N', 'Y', 'N', 'N', 'N', 'N', 'Y', 'N', '529900D5VB89I5MJKVPX', 0.48, 0.0108, 'BANK', 'BANK', '2020-01-01', NULL, 'Y');
INSERT INTO l1.counterparty (counterparty_id, legal_name, counterparty_type, country_code, entity_type_code, industry_id, basel_asset_class, basel_risk_grade, call_report_counterparty_type, external_rating_fitch, external_rating_moodys, external_rating_sp, fr2590_counterparty_type, internal_risk_rating, is_affiliated, is_central_counterparty, is_financial_institution, is_insider, is_multilateral_dev_bank, is_parent_flag, is_public_sector_entity, is_regulated_entity, is_sovereign, lei_code, lgd_unsecured, pd_annual, regulatory_counterparty_type, y14_obligor_type, effective_start_date, effective_end_date, is_current_flag) VALUES (2783, 'Pacific Regional Medical Group', 'BANK', 'US', 'BANK', 3, 'BANK', '4', 'DEPOSITORY', 'BBB+', 'Baa2', 'BBB', 'FINANCIAL', '4', 'N', 'N', 'Y', 'N', 'N', 'N', 'N', 'Y', 'N', '529900KKP3D9IYX5TLD5', 0.45, 0.0039, 'BANK', 'BANK', '2020-01-01', NULL, 'Y');
INSERT INTO l1.counterparty (counterparty_id, legal_name, counterparty_type, country_code, entity_type_code, industry_id, basel_asset_class, basel_risk_grade, call_report_counterparty_type, external_rating_fitch, external_rating_moodys, external_rating_sp, fr2590_counterparty_type, internal_risk_rating, is_affiliated, is_central_counterparty, is_financial_institution, is_insider, is_multilateral_dev_bank, is_parent_flag, is_public_sector_entity, is_regulated_entity, is_sovereign, lei_code, lgd_unsecured, pd_annual, regulatory_counterparty_type, y14_obligor_type, effective_start_date, effective_end_date, is_current_flag) VALUES (2784, 'Cornerstone Senior Living REIT', 'RE_TRUST', 'US', 'RE', 10, 'CRE', '4', 'CRE_NONFARM', 'BBB', 'Baa1', 'BBB', 'NON_FINANCIAL', '4', 'N', 'N', 'N', 'N', 'N', 'Y', 'N', 'N', 'N', '529900HU17FLBKNHBVZW', 0.45, 0.0041, 'CRE', 'MIDDLE_MARKET', '2020-01-01', NULL, 'Y');

-- ────────────────────────────────────────
-- l1.credit_agreement_master (3 rows)
-- ────────────────────────────────────────
INSERT INTO l1.credit_agreement_master (credit_agreement_id, borrower_counterparty_id, lender_legal_entity_id, agreement_type, status_code, agreement_reference, currency_code, origination_date, maturity_date, effective_start_date, effective_end_date, is_current_flag) VALUES (2242, 2782, 2, 'SYNDICATED', 'ACTIVE', 'CA-2023-02242-USD', 'USD', '2023-12-17', '2027-12-17', '2024-01-01', NULL, 'Y');
INSERT INTO l1.credit_agreement_master (credit_agreement_id, borrower_counterparty_id, lender_legal_entity_id, agreement_type, status_code, agreement_reference, currency_code, origination_date, maturity_date, effective_start_date, effective_end_date, is_current_flag) VALUES (2243, 2783, 9, 'SYNDICATED', 'ACTIVE', 'CA-2024-02243-USD', 'USD', '2024-06-03', '2028-06-03', '2024-01-01', NULL, 'Y');
INSERT INTO l1.credit_agreement_master (credit_agreement_id, borrower_counterparty_id, lender_legal_entity_id, agreement_type, status_code, agreement_reference, currency_code, origination_date, maturity_date, effective_start_date, effective_end_date, is_current_flag) VALUES (2244, 2784, 7, 'SYNDICATED', 'ACTIVE', 'CA-2023-02244-USD', 'USD', '2023-11-14', '2029-11-14', '2024-01-01', NULL, 'Y');

-- ────────────────────────────────────────
-- l1.facility_master (6 rows)
-- ────────────────────────────────────────
INSERT INTO l1.facility_master (facility_id, credit_agreement_id, counterparty_id, facility_name, facility_type, facility_status, committed_facility_amt, currency_code, origination_date, maturity_date, portfolio_id, industry_code, lob_segment_id, product_node_id, rate_index_id, ledger_account_id, product_id, region_code, interest_rate_type, interest_rate_reference, interest_rate_spread_bps, all_in_rate_pct, day_count_convention, amortization_type, revolving_flag, active_flag, facility_reference, payment_frequency, effective_start_date, effective_end_date, is_current_flag) VALUES (8176, 2242, 2782, 'MedCore — USD Revolver 2028-A', 'REVOLVING_CREDIT', 'ACTIVE', 52505053, 'USD', '2022-09-12', '2028-09-12', 10, 'HC', 209, 10, 2, 4, 3, 'AMER', 'FLOATING', 'SOFR', 455, 7.49, 'ACT/360', 'BULLET', 'Y', 'Y', 'FAC-2022-08176-A', 'MONTHLY', '2024-01-01', NULL, 'Y');
INSERT INTO l1.facility_master (facility_id, credit_agreement_id, counterparty_id, facility_name, facility_type, facility_status, committed_facility_amt, currency_code, origination_date, maturity_date, portfolio_id, industry_code, lob_segment_id, product_node_id, rate_index_id, ledger_account_id, product_id, region_code, interest_rate_type, interest_rate_reference, interest_rate_spread_bps, all_in_rate_pct, day_count_convention, amortization_type, revolving_flag, active_flag, facility_reference, payment_frequency, effective_start_date, effective_end_date, is_current_flag) VALUES (8177, 2242, 2782, 'MedCore — USD Term Loan 2028-B', 'TERM_LOAN', 'ACTIVE', 78757579, 'USD', '2022-09-12', '2028-09-12', 2, 'HC', 210, 4, 5, 8, 4, 'AMER', 'FIXED', 'SOFR', 455, 8.01, 'ACT/360', 'BULLET', 'N', 'Y', 'FAC-2022-08177-B', 'QUARTERLY', '2024-01-01', NULL, 'Y');
INSERT INTO l1.facility_master (facility_id, credit_agreement_id, counterparty_id, facility_name, facility_type, facility_status, committed_facility_amt, currency_code, origination_date, maturity_date, portfolio_id, industry_code, lob_segment_id, product_node_id, rate_index_id, ledger_account_id, product_id, region_code, interest_rate_type, interest_rate_reference, interest_rate_spread_bps, all_in_rate_pct, day_count_convention, amortization_type, revolving_flag, active_flag, facility_reference, payment_frequency, effective_start_date, effective_end_date, is_current_flag) VALUES (8178, 2243, 2783, 'Pacific — USD Revolver 2030-A', 'REVOLVING_CREDIT', 'ACTIVE', 83227841, 'USD', '2024-12-23', '2030-12-23', 3, 'HC', 211, 6, 4, 8, 5, 'AMER', 'FLOATING', 'SOFR', 292, 5.64, 'ACT/365', 'BULLET', 'Y', 'Y', 'FAC-2024-08178-A', 'QUARTERLY', '2024-01-01', NULL, 'Y');
INSERT INTO l1.facility_master (facility_id, credit_agreement_id, counterparty_id, facility_name, facility_type, facility_status, committed_facility_amt, currency_code, origination_date, maturity_date, portfolio_id, industry_code, lob_segment_id, product_node_id, rate_index_id, ledger_account_id, product_id, region_code, interest_rate_type, interest_rate_reference, interest_rate_spread_bps, all_in_rate_pct, day_count_convention, amortization_type, revolving_flag, active_flag, facility_reference, payment_frequency, effective_start_date, effective_end_date, is_current_flag) VALUES (8179, 2243, 2783, 'Pacific — USD Term Loan 2030-B', 'TERM_LOAN', 'ACTIVE', 124841762, 'USD', '2024-12-23', '2030-12-23', 3, 'HC', 212, 1, 4, 5, 5, 'AMER', 'FIXED', 'SOFR', 292, 5.54, 'ACT/365', 'AMORTIZING', 'N', 'Y', 'FAC-2024-08179-B', 'QUARTERLY', '2024-01-01', NULL, 'Y');
INSERT INTO l1.facility_master (facility_id, credit_agreement_id, counterparty_id, facility_name, facility_type, facility_status, committed_facility_amt, currency_code, origination_date, maturity_date, portfolio_id, industry_code, lob_segment_id, product_node_id, rate_index_id, ledger_account_id, product_id, region_code, interest_rate_type, interest_rate_reference, interest_rate_spread_bps, all_in_rate_pct, day_count_convention, amortization_type, revolving_flag, active_flag, facility_reference, payment_frequency, effective_start_date, effective_end_date, is_current_flag) VALUES (8180, 2244, 2784, 'Cornerstone — USD Revolver 2024-A', 'REVOLVING_CREDIT', 'ACTIVE', 21445922, 'USD', '2020-12-03', '2024-12-03', 5, 'RE', 213, 3, 1, 4, 5, 'AMER', 'FLOATING', 'SOFR', 301, 6.82, 'ACT/360', 'BULLET', 'Y', 'Y', 'FAC-2020-08180-A', 'QUARTERLY', '2024-01-01', NULL, 'Y');
INSERT INTO l1.facility_master (facility_id, credit_agreement_id, counterparty_id, facility_name, facility_type, facility_status, committed_facility_amt, currency_code, origination_date, maturity_date, portfolio_id, industry_code, lob_segment_id, product_node_id, rate_index_id, ledger_account_id, product_id, region_code, interest_rate_type, interest_rate_reference, interest_rate_spread_bps, all_in_rate_pct, day_count_convention, amortization_type, revolving_flag, active_flag, facility_reference, payment_frequency, effective_start_date, effective_end_date, is_current_flag) VALUES (8181, 2244, 2784, 'Cornerstone — USD Term Loan 2024-B', 'TERM_LOAN', 'ACTIVE', 32168883, 'USD', '2020-12-03', '2024-12-03', 3, 'RE', 214, 10, 5, 1, 2, 'AMER', 'FLOATING', 'SOFR', 301, 5.66, 'ACT/360', 'BULLET', 'N', 'Y', 'FAC-2020-08181-B', 'QUARTERLY', '2024-01-01', NULL, 'Y');

-- ────────────────────────────────────────
-- l1.facility_lender_allocation (6 rows)
-- ────────────────────────────────────────
INSERT INTO l1.facility_lender_allocation (lender_allocation_id, facility_id, legal_entity_id, allocation_role, bank_share_pct, is_current_flag, effective_start_date, effective_end_date) VALUES (100033, 8176, 4, 'LEAD_ARRANGER', 1, 'Y', '2022-09-12', NULL);
INSERT INTO l1.facility_lender_allocation (lender_allocation_id, facility_id, legal_entity_id, allocation_role, bank_share_pct, is_current_flag, effective_start_date, effective_end_date) VALUES (100034, 8177, 1, 'LEAD_ARRANGER', 1, 'Y', '2022-09-12', NULL);
INSERT INTO l1.facility_lender_allocation (lender_allocation_id, facility_id, legal_entity_id, allocation_role, bank_share_pct, is_current_flag, effective_start_date, effective_end_date) VALUES (100035, 8178, 1, 'LEAD_ARRANGER', 1, 'Y', '2024-12-23', NULL);
INSERT INTO l1.facility_lender_allocation (lender_allocation_id, facility_id, legal_entity_id, allocation_role, bank_share_pct, is_current_flag, effective_start_date, effective_end_date) VALUES (100036, 8179, 5, 'LEAD_ARRANGER', 1, 'Y', '2024-12-23', NULL);
INSERT INTO l1.facility_lender_allocation (lender_allocation_id, facility_id, legal_entity_id, allocation_role, bank_share_pct, is_current_flag, effective_start_date, effective_end_date) VALUES (100037, 8180, 4, 'LEAD_ARRANGER', 1, 'Y', '2020-12-03', NULL);
INSERT INTO l1.facility_lender_allocation (lender_allocation_id, facility_id, legal_entity_id, allocation_role, bank_share_pct, is_current_flag, effective_start_date, effective_end_date) VALUES (100038, 8181, 1, 'LEAD_ARRANGER', 1, 'Y', '2020-12-03', NULL);

-- ────────────────────────────────────────
-- l2.facility_exposure_snapshot (18 rows)
-- ────────────────────────────────────────
INSERT INTO l2.facility_exposure_snapshot (facility_exposure_id, facility_id, counterparty_id, as_of_date, exposure_type_id, drawn_amount, committed_amount, undrawn_amount, currency_code, limit_status_code) VALUES (200097, 8176, 2782, '2024-11-30', 1, 42004042, 52505053, 10501011, 'USD', 'WITHIN_LIMIT');
INSERT INTO l2.facility_exposure_snapshot (facility_exposure_id, facility_id, counterparty_id, as_of_date, exposure_type_id, drawn_amount, committed_amount, undrawn_amount, currency_code, limit_status_code) VALUES (200098, 8176, 2782, '2024-12-31', 1, 44629295, 52505053, 7875758, 'USD', 'WITHIN_LIMIT');
INSERT INTO l2.facility_exposure_snapshot (facility_exposure_id, facility_id, counterparty_id, as_of_date, exposure_type_id, drawn_amount, committed_amount, undrawn_amount, currency_code, limit_status_code) VALUES (200099, 8176, 2782, '2025-01-31', 1, 43054143, 52505053, 9450910, 'USD', 'WITHIN_LIMIT');
INSERT INTO l2.facility_exposure_snapshot (facility_exposure_id, facility_id, counterparty_id, as_of_date, exposure_type_id, drawn_amount, committed_amount, undrawn_amount, currency_code, limit_status_code) VALUES (200100, 8177, 2782, '2024-11-30', 1, 63006063, 78757579, 15751516, 'USD', 'WITHIN_LIMIT');
INSERT INTO l2.facility_exposure_snapshot (facility_exposure_id, facility_id, counterparty_id, as_of_date, exposure_type_id, drawn_amount, committed_amount, undrawn_amount, currency_code, limit_status_code) VALUES (200101, 8177, 2782, '2024-12-31', 1, 66943942, 78757579, 11813637, 'USD', 'WITHIN_LIMIT');
INSERT INTO l2.facility_exposure_snapshot (facility_exposure_id, facility_id, counterparty_id, as_of_date, exposure_type_id, drawn_amount, committed_amount, undrawn_amount, currency_code, limit_status_code) VALUES (200102, 8177, 2782, '2025-01-31', 1, 64581215, 78757579, 14176364, 'USD', 'WITHIN_LIMIT');
INSERT INTO l2.facility_exposure_snapshot (facility_exposure_id, facility_id, counterparty_id, as_of_date, exposure_type_id, drawn_amount, committed_amount, undrawn_amount, currency_code, limit_status_code) VALUES (200103, 8178, 2783, '2024-11-30', 1, 64917716, 83227841, 18310125, 'USD', 'WITHIN_LIMIT');
INSERT INTO l2.facility_exposure_snapshot (facility_exposure_id, facility_id, counterparty_id, as_of_date, exposure_type_id, drawn_amount, committed_amount, undrawn_amount, currency_code, limit_status_code) VALUES (200104, 8178, 2783, '2024-12-31', 1, 58259489, 83227841, 24968352, 'USD', 'WITHIN_LIMIT');
INSERT INTO l2.facility_exposure_snapshot (facility_exposure_id, facility_id, counterparty_id, as_of_date, exposure_type_id, drawn_amount, committed_amount, undrawn_amount, currency_code, limit_status_code) VALUES (200105, 8178, 2783, '2025-01-31', 1, 51601261, 83227841, 31626580, 'USD', 'WITHIN_LIMIT');
INSERT INTO l2.facility_exposure_snapshot (facility_exposure_id, facility_id, counterparty_id, as_of_date, exposure_type_id, drawn_amount, committed_amount, undrawn_amount, currency_code, limit_status_code) VALUES (200106, 8179, 2783, '2024-11-30', 1, 97376574, 124841762, 27465188, 'USD', 'WITHIN_LIMIT');
INSERT INTO l2.facility_exposure_snapshot (facility_exposure_id, facility_id, counterparty_id, as_of_date, exposure_type_id, drawn_amount, committed_amount, undrawn_amount, currency_code, limit_status_code) VALUES (200107, 8179, 2783, '2024-12-31', 1, 87389233, 124841762, 37452529, 'USD', 'WITHIN_LIMIT');
INSERT INTO l2.facility_exposure_snapshot (facility_exposure_id, facility_id, counterparty_id, as_of_date, exposure_type_id, drawn_amount, committed_amount, undrawn_amount, currency_code, limit_status_code) VALUES (200108, 8179, 2783, '2025-01-31', 1, 77401892, 124841762, 47439870, 'USD', 'WITHIN_LIMIT');
INSERT INTO l2.facility_exposure_snapshot (facility_exposure_id, facility_id, counterparty_id, as_of_date, exposure_type_id, drawn_amount, committed_amount, undrawn_amount, currency_code, limit_status_code) VALUES (200109, 8180, 2784, '2024-11-30', 1, 12438635, 21445922, 9007287, 'USD', 'WITHIN_LIMIT');
INSERT INTO l2.facility_exposure_snapshot (facility_exposure_id, facility_id, counterparty_id, as_of_date, exposure_type_id, drawn_amount, committed_amount, undrawn_amount, currency_code, limit_status_code) VALUES (200110, 8180, 2784, '2024-12-31', 1, 13082012, 21445922, 8363910, 'USD', 'WITHIN_LIMIT');
INSERT INTO l2.facility_exposure_snapshot (facility_exposure_id, facility_id, counterparty_id, as_of_date, exposure_type_id, drawn_amount, committed_amount, undrawn_amount, currency_code, limit_status_code) VALUES (200111, 8180, 2784, '2025-01-31', 1, 12867553, 21445922, 8578369, 'USD', 'WITHIN_LIMIT');
INSERT INTO l2.facility_exposure_snapshot (facility_exposure_id, facility_id, counterparty_id, as_of_date, exposure_type_id, drawn_amount, committed_amount, undrawn_amount, currency_code, limit_status_code) VALUES (200112, 8181, 2784, '2024-11-30', 1, 18657952, 32168883, 13510931, 'USD', 'WITHIN_LIMIT');
INSERT INTO l2.facility_exposure_snapshot (facility_exposure_id, facility_id, counterparty_id, as_of_date, exposure_type_id, drawn_amount, committed_amount, undrawn_amount, currency_code, limit_status_code) VALUES (200113, 8181, 2784, '2024-12-31', 1, 19623019, 32168883, 12545864, 'USD', 'WITHIN_LIMIT');
INSERT INTO l2.facility_exposure_snapshot (facility_exposure_id, facility_id, counterparty_id, as_of_date, exposure_type_id, drawn_amount, committed_amount, undrawn_amount, currency_code, limit_status_code) VALUES (200114, 8181, 2784, '2025-01-31', 1, 19301330, 32168883, 12867553, 'USD', 'WITHIN_LIMIT');

-- ────────────────────────────────────────
-- l2.counterparty_rating_observation (18 rows)
-- ────────────────────────────────────────
INSERT INTO l2.counterparty_rating_observation (observation_id, counterparty_id, as_of_date, rating_type, rating_value, rating_grade_id, is_internal_flag, pd_implied, rating_source_id) VALUES (50031, 2782, '2024-11-30', 'INTERNAL', 0, 6, 'Y', '0.0126', 1);
INSERT INTO l2.counterparty_rating_observation (observation_id, counterparty_id, as_of_date, rating_type, rating_value, rating_grade_id, is_internal_flag, pd_implied, rating_source_id) VALUES (50032, 2782, '2024-11-30', 'EXTERNAL_MOODYS', 0, 3, 'N', '0.0139', 2);
INSERT INTO l2.counterparty_rating_observation (observation_id, counterparty_id, as_of_date, rating_type, rating_value, rating_grade_id, is_internal_flag, pd_implied, rating_source_id) VALUES (50033, 2782, '2024-12-31', 'INTERNAL', 0, 6, 'Y', '0.0154', 1);
INSERT INTO l2.counterparty_rating_observation (observation_id, counterparty_id, as_of_date, rating_type, rating_value, rating_grade_id, is_internal_flag, pd_implied, rating_source_id) VALUES (50034, 2782, '2024-12-31', 'EXTERNAL_MOODYS', 0, 4, 'N', '0.0169', 2);
INSERT INTO l2.counterparty_rating_observation (observation_id, counterparty_id, as_of_date, rating_type, rating_value, rating_grade_id, is_internal_flag, pd_implied, rating_source_id) VALUES (50035, 2782, '2025-01-31', 'INTERNAL', 0, 6, 'Y', '0.014', 1);
INSERT INTO l2.counterparty_rating_observation (observation_id, counterparty_id, as_of_date, rating_type, rating_value, rating_grade_id, is_internal_flag, pd_implied, rating_source_id) VALUES (50036, 2782, '2025-01-31', 'EXTERNAL_MOODYS', 0, 5, 'N', '0.0154', 2);
INSERT INTO l2.counterparty_rating_observation (observation_id, counterparty_id, as_of_date, rating_type, rating_value, rating_grade_id, is_internal_flag, pd_implied, rating_source_id) VALUES (50037, 2783, '2024-11-30', 'INTERNAL', 0, 4, 'Y', '0.006', 1);
INSERT INTO l2.counterparty_rating_observation (observation_id, counterparty_id, as_of_date, rating_type, rating_value, rating_grade_id, is_internal_flag, pd_implied, rating_source_id) VALUES (50038, 2783, '2024-11-30', 'EXTERNAL_MOODYS', 0, 3, 'N', '0.0066', 2);
INSERT INTO l2.counterparty_rating_observation (observation_id, counterparty_id, as_of_date, rating_type, rating_value, rating_grade_id, is_internal_flag, pd_implied, rating_source_id) VALUES (50039, 2783, '2024-12-31', 'INTERNAL', 0, 4, 'Y', '0.0048', 1);
INSERT INTO l2.counterparty_rating_observation (observation_id, counterparty_id, as_of_date, rating_type, rating_value, rating_grade_id, is_internal_flag, pd_implied, rating_source_id) VALUES (50040, 2783, '2024-12-31', 'EXTERNAL_MOODYS', 0, 4, 'N', '0.0053', 2);
INSERT INTO l2.counterparty_rating_observation (observation_id, counterparty_id, as_of_date, rating_type, rating_value, rating_grade_id, is_internal_flag, pd_implied, rating_source_id) VALUES (50041, 2783, '2025-01-31', 'INTERNAL', 0, 4, 'Y', '0.0039', 1);
INSERT INTO l2.counterparty_rating_observation (observation_id, counterparty_id, as_of_date, rating_type, rating_value, rating_grade_id, is_internal_flag, pd_implied, rating_source_id) VALUES (50042, 2783, '2025-01-31', 'EXTERNAL_MOODYS', 0, 4, 'N', '0.0043', 2);
INSERT INTO l2.counterparty_rating_observation (observation_id, counterparty_id, as_of_date, rating_type, rating_value, rating_grade_id, is_internal_flag, pd_implied, rating_source_id) VALUES (50043, 2784, '2024-11-30', 'INTERNAL', 0, 4, 'Y', '0.0029', 1);
INSERT INTO l2.counterparty_rating_observation (observation_id, counterparty_id, as_of_date, rating_type, rating_value, rating_grade_id, is_internal_flag, pd_implied, rating_source_id) VALUES (50044, 2784, '2024-11-30', 'EXTERNAL_MOODYS', 0, 3, 'N', '0.0032', 2);
INSERT INTO l2.counterparty_rating_observation (observation_id, counterparty_id, as_of_date, rating_type, rating_value, rating_grade_id, is_internal_flag, pd_implied, rating_source_id) VALUES (50045, 2784, '2024-12-31', 'INTERNAL', 0, 4, 'Y', '0.0031', 1);
INSERT INTO l2.counterparty_rating_observation (observation_id, counterparty_id, as_of_date, rating_type, rating_value, rating_grade_id, is_internal_flag, pd_implied, rating_source_id) VALUES (50046, 2784, '2024-12-31', 'EXTERNAL_MOODYS', 0, 3, 'N', '0.0034', 2);
INSERT INTO l2.counterparty_rating_observation (observation_id, counterparty_id, as_of_date, rating_type, rating_value, rating_grade_id, is_internal_flag, pd_implied, rating_source_id) VALUES (50047, 2784, '2025-01-31', 'INTERNAL', 0, 4, 'Y', '0.003', 1);
INSERT INTO l2.counterparty_rating_observation (observation_id, counterparty_id, as_of_date, rating_type, rating_value, rating_grade_id, is_internal_flag, pd_implied, rating_source_id) VALUES (50048, 2784, '2025-01-31', 'EXTERNAL_MOODYS', 0, 3, 'N', '0.0033', 2);

-- ────────────────────────────────────────
-- l2.credit_event (1 rows)
-- ────────────────────────────────────────
INSERT INTO l2.credit_event (credit_event_id, counterparty_id, credit_event_type_code, event_date, event_summary, event_status) VALUES (5389, 2782, 10, '2024-12-01', 'S&P downgrades MedCore to BB- from BBB-; internal rating unchanged', 'CONFIRMED');

-- ────────────────────────────────────────
-- l2.credit_event_facility_link (2 rows)
-- ────────────────────────────────────────
INSERT INTO l2.credit_event_facility_link (link_id, credit_event_id, facility_id) VALUES (300010, 5389, 8176);
INSERT INTO l2.credit_event_facility_link (link_id, credit_event_id, facility_id) VALUES (300011, 5389, 8177);

-- ────────────────────────────────────────
-- l2.risk_flag (6 rows)
-- ────────────────────────────────────────
INSERT INTO l2.risk_flag (risk_flag_id, facility_id, counterparty_id, flag_type, flag_code, flag_severity, as_of_date, flag_description) VALUES (7922, 8176, 2782, 'WATCH_LIST', 'RATING_DIVERGENCE', 'HIGH', '2025-01-31', '3-notch gap between internal (BBB) and external (BB-) rating');
INSERT INTO l2.risk_flag (risk_flag_id, facility_id, counterparty_id, flag_type, flag_code, flag_severity, as_of_date, flag_description) VALUES (7923, 8178, 2783, 'WATCH_LIST', 'RATING_DIVERGENCE', 'HIGH', '2025-01-31', '3-notch gap between internal (BBB) and external (BB-) rating');
INSERT INTO l2.risk_flag (risk_flag_id, facility_id, counterparty_id, flag_type, flag_code, flag_severity, as_of_date, flag_description) VALUES (7924, 8180, 2784, 'WATCH_LIST', 'RATING_DIVERGENCE', 'HIGH', '2025-01-31', '3-notch gap between internal (BBB) and external (BB-) rating');
INSERT INTO l2.risk_flag (risk_flag_id, facility_id, counterparty_id, flag_type, flag_code, flag_severity, as_of_date, flag_description) VALUES (7925, 8176, 2782, 'CONCENTRATION', 'REGULATORY_SCRUTINY', 'MEDIUM', '2025-01-31', 'OCC inquiry into rating governance process');
INSERT INTO l2.risk_flag (risk_flag_id, facility_id, counterparty_id, flag_type, flag_code, flag_severity, as_of_date, flag_description) VALUES (7926, 8178, 2783, 'CONCENTRATION', 'REGULATORY_SCRUTINY', 'MEDIUM', '2025-01-31', 'OCC inquiry into rating governance process');
INSERT INTO l2.risk_flag (risk_flag_id, facility_id, counterparty_id, flag_type, flag_code, flag_severity, as_of_date, flag_description) VALUES (7927, 8180, 2784, 'CONCENTRATION', 'REGULATORY_SCRUTINY', 'MEDIUM', '2025-01-31', 'OCC inquiry into rating governance process');


-- ═════════════════════════════════════════════════════════════════
-- Scenario S23: Bank Counterparty Contagion
-- European bank liquidity crisis triggers $1.4B interbank exposure review with cross-default cascade risk
-- Generated: 2026-03-10T04:28:27.425Z
-- ═════════════════════════════════════════════════════════════════

SET search_path TO l1, l2, public;

-- ────────────────────────────────────────
-- l1.counterparty (3 rows)
-- ────────────────────────────────────────
INSERT INTO l1.counterparty (counterparty_id, legal_name, counterparty_type, country_code, entity_type_code, industry_id, basel_asset_class, basel_risk_grade, call_report_counterparty_type, external_rating_fitch, external_rating_moodys, external_rating_sp, fr2590_counterparty_type, internal_risk_rating, is_affiliated, is_central_counterparty, is_financial_institution, is_insider, is_multilateral_dev_bank, is_parent_flag, is_public_sector_entity, is_regulated_entity, is_sovereign, lei_code, lgd_unsecured, pd_annual, regulatory_counterparty_type, y14_obligor_type, effective_start_date, effective_end_date, is_current_flag) VALUES (2785, 'Rheinische Landesbank AG', 'CORPORATE', 'DE', 'CORP', 1, 'CORPORATE', '4', 'C&I_FOREIGN', 'BBB', 'Baa1', 'BBB+', 'NON_FINANCIAL', '4', 'N', 'N', 'N', 'N', 'N', 'Y', 'N', 'N', 'N', '391200LRYWPHBBOWU2EQ', 0.45, 0.0059, 'CORPORATE', 'LARGE_CORPORATE', '2020-01-01', NULL, 'Y');
INSERT INTO l1.counterparty (counterparty_id, legal_name, counterparty_type, country_code, entity_type_code, industry_id, basel_asset_class, basel_risk_grade, call_report_counterparty_type, external_rating_fitch, external_rating_moodys, external_rating_sp, fr2590_counterparty_type, internal_risk_rating, is_affiliated, is_central_counterparty, is_financial_institution, is_insider, is_multilateral_dev_bank, is_parent_flag, is_public_sector_entity, is_regulated_entity, is_sovereign, lei_code, lgd_unsecured, pd_annual, regulatory_counterparty_type, y14_obligor_type, effective_start_date, effective_end_date, is_current_flag) VALUES (2786, 'Nordic Credit Union Holding AB', 'CORPORATE', 'GB', 'CORP', 1, 'CORPORATE', '4', 'C&I_FOREIGN', 'A', 'A3', 'A', 'NON_FINANCIAL', '3', 'N', 'N', 'N', 'N', 'N', 'N', 'N', 'N', 'N', '213800N9SZPBJKWSUC1J', 0.42, 0.002, 'CORPORATE', 'LARGE_CORPORATE', '2020-01-01', NULL, 'Y');
INSERT INTO l1.counterparty (counterparty_id, legal_name, counterparty_type, country_code, entity_type_code, industry_id, basel_asset_class, basel_risk_grade, call_report_counterparty_type, external_rating_fitch, external_rating_moodys, external_rating_sp, fr2590_counterparty_type, internal_risk_rating, is_affiliated, is_central_counterparty, is_financial_institution, is_insider, is_multilateral_dev_bank, is_parent_flag, is_public_sector_entity, is_regulated_entity, is_sovereign, lei_code, lgd_unsecured, pd_annual, regulatory_counterparty_type, y14_obligor_type, effective_start_date, effective_end_date, is_current_flag) VALUES (2787, 'Zurich Private Banking Corp.', 'CORPORATE', 'CH', 'CORP', 1, 'CORPORATE', '2', 'C&I_FOREIGN', 'A+', 'A1', 'A+', 'NON_FINANCIAL', '2', 'N', 'N', 'N', 'N', 'N', 'N', 'N', 'N', 'N', '506700TMKMJOPUYMF1CC', 0.4, 0.0005, 'CORPORATE', 'LARGE_CORPORATE', '2020-01-01', NULL, 'Y');

-- ────────────────────────────────────────
-- l1.credit_agreement_master (3 rows)
-- ────────────────────────────────────────
INSERT INTO l1.credit_agreement_master (credit_agreement_id, borrower_counterparty_id, lender_legal_entity_id, agreement_type, status_code, agreement_reference, currency_code, origination_date, maturity_date, effective_start_date, effective_end_date, is_current_flag) VALUES (2245, 2785, 8, 'SYNDICATED', 'ACTIVE', 'CA-2020-02245-EUR', 'EUR', '2020-06-17', '2024-06-17', '2024-01-01', NULL, 'Y');
INSERT INTO l1.credit_agreement_master (credit_agreement_id, borrower_counterparty_id, lender_legal_entity_id, agreement_type, status_code, agreement_reference, currency_code, origination_date, maturity_date, effective_start_date, effective_end_date, is_current_flag) VALUES (2246, 2786, 9, 'SYNDICATED', 'ACTIVE', 'CA-2023-02246-GBP', 'GBP', '2023-12-07', '2028-12-07', '2024-01-01', NULL, 'Y');
INSERT INTO l1.credit_agreement_master (credit_agreement_id, borrower_counterparty_id, lender_legal_entity_id, agreement_type, status_code, agreement_reference, currency_code, origination_date, maturity_date, effective_start_date, effective_end_date, is_current_flag) VALUES (2247, 2787, 10, 'SYNDICATED', 'ACTIVE', 'CA-2020-02247-CHF', 'CHF', '2020-11-02', '2026-11-02', '2024-01-01', NULL, 'Y');

-- ────────────────────────────────────────
-- l1.facility_master (9 rows)
-- ────────────────────────────────────────
INSERT INTO l1.facility_master (facility_id, credit_agreement_id, counterparty_id, facility_name, facility_type, facility_status, committed_facility_amt, currency_code, origination_date, maturity_date, portfolio_id, industry_code, lob_segment_id, product_node_id, rate_index_id, ledger_account_id, product_id, region_code, interest_rate_type, interest_rate_reference, interest_rate_spread_bps, all_in_rate_pct, day_count_convention, amortization_type, revolving_flag, active_flag, facility_reference, payment_frequency, effective_start_date, effective_end_date, is_current_flag) VALUES (8182, 2245, 2785, 'Rheinische — EUR Revolver 2026-A', 'REVOLVING_CREDIT', 'ACTIVE', 357729327, 'EUR', '2021-12-18', '2026-12-18', 6, 'FIN', 215, 8, 5, 6, 2, 'EMEA', 'FLOATING', 'EURIBOR', 271, 5.87, 'ACT/360', 'BULLET', 'Y', 'Y', 'FAC-2021-08182-A', 'MONTHLY', '2024-01-01', NULL, 'Y');
INSERT INTO l1.facility_master (facility_id, credit_agreement_id, counterparty_id, facility_name, facility_type, facility_status, committed_facility_amt, currency_code, origination_date, maturity_date, portfolio_id, industry_code, lob_segment_id, product_node_id, rate_index_id, ledger_account_id, product_id, region_code, interest_rate_type, interest_rate_reference, interest_rate_spread_bps, all_in_rate_pct, day_count_convention, amortization_type, revolving_flag, active_flag, facility_reference, payment_frequency, effective_start_date, effective_end_date, is_current_flag) VALUES (8183, 2245, 2785, 'Rheinische — EUR Term Loan 2026-B', 'TERM_LOAN', 'ACTIVE', 536593991, 'EUR', '2021-12-18', '2026-12-18', 3, 'FIN', 216, 8, 3, 3, 5, 'EMEA', 'FLOATING', 'EURIBOR', 271, 5.99, 'ACT/360', 'BULLET', 'N', 'Y', 'FAC-2021-08183-B', 'QUARTERLY', '2024-01-01', NULL, 'Y');
INSERT INTO l1.facility_master (facility_id, credit_agreement_id, counterparty_id, facility_name, facility_type, facility_status, committed_facility_amt, currency_code, origination_date, maturity_date, portfolio_id, industry_code, lob_segment_id, product_node_id, rate_index_id, ledger_account_id, product_id, region_code, interest_rate_type, interest_rate_reference, interest_rate_spread_bps, all_in_rate_pct, day_count_convention, amortization_type, revolving_flag, active_flag, facility_reference, payment_frequency, effective_start_date, effective_end_date, is_current_flag) VALUES (8184, 2245, 2785, 'Rheinische — EUR L/C 2026-C', 'LETTER_OF_CREDIT', 'ACTIVE', 298107773, 'EUR', '2021-12-18', '2026-12-18', 5, 'FIN', 217, 8, 3, 6, 5, 'EMEA', 'FIXED', 'EURIBOR', 271, 5.59, 'ACT/365', 'AMORTIZING', 'N', 'Y', 'FAC-2021-08184-C', 'MONTHLY', '2024-01-01', NULL, 'Y');
INSERT INTO l1.facility_master (facility_id, credit_agreement_id, counterparty_id, facility_name, facility_type, facility_status, committed_facility_amt, currency_code, origination_date, maturity_date, portfolio_id, industry_code, lob_segment_id, product_node_id, rate_index_id, ledger_account_id, product_id, region_code, interest_rate_type, interest_rate_reference, interest_rate_spread_bps, all_in_rate_pct, day_count_convention, amortization_type, revolving_flag, active_flag, facility_reference, payment_frequency, effective_start_date, effective_end_date, is_current_flag) VALUES (8185, 2246, 2786, 'Nordic — GBP Revolver 2026-A', 'REVOLVING_CREDIT', 'ACTIVE', 58068975, 'GBP', '2021-04-19', '2026-04-19', 3, 'FIN', 218, 1, 2, 6, 3, 'EMEA', 'FLOATING', 'SONIA', 192, 5.56, 'ACT/365', 'BULLET', 'Y', 'Y', 'FAC-2021-08185-A', 'QUARTERLY', '2024-01-01', NULL, 'Y');
INSERT INTO l1.facility_master (facility_id, credit_agreement_id, counterparty_id, facility_name, facility_type, facility_status, committed_facility_amt, currency_code, origination_date, maturity_date, portfolio_id, industry_code, lob_segment_id, product_node_id, rate_index_id, ledger_account_id, product_id, region_code, interest_rate_type, interest_rate_reference, interest_rate_spread_bps, all_in_rate_pct, day_count_convention, amortization_type, revolving_flag, active_flag, facility_reference, payment_frequency, effective_start_date, effective_end_date, is_current_flag) VALUES (8186, 2246, 2786, 'Nordic — GBP Term Loan 2026-B', 'TERM_LOAN', 'ACTIVE', 87103463, 'GBP', '2021-04-19', '2026-04-19', 6, 'FIN', 219, 8, 1, 5, 5, 'EMEA', 'FIXED', 'SONIA', 192, 5.25, 'ACT/365', 'AMORTIZING', 'N', 'Y', 'FAC-2021-08186-B', 'MONTHLY', '2024-01-01', NULL, 'Y');
INSERT INTO l1.facility_master (facility_id, credit_agreement_id, counterparty_id, facility_name, facility_type, facility_status, committed_facility_amt, currency_code, origination_date, maturity_date, portfolio_id, industry_code, lob_segment_id, product_node_id, rate_index_id, ledger_account_id, product_id, region_code, interest_rate_type, interest_rate_reference, interest_rate_spread_bps, all_in_rate_pct, day_count_convention, amortization_type, revolving_flag, active_flag, facility_reference, payment_frequency, effective_start_date, effective_end_date, is_current_flag) VALUES (8187, 2246, 2786, 'Nordic — GBP L/C 2026-C', 'LETTER_OF_CREDIT', 'ACTIVE', 48390813, 'GBP', '2021-04-19', '2026-04-19', 3, 'FIN', 220, 9, 4, 4, 3, 'EMEA', 'FIXED', 'SONIA', 192, 5.78, 'ACT/365', 'AMORTIZING', 'N', 'Y', 'FAC-2021-08187-C', 'MONTHLY', '2024-01-01', NULL, 'Y');
INSERT INTO l1.facility_master (facility_id, credit_agreement_id, counterparty_id, facility_name, facility_type, facility_status, committed_facility_amt, currency_code, origination_date, maturity_date, portfolio_id, industry_code, lob_segment_id, product_node_id, rate_index_id, ledger_account_id, product_id, region_code, interest_rate_type, interest_rate_reference, interest_rate_spread_bps, all_in_rate_pct, day_count_convention, amortization_type, revolving_flag, active_flag, facility_reference, payment_frequency, effective_start_date, effective_end_date, is_current_flag) VALUES (8188, 2247, 2787, 'Zurich — CHF Revolver 2029-A', 'REVOLVING_CREDIT', 'ACTIVE', 65939033, 'CHF', '2024-12-12', '2029-12-12', 3, 'FIN', 221, 3, 1, 5, 2, 'EMEA', 'FLOATING', 'SARON', 141, 4.76, 'ACT/360', 'BULLET', 'Y', 'Y', 'FAC-2024-08188-A', 'QUARTERLY', '2024-01-01', NULL, 'Y');
INSERT INTO l1.facility_master (facility_id, credit_agreement_id, counterparty_id, facility_name, facility_type, facility_status, committed_facility_amt, currency_code, origination_date, maturity_date, portfolio_id, industry_code, lob_segment_id, product_node_id, rate_index_id, ledger_account_id, product_id, region_code, interest_rate_type, interest_rate_reference, interest_rate_spread_bps, all_in_rate_pct, day_count_convention, amortization_type, revolving_flag, active_flag, facility_reference, payment_frequency, effective_start_date, effective_end_date, is_current_flag) VALUES (8189, 2247, 2787, 'Zurich — CHF Term Loan 2029-B', 'TERM_LOAN', 'ACTIVE', 98908549, 'CHF', '2024-12-12', '2029-12-12', 1, 'FIN', 222, 9, 4, 4, 1, 'EMEA', 'FLOATING', 'SARON', 141, 4.09, 'ACT/360', 'BULLET', 'N', 'Y', 'FAC-2024-08189-B', 'MONTHLY', '2024-01-01', NULL, 'Y');
INSERT INTO l1.facility_master (facility_id, credit_agreement_id, counterparty_id, facility_name, facility_type, facility_status, committed_facility_amt, currency_code, origination_date, maturity_date, portfolio_id, industry_code, lob_segment_id, product_node_id, rate_index_id, ledger_account_id, product_id, region_code, interest_rate_type, interest_rate_reference, interest_rate_spread_bps, all_in_rate_pct, day_count_convention, amortization_type, revolving_flag, active_flag, facility_reference, payment_frequency, effective_start_date, effective_end_date, is_current_flag) VALUES (8190, 2247, 2787, 'Zurich — CHF L/C 2029-C', 'LETTER_OF_CREDIT', 'ACTIVE', 54949194, 'CHF', '2024-12-12', '2029-12-12', 3, 'FIN', 223, 6, 3, 5, 3, 'EMEA', 'FLOATING', 'SARON', 141, 4.07, 'ACT/365', 'BULLET', 'N', 'Y', 'FAC-2024-08190-C', 'QUARTERLY', '2024-01-01', NULL, 'Y');

-- ────────────────────────────────────────
-- l1.facility_lender_allocation (9 rows)
-- ────────────────────────────────────────
INSERT INTO l1.facility_lender_allocation (lender_allocation_id, facility_id, legal_entity_id, allocation_role, bank_share_pct, is_current_flag, effective_start_date, effective_end_date) VALUES (100039, 8182, 1, 'LEAD_ARRANGER', 1, 'Y', '2021-12-18', NULL);
INSERT INTO l1.facility_lender_allocation (lender_allocation_id, facility_id, legal_entity_id, allocation_role, bank_share_pct, is_current_flag, effective_start_date, effective_end_date) VALUES (100040, 8183, 3, 'LEAD_ARRANGER', 1, 'Y', '2021-12-18', NULL);
INSERT INTO l1.facility_lender_allocation (lender_allocation_id, facility_id, legal_entity_id, allocation_role, bank_share_pct, is_current_flag, effective_start_date, effective_end_date) VALUES (100041, 8184, 1, 'LEAD_ARRANGER', 1, 'Y', '2021-12-18', NULL);
INSERT INTO l1.facility_lender_allocation (lender_allocation_id, facility_id, legal_entity_id, allocation_role, bank_share_pct, is_current_flag, effective_start_date, effective_end_date) VALUES (100042, 8185, 1, 'LEAD_ARRANGER', 1, 'Y', '2021-04-19', NULL);
INSERT INTO l1.facility_lender_allocation (lender_allocation_id, facility_id, legal_entity_id, allocation_role, bank_share_pct, is_current_flag, effective_start_date, effective_end_date) VALUES (100043, 8186, 5, 'LEAD_ARRANGER', 1, 'Y', '2021-04-19', NULL);
INSERT INTO l1.facility_lender_allocation (lender_allocation_id, facility_id, legal_entity_id, allocation_role, bank_share_pct, is_current_flag, effective_start_date, effective_end_date) VALUES (100044, 8187, 4, 'LEAD_ARRANGER', 1, 'Y', '2021-04-19', NULL);
INSERT INTO l1.facility_lender_allocation (lender_allocation_id, facility_id, legal_entity_id, allocation_role, bank_share_pct, is_current_flag, effective_start_date, effective_end_date) VALUES (100045, 8188, 5, 'LEAD_ARRANGER', 1, 'Y', '2024-12-12', NULL);
INSERT INTO l1.facility_lender_allocation (lender_allocation_id, facility_id, legal_entity_id, allocation_role, bank_share_pct, is_current_flag, effective_start_date, effective_end_date) VALUES (100046, 8189, 4, 'LEAD_ARRANGER', 1, 'Y', '2024-12-12', NULL);
INSERT INTO l1.facility_lender_allocation (lender_allocation_id, facility_id, legal_entity_id, allocation_role, bank_share_pct, is_current_flag, effective_start_date, effective_end_date) VALUES (100047, 8190, 5, 'LEAD_ARRANGER', 1, 'Y', '2024-12-12', NULL);

-- ────────────────────────────────────────
-- l2.facility_exposure_snapshot (27 rows)
-- ────────────────────────────────────────
INSERT INTO l2.facility_exposure_snapshot (facility_exposure_id, facility_id, counterparty_id, as_of_date, exposure_type_id, drawn_amount, committed_amount, undrawn_amount, currency_code, limit_status_code) VALUES (200115, 8182, 2785, '2024-11-30', 1, 286183462, 357729327, 71545865, 'EUR', 'WITHIN_LIMIT');
INSERT INTO l2.facility_exposure_snapshot (facility_exposure_id, facility_id, counterparty_id, as_of_date, exposure_type_id, drawn_amount, committed_amount, undrawn_amount, currency_code, limit_status_code) VALUES (200116, 8182, 2785, '2024-12-31', 1, 304069928, 357729327, 53659399, 'EUR', 'WITHIN_LIMIT');
INSERT INTO l2.facility_exposure_snapshot (facility_exposure_id, facility_id, counterparty_id, as_of_date, exposure_type_id, drawn_amount, committed_amount, undrawn_amount, currency_code, limit_status_code) VALUES (200117, 8182, 2785, '2025-01-31', 1, 293338048, 357729327, 64391279, 'EUR', 'WITHIN_LIMIT');
INSERT INTO l2.facility_exposure_snapshot (facility_exposure_id, facility_id, counterparty_id, as_of_date, exposure_type_id, drawn_amount, committed_amount, undrawn_amount, currency_code, limit_status_code) VALUES (200118, 8183, 2785, '2024-11-30', 1, 429275193, 536593991, 107318798, 'EUR', 'WITHIN_LIMIT');
INSERT INTO l2.facility_exposure_snapshot (facility_exposure_id, facility_id, counterparty_id, as_of_date, exposure_type_id, drawn_amount, committed_amount, undrawn_amount, currency_code, limit_status_code) VALUES (200119, 8183, 2785, '2024-12-31', 1, 456104892, 536593991, 80489099, 'EUR', 'WITHIN_LIMIT');
INSERT INTO l2.facility_exposure_snapshot (facility_exposure_id, facility_id, counterparty_id, as_of_date, exposure_type_id, drawn_amount, committed_amount, undrawn_amount, currency_code, limit_status_code) VALUES (200120, 8183, 2785, '2025-01-31', 1, 440007073, 536593991, 96586918, 'EUR', 'WITHIN_LIMIT');
INSERT INTO l2.facility_exposure_snapshot (facility_exposure_id, facility_id, counterparty_id, as_of_date, exposure_type_id, drawn_amount, committed_amount, undrawn_amount, currency_code, limit_status_code) VALUES (200121, 8184, 2785, '2024-11-30', 1, 238486218, 298107773, 59621555, 'EUR', 'WITHIN_LIMIT');
INSERT INTO l2.facility_exposure_snapshot (facility_exposure_id, facility_id, counterparty_id, as_of_date, exposure_type_id, drawn_amount, committed_amount, undrawn_amount, currency_code, limit_status_code) VALUES (200122, 8184, 2785, '2024-12-31', 1, 253391607, 298107773, 44716166, 'EUR', 'WITHIN_LIMIT');
INSERT INTO l2.facility_exposure_snapshot (facility_exposure_id, facility_id, counterparty_id, as_of_date, exposure_type_id, drawn_amount, committed_amount, undrawn_amount, currency_code, limit_status_code) VALUES (200123, 8184, 2785, '2025-01-31', 1, 244448374, 298107773, 53659399, 'EUR', 'WITHIN_LIMIT');
INSERT INTO l2.facility_exposure_snapshot (facility_exposure_id, facility_id, counterparty_id, as_of_date, exposure_type_id, drawn_amount, committed_amount, undrawn_amount, currency_code, limit_status_code) VALUES (200124, 8185, 2786, '2024-11-30', 1, 45293801, 58068975, 12775174, 'GBP', 'WITHIN_LIMIT');
INSERT INTO l2.facility_exposure_snapshot (facility_exposure_id, facility_id, counterparty_id, as_of_date, exposure_type_id, drawn_amount, committed_amount, undrawn_amount, currency_code, limit_status_code) VALUES (200125, 8185, 2786, '2024-12-31', 1, 40648283, 58068975, 17420692, 'GBP', 'WITHIN_LIMIT');
INSERT INTO l2.facility_exposure_snapshot (facility_exposure_id, facility_id, counterparty_id, as_of_date, exposure_type_id, drawn_amount, committed_amount, undrawn_amount, currency_code, limit_status_code) VALUES (200126, 8185, 2786, '2025-01-31', 1, 36002765, 58068975, 22066210, 'GBP', 'WITHIN_LIMIT');
INSERT INTO l2.facility_exposure_snapshot (facility_exposure_id, facility_id, counterparty_id, as_of_date, exposure_type_id, drawn_amount, committed_amount, undrawn_amount, currency_code, limit_status_code) VALUES (200127, 8186, 2786, '2024-11-30', 1, 67940701, 87103463, 19162762, 'GBP', 'WITHIN_LIMIT');
INSERT INTO l2.facility_exposure_snapshot (facility_exposure_id, facility_id, counterparty_id, as_of_date, exposure_type_id, drawn_amount, committed_amount, undrawn_amount, currency_code, limit_status_code) VALUES (200128, 8186, 2786, '2024-12-31', 1, 60972424, 87103463, 26131039, 'GBP', 'WITHIN_LIMIT');
INSERT INTO l2.facility_exposure_snapshot (facility_exposure_id, facility_id, counterparty_id, as_of_date, exposure_type_id, drawn_amount, committed_amount, undrawn_amount, currency_code, limit_status_code) VALUES (200129, 8186, 2786, '2025-01-31', 1, 54004147, 87103463, 33099316, 'GBP', 'WITHIN_LIMIT');
INSERT INTO l2.facility_exposure_snapshot (facility_exposure_id, facility_id, counterparty_id, as_of_date, exposure_type_id, drawn_amount, committed_amount, undrawn_amount, currency_code, limit_status_code) VALUES (200130, 8187, 2786, '2024-11-30', 1, 37744834, 48390813, 10645979, 'GBP', 'WITHIN_LIMIT');
INSERT INTO l2.facility_exposure_snapshot (facility_exposure_id, facility_id, counterparty_id, as_of_date, exposure_type_id, drawn_amount, committed_amount, undrawn_amount, currency_code, limit_status_code) VALUES (200131, 8187, 2786, '2024-12-31', 1, 33873569, 48390813, 14517244, 'GBP', 'WITHIN_LIMIT');
INSERT INTO l2.facility_exposure_snapshot (facility_exposure_id, facility_id, counterparty_id, as_of_date, exposure_type_id, drawn_amount, committed_amount, undrawn_amount, currency_code, limit_status_code) VALUES (200132, 8187, 2786, '2025-01-31', 1, 30002304, 48390813, 18388509, 'GBP', 'WITHIN_LIMIT');
INSERT INTO l2.facility_exposure_snapshot (facility_exposure_id, facility_id, counterparty_id, as_of_date, exposure_type_id, drawn_amount, committed_amount, undrawn_amount, currency_code, limit_status_code) VALUES (200133, 8188, 2787, '2024-11-30', 1, 32310126, 65939033, 33628907, 'CHF', 'WITHIN_LIMIT');
INSERT INTO l2.facility_exposure_snapshot (facility_exposure_id, facility_id, counterparty_id, as_of_date, exposure_type_id, drawn_amount, committed_amount, undrawn_amount, currency_code, limit_status_code) VALUES (200134, 8188, 2787, '2024-12-31', 1, 30991346, 65939033, 34947687, 'CHF', 'WITHIN_LIMIT');
INSERT INTO l2.facility_exposure_snapshot (facility_exposure_id, facility_id, counterparty_id, as_of_date, exposure_type_id, drawn_amount, committed_amount, undrawn_amount, currency_code, limit_status_code) VALUES (200135, 8188, 2787, '2025-01-31', 1, 31650736, 65939033, 34288297, 'CHF', 'WITHIN_LIMIT');
INSERT INTO l2.facility_exposure_snapshot (facility_exposure_id, facility_id, counterparty_id, as_of_date, exposure_type_id, drawn_amount, committed_amount, undrawn_amount, currency_code, limit_status_code) VALUES (200136, 8189, 2787, '2024-11-30', 1, 48465189, 98908549, 50443360, 'CHF', 'WITHIN_LIMIT');
INSERT INTO l2.facility_exposure_snapshot (facility_exposure_id, facility_id, counterparty_id, as_of_date, exposure_type_id, drawn_amount, committed_amount, undrawn_amount, currency_code, limit_status_code) VALUES (200137, 8189, 2787, '2024-12-31', 1, 46487018, 98908549, 52421531, 'CHF', 'WITHIN_LIMIT');
INSERT INTO l2.facility_exposure_snapshot (facility_exposure_id, facility_id, counterparty_id, as_of_date, exposure_type_id, drawn_amount, committed_amount, undrawn_amount, currency_code, limit_status_code) VALUES (200138, 8189, 2787, '2025-01-31', 1, 47476104, 98908549, 51432445, 'CHF', 'WITHIN_LIMIT');
INSERT INTO l2.facility_exposure_snapshot (facility_exposure_id, facility_id, counterparty_id, as_of_date, exposure_type_id, drawn_amount, committed_amount, undrawn_amount, currency_code, limit_status_code) VALUES (200139, 8190, 2787, '2024-11-30', 1, 26925105, 54949194, 28024089, 'CHF', 'WITHIN_LIMIT');
INSERT INTO l2.facility_exposure_snapshot (facility_exposure_id, facility_id, counterparty_id, as_of_date, exposure_type_id, drawn_amount, committed_amount, undrawn_amount, currency_code, limit_status_code) VALUES (200140, 8190, 2787, '2024-12-31', 1, 25826121, 54949194, 29123073, 'CHF', 'WITHIN_LIMIT');
INSERT INTO l2.facility_exposure_snapshot (facility_exposure_id, facility_id, counterparty_id, as_of_date, exposure_type_id, drawn_amount, committed_amount, undrawn_amount, currency_code, limit_status_code) VALUES (200141, 8190, 2787, '2025-01-31', 1, 26375613, 54949194, 28573581, 'CHF', 'WITHIN_LIMIT');

-- ────────────────────────────────────────
-- l2.counterparty_rating_observation (18 rows)
-- ────────────────────────────────────────
INSERT INTO l2.counterparty_rating_observation (observation_id, counterparty_id, as_of_date, rating_type, rating_value, rating_grade_id, is_internal_flag, pd_implied, rating_source_id) VALUES (50049, 2785, '2024-11-30', 'INTERNAL', 0, 4, 'Y', '0.0054', 1);
INSERT INTO l2.counterparty_rating_observation (observation_id, counterparty_id, as_of_date, rating_type, rating_value, rating_grade_id, is_internal_flag, pd_implied, rating_source_id) VALUES (50050, 2785, '2024-11-30', 'EXTERNAL_MOODYS', 0, 3, 'N', '0.0059', 2);
INSERT INTO l2.counterparty_rating_observation (observation_id, counterparty_id, as_of_date, rating_type, rating_value, rating_grade_id, is_internal_flag, pd_implied, rating_source_id) VALUES (50051, 2785, '2024-12-31', 'INTERNAL', 0, 4, 'Y', '0.0066', 1);
INSERT INTO l2.counterparty_rating_observation (observation_id, counterparty_id, as_of_date, rating_type, rating_value, rating_grade_id, is_internal_flag, pd_implied, rating_source_id) VALUES (50052, 2785, '2024-12-31', 'EXTERNAL_MOODYS', 0, 4, 'N', '0.0073', 2);
INSERT INTO l2.counterparty_rating_observation (observation_id, counterparty_id, as_of_date, rating_type, rating_value, rating_grade_id, is_internal_flag, pd_implied, rating_source_id) VALUES (50053, 2785, '2025-01-31', 'INTERNAL', 0, 4, 'Y', '0.006', 1);
INSERT INTO l2.counterparty_rating_observation (observation_id, counterparty_id, as_of_date, rating_type, rating_value, rating_grade_id, is_internal_flag, pd_implied, rating_source_id) VALUES (50054, 2785, '2025-01-31', 'EXTERNAL_MOODYS', 0, 5, 'N', '0.0066', 2);
INSERT INTO l2.counterparty_rating_observation (observation_id, counterparty_id, as_of_date, rating_type, rating_value, rating_grade_id, is_internal_flag, pd_implied, rating_source_id) VALUES (50055, 2786, '2024-11-30', 'INTERNAL', 0, 3, 'Y', '0.002', 1);
INSERT INTO l2.counterparty_rating_observation (observation_id, counterparty_id, as_of_date, rating_type, rating_value, rating_grade_id, is_internal_flag, pd_implied, rating_source_id) VALUES (50056, 2786, '2024-11-30', 'EXTERNAL_MOODYS', 0, 3, 'N', '0.0022', 2);
INSERT INTO l2.counterparty_rating_observation (observation_id, counterparty_id, as_of_date, rating_type, rating_value, rating_grade_id, is_internal_flag, pd_implied, rating_source_id) VALUES (50057, 2786, '2024-12-31', 'INTERNAL', 0, 3, 'Y', '0.0016', 1);
INSERT INTO l2.counterparty_rating_observation (observation_id, counterparty_id, as_of_date, rating_type, rating_value, rating_grade_id, is_internal_flag, pd_implied, rating_source_id) VALUES (50058, 2786, '2024-12-31', 'EXTERNAL_MOODYS', 0, 4, 'N', '0.0018', 2);
INSERT INTO l2.counterparty_rating_observation (observation_id, counterparty_id, as_of_date, rating_type, rating_value, rating_grade_id, is_internal_flag, pd_implied, rating_source_id) VALUES (50059, 2786, '2025-01-31', 'INTERNAL', 0, 3, 'Y', '0.0013', 1);
INSERT INTO l2.counterparty_rating_observation (observation_id, counterparty_id, as_of_date, rating_type, rating_value, rating_grade_id, is_internal_flag, pd_implied, rating_source_id) VALUES (50060, 2786, '2025-01-31', 'EXTERNAL_MOODYS', 0, 4, 'N', '0.0014', 2);
INSERT INTO l2.counterparty_rating_observation (observation_id, counterparty_id, as_of_date, rating_type, rating_value, rating_grade_id, is_internal_flag, pd_implied, rating_source_id) VALUES (50061, 2787, '2024-11-30', 'INTERNAL', 0, 2, 'Y', '0.0003', 1);
INSERT INTO l2.counterparty_rating_observation (observation_id, counterparty_id, as_of_date, rating_type, rating_value, rating_grade_id, is_internal_flag, pd_implied, rating_source_id) VALUES (50062, 2787, '2024-11-30', 'EXTERNAL_MOODYS', 0, 3, 'N', '0.0003', 2);
INSERT INTO l2.counterparty_rating_observation (observation_id, counterparty_id, as_of_date, rating_type, rating_value, rating_grade_id, is_internal_flag, pd_implied, rating_source_id) VALUES (50063, 2787, '2024-12-31', 'INTERNAL', 0, 2, 'Y', '0.0003', 1);
INSERT INTO l2.counterparty_rating_observation (observation_id, counterparty_id, as_of_date, rating_type, rating_value, rating_grade_id, is_internal_flag, pd_implied, rating_source_id) VALUES (50064, 2787, '2024-12-31', 'EXTERNAL_MOODYS', 0, 3, 'N', '0.0003', 2);
INSERT INTO l2.counterparty_rating_observation (observation_id, counterparty_id, as_of_date, rating_type, rating_value, rating_grade_id, is_internal_flag, pd_implied, rating_source_id) VALUES (50065, 2787, '2025-01-31', 'INTERNAL', 0, 2, 'Y', '0.0003', 1);
INSERT INTO l2.counterparty_rating_observation (observation_id, counterparty_id, as_of_date, rating_type, rating_value, rating_grade_id, is_internal_flag, pd_implied, rating_source_id) VALUES (50066, 2787, '2025-01-31', 'EXTERNAL_MOODYS', 0, 3, 'N', '0.0003', 2);

-- ────────────────────────────────────────
-- l2.credit_event (2 rows)
-- ────────────────────────────────────────
INSERT INTO l2.credit_event (credit_event_id, counterparty_id, credit_event_type_code, event_date, event_summary, event_status) VALUES (5390, 2785, 8, '2024-12-18', 'Cross-default clause triggered by Rheinische missed margin call', 'CONFIRMED');
INSERT INTO l2.credit_event (credit_event_id, counterparty_id, credit_event_type_code, event_date, event_summary, event_status) VALUES (5391, 2786, 10, '2025-01-05', 'Moody''s downgrades Rheinische from Baa1 to Ba1', 'CONFIRMED');

-- ────────────────────────────────────────
-- l2.credit_event_facility_link (6 rows)
-- ────────────────────────────────────────
INSERT INTO l2.credit_event_facility_link (link_id, credit_event_id, facility_id) VALUES (300012, 5390, 8182);
INSERT INTO l2.credit_event_facility_link (link_id, credit_event_id, facility_id) VALUES (300013, 5390, 8183);
INSERT INTO l2.credit_event_facility_link (link_id, credit_event_id, facility_id) VALUES (300014, 5390, 8184);
INSERT INTO l2.credit_event_facility_link (link_id, credit_event_id, facility_id) VALUES (300015, 5391, 8185);
INSERT INTO l2.credit_event_facility_link (link_id, credit_event_id, facility_id) VALUES (300016, 5391, 8186);
INSERT INTO l2.credit_event_facility_link (link_id, credit_event_id, facility_id) VALUES (300017, 5391, 8187);

-- ────────────────────────────────────────
-- l2.risk_flag (9 rows)
-- ────────────────────────────────────────
INSERT INTO l2.risk_flag (risk_flag_id, facility_id, counterparty_id, flag_type, flag_code, flag_severity, as_of_date, flag_description) VALUES (7928, 8182, 2785, 'WATCH_LIST', 'COUNTERPARTY_CONCENTRATION', 'HIGH', '2025-01-31', 'Single FI counterparty exceeds 3% of total portfolio');
INSERT INTO l2.risk_flag (risk_flag_id, facility_id, counterparty_id, flag_type, flag_code, flag_severity, as_of_date, flag_description) VALUES (7929, 8185, 2786, 'WATCH_LIST', 'COUNTERPARTY_CONCENTRATION', 'HIGH', '2025-01-31', 'Single FI counterparty exceeds 3% of total portfolio');
INSERT INTO l2.risk_flag (risk_flag_id, facility_id, counterparty_id, flag_type, flag_code, flag_severity, as_of_date, flag_description) VALUES (7930, 8188, 2787, 'WATCH_LIST', 'COUNTERPARTY_CONCENTRATION', 'HIGH', '2025-01-31', 'Single FI counterparty exceeds 3% of total portfolio');
INSERT INTO l2.risk_flag (risk_flag_id, facility_id, counterparty_id, flag_type, flag_code, flag_severity, as_of_date, flag_description) VALUES (7931, 8182, 2785, 'WATCH_LIST', 'CROSS_DEFAULT_RISK', 'HIGH', '2025-01-31', 'Cross-default provisions in 3 facilities may cascade');
INSERT INTO l2.risk_flag (risk_flag_id, facility_id, counterparty_id, flag_type, flag_code, flag_severity, as_of_date, flag_description) VALUES (7932, 8185, 2786, 'WATCH_LIST', 'CROSS_DEFAULT_RISK', 'HIGH', '2025-01-31', 'Cross-default provisions in 3 facilities may cascade');
INSERT INTO l2.risk_flag (risk_flag_id, facility_id, counterparty_id, flag_type, flag_code, flag_severity, as_of_date, flag_description) VALUES (7933, 8188, 2787, 'WATCH_LIST', 'CROSS_DEFAULT_RISK', 'HIGH', '2025-01-31', 'Cross-default provisions in 3 facilities may cascade');
INSERT INTO l2.risk_flag (risk_flag_id, facility_id, counterparty_id, flag_type, flag_code, flag_severity, as_of_date, flag_description) VALUES (7934, 8182, 2785, 'CONCENTRATION', 'CDS_SPREAD_SPIKE', 'MEDIUM', '2025-01-31', 'CDS spread widened 200bps in 7 trading days');
INSERT INTO l2.risk_flag (risk_flag_id, facility_id, counterparty_id, flag_type, flag_code, flag_severity, as_of_date, flag_description) VALUES (7935, 8185, 2786, 'CONCENTRATION', 'CDS_SPREAD_SPIKE', 'MEDIUM', '2025-01-31', 'CDS spread widened 200bps in 7 trading days');
INSERT INTO l2.risk_flag (risk_flag_id, facility_id, counterparty_id, flag_type, flag_code, flag_severity, as_of_date, flag_description) VALUES (7936, 8188, 2787, 'CONCENTRATION', 'CDS_SPREAD_SPIKE', 'MEDIUM', '2025-01-31', 'CDS spread widened 200bps in 7 trading days');


-- ═════════════════════════════════════════════════════════════════
-- Scenario S24: Manufacturing Supply Chain Disruption
-- 6 manufacturers draw down $900M revolvers as supply chain disruption halts production
-- Generated: 2026-03-10T04:28:27.425Z
-- ═════════════════════════════════════════════════════════════════

SET search_path TO l1, l2, public;

-- ────────────────────────────────────────
-- l1.counterparty (6 rows)
-- ────────────────────────────────────────
INSERT INTO l1.counterparty (counterparty_id, legal_name, counterparty_type, country_code, entity_type_code, industry_id, basel_asset_class, basel_risk_grade, call_report_counterparty_type, external_rating_fitch, external_rating_moodys, external_rating_sp, fr2590_counterparty_type, internal_risk_rating, is_affiliated, is_central_counterparty, is_financial_institution, is_insider, is_multilateral_dev_bank, is_parent_flag, is_public_sector_entity, is_regulated_entity, is_sovereign, lei_code, lgd_unsecured, pd_annual, regulatory_counterparty_type, y14_obligor_type, effective_start_date, effective_end_date, is_current_flag) VALUES (2788, 'Heartland Precision Manufacturing Corp.', 'CORPORATE', 'US', 'CORP', 5, 'CORPORATE', '5', 'C&I_DOMESTIC', 'BBB+', 'Baa2', 'BBB+', 'NON_FINANCIAL', '4', 'N', 'N', 'N', 'N', 'N', 'N', 'N', 'N', 'N', '5299000LTMK5PFV8ZU09', 0.45, 0.0053, 'CORPORATE', 'LARGE_CORPORATE', '2020-01-01', NULL, 'Y');
INSERT INTO l1.counterparty (counterparty_id, legal_name, counterparty_type, country_code, entity_type_code, industry_id, basel_asset_class, basel_risk_grade, call_report_counterparty_type, external_rating_fitch, external_rating_moodys, external_rating_sp, fr2590_counterparty_type, internal_risk_rating, is_affiliated, is_central_counterparty, is_financial_institution, is_insider, is_multilateral_dev_bank, is_parent_flag, is_public_sector_entity, is_regulated_entity, is_sovereign, lei_code, lgd_unsecured, pd_annual, regulatory_counterparty_type, y14_obligor_type, effective_start_date, effective_end_date, is_current_flag) VALUES (2789, 'Pacific Rim Components Ltd.', 'CORPORATE', 'JP', 'CORP', 5, 'CORPORATE', '3', 'C&I_FOREIGN', 'A', 'A3', 'A', 'NON_FINANCIAL', '3', 'N', 'N', 'N', 'N', 'N', 'N', 'N', 'N', 'N', '353800GB2JHL92ZQ3HCQ', 0.42, 0.0015, 'CORPORATE', 'LARGE_CORPORATE', '2020-01-01', NULL, 'Y');
INSERT INTO l1.counterparty (counterparty_id, legal_name, counterparty_type, country_code, entity_type_code, industry_id, basel_asset_class, basel_risk_grade, call_report_counterparty_type, external_rating_fitch, external_rating_moodys, external_rating_sp, fr2590_counterparty_type, internal_risk_rating, is_affiliated, is_central_counterparty, is_financial_institution, is_insider, is_multilateral_dev_bank, is_parent_flag, is_public_sector_entity, is_regulated_entity, is_sovereign, lei_code, lgd_unsecured, pd_annual, regulatory_counterparty_type, y14_obligor_type, effective_start_date, effective_end_date, is_current_flag) VALUES (2790, 'Rhine Valley Automotive Parts GmbH', 'CORPORATE', 'DE', 'CORP', 5, 'CORPORATE', '4', 'C&I_FOREIGN', 'BBB', 'Baa1', 'BBB+', 'NON_FINANCIAL', '4', 'N', 'N', 'N', 'N', 'N', 'Y', 'N', 'N', 'N', '391200QQHO2044C7BBHX', 0.45, 0.0053, 'CORPORATE', 'LARGE_CORPORATE', '2020-01-01', NULL, 'Y');
INSERT INTO l1.counterparty (counterparty_id, legal_name, counterparty_type, country_code, entity_type_code, industry_id, basel_asset_class, basel_risk_grade, call_report_counterparty_type, external_rating_fitch, external_rating_moodys, external_rating_sp, fr2590_counterparty_type, internal_risk_rating, is_affiliated, is_central_counterparty, is_financial_institution, is_insider, is_multilateral_dev_bank, is_parent_flag, is_public_sector_entity, is_regulated_entity, is_sovereign, lei_code, lgd_unsecured, pd_annual, regulatory_counterparty_type, y14_obligor_type, effective_start_date, effective_end_date, is_current_flag) VALUES (2791, 'Great Lakes Steel Fabricators Inc.', 'CORPORATE', 'US', 'CORP', 5, 'CORPORATE', '5', 'C&I_DOMESTIC', 'BBB-', 'Baa3', 'BB+', 'NON_FINANCIAL', '6', 'N', 'N', 'N', 'N', 'N', 'N', 'N', 'N', 'N', '529900NHK5MVXE0UKGSA', 0.48, 0.0117, 'CORPORATE', 'LARGE_CORPORATE', '2020-01-01', NULL, 'Y');
INSERT INTO l1.counterparty (counterparty_id, legal_name, counterparty_type, country_code, entity_type_code, industry_id, basel_asset_class, basel_risk_grade, call_report_counterparty_type, external_rating_fitch, external_rating_moodys, external_rating_sp, fr2590_counterparty_type, internal_risk_rating, is_affiliated, is_central_counterparty, is_financial_institution, is_insider, is_multilateral_dev_bank, is_parent_flag, is_public_sector_entity, is_regulated_entity, is_sovereign, lei_code, lgd_unsecured, pd_annual, regulatory_counterparty_type, y14_obligor_type, effective_start_date, effective_end_date, is_current_flag) VALUES (2792, 'Maple Leaf Industrial Systems Corp.', 'CORPORATE', 'CA', 'CORP', 5, 'CORPORATE', '4', 'C&I_FOREIGN', 'A-', 'A2', 'A', 'NON_FINANCIAL', '4', 'N', 'N', 'N', 'N', 'N', 'N', 'N', 'N', 'N', '529900P58I8ZGLR3G3BC', 0.42, 0.0014, 'CORPORATE', 'MIDDLE_MARKET', '2020-01-01', NULL, 'Y');
INSERT INTO l1.counterparty (counterparty_id, legal_name, counterparty_type, country_code, entity_type_code, industry_id, basel_asset_class, basel_risk_grade, call_report_counterparty_type, external_rating_fitch, external_rating_moodys, external_rating_sp, fr2590_counterparty_type, internal_risk_rating, is_affiliated, is_central_counterparty, is_financial_institution, is_insider, is_multilateral_dev_bank, is_parent_flag, is_public_sector_entity, is_regulated_entity, is_sovereign, lei_code, lgd_unsecured, pd_annual, regulatory_counterparty_type, y14_obligor_type, effective_start_date, effective_end_date, is_current_flag) VALUES (2793, 'Brisbane Heavy Equipment Pty Ltd.', 'CORPORATE', 'AU', 'CORP', 5, 'CORPORATE', '5', 'C&I_FOREIGN', 'BB+', 'Ba1', 'BBB-', 'NON_FINANCIAL', '5', 'N', 'N', 'N', 'N', 'N', 'Y', 'N', 'N', 'N', '9695000D3YKUPC5JDKFQ', 0.48, 0.0104, 'CORPORATE', 'MIDDLE_MARKET', '2020-01-01', NULL, 'Y');

-- ────────────────────────────────────────
-- l1.credit_agreement_master (6 rows)
-- ────────────────────────────────────────
INSERT INTO l1.credit_agreement_master (credit_agreement_id, borrower_counterparty_id, lender_legal_entity_id, agreement_type, status_code, agreement_reference, currency_code, origination_date, maturity_date, effective_start_date, effective_end_date, is_current_flag) VALUES (2248, 2788, 4, 'SYNDICATED', 'ACTIVE', 'CA-2020-02248-USD', 'USD', '2020-07-13', '2024-07-13', '2024-01-01', NULL, 'Y');
INSERT INTO l1.credit_agreement_master (credit_agreement_id, borrower_counterparty_id, lender_legal_entity_id, agreement_type, status_code, agreement_reference, currency_code, origination_date, maturity_date, effective_start_date, effective_end_date, is_current_flag) VALUES (2249, 2789, 9, 'SYNDICATED', 'ACTIVE', 'CA-2023-02249-JPY', 'JPY', '2023-02-24', '2028-02-24', '2024-01-01', NULL, 'Y');
INSERT INTO l1.credit_agreement_master (credit_agreement_id, borrower_counterparty_id, lender_legal_entity_id, agreement_type, status_code, agreement_reference, currency_code, origination_date, maturity_date, effective_start_date, effective_end_date, is_current_flag) VALUES (2250, 2790, 2, 'SYNDICATED', 'ACTIVE', 'CA-2022-02250-EUR', 'EUR', '2022-04-17', '2028-04-17', '2024-01-01', NULL, 'Y');
INSERT INTO l1.credit_agreement_master (credit_agreement_id, borrower_counterparty_id, lender_legal_entity_id, agreement_type, status_code, agreement_reference, currency_code, origination_date, maturity_date, effective_start_date, effective_end_date, is_current_flag) VALUES (2251, 2791, 9, 'SYNDICATED', 'ACTIVE', 'CA-2023-02251-USD', 'USD', '2023-05-05', '2029-05-05', '2024-01-01', NULL, 'Y');
INSERT INTO l1.credit_agreement_master (credit_agreement_id, borrower_counterparty_id, lender_legal_entity_id, agreement_type, status_code, agreement_reference, currency_code, origination_date, maturity_date, effective_start_date, effective_end_date, is_current_flag) VALUES (2252, 2792, 2, 'BILATERAL', 'ACTIVE', 'CA-2021-02252-CAD', 'CAD', '2021-01-18', '2027-01-18', '2024-01-01', NULL, 'Y');
INSERT INTO l1.credit_agreement_master (credit_agreement_id, borrower_counterparty_id, lender_legal_entity_id, agreement_type, status_code, agreement_reference, currency_code, origination_date, maturity_date, effective_start_date, effective_end_date, is_current_flag) VALUES (2253, 2793, 5, 'SYNDICATED', 'ACTIVE', 'CA-2023-02253-AUD', 'AUD', '2023-07-20', '2029-07-20', '2024-01-01', NULL, 'Y');

-- ────────────────────────────────────────
-- l1.facility_master (12 rows)
-- ────────────────────────────────────────
INSERT INTO l1.facility_master (facility_id, credit_agreement_id, counterparty_id, facility_name, facility_type, facility_status, committed_facility_amt, currency_code, origination_date, maturity_date, portfolio_id, industry_code, lob_segment_id, product_node_id, rate_index_id, ledger_account_id, product_id, region_code, interest_rate_type, interest_rate_reference, interest_rate_spread_bps, all_in_rate_pct, day_count_convention, amortization_type, revolving_flag, active_flag, facility_reference, payment_frequency, effective_start_date, effective_end_date, is_current_flag) VALUES (8191, 2248, 2788, 'Heartland — USD Revolver 2027-A', 'REVOLVING_CREDIT', 'ACTIVE', 1614233404, 'USD', '2023-04-05', '2027-04-05', 6, 'IND', 224, 1, 3, 4, 4, 'AMER', 'FLOATING', 'SOFR', 272, 6.54, 'ACT/365', 'BULLET', 'Y', 'Y', 'FAC-2023-08191-A', 'QUARTERLY', '2024-01-01', NULL, 'Y');
INSERT INTO l1.facility_master (facility_id, credit_agreement_id, counterparty_id, facility_name, facility_type, facility_status, committed_facility_amt, currency_code, origination_date, maturity_date, portfolio_id, industry_code, lob_segment_id, product_node_id, rate_index_id, ledger_account_id, product_id, region_code, interest_rate_type, interest_rate_reference, interest_rate_spread_bps, all_in_rate_pct, day_count_convention, amortization_type, revolving_flag, active_flag, facility_reference, payment_frequency, effective_start_date, effective_end_date, is_current_flag) VALUES (8192, 2248, 2788, 'Heartland — USD Term Loan 2027-B', 'TERM_LOAN', 'ACTIVE', 2421350105, 'USD', '2023-04-05', '2027-04-05', 3, 'IND', 225, 6, 5, 2, 1, 'AMER', 'FLOATING', 'SOFR', 272, 5.96, 'ACT/365', 'BULLET', 'N', 'Y', 'FAC-2023-08192-B', 'QUARTERLY', '2024-01-01', NULL, 'Y');
INSERT INTO l1.facility_master (facility_id, credit_agreement_id, counterparty_id, facility_name, facility_type, facility_status, committed_facility_amt, currency_code, origination_date, maturity_date, portfolio_id, industry_code, lob_segment_id, product_node_id, rate_index_id, ledger_account_id, product_id, region_code, interest_rate_type, interest_rate_reference, interest_rate_spread_bps, all_in_rate_pct, day_count_convention, amortization_type, revolving_flag, active_flag, facility_reference, payment_frequency, effective_start_date, effective_end_date, is_current_flag) VALUES (8193, 2249, 2789, 'Pacific — JPY Revolver 2027-A', 'REVOLVING_CREDIT', 'ACTIVE', 193998446, 'JPY', '2022-01-20', '2027-01-20', 3, 'IND', 226, 10, 3, 6, 2, 'APAC', 'FLOATING', 'TIBOR', 158, 4.96, 'ACT/360', 'BULLET', 'Y', 'Y', 'FAC-2022-08193-A', 'QUARTERLY', '2024-01-01', NULL, 'Y');
INSERT INTO l1.facility_master (facility_id, credit_agreement_id, counterparty_id, facility_name, facility_type, facility_status, committed_facility_amt, currency_code, origination_date, maturity_date, portfolio_id, industry_code, lob_segment_id, product_node_id, rate_index_id, ledger_account_id, product_id, region_code, interest_rate_type, interest_rate_reference, interest_rate_spread_bps, all_in_rate_pct, day_count_convention, amortization_type, revolving_flag, active_flag, facility_reference, payment_frequency, effective_start_date, effective_end_date, is_current_flag) VALUES (8194, 2249, 2789, 'Pacific — JPY Term Loan 2027-B', 'TERM_LOAN', 'ACTIVE', 290997670, 'JPY', '2022-01-20', '2027-01-20', 1, 'IND', 227, 5, 2, 8, 5, 'APAC', 'FIXED', 'TIBOR', 158, 4.7, 'ACT/365', 'AMORTIZING', 'N', 'Y', 'FAC-2022-08194-B', 'QUARTERLY', '2024-01-01', NULL, 'Y');
INSERT INTO l1.facility_master (facility_id, credit_agreement_id, counterparty_id, facility_name, facility_type, facility_status, committed_facility_amt, currency_code, origination_date, maturity_date, portfolio_id, industry_code, lob_segment_id, product_node_id, rate_index_id, ledger_account_id, product_id, region_code, interest_rate_type, interest_rate_reference, interest_rate_spread_bps, all_in_rate_pct, day_count_convention, amortization_type, revolving_flag, active_flag, facility_reference, payment_frequency, effective_start_date, effective_end_date, is_current_flag) VALUES (8195, 2250, 2790, 'Rhine — EUR Revolver 2024-A', 'REVOLVING_CREDIT', 'ACTIVE', 84954232, 'EUR', '2020-09-03', '2024-09-03', 6, 'IND', 228, 2, 1, 5, 5, 'EMEA', 'FLOATING', 'EURIBOR', 292, 5.89, 'ACT/365', 'BULLET', 'Y', 'Y', 'FAC-2020-08195-A', 'QUARTERLY', '2024-01-01', NULL, 'Y');
INSERT INTO l1.facility_master (facility_id, credit_agreement_id, counterparty_id, facility_name, facility_type, facility_status, committed_facility_amt, currency_code, origination_date, maturity_date, portfolio_id, industry_code, lob_segment_id, product_node_id, rate_index_id, ledger_account_id, product_id, region_code, interest_rate_type, interest_rate_reference, interest_rate_spread_bps, all_in_rate_pct, day_count_convention, amortization_type, revolving_flag, active_flag, facility_reference, payment_frequency, effective_start_date, effective_end_date, is_current_flag) VALUES (8196, 2250, 2790, 'Rhine — EUR Term Loan 2024-B', 'TERM_LOAN', 'ACTIVE', 127431348, 'EUR', '2020-09-03', '2024-09-03', 3, 'IND', 229, 2, 1, 2, 5, 'EMEA', 'FIXED', 'EURIBOR', 292, 6.28, 'ACT/360', 'BULLET', 'N', 'Y', 'FAC-2020-08196-B', 'QUARTERLY', '2024-01-01', NULL, 'Y');
INSERT INTO l1.facility_master (facility_id, credit_agreement_id, counterparty_id, facility_name, facility_type, facility_status, committed_facility_amt, currency_code, origination_date, maturity_date, portfolio_id, industry_code, lob_segment_id, product_node_id, rate_index_id, ledger_account_id, product_id, region_code, interest_rate_type, interest_rate_reference, interest_rate_spread_bps, all_in_rate_pct, day_count_convention, amortization_type, revolving_flag, active_flag, facility_reference, payment_frequency, effective_start_date, effective_end_date, is_current_flag) VALUES (8197, 2251, 2791, 'Great — USD Revolver 2025-A', 'REVOLVING_CREDIT', 'ACTIVE', 69775206, 'USD', '2021-10-20', '2025-10-20', 2, 'IND', 230, 5, 2, 2, 3, 'AMER', 'FLOATING', 'SOFR', 452, 7.04, 'ACT/365', 'BULLET', 'Y', 'Y', 'FAC-2021-08197-A', 'MONTHLY', '2024-01-01', NULL, 'Y');
INSERT INTO l1.facility_master (facility_id, credit_agreement_id, counterparty_id, facility_name, facility_type, facility_status, committed_facility_amt, currency_code, origination_date, maturity_date, portfolio_id, industry_code, lob_segment_id, product_node_id, rate_index_id, ledger_account_id, product_id, region_code, interest_rate_type, interest_rate_reference, interest_rate_spread_bps, all_in_rate_pct, day_count_convention, amortization_type, revolving_flag, active_flag, facility_reference, payment_frequency, effective_start_date, effective_end_date, is_current_flag) VALUES (8198, 2251, 2791, 'Great — USD Term Loan 2025-B', 'TERM_LOAN', 'ACTIVE', 104662808, 'USD', '2021-10-20', '2025-10-20', 9, 'IND', 231, 9, 1, 4, 1, 'AMER', 'FIXED', 'SOFR', 452, 7.85, 'ACT/360', 'AMORTIZING', 'N', 'Y', 'FAC-2021-08198-B', 'MONTHLY', '2024-01-01', NULL, 'Y');
INSERT INTO l1.facility_master (facility_id, credit_agreement_id, counterparty_id, facility_name, facility_type, facility_status, committed_facility_amt, currency_code, origination_date, maturity_date, portfolio_id, industry_code, lob_segment_id, product_node_id, rate_index_id, ledger_account_id, product_id, region_code, interest_rate_type, interest_rate_reference, interest_rate_spread_bps, all_in_rate_pct, day_count_convention, amortization_type, revolving_flag, active_flag, facility_reference, payment_frequency, effective_start_date, effective_end_date, is_current_flag) VALUES (8199, 2252, 2792, 'Maple — CAD Revolver 2027-A', 'REVOLVING_CREDIT', 'ACTIVE', 33794254, 'CAD', '2022-06-16', '2027-06-16', 3, 'IND', 232, 10, 2, 6, 5, 'AMER', 'FLOATING', 'CORRA', 179, 4.76, 'ACT/365', 'BULLET', 'Y', 'Y', 'FAC-2022-08199-A', 'QUARTERLY', '2024-01-01', NULL, 'Y');
INSERT INTO l1.facility_master (facility_id, credit_agreement_id, counterparty_id, facility_name, facility_type, facility_status, committed_facility_amt, currency_code, origination_date, maturity_date, portfolio_id, industry_code, lob_segment_id, product_node_id, rate_index_id, ledger_account_id, product_id, region_code, interest_rate_type, interest_rate_reference, interest_rate_spread_bps, all_in_rate_pct, day_count_convention, amortization_type, revolving_flag, active_flag, facility_reference, payment_frequency, effective_start_date, effective_end_date, is_current_flag) VALUES (8200, 2252, 2792, 'Maple — CAD Term Loan 2027-B', 'TERM_LOAN', 'ACTIVE', 50691382, 'CAD', '2022-06-16', '2027-06-16', 6, 'IND', 233, 5, 3, 5, 4, 'AMER', 'FIXED', 'CORRA', 179, 4.45, 'ACT/360', 'AMORTIZING', 'N', 'Y', 'FAC-2022-08200-B', 'QUARTERLY', '2024-01-01', NULL, 'Y');
INSERT INTO l1.facility_master (facility_id, credit_agreement_id, counterparty_id, facility_name, facility_type, facility_status, committed_facility_amt, currency_code, origination_date, maturity_date, portfolio_id, industry_code, lob_segment_id, product_node_id, rate_index_id, ledger_account_id, product_id, region_code, interest_rate_type, interest_rate_reference, interest_rate_spread_bps, all_in_rate_pct, day_count_convention, amortization_type, revolving_flag, active_flag, facility_reference, payment_frequency, effective_start_date, effective_end_date, is_current_flag) VALUES (8201, 2253, 2793, 'Brisbane — AUD Revolver 2027-A', 'REVOLVING_CREDIT', 'ACTIVE', 17866304, 'AUD', '2021-03-05', '2027-03-05', 2, 'IND', 234, 1, 3, 1, 2, 'APAC', 'FLOATING', 'BBSW', 453, 7.99, 'ACT/360', 'BULLET', 'Y', 'Y', 'FAC-2021-08201-A', 'QUARTERLY', '2024-01-01', NULL, 'Y');
INSERT INTO l1.facility_master (facility_id, credit_agreement_id, counterparty_id, facility_name, facility_type, facility_status, committed_facility_amt, currency_code, origination_date, maturity_date, portfolio_id, industry_code, lob_segment_id, product_node_id, rate_index_id, ledger_account_id, product_id, region_code, interest_rate_type, interest_rate_reference, interest_rate_spread_bps, all_in_rate_pct, day_count_convention, amortization_type, revolving_flag, active_flag, facility_reference, payment_frequency, effective_start_date, effective_end_date, is_current_flag) VALUES (8202, 2253, 2793, 'Brisbane — AUD Term Loan 2027-B', 'TERM_LOAN', 'ACTIVE', 26799456, 'AUD', '2021-03-05', '2027-03-05', 2, 'IND', 235, 9, 5, 2, 4, 'APAC', 'FLOATING', 'BBSW', 453, 7.99, 'ACT/360', 'AMORTIZING', 'N', 'Y', 'FAC-2021-08202-B', 'QUARTERLY', '2024-01-01', NULL, 'Y');

-- ────────────────────────────────────────
-- l1.facility_lender_allocation (12 rows)
-- ────────────────────────────────────────
INSERT INTO l1.facility_lender_allocation (lender_allocation_id, facility_id, legal_entity_id, allocation_role, bank_share_pct, is_current_flag, effective_start_date, effective_end_date) VALUES (100048, 8191, 4, 'LEAD_ARRANGER', 1, 'Y', '2023-04-05', NULL);
INSERT INTO l1.facility_lender_allocation (lender_allocation_id, facility_id, legal_entity_id, allocation_role, bank_share_pct, is_current_flag, effective_start_date, effective_end_date) VALUES (100049, 8192, 2, 'LEAD_ARRANGER', 1, 'Y', '2023-04-05', NULL);
INSERT INTO l1.facility_lender_allocation (lender_allocation_id, facility_id, legal_entity_id, allocation_role, bank_share_pct, is_current_flag, effective_start_date, effective_end_date) VALUES (100050, 8193, 1, 'LEAD_ARRANGER', 1, 'Y', '2022-01-20', NULL);
INSERT INTO l1.facility_lender_allocation (lender_allocation_id, facility_id, legal_entity_id, allocation_role, bank_share_pct, is_current_flag, effective_start_date, effective_end_date) VALUES (100051, 8194, 1, 'LEAD_ARRANGER', 1, 'Y', '2022-01-20', NULL);
INSERT INTO l1.facility_lender_allocation (lender_allocation_id, facility_id, legal_entity_id, allocation_role, bank_share_pct, is_current_flag, effective_start_date, effective_end_date) VALUES (100052, 8195, 5, 'LEAD_ARRANGER', 1, 'Y', '2020-09-03', NULL);
INSERT INTO l1.facility_lender_allocation (lender_allocation_id, facility_id, legal_entity_id, allocation_role, bank_share_pct, is_current_flag, effective_start_date, effective_end_date) VALUES (100053, 8196, 2, 'LEAD_ARRANGER', 1, 'Y', '2020-09-03', NULL);
INSERT INTO l1.facility_lender_allocation (lender_allocation_id, facility_id, legal_entity_id, allocation_role, bank_share_pct, is_current_flag, effective_start_date, effective_end_date) VALUES (100054, 8197, 2, 'LEAD_ARRANGER', 1, 'Y', '2021-10-20', NULL);
INSERT INTO l1.facility_lender_allocation (lender_allocation_id, facility_id, legal_entity_id, allocation_role, bank_share_pct, is_current_flag, effective_start_date, effective_end_date) VALUES (100055, 8198, 4, 'LEAD_ARRANGER', 1, 'Y', '2021-10-20', NULL);
INSERT INTO l1.facility_lender_allocation (lender_allocation_id, facility_id, legal_entity_id, allocation_role, bank_share_pct, is_current_flag, effective_start_date, effective_end_date) VALUES (100056, 8199, 1, 'LEAD_ARRANGER', 1, 'Y', '2022-06-16', NULL);
INSERT INTO l1.facility_lender_allocation (lender_allocation_id, facility_id, legal_entity_id, allocation_role, bank_share_pct, is_current_flag, effective_start_date, effective_end_date) VALUES (100057, 8200, 5, 'LEAD_ARRANGER', 1, 'Y', '2022-06-16', NULL);
INSERT INTO l1.facility_lender_allocation (lender_allocation_id, facility_id, legal_entity_id, allocation_role, bank_share_pct, is_current_flag, effective_start_date, effective_end_date) VALUES (100058, 8201, 1, 'LEAD_ARRANGER', 1, 'Y', '2021-03-05', NULL);
INSERT INTO l1.facility_lender_allocation (lender_allocation_id, facility_id, legal_entity_id, allocation_role, bank_share_pct, is_current_flag, effective_start_date, effective_end_date) VALUES (100059, 8202, 2, 'LEAD_ARRANGER', 1, 'Y', '2021-03-05', NULL);

-- ────────────────────────────────────────
-- l2.facility_exposure_snapshot (36 rows)
-- ────────────────────────────────────────
INSERT INTO l2.facility_exposure_snapshot (facility_exposure_id, facility_id, counterparty_id, as_of_date, exposure_type_id, drawn_amount, committed_amount, undrawn_amount, currency_code, limit_status_code) VALUES (200142, 8191, 2788, '2024-11-30', 1, 1291386723, 1614233404, 322846681, 'USD', 'WITHIN_LIMIT');
INSERT INTO l2.facility_exposure_snapshot (facility_exposure_id, facility_id, counterparty_id, as_of_date, exposure_type_id, drawn_amount, committed_amount, undrawn_amount, currency_code, limit_status_code) VALUES (200143, 8191, 2788, '2024-12-31', 1, 1372098393, 1614233404, 242135011, 'USD', 'WITHIN_LIMIT');
INSERT INTO l2.facility_exposure_snapshot (facility_exposure_id, facility_id, counterparty_id, as_of_date, exposure_type_id, drawn_amount, committed_amount, undrawn_amount, currency_code, limit_status_code) VALUES (200144, 8191, 2788, '2025-01-31', 1, 1323671391, 1614233404, 290562013, 'USD', 'WITHIN_LIMIT');
INSERT INTO l2.facility_exposure_snapshot (facility_exposure_id, facility_id, counterparty_id, as_of_date, exposure_type_id, drawn_amount, committed_amount, undrawn_amount, currency_code, limit_status_code) VALUES (200145, 8192, 2788, '2024-11-30', 1, 1937080084, 2421350105, 484270021, 'USD', 'WITHIN_LIMIT');
INSERT INTO l2.facility_exposure_snapshot (facility_exposure_id, facility_id, counterparty_id, as_of_date, exposure_type_id, drawn_amount, committed_amount, undrawn_amount, currency_code, limit_status_code) VALUES (200146, 8192, 2788, '2024-12-31', 1, 2058147589, 2421350105, 363202516, 'USD', 'WITHIN_LIMIT');
INSERT INTO l2.facility_exposure_snapshot (facility_exposure_id, facility_id, counterparty_id, as_of_date, exposure_type_id, drawn_amount, committed_amount, undrawn_amount, currency_code, limit_status_code) VALUES (200147, 8192, 2788, '2025-01-31', 1, 1985507086, 2421350105, 435843019, 'USD', 'WITHIN_LIMIT');
INSERT INTO l2.facility_exposure_snapshot (facility_exposure_id, facility_id, counterparty_id, as_of_date, exposure_type_id, drawn_amount, committed_amount, undrawn_amount, currency_code, limit_status_code) VALUES (200148, 8193, 2789, '2024-11-30', 1, 151318788, 193998446, 42679658, 'JPY', 'WITHIN_LIMIT');
INSERT INTO l2.facility_exposure_snapshot (facility_exposure_id, facility_id, counterparty_id, as_of_date, exposure_type_id, drawn_amount, committed_amount, undrawn_amount, currency_code, limit_status_code) VALUES (200149, 8193, 2789, '2024-12-31', 1, 135798912, 193998446, 58199534, 'JPY', 'WITHIN_LIMIT');
INSERT INTO l2.facility_exposure_snapshot (facility_exposure_id, facility_id, counterparty_id, as_of_date, exposure_type_id, drawn_amount, committed_amount, undrawn_amount, currency_code, limit_status_code) VALUES (200150, 8193, 2789, '2025-01-31', 1, 120279037, 193998446, 73719409, 'JPY', 'WITHIN_LIMIT');
INSERT INTO l2.facility_exposure_snapshot (facility_exposure_id, facility_id, counterparty_id, as_of_date, exposure_type_id, drawn_amount, committed_amount, undrawn_amount, currency_code, limit_status_code) VALUES (200151, 8194, 2789, '2024-11-30', 1, 226978183, 290997670, 64019487, 'JPY', 'WITHIN_LIMIT');
INSERT INTO l2.facility_exposure_snapshot (facility_exposure_id, facility_id, counterparty_id, as_of_date, exposure_type_id, drawn_amount, committed_amount, undrawn_amount, currency_code, limit_status_code) VALUES (200152, 8194, 2789, '2024-12-31', 1, 203698369, 290997670, 87299301, 'JPY', 'WITHIN_LIMIT');
INSERT INTO l2.facility_exposure_snapshot (facility_exposure_id, facility_id, counterparty_id, as_of_date, exposure_type_id, drawn_amount, committed_amount, undrawn_amount, currency_code, limit_status_code) VALUES (200153, 8194, 2789, '2025-01-31', 1, 180418555, 290997670, 110579115, 'JPY', 'WITHIN_LIMIT');
INSERT INTO l2.facility_exposure_snapshot (facility_exposure_id, facility_id, counterparty_id, as_of_date, exposure_type_id, drawn_amount, committed_amount, undrawn_amount, currency_code, limit_status_code) VALUES (200154, 8195, 2790, '2024-11-30', 1, 67963386, 84954232, 16990846, 'EUR', 'WITHIN_LIMIT');
INSERT INTO l2.facility_exposure_snapshot (facility_exposure_id, facility_id, counterparty_id, as_of_date, exposure_type_id, drawn_amount, committed_amount, undrawn_amount, currency_code, limit_status_code) VALUES (200155, 8195, 2790, '2024-12-31', 1, 72211097, 84954232, 12743135, 'EUR', 'WITHIN_LIMIT');
INSERT INTO l2.facility_exposure_snapshot (facility_exposure_id, facility_id, counterparty_id, as_of_date, exposure_type_id, drawn_amount, committed_amount, undrawn_amount, currency_code, limit_status_code) VALUES (200156, 8195, 2790, '2025-01-31', 1, 69662470, 84954232, 15291762, 'EUR', 'WITHIN_LIMIT');
INSERT INTO l2.facility_exposure_snapshot (facility_exposure_id, facility_id, counterparty_id, as_of_date, exposure_type_id, drawn_amount, committed_amount, undrawn_amount, currency_code, limit_status_code) VALUES (200157, 8196, 2790, '2024-11-30', 1, 101945078, 127431348, 25486270, 'EUR', 'WITHIN_LIMIT');
INSERT INTO l2.facility_exposure_snapshot (facility_exposure_id, facility_id, counterparty_id, as_of_date, exposure_type_id, drawn_amount, committed_amount, undrawn_amount, currency_code, limit_status_code) VALUES (200158, 8196, 2790, '2024-12-31', 1, 108316646, 127431348, 19114702, 'EUR', 'WITHIN_LIMIT');
INSERT INTO l2.facility_exposure_snapshot (facility_exposure_id, facility_id, counterparty_id, as_of_date, exposure_type_id, drawn_amount, committed_amount, undrawn_amount, currency_code, limit_status_code) VALUES (200159, 8196, 2790, '2025-01-31', 1, 104493705, 127431348, 22937643, 'EUR', 'WITHIN_LIMIT');
INSERT INTO l2.facility_exposure_snapshot (facility_exposure_id, facility_id, counterparty_id, as_of_date, exposure_type_id, drawn_amount, committed_amount, undrawn_amount, currency_code, limit_status_code) VALUES (200160, 8197, 2791, '2024-11-30', 1, 55820165, 69775206, 13955041, 'USD', 'WITHIN_LIMIT');
INSERT INTO l2.facility_exposure_snapshot (facility_exposure_id, facility_id, counterparty_id, as_of_date, exposure_type_id, drawn_amount, committed_amount, undrawn_amount, currency_code, limit_status_code) VALUES (200161, 8197, 2791, '2024-12-31', 1, 59308925, 69775206, 10466281, 'USD', 'WITHIN_LIMIT');
INSERT INTO l2.facility_exposure_snapshot (facility_exposure_id, facility_id, counterparty_id, as_of_date, exposure_type_id, drawn_amount, committed_amount, undrawn_amount, currency_code, limit_status_code) VALUES (200162, 8197, 2791, '2025-01-31', 1, 57215669, 69775206, 12559537, 'USD', 'WITHIN_LIMIT');
INSERT INTO l2.facility_exposure_snapshot (facility_exposure_id, facility_id, counterparty_id, as_of_date, exposure_type_id, drawn_amount, committed_amount, undrawn_amount, currency_code, limit_status_code) VALUES (200163, 8198, 2791, '2024-11-30', 1, 83730246, 104662808, 20932562, 'USD', 'WITHIN_LIMIT');
INSERT INTO l2.facility_exposure_snapshot (facility_exposure_id, facility_id, counterparty_id, as_of_date, exposure_type_id, drawn_amount, committed_amount, undrawn_amount, currency_code, limit_status_code) VALUES (200164, 8198, 2791, '2024-12-31', 1, 88963387, 104662808, 15699421, 'USD', 'WITHIN_LIMIT');
INSERT INTO l2.facility_exposure_snapshot (facility_exposure_id, facility_id, counterparty_id, as_of_date, exposure_type_id, drawn_amount, committed_amount, undrawn_amount, currency_code, limit_status_code) VALUES (200165, 8198, 2791, '2025-01-31', 1, 85823503, 104662808, 18839305, 'USD', 'WITHIN_LIMIT');
INSERT INTO l2.facility_exposure_snapshot (facility_exposure_id, facility_id, counterparty_id, as_of_date, exposure_type_id, drawn_amount, committed_amount, undrawn_amount, currency_code, limit_status_code) VALUES (200166, 8199, 2792, '2024-11-30', 1, 26359518, 33794254, 7434736, 'CAD', 'WITHIN_LIMIT');
INSERT INTO l2.facility_exposure_snapshot (facility_exposure_id, facility_id, counterparty_id, as_of_date, exposure_type_id, drawn_amount, committed_amount, undrawn_amount, currency_code, limit_status_code) VALUES (200167, 8199, 2792, '2024-12-31', 1, 23655978, 33794254, 10138276, 'CAD', 'WITHIN_LIMIT');
INSERT INTO l2.facility_exposure_snapshot (facility_exposure_id, facility_id, counterparty_id, as_of_date, exposure_type_id, drawn_amount, committed_amount, undrawn_amount, currency_code, limit_status_code) VALUES (200168, 8199, 2792, '2025-01-31', 1, 20952437, 33794254, 12841817, 'CAD', 'WITHIN_LIMIT');
INSERT INTO l2.facility_exposure_snapshot (facility_exposure_id, facility_id, counterparty_id, as_of_date, exposure_type_id, drawn_amount, committed_amount, undrawn_amount, currency_code, limit_status_code) VALUES (200169, 8200, 2792, '2024-11-30', 1, 39539278, 50691382, 11152104, 'CAD', 'WITHIN_LIMIT');
INSERT INTO l2.facility_exposure_snapshot (facility_exposure_id, facility_id, counterparty_id, as_of_date, exposure_type_id, drawn_amount, committed_amount, undrawn_amount, currency_code, limit_status_code) VALUES (200170, 8200, 2792, '2024-12-31', 1, 35483967, 50691382, 15207415, 'CAD', 'WITHIN_LIMIT');
INSERT INTO l2.facility_exposure_snapshot (facility_exposure_id, facility_id, counterparty_id, as_of_date, exposure_type_id, drawn_amount, committed_amount, undrawn_amount, currency_code, limit_status_code) VALUES (200171, 8200, 2792, '2025-01-31', 1, 31428657, 50691382, 19262725, 'CAD', 'WITHIN_LIMIT');
INSERT INTO l2.facility_exposure_snapshot (facility_exposure_id, facility_id, counterparty_id, as_of_date, exposure_type_id, drawn_amount, committed_amount, undrawn_amount, currency_code, limit_status_code) VALUES (200172, 8201, 2793, '2024-11-30', 1, 13935717, 17866304, 3930587, 'AUD', 'WITHIN_LIMIT');
INSERT INTO l2.facility_exposure_snapshot (facility_exposure_id, facility_id, counterparty_id, as_of_date, exposure_type_id, drawn_amount, committed_amount, undrawn_amount, currency_code, limit_status_code) VALUES (200173, 8201, 2793, '2024-12-31', 1, 12506413, 17866304, 5359891, 'AUD', 'WITHIN_LIMIT');
INSERT INTO l2.facility_exposure_snapshot (facility_exposure_id, facility_id, counterparty_id, as_of_date, exposure_type_id, drawn_amount, committed_amount, undrawn_amount, currency_code, limit_status_code) VALUES (200174, 8201, 2793, '2025-01-31', 1, 11077108, 17866304, 6789196, 'AUD', 'WITHIN_LIMIT');
INSERT INTO l2.facility_exposure_snapshot (facility_exposure_id, facility_id, counterparty_id, as_of_date, exposure_type_id, drawn_amount, committed_amount, undrawn_amount, currency_code, limit_status_code) VALUES (200175, 8202, 2793, '2024-11-30', 1, 20903576, 26799456, 5895880, 'AUD', 'WITHIN_LIMIT');
INSERT INTO l2.facility_exposure_snapshot (facility_exposure_id, facility_id, counterparty_id, as_of_date, exposure_type_id, drawn_amount, committed_amount, undrawn_amount, currency_code, limit_status_code) VALUES (200176, 8202, 2793, '2024-12-31', 1, 18759619, 26799456, 8039837, 'AUD', 'WITHIN_LIMIT');
INSERT INTO l2.facility_exposure_snapshot (facility_exposure_id, facility_id, counterparty_id, as_of_date, exposure_type_id, drawn_amount, committed_amount, undrawn_amount, currency_code, limit_status_code) VALUES (200177, 8202, 2793, '2025-01-31', 1, 16615663, 26799456, 10183793, 'AUD', 'WITHIN_LIMIT');

-- ────────────────────────────────────────
-- l2.counterparty_rating_observation (36 rows)
-- ────────────────────────────────────────
INSERT INTO l2.counterparty_rating_observation (observation_id, counterparty_id, as_of_date, rating_type, rating_value, rating_grade_id, is_internal_flag, pd_implied, rating_source_id) VALUES (50067, 2788, '2024-11-30', 'INTERNAL', 0, 4, 'Y', '0.0054', 1);
INSERT INTO l2.counterparty_rating_observation (observation_id, counterparty_id, as_of_date, rating_type, rating_value, rating_grade_id, is_internal_flag, pd_implied, rating_source_id) VALUES (50068, 2788, '2024-11-30', 'EXTERNAL_MOODYS', 0, 3, 'N', '0.0059', 2);
INSERT INTO l2.counterparty_rating_observation (observation_id, counterparty_id, as_of_date, rating_type, rating_value, rating_grade_id, is_internal_flag, pd_implied, rating_source_id) VALUES (50069, 2788, '2024-12-31', 'INTERNAL', 0, 4, 'Y', '0.0066', 1);
INSERT INTO l2.counterparty_rating_observation (observation_id, counterparty_id, as_of_date, rating_type, rating_value, rating_grade_id, is_internal_flag, pd_implied, rating_source_id) VALUES (50070, 2788, '2024-12-31', 'EXTERNAL_MOODYS', 0, 4, 'N', '0.0073', 2);
INSERT INTO l2.counterparty_rating_observation (observation_id, counterparty_id, as_of_date, rating_type, rating_value, rating_grade_id, is_internal_flag, pd_implied, rating_source_id) VALUES (50071, 2788, '2025-01-31', 'INTERNAL', 0, 4, 'Y', '0.006', 1);
INSERT INTO l2.counterparty_rating_observation (observation_id, counterparty_id, as_of_date, rating_type, rating_value, rating_grade_id, is_internal_flag, pd_implied, rating_source_id) VALUES (50072, 2788, '2025-01-31', 'EXTERNAL_MOODYS', 0, 5, 'N', '0.0066', 2);
INSERT INTO l2.counterparty_rating_observation (observation_id, counterparty_id, as_of_date, rating_type, rating_value, rating_grade_id, is_internal_flag, pd_implied, rating_source_id) VALUES (50073, 2789, '2024-11-30', 'INTERNAL', 0, 3, 'Y', '0.002', 1);
INSERT INTO l2.counterparty_rating_observation (observation_id, counterparty_id, as_of_date, rating_type, rating_value, rating_grade_id, is_internal_flag, pd_implied, rating_source_id) VALUES (50074, 2789, '2024-11-30', 'EXTERNAL_MOODYS', 0, 3, 'N', '0.0022', 2);
INSERT INTO l2.counterparty_rating_observation (observation_id, counterparty_id, as_of_date, rating_type, rating_value, rating_grade_id, is_internal_flag, pd_implied, rating_source_id) VALUES (50075, 2789, '2024-12-31', 'INTERNAL', 0, 3, 'Y', '0.0016', 1);
INSERT INTO l2.counterparty_rating_observation (observation_id, counterparty_id, as_of_date, rating_type, rating_value, rating_grade_id, is_internal_flag, pd_implied, rating_source_id) VALUES (50076, 2789, '2024-12-31', 'EXTERNAL_MOODYS', 0, 4, 'N', '0.0018', 2);
INSERT INTO l2.counterparty_rating_observation (observation_id, counterparty_id, as_of_date, rating_type, rating_value, rating_grade_id, is_internal_flag, pd_implied, rating_source_id) VALUES (50077, 2789, '2025-01-31', 'INTERNAL', 0, 3, 'Y', '0.0013', 1);
INSERT INTO l2.counterparty_rating_observation (observation_id, counterparty_id, as_of_date, rating_type, rating_value, rating_grade_id, is_internal_flag, pd_implied, rating_source_id) VALUES (50078, 2789, '2025-01-31', 'EXTERNAL_MOODYS', 0, 4, 'N', '0.0014', 2);
INSERT INTO l2.counterparty_rating_observation (observation_id, counterparty_id, as_of_date, rating_type, rating_value, rating_grade_id, is_internal_flag, pd_implied, rating_source_id) VALUES (50079, 2790, '2024-11-30', 'INTERNAL', 0, 4, 'Y', '0.0054', 1);
INSERT INTO l2.counterparty_rating_observation (observation_id, counterparty_id, as_of_date, rating_type, rating_value, rating_grade_id, is_internal_flag, pd_implied, rating_source_id) VALUES (50080, 2790, '2024-11-30', 'EXTERNAL_MOODYS', 0, 3, 'N', '0.0059', 2);
INSERT INTO l2.counterparty_rating_observation (observation_id, counterparty_id, as_of_date, rating_type, rating_value, rating_grade_id, is_internal_flag, pd_implied, rating_source_id) VALUES (50081, 2790, '2024-12-31', 'INTERNAL', 0, 4, 'Y', '0.0066', 1);
INSERT INTO l2.counterparty_rating_observation (observation_id, counterparty_id, as_of_date, rating_type, rating_value, rating_grade_id, is_internal_flag, pd_implied, rating_source_id) VALUES (50082, 2790, '2024-12-31', 'EXTERNAL_MOODYS', 0, 4, 'N', '0.0073', 2);
INSERT INTO l2.counterparty_rating_observation (observation_id, counterparty_id, as_of_date, rating_type, rating_value, rating_grade_id, is_internal_flag, pd_implied, rating_source_id) VALUES (50083, 2790, '2025-01-31', 'INTERNAL', 0, 4, 'Y', '0.006', 1);
INSERT INTO l2.counterparty_rating_observation (observation_id, counterparty_id, as_of_date, rating_type, rating_value, rating_grade_id, is_internal_flag, pd_implied, rating_source_id) VALUES (50084, 2790, '2025-01-31', 'EXTERNAL_MOODYS', 0, 5, 'N', '0.0066', 2);
INSERT INTO l2.counterparty_rating_observation (observation_id, counterparty_id, as_of_date, rating_type, rating_value, rating_grade_id, is_internal_flag, pd_implied, rating_source_id) VALUES (50085, 2791, '2024-11-30', 'INTERNAL', 0, 6, 'Y', '0.0126', 1);
INSERT INTO l2.counterparty_rating_observation (observation_id, counterparty_id, as_of_date, rating_type, rating_value, rating_grade_id, is_internal_flag, pd_implied, rating_source_id) VALUES (50086, 2791, '2024-11-30', 'EXTERNAL_MOODYS', 0, 3, 'N', '0.0139', 2);
INSERT INTO l2.counterparty_rating_observation (observation_id, counterparty_id, as_of_date, rating_type, rating_value, rating_grade_id, is_internal_flag, pd_implied, rating_source_id) VALUES (50087, 2791, '2024-12-31', 'INTERNAL', 0, 6, 'Y', '0.0154', 1);
INSERT INTO l2.counterparty_rating_observation (observation_id, counterparty_id, as_of_date, rating_type, rating_value, rating_grade_id, is_internal_flag, pd_implied, rating_source_id) VALUES (50088, 2791, '2024-12-31', 'EXTERNAL_MOODYS', 0, 4, 'N', '0.0169', 2);
INSERT INTO l2.counterparty_rating_observation (observation_id, counterparty_id, as_of_date, rating_type, rating_value, rating_grade_id, is_internal_flag, pd_implied, rating_source_id) VALUES (50089, 2791, '2025-01-31', 'INTERNAL', 0, 6, 'Y', '0.014', 1);
INSERT INTO l2.counterparty_rating_observation (observation_id, counterparty_id, as_of_date, rating_type, rating_value, rating_grade_id, is_internal_flag, pd_implied, rating_source_id) VALUES (50090, 2791, '2025-01-31', 'EXTERNAL_MOODYS', 0, 5, 'N', '0.0154', 2);
INSERT INTO l2.counterparty_rating_observation (observation_id, counterparty_id, as_of_date, rating_type, rating_value, rating_grade_id, is_internal_flag, pd_implied, rating_source_id) VALUES (50091, 2792, '2024-11-30', 'INTERNAL', 0, 4, 'Y', '0.002', 1);
INSERT INTO l2.counterparty_rating_observation (observation_id, counterparty_id, as_of_date, rating_type, rating_value, rating_grade_id, is_internal_flag, pd_implied, rating_source_id) VALUES (50092, 2792, '2024-11-30', 'EXTERNAL_MOODYS', 0, 3, 'N', '0.0022', 2);
INSERT INTO l2.counterparty_rating_observation (observation_id, counterparty_id, as_of_date, rating_type, rating_value, rating_grade_id, is_internal_flag, pd_implied, rating_source_id) VALUES (50093, 2792, '2024-12-31', 'INTERNAL', 0, 4, 'Y', '0.0016', 1);
INSERT INTO l2.counterparty_rating_observation (observation_id, counterparty_id, as_of_date, rating_type, rating_value, rating_grade_id, is_internal_flag, pd_implied, rating_source_id) VALUES (50094, 2792, '2024-12-31', 'EXTERNAL_MOODYS', 0, 4, 'N', '0.0018', 2);
INSERT INTO l2.counterparty_rating_observation (observation_id, counterparty_id, as_of_date, rating_type, rating_value, rating_grade_id, is_internal_flag, pd_implied, rating_source_id) VALUES (50095, 2792, '2025-01-31', 'INTERNAL', 0, 4, 'Y', '0.0013', 1);
INSERT INTO l2.counterparty_rating_observation (observation_id, counterparty_id, as_of_date, rating_type, rating_value, rating_grade_id, is_internal_flag, pd_implied, rating_source_id) VALUES (50096, 2792, '2025-01-31', 'EXTERNAL_MOODYS', 0, 4, 'N', '0.0014', 2);
INSERT INTO l2.counterparty_rating_observation (observation_id, counterparty_id, as_of_date, rating_type, rating_value, rating_grade_id, is_internal_flag, pd_implied, rating_source_id) VALUES (50097, 2793, '2024-11-30', 'INTERNAL', 0, 5, 'Y', '0.014', 1);
INSERT INTO l2.counterparty_rating_observation (observation_id, counterparty_id, as_of_date, rating_type, rating_value, rating_grade_id, is_internal_flag, pd_implied, rating_source_id) VALUES (50098, 2793, '2024-11-30', 'EXTERNAL_MOODYS', 0, 3, 'N', '0.0154', 2);
INSERT INTO l2.counterparty_rating_observation (observation_id, counterparty_id, as_of_date, rating_type, rating_value, rating_grade_id, is_internal_flag, pd_implied, rating_source_id) VALUES (50099, 2793, '2024-12-31', 'INTERNAL', 0, 5, 'Y', '0.0112', 1);
INSERT INTO l2.counterparty_rating_observation (observation_id, counterparty_id, as_of_date, rating_type, rating_value, rating_grade_id, is_internal_flag, pd_implied, rating_source_id) VALUES (50100, 2793, '2024-12-31', 'EXTERNAL_MOODYS', 0, 4, 'N', '0.0123', 2);
INSERT INTO l2.counterparty_rating_observation (observation_id, counterparty_id, as_of_date, rating_type, rating_value, rating_grade_id, is_internal_flag, pd_implied, rating_source_id) VALUES (50101, 2793, '2025-01-31', 'INTERNAL', 0, 5, 'Y', '0.0091', 1);
INSERT INTO l2.counterparty_rating_observation (observation_id, counterparty_id, as_of_date, rating_type, rating_value, rating_grade_id, is_internal_flag, pd_implied, rating_source_id) VALUES (50102, 2793, '2025-01-31', 'EXTERNAL_MOODYS', 0, 4, 'N', '0.01', 2);

-- ────────────────────────────────────────
-- l2.risk_flag (18 rows)
-- ────────────────────────────────────────
INSERT INTO l2.risk_flag (risk_flag_id, facility_id, counterparty_id, flag_type, flag_code, flag_severity, as_of_date, flag_description) VALUES (7937, 8191, 2788, 'WATCH_LIST', 'SECTOR_CONCENTRATION', 'HIGH', '2025-01-31', 'Manufacturing sector utilization spike — 45% to 78% in 60 days');
INSERT INTO l2.risk_flag (risk_flag_id, facility_id, counterparty_id, flag_type, flag_code, flag_severity, as_of_date, flag_description) VALUES (7938, 8193, 2789, 'WATCH_LIST', 'SECTOR_CONCENTRATION', 'HIGH', '2025-01-31', 'Manufacturing sector utilization spike — 45% to 78% in 60 days');
INSERT INTO l2.risk_flag (risk_flag_id, facility_id, counterparty_id, flag_type, flag_code, flag_severity, as_of_date, flag_description) VALUES (7939, 8195, 2790, 'WATCH_LIST', 'SECTOR_CONCENTRATION', 'HIGH', '2025-01-31', 'Manufacturing sector utilization spike — 45% to 78% in 60 days');
INSERT INTO l2.risk_flag (risk_flag_id, facility_id, counterparty_id, flag_type, flag_code, flag_severity, as_of_date, flag_description) VALUES (7940, 8197, 2791, 'WATCH_LIST', 'SECTOR_CONCENTRATION', 'HIGH', '2025-01-31', 'Manufacturing sector utilization spike — 45% to 78% in 60 days');
INSERT INTO l2.risk_flag (risk_flag_id, facility_id, counterparty_id, flag_type, flag_code, flag_severity, as_of_date, flag_description) VALUES (7941, 8199, 2792, 'WATCH_LIST', 'SECTOR_CONCENTRATION', 'HIGH', '2025-01-31', 'Manufacturing sector utilization spike — 45% to 78% in 60 days');
INSERT INTO l2.risk_flag (risk_flag_id, facility_id, counterparty_id, flag_type, flag_code, flag_severity, as_of_date, flag_description) VALUES (7942, 8201, 2793, 'WATCH_LIST', 'SECTOR_CONCENTRATION', 'HIGH', '2025-01-31', 'Manufacturing sector utilization spike — 45% to 78% in 60 days');
INSERT INTO l2.risk_flag (risk_flag_id, facility_id, counterparty_id, flag_type, flag_code, flag_severity, as_of_date, flag_description) VALUES (7943, 8191, 2788, 'WATCH_LIST', 'REVOLVER_DRAW_SPIKE', 'HIGH', '2025-01-31', '6 counterparties simultaneously drawing revolvers');
INSERT INTO l2.risk_flag (risk_flag_id, facility_id, counterparty_id, flag_type, flag_code, flag_severity, as_of_date, flag_description) VALUES (7944, 8193, 2789, 'WATCH_LIST', 'REVOLVER_DRAW_SPIKE', 'HIGH', '2025-01-31', '6 counterparties simultaneously drawing revolvers');
INSERT INTO l2.risk_flag (risk_flag_id, facility_id, counterparty_id, flag_type, flag_code, flag_severity, as_of_date, flag_description) VALUES (7945, 8195, 2790, 'WATCH_LIST', 'REVOLVER_DRAW_SPIKE', 'HIGH', '2025-01-31', '6 counterparties simultaneously drawing revolvers');
INSERT INTO l2.risk_flag (risk_flag_id, facility_id, counterparty_id, flag_type, flag_code, flag_severity, as_of_date, flag_description) VALUES (7946, 8197, 2791, 'WATCH_LIST', 'REVOLVER_DRAW_SPIKE', 'HIGH', '2025-01-31', '6 counterparties simultaneously drawing revolvers');
INSERT INTO l2.risk_flag (risk_flag_id, facility_id, counterparty_id, flag_type, flag_code, flag_severity, as_of_date, flag_description) VALUES (7947, 8199, 2792, 'WATCH_LIST', 'REVOLVER_DRAW_SPIKE', 'HIGH', '2025-01-31', '6 counterparties simultaneously drawing revolvers');
INSERT INTO l2.risk_flag (risk_flag_id, facility_id, counterparty_id, flag_type, flag_code, flag_severity, as_of_date, flag_description) VALUES (7948, 8201, 2793, 'WATCH_LIST', 'REVOLVER_DRAW_SPIKE', 'HIGH', '2025-01-31', '6 counterparties simultaneously drawing revolvers');
INSERT INTO l2.risk_flag (risk_flag_id, facility_id, counterparty_id, flag_type, flag_code, flag_severity, as_of_date, flag_description) VALUES (7949, 8191, 2788, 'CONCENTRATION', 'SUPPLY_CHAIN_DISRUPTION', 'MEDIUM', '2025-01-31', 'Port closures and semiconductor shortage impacting production');
INSERT INTO l2.risk_flag (risk_flag_id, facility_id, counterparty_id, flag_type, flag_code, flag_severity, as_of_date, flag_description) VALUES (7950, 8193, 2789, 'CONCENTRATION', 'SUPPLY_CHAIN_DISRUPTION', 'MEDIUM', '2025-01-31', 'Port closures and semiconductor shortage impacting production');
INSERT INTO l2.risk_flag (risk_flag_id, facility_id, counterparty_id, flag_type, flag_code, flag_severity, as_of_date, flag_description) VALUES (7951, 8195, 2790, 'CONCENTRATION', 'SUPPLY_CHAIN_DISRUPTION', 'MEDIUM', '2025-01-31', 'Port closures and semiconductor shortage impacting production');
INSERT INTO l2.risk_flag (risk_flag_id, facility_id, counterparty_id, flag_type, flag_code, flag_severity, as_of_date, flag_description) VALUES (7952, 8197, 2791, 'CONCENTRATION', 'SUPPLY_CHAIN_DISRUPTION', 'MEDIUM', '2025-01-31', 'Port closures and semiconductor shortage impacting production');
INSERT INTO l2.risk_flag (risk_flag_id, facility_id, counterparty_id, flag_type, flag_code, flag_severity, as_of_date, flag_description) VALUES (7953, 8199, 2792, 'CONCENTRATION', 'SUPPLY_CHAIN_DISRUPTION', 'MEDIUM', '2025-01-31', 'Port closures and semiconductor shortage impacting production');
INSERT INTO l2.risk_flag (risk_flag_id, facility_id, counterparty_id, flag_type, flag_code, flag_severity, as_of_date, flag_description) VALUES (7954, 8201, 2793, 'CONCENTRATION', 'SUPPLY_CHAIN_DISRUPTION', 'MEDIUM', '2025-01-31', 'Port closures and semiconductor shortage impacting production');


-- ═════════════════════════════════════════════════════════════════
-- Scenario S25: Retail Sector Delinquency Wave
-- 5 retail chains miss payments as consumer spending contracts, DPD migrating 30→90 days
-- Generated: 2026-03-10T04:28:27.426Z
-- ═════════════════════════════════════════════════════════════════

SET search_path TO l1, l2, public;

-- ────────────────────────────────────────
-- l1.counterparty (5 rows)
-- ────────────────────────────────────────
INSERT INTO l1.counterparty (counterparty_id, legal_name, counterparty_type, country_code, entity_type_code, industry_id, basel_asset_class, basel_risk_grade, call_report_counterparty_type, external_rating_fitch, external_rating_moodys, external_rating_sp, fr2590_counterparty_type, internal_risk_rating, is_affiliated, is_central_counterparty, is_financial_institution, is_insider, is_multilateral_dev_bank, is_parent_flag, is_public_sector_entity, is_regulated_entity, is_sovereign, lei_code, lgd_unsecured, pd_annual, regulatory_counterparty_type, y14_obligor_type, effective_start_date, effective_end_date, is_current_flag) VALUES (2794, 'National Department Stores Inc.', 'CORPORATE', 'US', 'CORP', 7, 'CORPORATE', '7', 'C&I_DOMESTIC', 'BB-', 'Ba2', 'BB', 'NON_FINANCIAL', '6', 'N', 'N', 'N', 'N', 'N', 'N', 'N', 'N', 'N', '529900K89PF6XBCBPGOE', 0.55, 0.0264, 'CORPORATE', 'LARGE_CORPORATE', '2020-01-01', NULL, 'Y');
INSERT INTO l1.counterparty (counterparty_id, legal_name, counterparty_type, country_code, entity_type_code, industry_id, basel_asset_class, basel_risk_grade, call_report_counterparty_type, external_rating_fitch, external_rating_moodys, external_rating_sp, fr2590_counterparty_type, internal_risk_rating, is_affiliated, is_central_counterparty, is_financial_institution, is_insider, is_multilateral_dev_bank, is_parent_flag, is_public_sector_entity, is_regulated_entity, is_sovereign, lei_code, lgd_unsecured, pd_annual, regulatory_counterparty_type, y14_obligor_type, effective_start_date, effective_end_date, is_current_flag) VALUES (2795, 'Coastal Lifestyle Brands LLC', 'CORPORATE', 'US', 'CORP', 7, 'CORPORATE', '5', 'C&I_DOMESTIC', 'BB+', 'Ba1', 'BBB-', 'NON_FINANCIAL', '5', 'N', 'N', 'N', 'N', 'N', 'N', 'N', 'N', 'N', '529900VW46GTTCAI67DM', 0.48, 0.0108, 'CORPORATE', 'LARGE_CORPORATE', '2020-01-01', NULL, 'Y');
INSERT INTO l1.counterparty (counterparty_id, legal_name, counterparty_type, country_code, entity_type_code, industry_id, basel_asset_class, basel_risk_grade, call_report_counterparty_type, external_rating_fitch, external_rating_moodys, external_rating_sp, fr2590_counterparty_type, internal_risk_rating, is_affiliated, is_central_counterparty, is_financial_institution, is_insider, is_multilateral_dev_bank, is_parent_flag, is_public_sector_entity, is_regulated_entity, is_sovereign, lei_code, lgd_unsecured, pd_annual, regulatory_counterparty_type, y14_obligor_type, effective_start_date, effective_end_date, is_current_flag) VALUES (2796, 'Maple Street Grocery Holdings', 'CORPORATE', 'CA', 'CORP', 6, 'CORPORATE', '7', 'C&I_FOREIGN', 'BB', 'Ba2', 'BB-', 'NON_FINANCIAL', '6', 'N', 'N', 'N', 'N', 'N', 'Y', 'N', 'N', 'N', '5299001SK9OY65UIDUND', 0.55, 0.0296, 'CORPORATE', 'LARGE_CORPORATE', '2020-01-01', NULL, 'Y');
INSERT INTO l1.counterparty (counterparty_id, legal_name, counterparty_type, country_code, entity_type_code, industry_id, basel_asset_class, basel_risk_grade, call_report_counterparty_type, external_rating_fitch, external_rating_moodys, external_rating_sp, fr2590_counterparty_type, internal_risk_rating, is_affiliated, is_central_counterparty, is_financial_institution, is_insider, is_multilateral_dev_bank, is_parent_flag, is_public_sector_entity, is_regulated_entity, is_sovereign, lei_code, lgd_unsecured, pd_annual, regulatory_counterparty_type, y14_obligor_type, effective_start_date, effective_end_date, is_current_flag) VALUES (2797, 'London Fashion Retail Group plc', 'CORPORATE', 'GB', 'CORP', 7, 'CORPORATE', '8', 'C&I_FOREIGN', 'B', 'B1', 'B', 'NON_FINANCIAL', '7', 'N', 'N', 'N', 'N', 'N', 'N', 'N', 'N', 'N', '213800KSU8YO71GWIAP6', 0.6, 0.0472, 'CORPORATE', 'MIDDLE_MARKET', '2020-01-01', NULL, 'Y');
INSERT INTO l1.counterparty (counterparty_id, legal_name, counterparty_type, country_code, entity_type_code, industry_id, basel_asset_class, basel_risk_grade, call_report_counterparty_type, external_rating_fitch, external_rating_moodys, external_rating_sp, fr2590_counterparty_type, internal_risk_rating, is_affiliated, is_central_counterparty, is_financial_institution, is_insider, is_multilateral_dev_bank, is_parent_flag, is_public_sector_entity, is_regulated_entity, is_sovereign, lei_code, lgd_unsecured, pd_annual, regulatory_counterparty_type, y14_obligor_type, effective_start_date, effective_end_date, is_current_flag) VALUES (2798, 'Alpine Specialty Retail AG', 'CORPORATE', 'CH', 'CORP', 7, 'CORPORATE', '5', 'C&I_FOREIGN', 'BB+', 'Baa3', 'BB+', 'NON_FINANCIAL', '5', 'N', 'N', 'N', 'N', 'N', 'N', 'N', 'N', 'N', '506700SFMIB3C0T6ZV66', 0.48, 0.0073, 'CORPORATE', 'MIDDLE_MARKET', '2020-01-01', NULL, 'Y');

-- ────────────────────────────────────────
-- l1.credit_agreement_master (5 rows)
-- ────────────────────────────────────────
INSERT INTO l1.credit_agreement_master (credit_agreement_id, borrower_counterparty_id, lender_legal_entity_id, agreement_type, status_code, agreement_reference, currency_code, origination_date, maturity_date, effective_start_date, effective_end_date, is_current_flag) VALUES (2254, 2794, 7, 'SYNDICATED', 'ACTIVE', 'CA-2024-02254-USD', 'USD', '2024-12-11', '2029-12-11', '2024-01-01', NULL, 'Y');
INSERT INTO l1.credit_agreement_master (credit_agreement_id, borrower_counterparty_id, lender_legal_entity_id, agreement_type, status_code, agreement_reference, currency_code, origination_date, maturity_date, effective_start_date, effective_end_date, is_current_flag) VALUES (2255, 2795, 4, 'SYNDICATED', 'ACTIVE', 'CA-2021-02255-USD', 'USD', '2021-08-10', '2026-08-10', '2024-01-01', NULL, 'Y');
INSERT INTO l1.credit_agreement_master (credit_agreement_id, borrower_counterparty_id, lender_legal_entity_id, agreement_type, status_code, agreement_reference, currency_code, origination_date, maturity_date, effective_start_date, effective_end_date, is_current_flag) VALUES (2256, 2796, 11, 'SYNDICATED', 'ACTIVE', 'CA-2024-02256-CAD', 'CAD', '2024-02-10', '2030-02-10', '2024-01-01', NULL, 'Y');
INSERT INTO l1.credit_agreement_master (credit_agreement_id, borrower_counterparty_id, lender_legal_entity_id, agreement_type, status_code, agreement_reference, currency_code, origination_date, maturity_date, effective_start_date, effective_end_date, is_current_flag) VALUES (2257, 2797, 8, 'SYNDICATED', 'ACTIVE', 'CA-2023-02257-GBP', 'GBP', '2023-04-16', '2029-04-16', '2024-01-01', NULL, 'Y');
INSERT INTO l1.credit_agreement_master (credit_agreement_id, borrower_counterparty_id, lender_legal_entity_id, agreement_type, status_code, agreement_reference, currency_code, origination_date, maturity_date, effective_start_date, effective_end_date, is_current_flag) VALUES (2258, 2798, 7, 'SYNDICATED', 'ACTIVE', 'CA-2023-02258-CHF', 'CHF', '2023-01-22', '2029-01-22', '2024-01-01', NULL, 'Y');

-- ────────────────────────────────────────
-- l1.facility_master (10 rows)
-- ────────────────────────────────────────
INSERT INTO l1.facility_master (facility_id, credit_agreement_id, counterparty_id, facility_name, facility_type, facility_status, committed_facility_amt, currency_code, origination_date, maturity_date, portfolio_id, industry_code, lob_segment_id, product_node_id, rate_index_id, ledger_account_id, product_id, region_code, interest_rate_type, interest_rate_reference, interest_rate_spread_bps, all_in_rate_pct, day_count_convention, amortization_type, revolving_flag, active_flag, facility_reference, payment_frequency, effective_start_date, effective_end_date, is_current_flag) VALUES (8203, 2254, 2794, 'National — USD Revolver 2028-A', 'REVOLVING_CREDIT', 'ACTIVE', 575407334, 'USD', '2024-04-19', '2028-04-19', 2, 'RET', 236, 5, 5, 2, 2, 'AMER', 'FLOATING', 'SOFR', 992, 12.98, 'ACT/365', 'BULLET', 'Y', 'Y', 'FAC-2024-08203-A', 'QUARTERLY', '2024-01-01', NULL, 'Y');
INSERT INTO l1.facility_master (facility_id, credit_agreement_id, counterparty_id, facility_name, facility_type, facility_status, committed_facility_amt, currency_code, origination_date, maturity_date, portfolio_id, industry_code, lob_segment_id, product_node_id, rate_index_id, ledger_account_id, product_id, region_code, interest_rate_type, interest_rate_reference, interest_rate_spread_bps, all_in_rate_pct, day_count_convention, amortization_type, revolving_flag, active_flag, facility_reference, payment_frequency, effective_start_date, effective_end_date, is_current_flag) VALUES (8204, 2254, 2794, 'National — USD Term Loan 2028-B', 'TERM_LOAN', 'ACTIVE', 863111001, 'USD', '2024-04-19', '2028-04-19', 10, 'RET', 237, 5, 1, 8, 5, 'AMER', 'FLOATING', 'SOFR', 992, 12.55, 'ACT/365', 'BULLET', 'N', 'Y', 'FAC-2024-08204-B', 'QUARTERLY', '2024-01-01', NULL, 'Y');
INSERT INTO l1.facility_master (facility_id, credit_agreement_id, counterparty_id, facility_name, facility_type, facility_status, committed_facility_amt, currency_code, origination_date, maturity_date, portfolio_id, industry_code, lob_segment_id, product_node_id, rate_index_id, ledger_account_id, product_id, region_code, interest_rate_type, interest_rate_reference, interest_rate_spread_bps, all_in_rate_pct, day_count_convention, amortization_type, revolving_flag, active_flag, facility_reference, payment_frequency, effective_start_date, effective_end_date, is_current_flag) VALUES (8205, 2255, 2795, 'Coastal — USD Revolver 2025-A', 'REVOLVING_CREDIT', 'ACTIVE', 91750030, 'USD', '2020-01-10', '2025-01-10', 10, 'RET', 238, 6, 4, 3, 2, 'AMER', 'FLOATING', 'SOFR', 450, 7.13, 'ACT/365', 'BULLET', 'Y', 'Y', 'FAC-2020-08205-A', 'MONTHLY', '2024-01-01', NULL, 'Y');
INSERT INTO l1.facility_master (facility_id, credit_agreement_id, counterparty_id, facility_name, facility_type, facility_status, committed_facility_amt, currency_code, origination_date, maturity_date, portfolio_id, industry_code, lob_segment_id, product_node_id, rate_index_id, ledger_account_id, product_id, region_code, interest_rate_type, interest_rate_reference, interest_rate_spread_bps, all_in_rate_pct, day_count_convention, amortization_type, revolving_flag, active_flag, facility_reference, payment_frequency, effective_start_date, effective_end_date, is_current_flag) VALUES (8206, 2255, 2795, 'Coastal — USD Term Loan 2025-B', 'TERM_LOAN', 'ACTIVE', 137625045, 'USD', '2020-01-10', '2025-01-10', 10, 'RET', 239, 5, 3, 2, 4, 'AMER', 'FLOATING', 'SOFR', 450, 8.22, 'ACT/360', 'AMORTIZING', 'N', 'Y', 'FAC-2020-08206-B', 'QUARTERLY', '2024-01-01', NULL, 'Y');
INSERT INTO l1.facility_master (facility_id, credit_agreement_id, counterparty_id, facility_name, facility_type, facility_status, committed_facility_amt, currency_code, origination_date, maturity_date, portfolio_id, industry_code, lob_segment_id, product_node_id, rate_index_id, ledger_account_id, product_id, region_code, interest_rate_type, interest_rate_reference, interest_rate_spread_bps, all_in_rate_pct, day_count_convention, amortization_type, revolving_flag, active_flag, facility_reference, payment_frequency, effective_start_date, effective_end_date, is_current_flag) VALUES (8207, 2256, 2796, 'Maple — CAD Revolver 2028-A', 'REVOLVING_CREDIT', 'ACTIVE', 173324279, 'CAD', '2024-05-24', '2028-05-24', 2, 'CS', 240, 6, 2, 5, 5, 'AMER', 'FLOATING', 'CORRA', 993, 13.78, 'ACT/360', 'BULLET', 'Y', 'Y', 'FAC-2024-08207-A', 'QUARTERLY', '2024-01-01', NULL, 'Y');
INSERT INTO l1.facility_master (facility_id, credit_agreement_id, counterparty_id, facility_name, facility_type, facility_status, committed_facility_amt, currency_code, origination_date, maturity_date, portfolio_id, industry_code, lob_segment_id, product_node_id, rate_index_id, ledger_account_id, product_id, region_code, interest_rate_type, interest_rate_reference, interest_rate_spread_bps, all_in_rate_pct, day_count_convention, amortization_type, revolving_flag, active_flag, facility_reference, payment_frequency, effective_start_date, effective_end_date, is_current_flag) VALUES (8208, 2256, 2796, 'Maple — CAD Term Loan 2028-B', 'TERM_LOAN', 'ACTIVE', 259986419, 'CAD', '2024-05-24', '2028-05-24', 10, 'CS', 241, 5, 3, 7, 4, 'AMER', 'FLOATING', 'CORRA', 993, 13.01, 'ACT/365', 'BULLET', 'N', 'Y', 'FAC-2024-08208-B', 'MONTHLY', '2024-01-01', NULL, 'Y');
INSERT INTO l1.facility_master (facility_id, credit_agreement_id, counterparty_id, facility_name, facility_type, facility_status, committed_facility_amt, currency_code, origination_date, maturity_date, portfolio_id, industry_code, lob_segment_id, product_node_id, rate_index_id, ledger_account_id, product_id, region_code, interest_rate_type, interest_rate_reference, interest_rate_spread_bps, all_in_rate_pct, day_count_convention, amortization_type, revolving_flag, active_flag, facility_reference, payment_frequency, effective_start_date, effective_end_date, is_current_flag) VALUES (8209, 2257, 2797, 'London — GBP Revolver 2028-A', 'REVOLVING_CREDIT', 'ACTIVE', 21876211, 'GBP', '2024-09-23', '2028-09-23', 10, 'RET', 242, 3, 1, 6, 4, 'EMEA', 'FLOATING', 'SONIA', 1901, 22.58, 'ACT/365', 'BULLET', 'Y', 'Y', 'FAC-2024-08209-A', 'QUARTERLY', '2024-01-01', NULL, 'Y');
INSERT INTO l1.facility_master (facility_id, credit_agreement_id, counterparty_id, facility_name, facility_type, facility_status, committed_facility_amt, currency_code, origination_date, maturity_date, portfolio_id, industry_code, lob_segment_id, product_node_id, rate_index_id, ledger_account_id, product_id, region_code, interest_rate_type, interest_rate_reference, interest_rate_spread_bps, all_in_rate_pct, day_count_convention, amortization_type, revolving_flag, active_flag, facility_reference, payment_frequency, effective_start_date, effective_end_date, is_current_flag) VALUES (8210, 2257, 2797, 'London — GBP Term Loan 2028-B', 'TERM_LOAN', 'ACTIVE', 32814316, 'GBP', '2024-09-23', '2028-09-23', 9, 'RET', 243, 5, 5, 1, 1, 'EMEA', 'FIXED', 'SONIA', 1901, 21.63, 'ACT/360', 'BULLET', 'N', 'Y', 'FAC-2024-08210-B', 'MONTHLY', '2024-01-01', NULL, 'Y');
INSERT INTO l1.facility_master (facility_id, credit_agreement_id, counterparty_id, facility_name, facility_type, facility_status, committed_facility_amt, currency_code, origination_date, maturity_date, portfolio_id, industry_code, lob_segment_id, product_node_id, rate_index_id, ledger_account_id, product_id, region_code, interest_rate_type, interest_rate_reference, interest_rate_spread_bps, all_in_rate_pct, day_count_convention, amortization_type, revolving_flag, active_flag, facility_reference, payment_frequency, effective_start_date, effective_end_date, is_current_flag) VALUES (8211, 2258, 2798, 'Alpine — CHF Revolver 2028-A', 'REVOLVING_CREDIT', 'ACTIVE', 15358126, 'CHF', '2022-06-17', '2028-06-17', 9, 'RET', 244, 3, 5, 1, 4, 'EMEA', 'FLOATING', 'SARON', 469, 8.63, 'ACT/360', 'BULLET', 'Y', 'Y', 'FAC-2022-08211-A', 'MONTHLY', '2024-01-01', NULL, 'Y');
INSERT INTO l1.facility_master (facility_id, credit_agreement_id, counterparty_id, facility_name, facility_type, facility_status, committed_facility_amt, currency_code, origination_date, maturity_date, portfolio_id, industry_code, lob_segment_id, product_node_id, rate_index_id, ledger_account_id, product_id, region_code, interest_rate_type, interest_rate_reference, interest_rate_spread_bps, all_in_rate_pct, day_count_convention, amortization_type, revolving_flag, active_flag, facility_reference, payment_frequency, effective_start_date, effective_end_date, is_current_flag) VALUES (8212, 2258, 2798, 'Alpine — CHF Term Loan 2028-B', 'TERM_LOAN', 'ACTIVE', 23037189, 'CHF', '2022-06-17', '2028-06-17', 2, 'RET', 245, 5, 3, 5, 3, 'EMEA', 'FIXED', 'SARON', 469, 8.39, 'ACT/365', 'AMORTIZING', 'N', 'Y', 'FAC-2022-08212-B', 'MONTHLY', '2024-01-01', NULL, 'Y');

-- ────────────────────────────────────────
-- l1.facility_lender_allocation (10 rows)
-- ────────────────────────────────────────
INSERT INTO l1.facility_lender_allocation (lender_allocation_id, facility_id, legal_entity_id, allocation_role, bank_share_pct, is_current_flag, effective_start_date, effective_end_date) VALUES (100060, 8203, 2, 'LEAD_ARRANGER', 1, 'Y', '2024-04-19', NULL);
INSERT INTO l1.facility_lender_allocation (lender_allocation_id, facility_id, legal_entity_id, allocation_role, bank_share_pct, is_current_flag, effective_start_date, effective_end_date) VALUES (100061, 8204, 1, 'LEAD_ARRANGER', 1, 'Y', '2024-04-19', NULL);
INSERT INTO l1.facility_lender_allocation (lender_allocation_id, facility_id, legal_entity_id, allocation_role, bank_share_pct, is_current_flag, effective_start_date, effective_end_date) VALUES (100062, 8205, 3, 'LEAD_ARRANGER', 1, 'Y', '2020-01-10', NULL);
INSERT INTO l1.facility_lender_allocation (lender_allocation_id, facility_id, legal_entity_id, allocation_role, bank_share_pct, is_current_flag, effective_start_date, effective_end_date) VALUES (100063, 8206, 2, 'LEAD_ARRANGER', 1, 'Y', '2020-01-10', NULL);
INSERT INTO l1.facility_lender_allocation (lender_allocation_id, facility_id, legal_entity_id, allocation_role, bank_share_pct, is_current_flag, effective_start_date, effective_end_date) VALUES (100064, 8207, 5, 'LEAD_ARRANGER', 1, 'Y', '2024-05-24', NULL);
INSERT INTO l1.facility_lender_allocation (lender_allocation_id, facility_id, legal_entity_id, allocation_role, bank_share_pct, is_current_flag, effective_start_date, effective_end_date) VALUES (100065, 8208, 1, 'LEAD_ARRANGER', 1, 'Y', '2024-05-24', NULL);
INSERT INTO l1.facility_lender_allocation (lender_allocation_id, facility_id, legal_entity_id, allocation_role, bank_share_pct, is_current_flag, effective_start_date, effective_end_date) VALUES (100066, 8209, 1, 'LEAD_ARRANGER', 1, 'Y', '2024-09-23', NULL);
INSERT INTO l1.facility_lender_allocation (lender_allocation_id, facility_id, legal_entity_id, allocation_role, bank_share_pct, is_current_flag, effective_start_date, effective_end_date) VALUES (100067, 8210, 1, 'LEAD_ARRANGER', 1, 'Y', '2024-09-23', NULL);
INSERT INTO l1.facility_lender_allocation (lender_allocation_id, facility_id, legal_entity_id, allocation_role, bank_share_pct, is_current_flag, effective_start_date, effective_end_date) VALUES (100068, 8211, 1, 'LEAD_ARRANGER', 1, 'Y', '2022-06-17', NULL);
INSERT INTO l1.facility_lender_allocation (lender_allocation_id, facility_id, legal_entity_id, allocation_role, bank_share_pct, is_current_flag, effective_start_date, effective_end_date) VALUES (100069, 8212, 5, 'LEAD_ARRANGER', 1, 'Y', '2022-06-17', NULL);

-- ────────────────────────────────────────
-- l2.facility_exposure_snapshot (30 rows)
-- ────────────────────────────────────────
INSERT INTO l2.facility_exposure_snapshot (facility_exposure_id, facility_id, counterparty_id, as_of_date, exposure_type_id, drawn_amount, committed_amount, undrawn_amount, currency_code, limit_status_code) VALUES (200178, 8203, 2794, '2024-11-30', 1, 460325867, 575407334, 115081467, 'USD', 'WITHIN_LIMIT');
INSERT INTO l2.facility_exposure_snapshot (facility_exposure_id, facility_id, counterparty_id, as_of_date, exposure_type_id, drawn_amount, committed_amount, undrawn_amount, currency_code, limit_status_code) VALUES (200179, 8203, 2794, '2024-12-31', 1, 489096234, 575407334, 86311100, 'USD', 'WITHIN_LIMIT');
INSERT INTO l2.facility_exposure_snapshot (facility_exposure_id, facility_id, counterparty_id, as_of_date, exposure_type_id, drawn_amount, committed_amount, undrawn_amount, currency_code, limit_status_code) VALUES (200180, 8203, 2794, '2025-01-31', 1, 471834014, 575407334, 103573320, 'USD', 'WITHIN_LIMIT');
INSERT INTO l2.facility_exposure_snapshot (facility_exposure_id, facility_id, counterparty_id, as_of_date, exposure_type_id, drawn_amount, committed_amount, undrawn_amount, currency_code, limit_status_code) VALUES (200181, 8204, 2794, '2024-11-30', 1, 690488801, 863111001, 172622200, 'USD', 'WITHIN_LIMIT');
INSERT INTO l2.facility_exposure_snapshot (facility_exposure_id, facility_id, counterparty_id, as_of_date, exposure_type_id, drawn_amount, committed_amount, undrawn_amount, currency_code, limit_status_code) VALUES (200182, 8204, 2794, '2024-12-31', 1, 733644351, 863111001, 129466650, 'USD', 'WITHIN_LIMIT');
INSERT INTO l2.facility_exposure_snapshot (facility_exposure_id, facility_id, counterparty_id, as_of_date, exposure_type_id, drawn_amount, committed_amount, undrawn_amount, currency_code, limit_status_code) VALUES (200183, 8204, 2794, '2025-01-31', 1, 707751021, 863111001, 155359980, 'USD', 'WITHIN_LIMIT');
INSERT INTO l2.facility_exposure_snapshot (facility_exposure_id, facility_id, counterparty_id, as_of_date, exposure_type_id, drawn_amount, committed_amount, undrawn_amount, currency_code, limit_status_code) VALUES (200184, 8205, 2795, '2024-11-30', 1, 73400024, 91750030, 18350006, 'USD', 'WITHIN_LIMIT');
INSERT INTO l2.facility_exposure_snapshot (facility_exposure_id, facility_id, counterparty_id, as_of_date, exposure_type_id, drawn_amount, committed_amount, undrawn_amount, currency_code, limit_status_code) VALUES (200185, 8205, 2795, '2024-12-31', 1, 77987526, 91750030, 13762504, 'USD', 'WITHIN_LIMIT');
INSERT INTO l2.facility_exposure_snapshot (facility_exposure_id, facility_id, counterparty_id, as_of_date, exposure_type_id, drawn_amount, committed_amount, undrawn_amount, currency_code, limit_status_code) VALUES (200186, 8205, 2795, '2025-01-31', 1, 75235025, 91750030, 16515005, 'USD', 'WITHIN_LIMIT');
INSERT INTO l2.facility_exposure_snapshot (facility_exposure_id, facility_id, counterparty_id, as_of_date, exposure_type_id, drawn_amount, committed_amount, undrawn_amount, currency_code, limit_status_code) VALUES (200187, 8206, 2795, '2024-11-30', 1, 110100036, 137625045, 27525009, 'USD', 'WITHIN_LIMIT');
INSERT INTO l2.facility_exposure_snapshot (facility_exposure_id, facility_id, counterparty_id, as_of_date, exposure_type_id, drawn_amount, committed_amount, undrawn_amount, currency_code, limit_status_code) VALUES (200188, 8206, 2795, '2024-12-31', 1, 116981288, 137625045, 20643757, 'USD', 'WITHIN_LIMIT');
INSERT INTO l2.facility_exposure_snapshot (facility_exposure_id, facility_id, counterparty_id, as_of_date, exposure_type_id, drawn_amount, committed_amount, undrawn_amount, currency_code, limit_status_code) VALUES (200189, 8206, 2795, '2025-01-31', 1, 112852537, 137625045, 24772508, 'USD', 'WITHIN_LIMIT');
INSERT INTO l2.facility_exposure_snapshot (facility_exposure_id, facility_id, counterparty_id, as_of_date, exposure_type_id, drawn_amount, committed_amount, undrawn_amount, currency_code, limit_status_code) VALUES (200190, 8207, 2796, '2024-11-30', 1, 135192938, 173324279, 38131341, 'CAD', 'WITHIN_LIMIT');
INSERT INTO l2.facility_exposure_snapshot (facility_exposure_id, facility_id, counterparty_id, as_of_date, exposure_type_id, drawn_amount, committed_amount, undrawn_amount, currency_code, limit_status_code) VALUES (200191, 8207, 2796, '2024-12-31', 1, 121326995, 173324279, 51997284, 'CAD', 'WITHIN_LIMIT');
INSERT INTO l2.facility_exposure_snapshot (facility_exposure_id, facility_id, counterparty_id, as_of_date, exposure_type_id, drawn_amount, committed_amount, undrawn_amount, currency_code, limit_status_code) VALUES (200192, 8207, 2796, '2025-01-31', 1, 107461053, 173324279, 65863226, 'CAD', 'WITHIN_LIMIT');
INSERT INTO l2.facility_exposure_snapshot (facility_exposure_id, facility_id, counterparty_id, as_of_date, exposure_type_id, drawn_amount, committed_amount, undrawn_amount, currency_code, limit_status_code) VALUES (200193, 8208, 2796, '2024-11-30', 1, 202789407, 259986419, 57197012, 'CAD', 'WITHIN_LIMIT');
INSERT INTO l2.facility_exposure_snapshot (facility_exposure_id, facility_id, counterparty_id, as_of_date, exposure_type_id, drawn_amount, committed_amount, undrawn_amount, currency_code, limit_status_code) VALUES (200194, 8208, 2796, '2024-12-31', 1, 181990493, 259986419, 77995926, 'CAD', 'WITHIN_LIMIT');
INSERT INTO l2.facility_exposure_snapshot (facility_exposure_id, facility_id, counterparty_id, as_of_date, exposure_type_id, drawn_amount, committed_amount, undrawn_amount, currency_code, limit_status_code) VALUES (200195, 8208, 2796, '2025-01-31', 1, 161191580, 259986419, 98794839, 'CAD', 'WITHIN_LIMIT');
INSERT INTO l2.facility_exposure_snapshot (facility_exposure_id, facility_id, counterparty_id, as_of_date, exposure_type_id, drawn_amount, committed_amount, undrawn_amount, currency_code, limit_status_code) VALUES (200196, 8209, 2797, '2024-11-30', 1, 17500969, 21876211, 4375242, 'GBP', 'WITHIN_LIMIT');
INSERT INTO l2.facility_exposure_snapshot (facility_exposure_id, facility_id, counterparty_id, as_of_date, exposure_type_id, drawn_amount, committed_amount, undrawn_amount, currency_code, limit_status_code) VALUES (200197, 8209, 2797, '2024-12-31', 1, 18594779, 21876211, 3281432, 'GBP', 'WITHIN_LIMIT');
INSERT INTO l2.facility_exposure_snapshot (facility_exposure_id, facility_id, counterparty_id, as_of_date, exposure_type_id, drawn_amount, committed_amount, undrawn_amount, currency_code, limit_status_code) VALUES (200198, 8209, 2797, '2025-01-31', 1, 17938493, 21876211, 3937718, 'GBP', 'WITHIN_LIMIT');
INSERT INTO l2.facility_exposure_snapshot (facility_exposure_id, facility_id, counterparty_id, as_of_date, exposure_type_id, drawn_amount, committed_amount, undrawn_amount, currency_code, limit_status_code) VALUES (200199, 8210, 2797, '2024-11-30', 1, 26251453, 32814316, 6562863, 'GBP', 'WITHIN_LIMIT');
INSERT INTO l2.facility_exposure_snapshot (facility_exposure_id, facility_id, counterparty_id, as_of_date, exposure_type_id, drawn_amount, committed_amount, undrawn_amount, currency_code, limit_status_code) VALUES (200200, 8210, 2797, '2024-12-31', 1, 27892169, 32814316, 4922147, 'GBP', 'WITHIN_LIMIT');
INSERT INTO l2.facility_exposure_snapshot (facility_exposure_id, facility_id, counterparty_id, as_of_date, exposure_type_id, drawn_amount, committed_amount, undrawn_amount, currency_code, limit_status_code) VALUES (200201, 8210, 2797, '2025-01-31', 1, 26907739, 32814316, 5906577, 'GBP', 'WITHIN_LIMIT');
INSERT INTO l2.facility_exposure_snapshot (facility_exposure_id, facility_id, counterparty_id, as_of_date, exposure_type_id, drawn_amount, committed_amount, undrawn_amount, currency_code, limit_status_code) VALUES (200202, 8211, 2798, '2024-11-30', 1, 11979338, 15358126, 3378788, 'CHF', 'WITHIN_LIMIT');
INSERT INTO l2.facility_exposure_snapshot (facility_exposure_id, facility_id, counterparty_id, as_of_date, exposure_type_id, drawn_amount, committed_amount, undrawn_amount, currency_code, limit_status_code) VALUES (200203, 8211, 2798, '2024-12-31', 1, 10750688, 15358126, 4607438, 'CHF', 'WITHIN_LIMIT');
INSERT INTO l2.facility_exposure_snapshot (facility_exposure_id, facility_id, counterparty_id, as_of_date, exposure_type_id, drawn_amount, committed_amount, undrawn_amount, currency_code, limit_status_code) VALUES (200204, 8211, 2798, '2025-01-31', 1, 9522038, 15358126, 5836088, 'CHF', 'WITHIN_LIMIT');
INSERT INTO l2.facility_exposure_snapshot (facility_exposure_id, facility_id, counterparty_id, as_of_date, exposure_type_id, drawn_amount, committed_amount, undrawn_amount, currency_code, limit_status_code) VALUES (200205, 8212, 2798, '2024-11-30', 1, 17969007, 23037189, 5068182, 'CHF', 'WITHIN_LIMIT');
INSERT INTO l2.facility_exposure_snapshot (facility_exposure_id, facility_id, counterparty_id, as_of_date, exposure_type_id, drawn_amount, committed_amount, undrawn_amount, currency_code, limit_status_code) VALUES (200206, 8212, 2798, '2024-12-31', 1, 16126032, 23037189, 6911157, 'CHF', 'WITHIN_LIMIT');
INSERT INTO l2.facility_exposure_snapshot (facility_exposure_id, facility_id, counterparty_id, as_of_date, exposure_type_id, drawn_amount, committed_amount, undrawn_amount, currency_code, limit_status_code) VALUES (200207, 8212, 2798, '2025-01-31', 1, 14283057, 23037189, 8754132, 'CHF', 'WITHIN_LIMIT');

-- ────────────────────────────────────────
-- l2.facility_delinquency_snapshot (30 rows)
-- ────────────────────────────────────────
INSERT INTO l2.facility_delinquency_snapshot (facility_id, counterparty_id, as_of_date, credit_status_code, days_past_due, delinquency_status_code) VALUES (8203, 2794, '2024-11-30', 4, 32, 'PAST_DUE_60');
INSERT INTO l2.facility_delinquency_snapshot (facility_id, counterparty_id, as_of_date, credit_status_code, days_past_due, delinquency_status_code) VALUES (8203, 2794, '2024-12-31', 5, 60, 'PAST_DUE_90');
INSERT INTO l2.facility_delinquency_snapshot (facility_id, counterparty_id, as_of_date, credit_status_code, days_past_due, delinquency_status_code) VALUES (8203, 2794, '2025-01-31', 4, 45, 'PAST_DUE_60');
INSERT INTO l2.facility_delinquency_snapshot (facility_id, counterparty_id, as_of_date, credit_status_code, days_past_due, delinquency_status_code) VALUES (8204, 2794, '2024-11-30', 4, 32, 'PAST_DUE_60');
INSERT INTO l2.facility_delinquency_snapshot (facility_id, counterparty_id, as_of_date, credit_status_code, days_past_due, delinquency_status_code) VALUES (8204, 2794, '2024-12-31', 5, 60, 'PAST_DUE_90');
INSERT INTO l2.facility_delinquency_snapshot (facility_id, counterparty_id, as_of_date, credit_status_code, days_past_due, delinquency_status_code) VALUES (8204, 2794, '2025-01-31', 4, 45, 'PAST_DUE_60');
INSERT INTO l2.facility_delinquency_snapshot (facility_id, counterparty_id, as_of_date, credit_status_code, days_past_due, delinquency_status_code) VALUES (8205, 2795, '2024-11-30', 4, 32, 'PAST_DUE_60');
INSERT INTO l2.facility_delinquency_snapshot (facility_id, counterparty_id, as_of_date, credit_status_code, days_past_due, delinquency_status_code) VALUES (8205, 2795, '2024-12-31', 5, 60, 'PAST_DUE_90');
INSERT INTO l2.facility_delinquency_snapshot (facility_id, counterparty_id, as_of_date, credit_status_code, days_past_due, delinquency_status_code) VALUES (8205, 2795, '2025-01-31', 4, 45, 'PAST_DUE_60');
INSERT INTO l2.facility_delinquency_snapshot (facility_id, counterparty_id, as_of_date, credit_status_code, days_past_due, delinquency_status_code) VALUES (8206, 2795, '2024-11-30', 4, 32, 'PAST_DUE_60');
INSERT INTO l2.facility_delinquency_snapshot (facility_id, counterparty_id, as_of_date, credit_status_code, days_past_due, delinquency_status_code) VALUES (8206, 2795, '2024-12-31', 5, 60, 'PAST_DUE_90');
INSERT INTO l2.facility_delinquency_snapshot (facility_id, counterparty_id, as_of_date, credit_status_code, days_past_due, delinquency_status_code) VALUES (8206, 2795, '2025-01-31', 4, 45, 'PAST_DUE_60');
INSERT INTO l2.facility_delinquency_snapshot (facility_id, counterparty_id, as_of_date, credit_status_code, days_past_due, delinquency_status_code) VALUES (8207, 2796, '2024-11-30', 3, 25, 'PAST_DUE_30');
INSERT INTO l2.facility_delinquency_snapshot (facility_id, counterparty_id, as_of_date, credit_status_code, days_past_due, delinquency_status_code) VALUES (8207, 2796, '2024-12-31', 3, 12, 'PAST_DUE_30');
INSERT INTO l2.facility_delinquency_snapshot (facility_id, counterparty_id, as_of_date, credit_status_code, days_past_due, delinquency_status_code) VALUES (8207, 2796, '2025-01-31', 3, 5, 'PAST_DUE_30');
INSERT INTO l2.facility_delinquency_snapshot (facility_id, counterparty_id, as_of_date, credit_status_code, days_past_due, delinquency_status_code) VALUES (8208, 2796, '2024-11-30', 3, 25, 'PAST_DUE_30');
INSERT INTO l2.facility_delinquency_snapshot (facility_id, counterparty_id, as_of_date, credit_status_code, days_past_due, delinquency_status_code) VALUES (8208, 2796, '2024-12-31', 3, 12, 'PAST_DUE_30');
INSERT INTO l2.facility_delinquency_snapshot (facility_id, counterparty_id, as_of_date, credit_status_code, days_past_due, delinquency_status_code) VALUES (8208, 2796, '2025-01-31', 3, 5, 'PAST_DUE_30');
INSERT INTO l2.facility_delinquency_snapshot (facility_id, counterparty_id, as_of_date, credit_status_code, days_past_due, delinquency_status_code) VALUES (8209, 2797, '2024-11-30', 4, 32, 'PAST_DUE_60');
INSERT INTO l2.facility_delinquency_snapshot (facility_id, counterparty_id, as_of_date, credit_status_code, days_past_due, delinquency_status_code) VALUES (8209, 2797, '2024-12-31', 5, 60, 'PAST_DUE_90');
INSERT INTO l2.facility_delinquency_snapshot (facility_id, counterparty_id, as_of_date, credit_status_code, days_past_due, delinquency_status_code) VALUES (8209, 2797, '2025-01-31', 4, 45, 'PAST_DUE_60');
INSERT INTO l2.facility_delinquency_snapshot (facility_id, counterparty_id, as_of_date, credit_status_code, days_past_due, delinquency_status_code) VALUES (8210, 2797, '2024-11-30', 4, 32, 'PAST_DUE_60');
INSERT INTO l2.facility_delinquency_snapshot (facility_id, counterparty_id, as_of_date, credit_status_code, days_past_due, delinquency_status_code) VALUES (8210, 2797, '2024-12-31', 5, 60, 'PAST_DUE_90');
INSERT INTO l2.facility_delinquency_snapshot (facility_id, counterparty_id, as_of_date, credit_status_code, days_past_due, delinquency_status_code) VALUES (8210, 2797, '2025-01-31', 4, 45, 'PAST_DUE_60');
INSERT INTO l2.facility_delinquency_snapshot (facility_id, counterparty_id, as_of_date, credit_status_code, days_past_due, delinquency_status_code) VALUES (8211, 2798, '2024-11-30', 3, 25, 'PAST_DUE_30');
INSERT INTO l2.facility_delinquency_snapshot (facility_id, counterparty_id, as_of_date, credit_status_code, days_past_due, delinquency_status_code) VALUES (8211, 2798, '2024-12-31', 3, 12, 'PAST_DUE_30');
INSERT INTO l2.facility_delinquency_snapshot (facility_id, counterparty_id, as_of_date, credit_status_code, days_past_due, delinquency_status_code) VALUES (8211, 2798, '2025-01-31', 3, 5, 'PAST_DUE_30');
INSERT INTO l2.facility_delinquency_snapshot (facility_id, counterparty_id, as_of_date, credit_status_code, days_past_due, delinquency_status_code) VALUES (8212, 2798, '2024-11-30', 3, 25, 'PAST_DUE_30');
INSERT INTO l2.facility_delinquency_snapshot (facility_id, counterparty_id, as_of_date, credit_status_code, days_past_due, delinquency_status_code) VALUES (8212, 2798, '2024-12-31', 3, 12, 'PAST_DUE_30');
INSERT INTO l2.facility_delinquency_snapshot (facility_id, counterparty_id, as_of_date, credit_status_code, days_past_due, delinquency_status_code) VALUES (8212, 2798, '2025-01-31', 3, 5, 'PAST_DUE_30');

-- ────────────────────────────────────────
-- l2.credit_event (1 rows)
-- ────────────────────────────────────────
INSERT INTO l2.credit_event (credit_event_id, counterparty_id, credit_event_type_code, event_date, event_summary, event_status) VALUES (5392, 2794, 4, '2025-01-15', 'National Department Stores misses $12M scheduled payment', 'CONFIRMED');

-- ────────────────────────────────────────
-- l2.credit_event_facility_link (2 rows)
-- ────────────────────────────────────────
INSERT INTO l2.credit_event_facility_link (link_id, credit_event_id, facility_id) VALUES (300018, 5392, 8203);
INSERT INTO l2.credit_event_facility_link (link_id, credit_event_id, facility_id) VALUES (300019, 5392, 8204);

-- ────────────────────────────────────────
-- l2.risk_flag (10 rows)
-- ────────────────────────────────────────
INSERT INTO l2.risk_flag (risk_flag_id, facility_id, counterparty_id, flag_type, flag_code, flag_severity, as_of_date, flag_description) VALUES (7955, 8203, 2794, 'WATCH_LIST', 'DELINQUENCY_MIGRATION', 'HIGH', '2025-01-31', 'Portfolio DPD migrating from 30-day to 90-day bucket');
INSERT INTO l2.risk_flag (risk_flag_id, facility_id, counterparty_id, flag_type, flag_code, flag_severity, as_of_date, flag_description) VALUES (7956, 8205, 2795, 'WATCH_LIST', 'DELINQUENCY_MIGRATION', 'HIGH', '2025-01-31', 'Portfolio DPD migrating from 30-day to 90-day bucket');
INSERT INTO l2.risk_flag (risk_flag_id, facility_id, counterparty_id, flag_type, flag_code, flag_severity, as_of_date, flag_description) VALUES (7957, 8207, 2796, 'WATCH_LIST', 'DELINQUENCY_MIGRATION', 'HIGH', '2025-01-31', 'Portfolio DPD migrating from 30-day to 90-day bucket');
INSERT INTO l2.risk_flag (risk_flag_id, facility_id, counterparty_id, flag_type, flag_code, flag_severity, as_of_date, flag_description) VALUES (7958, 8209, 2797, 'WATCH_LIST', 'DELINQUENCY_MIGRATION', 'HIGH', '2025-01-31', 'Portfolio DPD migrating from 30-day to 90-day bucket');
INSERT INTO l2.risk_flag (risk_flag_id, facility_id, counterparty_id, flag_type, flag_code, flag_severity, as_of_date, flag_description) VALUES (7959, 8211, 2798, 'WATCH_LIST', 'DELINQUENCY_MIGRATION', 'HIGH', '2025-01-31', 'Portfolio DPD migrating from 30-day to 90-day bucket');
INSERT INTO l2.risk_flag (risk_flag_id, facility_id, counterparty_id, flag_type, flag_code, flag_severity, as_of_date, flag_description) VALUES (7960, 8203, 2794, 'CONCENTRATION', 'SECTOR_STRESS', 'MEDIUM', '2025-01-31', 'Consumer discretionary spending down 8% YoY');
INSERT INTO l2.risk_flag (risk_flag_id, facility_id, counterparty_id, flag_type, flag_code, flag_severity, as_of_date, flag_description) VALUES (7961, 8205, 2795, 'CONCENTRATION', 'SECTOR_STRESS', 'MEDIUM', '2025-01-31', 'Consumer discretionary spending down 8% YoY');
INSERT INTO l2.risk_flag (risk_flag_id, facility_id, counterparty_id, flag_type, flag_code, flag_severity, as_of_date, flag_description) VALUES (7962, 8207, 2796, 'CONCENTRATION', 'SECTOR_STRESS', 'MEDIUM', '2025-01-31', 'Consumer discretionary spending down 8% YoY');
INSERT INTO l2.risk_flag (risk_flag_id, facility_id, counterparty_id, flag_type, flag_code, flag_severity, as_of_date, flag_description) VALUES (7963, 8209, 2797, 'CONCENTRATION', 'SECTOR_STRESS', 'MEDIUM', '2025-01-31', 'Consumer discretionary spending down 8% YoY');
INSERT INTO l2.risk_flag (risk_flag_id, facility_id, counterparty_id, flag_type, flag_code, flag_severity, as_of_date, flag_description) VALUES (7964, 8211, 2798, 'CONCENTRATION', 'SECTOR_STRESS', 'MEDIUM', '2025-01-31', 'Consumer discretionary spending down 8% YoY');


-- ═════════════════════════════════════════════════════════════════
-- Scenario S26: Utilities Regulatory Near-Miss
-- Utilities portfolio at 94% of SCCL limit — pending $150M facility would breach regulatory threshold
-- Generated: 2026-03-10T04:28:27.426Z
-- ═════════════════════════════════════════════════════════════════

SET search_path TO l1, l2, public;

-- ────────────────────────────────────────
-- l1.counterparty (4 rows)
-- ────────────────────────────────────────
INSERT INTO l1.counterparty (counterparty_id, legal_name, counterparty_type, country_code, entity_type_code, industry_id, basel_asset_class, basel_risk_grade, call_report_counterparty_type, external_rating_fitch, external_rating_moodys, external_rating_sp, fr2590_counterparty_type, internal_risk_rating, is_affiliated, is_central_counterparty, is_financial_institution, is_insider, is_multilateral_dev_bank, is_parent_flag, is_public_sector_entity, is_regulated_entity, is_sovereign, lei_code, lgd_unsecured, pd_annual, regulatory_counterparty_type, y14_obligor_type, effective_start_date, effective_end_date, is_current_flag) VALUES (2799, 'Continental Power Generation Corp.', 'CORPORATE', 'US', 'CORP', 9, 'CORPORATE', '4', 'C&I_DOMESTIC', 'A', 'A2', 'A', 'NON_FINANCIAL', '3', 'N', 'N', 'N', 'N', 'N', 'Y', 'N', 'N', 'N', '5299006GY9QVTS4BS3AO', 0.42, 0.0016, 'CORPORATE', 'LARGE_CORPORATE', '2020-01-01', NULL, 'Y');
INSERT INTO l1.counterparty (counterparty_id, legal_name, counterparty_type, country_code, entity_type_code, industry_id, basel_asset_class, basel_risk_grade, call_report_counterparty_type, external_rating_fitch, external_rating_moodys, external_rating_sp, fr2590_counterparty_type, internal_risk_rating, is_affiliated, is_central_counterparty, is_financial_institution, is_insider, is_multilateral_dev_bank, is_parent_flag, is_public_sector_entity, is_regulated_entity, is_sovereign, lei_code, lgd_unsecured, pd_annual, regulatory_counterparty_type, y14_obligor_type, effective_start_date, effective_end_date, is_current_flag) VALUES (2800, 'Atlantic Wind Energy Partners LP', 'CORPORATE', 'US', 'CORP', 9, 'CORPORATE', '4', 'C&I_DOMESTIC', 'BBB+', 'Baa2', 'BBB+', 'NON_FINANCIAL', '5', 'N', 'N', 'N', 'N', 'N', 'Y', 'N', 'N', 'N', '529900QMIOYIUPZTPSYY', 0.45, 0.005, 'CORPORATE', 'LARGE_CORPORATE', '2020-01-01', NULL, 'Y');
INSERT INTO l1.counterparty (counterparty_id, legal_name, counterparty_type, country_code, entity_type_code, industry_id, basel_asset_class, basel_risk_grade, call_report_counterparty_type, external_rating_fitch, external_rating_moodys, external_rating_sp, fr2590_counterparty_type, internal_risk_rating, is_affiliated, is_central_counterparty, is_financial_institution, is_insider, is_multilateral_dev_bank, is_parent_flag, is_public_sector_entity, is_regulated_entity, is_sovereign, lei_code, lgd_unsecured, pd_annual, regulatory_counterparty_type, y14_obligor_type, effective_start_date, effective_end_date, is_current_flag) VALUES (2801, 'Ontario Hydro Distribution Inc.', 'CORPORATE', 'CA', 'CORP', 9, 'CORPORATE', '2', 'C&I_FOREIGN', 'A+', 'A1', 'AA-', 'NON_FINANCIAL', '2', 'N', 'N', 'N', 'N', 'N', 'N', 'N', 'N', 'N', '529900RSHWW8HJKNZLGQ', 0.4, 0.0005, 'CORPORATE', 'LARGE_CORPORATE', '2020-01-01', NULL, 'Y');
INSERT INTO l1.counterparty (counterparty_id, legal_name, counterparty_type, country_code, entity_type_code, industry_id, basel_asset_class, basel_risk_grade, call_report_counterparty_type, external_rating_fitch, external_rating_moodys, external_rating_sp, fr2590_counterparty_type, internal_risk_rating, is_affiliated, is_central_counterparty, is_financial_institution, is_insider, is_multilateral_dev_bank, is_parent_flag, is_public_sector_entity, is_regulated_entity, is_sovereign, lei_code, lgd_unsecured, pd_annual, regulatory_counterparty_type, y14_obligor_type, effective_start_date, effective_end_date, is_current_flag) VALUES (2802, 'Southern Grid Infrastructure LLC', 'CORPORATE', 'US', 'CORP', 9, 'CORPORATE', '4', 'C&I_DOMESTIC', 'A', 'A3', 'A', 'NON_FINANCIAL', '4', 'N', 'N', 'N', 'N', 'N', 'N', 'N', 'N', 'N', '529900SMB63KZ7467V5T', 0.42, 0.0013, 'CORPORATE', 'MIDDLE_MARKET', '2020-01-01', NULL, 'Y');

-- ────────────────────────────────────────
-- l1.credit_agreement_master (4 rows)
-- ────────────────────────────────────────
INSERT INTO l1.credit_agreement_master (credit_agreement_id, borrower_counterparty_id, lender_legal_entity_id, agreement_type, status_code, agreement_reference, currency_code, origination_date, maturity_date, effective_start_date, effective_end_date, is_current_flag) VALUES (2259, 2799, 1, 'SYNDICATED', 'ACTIVE', 'CA-2022-02259-USD', 'USD', '2022-04-20', '2026-04-20', '2024-01-01', NULL, 'Y');
INSERT INTO l1.credit_agreement_master (credit_agreement_id, borrower_counterparty_id, lender_legal_entity_id, agreement_type, status_code, agreement_reference, currency_code, origination_date, maturity_date, effective_start_date, effective_end_date, is_current_flag) VALUES (2260, 2800, 4, 'SYNDICATED', 'ACTIVE', 'CA-2024-02260-USD', 'USD', '2024-07-02', '2029-07-02', '2024-01-01', NULL, 'Y');
INSERT INTO l1.credit_agreement_master (credit_agreement_id, borrower_counterparty_id, lender_legal_entity_id, agreement_type, status_code, agreement_reference, currency_code, origination_date, maturity_date, effective_start_date, effective_end_date, is_current_flag) VALUES (2261, 2801, 11, 'SYNDICATED', 'ACTIVE', 'CA-2023-02261-CAD', 'CAD', '2023-07-17', '2029-07-17', '2024-01-01', NULL, 'Y');
INSERT INTO l1.credit_agreement_master (credit_agreement_id, borrower_counterparty_id, lender_legal_entity_id, agreement_type, status_code, agreement_reference, currency_code, origination_date, maturity_date, effective_start_date, effective_end_date, is_current_flag) VALUES (2262, 2802, 10, 'SYNDICATED', 'ACTIVE', 'CA-2024-02262-USD', 'USD', '2024-07-17', '2028-07-17', '2024-01-01', NULL, 'Y');

-- ────────────────────────────────────────
-- l1.facility_master (12 rows)
-- ────────────────────────────────────────
INSERT INTO l1.facility_master (facility_id, credit_agreement_id, counterparty_id, facility_name, facility_type, facility_status, committed_facility_amt, currency_code, origination_date, maturity_date, portfolio_id, industry_code, lob_segment_id, product_node_id, rate_index_id, ledger_account_id, product_id, region_code, interest_rate_type, interest_rate_reference, interest_rate_spread_bps, all_in_rate_pct, day_count_convention, amortization_type, revolving_flag, active_flag, facility_reference, payment_frequency, effective_start_date, effective_end_date, is_current_flag) VALUES (8213, 2259, 2799, 'Continental — USD Revolver 2029-A', 'REVOLVING_CREDIT', 'ACTIVE', 1278498682, 'USD', '2023-11-27', '2029-11-27', 6, 'MAT', 246, 7, 3, 7, 3, 'AMER', 'FLOATING', 'SOFR', 195, 4.51, 'ACT/360', 'BULLET', 'Y', 'Y', 'FAC-2023-08213-A', 'QUARTERLY', '2024-01-01', NULL, 'Y');
INSERT INTO l1.facility_master (facility_id, credit_agreement_id, counterparty_id, facility_name, facility_type, facility_status, committed_facility_amt, currency_code, origination_date, maturity_date, portfolio_id, industry_code, lob_segment_id, product_node_id, rate_index_id, ledger_account_id, product_id, region_code, interest_rate_type, interest_rate_reference, interest_rate_spread_bps, all_in_rate_pct, day_count_convention, amortization_type, revolving_flag, active_flag, facility_reference, payment_frequency, effective_start_date, effective_end_date, is_current_flag) VALUES (8214, 2259, 2799, 'Continental — USD Term Loan 2029-B', 'TERM_LOAN', 'ACTIVE', 1917748023, 'USD', '2023-11-27', '2029-11-27', 6, 'MAT', 247, 5, 5, 5, 4, 'AMER', 'FIXED', 'SOFR', 195, 4.68, 'ACT/365', 'AMORTIZING', 'N', 'Y', 'FAC-2023-08214-B', 'QUARTERLY', '2024-01-01', NULL, 'Y');
INSERT INTO l1.facility_master (facility_id, credit_agreement_id, counterparty_id, facility_name, facility_type, facility_status, committed_facility_amt, currency_code, origination_date, maturity_date, portfolio_id, industry_code, lob_segment_id, product_node_id, rate_index_id, ledger_account_id, product_id, region_code, interest_rate_type, interest_rate_reference, interest_rate_spread_bps, all_in_rate_pct, day_count_convention, amortization_type, revolving_flag, active_flag, facility_reference, payment_frequency, effective_start_date, effective_end_date, is_current_flag) VALUES (8215, 2259, 2799, 'Continental — USD L/C 2029-C', 'LETTER_OF_CREDIT', 'ACTIVE', 1065415568, 'USD', '2023-11-27', '2029-11-27', 3, 'MAT', 248, 4, 1, 2, 2, 'AMER', 'FLOATING', 'SOFR', 195, 4.95, 'ACT/360', 'AMORTIZING', 'N', 'Y', 'FAC-2023-08215-C', 'QUARTERLY', '2024-01-01', NULL, 'Y');
INSERT INTO l1.facility_master (facility_id, credit_agreement_id, counterparty_id, facility_name, facility_type, facility_status, committed_facility_amt, currency_code, origination_date, maturity_date, portfolio_id, industry_code, lob_segment_id, product_node_id, rate_index_id, ledger_account_id, product_id, region_code, interest_rate_type, interest_rate_reference, interest_rate_spread_bps, all_in_rate_pct, day_count_convention, amortization_type, revolving_flag, active_flag, facility_reference, payment_frequency, effective_start_date, effective_end_date, is_current_flag) VALUES (8216, 2260, 2800, 'Atlantic — USD Revolver 2025-A', 'REVOLVING_CREDIT', 'ACTIVE', 113367905, 'USD', '2021-03-15', '2025-03-15', 6, 'MAT', 249, 5, 2, 6, 2, 'AMER', 'FLOATING', 'SOFR', 301, 5.63, 'ACT/365', 'BULLET', 'Y', 'Y', 'FAC-2021-08216-A', 'MONTHLY', '2024-01-01', NULL, 'Y');
INSERT INTO l1.facility_master (facility_id, credit_agreement_id, counterparty_id, facility_name, facility_type, facility_status, committed_facility_amt, currency_code, origination_date, maturity_date, portfolio_id, industry_code, lob_segment_id, product_node_id, rate_index_id, ledger_account_id, product_id, region_code, interest_rate_type, interest_rate_reference, interest_rate_spread_bps, all_in_rate_pct, day_count_convention, amortization_type, revolving_flag, active_flag, facility_reference, payment_frequency, effective_start_date, effective_end_date, is_current_flag) VALUES (8217, 2260, 2800, 'Atlantic — USD Term Loan 2025-B', 'TERM_LOAN', 'ACTIVE', 170051858, 'USD', '2021-03-15', '2025-03-15', 1, 'MAT', 1, 5, 1, 3, 1, 'AMER', 'FIXED', 'SOFR', 301, 6.26, 'ACT/360', 'BULLET', 'N', 'Y', 'FAC-2021-08217-B', 'QUARTERLY', '2024-01-01', NULL, 'Y');
INSERT INTO l1.facility_master (facility_id, credit_agreement_id, counterparty_id, facility_name, facility_type, facility_status, committed_facility_amt, currency_code, origination_date, maturity_date, portfolio_id, industry_code, lob_segment_id, product_node_id, rate_index_id, ledger_account_id, product_id, region_code, interest_rate_type, interest_rate_reference, interest_rate_spread_bps, all_in_rate_pct, day_count_convention, amortization_type, revolving_flag, active_flag, facility_reference, payment_frequency, effective_start_date, effective_end_date, is_current_flag) VALUES (8218, 2260, 2800, 'Atlantic — USD L/C 2025-C', 'LETTER_OF_CREDIT', 'ACTIVE', 94473254, 'USD', '2021-03-15', '2025-03-15', 5, 'MAT', 2, 9, 5, 8, 2, 'AMER', 'FLOATING', 'SOFR', 301, 6.94, 'ACT/360', 'BULLET', 'N', 'Y', 'FAC-2021-08218-C', 'MONTHLY', '2024-01-01', NULL, 'Y');
INSERT INTO l1.facility_master (facility_id, credit_agreement_id, counterparty_id, facility_name, facility_type, facility_status, committed_facility_amt, currency_code, origination_date, maturity_date, portfolio_id, industry_code, lob_segment_id, product_node_id, rate_index_id, ledger_account_id, product_id, region_code, interest_rate_type, interest_rate_reference, interest_rate_spread_bps, all_in_rate_pct, day_count_convention, amortization_type, revolving_flag, active_flag, facility_reference, payment_frequency, effective_start_date, effective_end_date, is_current_flag) VALUES (8219, 2261, 2801, 'Ontario — CAD Revolver 2029-A', 'REVOLVING_CREDIT', 'ACTIVE', 83927183, 'CAD', '2023-03-26', '2029-03-26', 6, 'MAT', 3, 6, 5, 5, 5, 'AMER', 'FLOATING', 'CORRA', 134, 5.32, 'ACT/365', 'BULLET', 'Y', 'Y', 'FAC-2023-08219-A', 'MONTHLY', '2024-01-01', NULL, 'Y');
INSERT INTO l1.facility_master (facility_id, credit_agreement_id, counterparty_id, facility_name, facility_type, facility_status, committed_facility_amt, currency_code, origination_date, maturity_date, portfolio_id, industry_code, lob_segment_id, product_node_id, rate_index_id, ledger_account_id, product_id, region_code, interest_rate_type, interest_rate_reference, interest_rate_spread_bps, all_in_rate_pct, day_count_convention, amortization_type, revolving_flag, active_flag, facility_reference, payment_frequency, effective_start_date, effective_end_date, is_current_flag) VALUES (8220, 2261, 2801, 'Ontario — CAD Term Loan 2029-B', 'TERM_LOAN', 'ACTIVE', 125890775, 'CAD', '2023-03-26', '2029-03-26', 5, 'MAT', 4, 6, 3, 7, 2, 'AMER', 'FLOATING', 'CORRA', 134, 4.46, 'ACT/360', 'AMORTIZING', 'N', 'Y', 'FAC-2023-08220-B', 'QUARTERLY', '2024-01-01', NULL, 'Y');
INSERT INTO l1.facility_master (facility_id, credit_agreement_id, counterparty_id, facility_name, facility_type, facility_status, committed_facility_amt, currency_code, origination_date, maturity_date, portfolio_id, industry_code, lob_segment_id, product_node_id, rate_index_id, ledger_account_id, product_id, region_code, interest_rate_type, interest_rate_reference, interest_rate_spread_bps, all_in_rate_pct, day_count_convention, amortization_type, revolving_flag, active_flag, facility_reference, payment_frequency, effective_start_date, effective_end_date, is_current_flag) VALUES (8221, 2261, 2801, 'Ontario — CAD L/C 2029-C', 'LETTER_OF_CREDIT', 'ACTIVE', 69939319, 'CAD', '2023-03-26', '2029-03-26', 5, 'MAT', 5, 6, 4, 8, 1, 'AMER', 'FLOATING', 'CORRA', 134, 3.89, 'ACT/360', 'BULLET', 'N', 'Y', 'FAC-2023-08221-C', 'QUARTERLY', '2024-01-01', NULL, 'Y');
INSERT INTO l1.facility_master (facility_id, credit_agreement_id, counterparty_id, facility_name, facility_type, facility_status, committed_facility_amt, currency_code, origination_date, maturity_date, portfolio_id, industry_code, lob_segment_id, product_node_id, rate_index_id, ledger_account_id, product_id, region_code, interest_rate_type, interest_rate_reference, interest_rate_spread_bps, all_in_rate_pct, day_count_convention, amortization_type, revolving_flag, active_flag, facility_reference, payment_frequency, effective_start_date, effective_end_date, is_current_flag) VALUES (8222, 2262, 2802, 'Southern — USD Revolver 2026-A', 'REVOLVING_CREDIT', 'ACTIVE', 20869997, 'USD', '2022-12-13', '2026-12-13', 5, 'MAT', 6, 7, 3, 6, 4, 'AMER', 'FLOATING', 'SOFR', 182, 5.6, 'ACT/360', 'BULLET', 'Y', 'Y', 'FAC-2022-08222-A', 'QUARTERLY', '2024-01-01', NULL, 'Y');
INSERT INTO l1.facility_master (facility_id, credit_agreement_id, counterparty_id, facility_name, facility_type, facility_status, committed_facility_amt, currency_code, origination_date, maturity_date, portfolio_id, industry_code, lob_segment_id, product_node_id, rate_index_id, ledger_account_id, product_id, region_code, interest_rate_type, interest_rate_reference, interest_rate_spread_bps, all_in_rate_pct, day_count_convention, amortization_type, revolving_flag, active_flag, facility_reference, payment_frequency, effective_start_date, effective_end_date, is_current_flag) VALUES (8223, 2262, 2802, 'Southern — USD Term Loan 2026-B', 'TERM_LOAN', 'ACTIVE', 31304996, 'USD', '2022-12-13', '2026-12-13', 3, 'MAT', 7, 9, 1, 6, 5, 'AMER', 'FIXED', 'SOFR', 182, 4.68, 'ACT/365', 'BULLET', 'N', 'Y', 'FAC-2022-08223-B', 'QUARTERLY', '2024-01-01', NULL, 'Y');
INSERT INTO l1.facility_master (facility_id, credit_agreement_id, counterparty_id, facility_name, facility_type, facility_status, committed_facility_amt, currency_code, origination_date, maturity_date, portfolio_id, industry_code, lob_segment_id, product_node_id, rate_index_id, ledger_account_id, product_id, region_code, interest_rate_type, interest_rate_reference, interest_rate_spread_bps, all_in_rate_pct, day_count_convention, amortization_type, revolving_flag, active_flag, facility_reference, payment_frequency, effective_start_date, effective_end_date, is_current_flag) VALUES (8224, 2262, 2802, 'Southern — USD L/C 2026-C', 'LETTER_OF_CREDIT', 'ACTIVE', 17391664, 'USD', '2022-12-13', '2026-12-13', 5, 'MAT', 8, 2, 1, 4, 1, 'AMER', 'FLOATING', 'SOFR', 182, 5.41, 'ACT/365', 'AMORTIZING', 'N', 'Y', 'FAC-2022-08224-C', 'MONTHLY', '2024-01-01', NULL, 'Y');

-- ────────────────────────────────────────
-- l1.limit_rule (1 rows)
-- ────────────────────────────────────────
INSERT INTO l1.limit_rule (limit_rule_id, limit_type, limit_amount_usd, counterparty_id) VALUES (5116, 'SINGLE_NAME', NULL, 2799);

-- ────────────────────────────────────────
-- l1.facility_lender_allocation (12 rows)
-- ────────────────────────────────────────
INSERT INTO l1.facility_lender_allocation (lender_allocation_id, facility_id, legal_entity_id, allocation_role, bank_share_pct, is_current_flag, effective_start_date, effective_end_date) VALUES (100070, 8213, 1, 'LEAD_ARRANGER', 1, 'Y', '2023-11-27', NULL);
INSERT INTO l1.facility_lender_allocation (lender_allocation_id, facility_id, legal_entity_id, allocation_role, bank_share_pct, is_current_flag, effective_start_date, effective_end_date) VALUES (100071, 8214, 5, 'LEAD_ARRANGER', 1, 'Y', '2023-11-27', NULL);
INSERT INTO l1.facility_lender_allocation (lender_allocation_id, facility_id, legal_entity_id, allocation_role, bank_share_pct, is_current_flag, effective_start_date, effective_end_date) VALUES (100072, 8215, 2, 'LEAD_ARRANGER', 1, 'Y', '2023-11-27', NULL);
INSERT INTO l1.facility_lender_allocation (lender_allocation_id, facility_id, legal_entity_id, allocation_role, bank_share_pct, is_current_flag, effective_start_date, effective_end_date) VALUES (100073, 8216, 1, 'LEAD_ARRANGER', 1, 'Y', '2021-03-15', NULL);
INSERT INTO l1.facility_lender_allocation (lender_allocation_id, facility_id, legal_entity_id, allocation_role, bank_share_pct, is_current_flag, effective_start_date, effective_end_date) VALUES (100074, 8217, 3, 'LEAD_ARRANGER', 1, 'Y', '2021-03-15', NULL);
INSERT INTO l1.facility_lender_allocation (lender_allocation_id, facility_id, legal_entity_id, allocation_role, bank_share_pct, is_current_flag, effective_start_date, effective_end_date) VALUES (100075, 8218, 1, 'LEAD_ARRANGER', 1, 'Y', '2021-03-15', NULL);
INSERT INTO l1.facility_lender_allocation (lender_allocation_id, facility_id, legal_entity_id, allocation_role, bank_share_pct, is_current_flag, effective_start_date, effective_end_date) VALUES (100076, 8219, 5, 'LEAD_ARRANGER', 1, 'Y', '2023-03-26', NULL);
INSERT INTO l1.facility_lender_allocation (lender_allocation_id, facility_id, legal_entity_id, allocation_role, bank_share_pct, is_current_flag, effective_start_date, effective_end_date) VALUES (100077, 8220, 1, 'LEAD_ARRANGER', 1, 'Y', '2023-03-26', NULL);
INSERT INTO l1.facility_lender_allocation (lender_allocation_id, facility_id, legal_entity_id, allocation_role, bank_share_pct, is_current_flag, effective_start_date, effective_end_date) VALUES (100078, 8221, 1, 'LEAD_ARRANGER', 1, 'Y', '2023-03-26', NULL);
INSERT INTO l1.facility_lender_allocation (lender_allocation_id, facility_id, legal_entity_id, allocation_role, bank_share_pct, is_current_flag, effective_start_date, effective_end_date) VALUES (100079, 8222, 1, 'LEAD_ARRANGER', 1, 'Y', '2022-12-13', NULL);
INSERT INTO l1.facility_lender_allocation (lender_allocation_id, facility_id, legal_entity_id, allocation_role, bank_share_pct, is_current_flag, effective_start_date, effective_end_date) VALUES (100080, 8223, 1, 'LEAD_ARRANGER', 1, 'Y', '2022-12-13', NULL);
INSERT INTO l1.facility_lender_allocation (lender_allocation_id, facility_id, legal_entity_id, allocation_role, bank_share_pct, is_current_flag, effective_start_date, effective_end_date) VALUES (100081, 8224, 4, 'LEAD_ARRANGER', 1, 'Y', '2022-12-13', NULL);

-- ────────────────────────────────────────
-- l2.facility_exposure_snapshot (36 rows)
-- ────────────────────────────────────────
INSERT INTO l2.facility_exposure_snapshot (facility_exposure_id, facility_id, counterparty_id, as_of_date, exposure_type_id, drawn_amount, committed_amount, undrawn_amount, currency_code, limit_status_code) VALUES (200208, 8213, 2799, '2024-11-30', 1, 626464354, 1278498682, 652034328, 'USD', 'WITHIN_LIMIT');
INSERT INTO l2.facility_exposure_snapshot (facility_exposure_id, facility_id, counterparty_id, as_of_date, exposure_type_id, drawn_amount, committed_amount, undrawn_amount, currency_code, limit_status_code) VALUES (200209, 8213, 2799, '2024-12-31', 1, 600894381, 1278498682, 677604301, 'USD', 'WITHIN_LIMIT');
INSERT INTO l2.facility_exposure_snapshot (facility_exposure_id, facility_id, counterparty_id, as_of_date, exposure_type_id, drawn_amount, committed_amount, undrawn_amount, currency_code, limit_status_code) VALUES (200210, 8213, 2799, '2025-01-31', 1, 613679367, 1278498682, 664819315, 'USD', 'WITHIN_LIMIT');
INSERT INTO l2.facility_exposure_snapshot (facility_exposure_id, facility_id, counterparty_id, as_of_date, exposure_type_id, drawn_amount, committed_amount, undrawn_amount, currency_code, limit_status_code) VALUES (200211, 8214, 2799, '2024-11-30', 1, 939696531, 1917748023, 978051492, 'USD', 'WITHIN_LIMIT');
INSERT INTO l2.facility_exposure_snapshot (facility_exposure_id, facility_id, counterparty_id, as_of_date, exposure_type_id, drawn_amount, committed_amount, undrawn_amount, currency_code, limit_status_code) VALUES (200212, 8214, 2799, '2024-12-31', 1, 901341571, 1917748023, 1016406452, 'USD', 'WITHIN_LIMIT');
INSERT INTO l2.facility_exposure_snapshot (facility_exposure_id, facility_id, counterparty_id, as_of_date, exposure_type_id, drawn_amount, committed_amount, undrawn_amount, currency_code, limit_status_code) VALUES (200213, 8214, 2799, '2025-01-31', 1, 920519051, 1917748023, 997228972, 'USD', 'WITHIN_LIMIT');
INSERT INTO l2.facility_exposure_snapshot (facility_exposure_id, facility_id, counterparty_id, as_of_date, exposure_type_id, drawn_amount, committed_amount, undrawn_amount, currency_code, limit_status_code) VALUES (200214, 8215, 2799, '2024-11-30', 1, 522053628, 1065415568, 543361940, 'USD', 'WITHIN_LIMIT');
INSERT INTO l2.facility_exposure_snapshot (facility_exposure_id, facility_id, counterparty_id, as_of_date, exposure_type_id, drawn_amount, committed_amount, undrawn_amount, currency_code, limit_status_code) VALUES (200215, 8215, 2799, '2024-12-31', 1, 500745317, 1065415568, 564670251, 'USD', 'WITHIN_LIMIT');
INSERT INTO l2.facility_exposure_snapshot (facility_exposure_id, facility_id, counterparty_id, as_of_date, exposure_type_id, drawn_amount, committed_amount, undrawn_amount, currency_code, limit_status_code) VALUES (200216, 8215, 2799, '2025-01-31', 1, 511399473, 1065415568, 554016095, 'USD', 'WITHIN_LIMIT');
INSERT INTO l2.facility_exposure_snapshot (facility_exposure_id, facility_id, counterparty_id, as_of_date, exposure_type_id, drawn_amount, committed_amount, undrawn_amount, currency_code, limit_status_code) VALUES (200217, 8216, 2800, '2024-11-30', 1, 56683953, 113367905, 56683952, 'USD', 'WITHIN_LIMIT');
INSERT INTO l2.facility_exposure_snapshot (facility_exposure_id, facility_id, counterparty_id, as_of_date, exposure_type_id, drawn_amount, committed_amount, undrawn_amount, currency_code, limit_status_code) VALUES (200218, 8216, 2800, '2024-12-31', 1, 62352348, 113367905, 51015557, 'USD', 'WITHIN_LIMIT');
INSERT INTO l2.facility_exposure_snapshot (facility_exposure_id, facility_id, counterparty_id, as_of_date, exposure_type_id, drawn_amount, committed_amount, undrawn_amount, currency_code, limit_status_code) VALUES (200219, 8216, 2800, '2025-01-31', 1, 65753385, 113367905, 47614520, 'USD', 'WITHIN_LIMIT');
INSERT INTO l2.facility_exposure_snapshot (facility_exposure_id, facility_id, counterparty_id, as_of_date, exposure_type_id, drawn_amount, committed_amount, undrawn_amount, currency_code, limit_status_code) VALUES (200220, 8217, 2800, '2024-11-30', 1, 85025929, 170051858, 85025929, 'USD', 'WITHIN_LIMIT');
INSERT INTO l2.facility_exposure_snapshot (facility_exposure_id, facility_id, counterparty_id, as_of_date, exposure_type_id, drawn_amount, committed_amount, undrawn_amount, currency_code, limit_status_code) VALUES (200221, 8217, 2800, '2024-12-31', 1, 93528522, 170051858, 76523336, 'USD', 'WITHIN_LIMIT');
INSERT INTO l2.facility_exposure_snapshot (facility_exposure_id, facility_id, counterparty_id, as_of_date, exposure_type_id, drawn_amount, committed_amount, undrawn_amount, currency_code, limit_status_code) VALUES (200222, 8217, 2800, '2025-01-31', 1, 98630078, 170051858, 71421780, 'USD', 'WITHIN_LIMIT');
INSERT INTO l2.facility_exposure_snapshot (facility_exposure_id, facility_id, counterparty_id, as_of_date, exposure_type_id, drawn_amount, committed_amount, undrawn_amount, currency_code, limit_status_code) VALUES (200223, 8218, 2800, '2024-11-30', 1, 47236627, 94473254, 47236627, 'USD', 'WITHIN_LIMIT');
INSERT INTO l2.facility_exposure_snapshot (facility_exposure_id, facility_id, counterparty_id, as_of_date, exposure_type_id, drawn_amount, committed_amount, undrawn_amount, currency_code, limit_status_code) VALUES (200224, 8218, 2800, '2024-12-31', 1, 51960290, 94473254, 42512964, 'USD', 'WITHIN_LIMIT');
INSERT INTO l2.facility_exposure_snapshot (facility_exposure_id, facility_id, counterparty_id, as_of_date, exposure_type_id, drawn_amount, committed_amount, undrawn_amount, currency_code, limit_status_code) VALUES (200225, 8218, 2800, '2025-01-31', 1, 54794487, 94473254, 39678767, 'USD', 'WITHIN_LIMIT');
INSERT INTO l2.facility_exposure_snapshot (facility_exposure_id, facility_id, counterparty_id, as_of_date, exposure_type_id, drawn_amount, committed_amount, undrawn_amount, currency_code, limit_status_code) VALUES (200226, 8219, 2801, '2024-11-30', 1, 41124320, 83927183, 42802863, 'CAD', 'WITHIN_LIMIT');
INSERT INTO l2.facility_exposure_snapshot (facility_exposure_id, facility_id, counterparty_id, as_of_date, exposure_type_id, drawn_amount, committed_amount, undrawn_amount, currency_code, limit_status_code) VALUES (200227, 8219, 2801, '2024-12-31', 1, 39445776, 83927183, 44481407, 'CAD', 'WITHIN_LIMIT');
INSERT INTO l2.facility_exposure_snapshot (facility_exposure_id, facility_id, counterparty_id, as_of_date, exposure_type_id, drawn_amount, committed_amount, undrawn_amount, currency_code, limit_status_code) VALUES (200228, 8219, 2801, '2025-01-31', 1, 40285048, 83927183, 43642135, 'CAD', 'WITHIN_LIMIT');
INSERT INTO l2.facility_exposure_snapshot (facility_exposure_id, facility_id, counterparty_id, as_of_date, exposure_type_id, drawn_amount, committed_amount, undrawn_amount, currency_code, limit_status_code) VALUES (200229, 8220, 2801, '2024-11-30', 1, 61686480, 125890775, 64204295, 'CAD', 'WITHIN_LIMIT');
INSERT INTO l2.facility_exposure_snapshot (facility_exposure_id, facility_id, counterparty_id, as_of_date, exposure_type_id, drawn_amount, committed_amount, undrawn_amount, currency_code, limit_status_code) VALUES (200230, 8220, 2801, '2024-12-31', 1, 59168664, 125890775, 66722111, 'CAD', 'WITHIN_LIMIT');
INSERT INTO l2.facility_exposure_snapshot (facility_exposure_id, facility_id, counterparty_id, as_of_date, exposure_type_id, drawn_amount, committed_amount, undrawn_amount, currency_code, limit_status_code) VALUES (200231, 8220, 2801, '2025-01-31', 1, 60427572, 125890775, 65463203, 'CAD', 'WITHIN_LIMIT');
INSERT INTO l2.facility_exposure_snapshot (facility_exposure_id, facility_id, counterparty_id, as_of_date, exposure_type_id, drawn_amount, committed_amount, undrawn_amount, currency_code, limit_status_code) VALUES (200232, 8221, 2801, '2024-11-30', 1, 34270266, 69939319, 35669053, 'CAD', 'WITHIN_LIMIT');
INSERT INTO l2.facility_exposure_snapshot (facility_exposure_id, facility_id, counterparty_id, as_of_date, exposure_type_id, drawn_amount, committed_amount, undrawn_amount, currency_code, limit_status_code) VALUES (200233, 8221, 2801, '2024-12-31', 1, 32871480, 69939319, 37067839, 'CAD', 'WITHIN_LIMIT');
INSERT INTO l2.facility_exposure_snapshot (facility_exposure_id, facility_id, counterparty_id, as_of_date, exposure_type_id, drawn_amount, committed_amount, undrawn_amount, currency_code, limit_status_code) VALUES (200234, 8221, 2801, '2025-01-31', 1, 33570873, 69939319, 36368446, 'CAD', 'WITHIN_LIMIT');
INSERT INTO l2.facility_exposure_snapshot (facility_exposure_id, facility_id, counterparty_id, as_of_date, exposure_type_id, drawn_amount, committed_amount, undrawn_amount, currency_code, limit_status_code) VALUES (200235, 8222, 2802, '2024-11-30', 1, 10226299, 20869997, 10643698, 'USD', 'WITHIN_LIMIT');
INSERT INTO l2.facility_exposure_snapshot (facility_exposure_id, facility_id, counterparty_id, as_of_date, exposure_type_id, drawn_amount, committed_amount, undrawn_amount, currency_code, limit_status_code) VALUES (200236, 8222, 2802, '2024-12-31', 1, 9808899, 20869997, 11061098, 'USD', 'WITHIN_LIMIT');
INSERT INTO l2.facility_exposure_snapshot (facility_exposure_id, facility_id, counterparty_id, as_of_date, exposure_type_id, drawn_amount, committed_amount, undrawn_amount, currency_code, limit_status_code) VALUES (200237, 8222, 2802, '2025-01-31', 1, 10017599, 20869997, 10852398, 'USD', 'WITHIN_LIMIT');
INSERT INTO l2.facility_exposure_snapshot (facility_exposure_id, facility_id, counterparty_id, as_of_date, exposure_type_id, drawn_amount, committed_amount, undrawn_amount, currency_code, limit_status_code) VALUES (200238, 8223, 2802, '2024-11-30', 1, 15339448, 31304996, 15965548, 'USD', 'WITHIN_LIMIT');
INSERT INTO l2.facility_exposure_snapshot (facility_exposure_id, facility_id, counterparty_id, as_of_date, exposure_type_id, drawn_amount, committed_amount, undrawn_amount, currency_code, limit_status_code) VALUES (200239, 8223, 2802, '2024-12-31', 1, 14713348, 31304996, 16591648, 'USD', 'WITHIN_LIMIT');
INSERT INTO l2.facility_exposure_snapshot (facility_exposure_id, facility_id, counterparty_id, as_of_date, exposure_type_id, drawn_amount, committed_amount, undrawn_amount, currency_code, limit_status_code) VALUES (200240, 8223, 2802, '2025-01-31', 1, 15026398, 31304996, 16278598, 'USD', 'WITHIN_LIMIT');
INSERT INTO l2.facility_exposure_snapshot (facility_exposure_id, facility_id, counterparty_id, as_of_date, exposure_type_id, drawn_amount, committed_amount, undrawn_amount, currency_code, limit_status_code) VALUES (200241, 8224, 2802, '2024-11-30', 1, 8521915, 17391664, 8869749, 'USD', 'WITHIN_LIMIT');
INSERT INTO l2.facility_exposure_snapshot (facility_exposure_id, facility_id, counterparty_id, as_of_date, exposure_type_id, drawn_amount, committed_amount, undrawn_amount, currency_code, limit_status_code) VALUES (200242, 8224, 2802, '2024-12-31', 1, 8174082, 17391664, 9217582, 'USD', 'WITHIN_LIMIT');
INSERT INTO l2.facility_exposure_snapshot (facility_exposure_id, facility_id, counterparty_id, as_of_date, exposure_type_id, drawn_amount, committed_amount, undrawn_amount, currency_code, limit_status_code) VALUES (200243, 8224, 2802, '2025-01-31', 1, 8347999, 17391664, 9043665, 'USD', 'WITHIN_LIMIT');

-- ────────────────────────────────────────
-- l2.risk_flag (8 rows)
-- ────────────────────────────────────────
INSERT INTO l2.risk_flag (risk_flag_id, facility_id, counterparty_id, flag_type, flag_code, flag_severity, as_of_date, flag_description) VALUES (7965, 8213, 2799, 'WATCH_LIST', 'LIMIT_NEAR_MISS', 'HIGH', '2025-01-31', 'SCCL utilization at 94% — pending deal would trigger breach');
INSERT INTO l2.risk_flag (risk_flag_id, facility_id, counterparty_id, flag_type, flag_code, flag_severity, as_of_date, flag_description) VALUES (7966, 8216, 2800, 'WATCH_LIST', 'LIMIT_NEAR_MISS', 'HIGH', '2025-01-31', 'SCCL utilization at 94% — pending deal would trigger breach');
INSERT INTO l2.risk_flag (risk_flag_id, facility_id, counterparty_id, flag_type, flag_code, flag_severity, as_of_date, flag_description) VALUES (7967, 8219, 2801, 'WATCH_LIST', 'LIMIT_NEAR_MISS', 'HIGH', '2025-01-31', 'SCCL utilization at 94% — pending deal would trigger breach');
INSERT INTO l2.risk_flag (risk_flag_id, facility_id, counterparty_id, flag_type, flag_code, flag_severity, as_of_date, flag_description) VALUES (7968, 8222, 2802, 'WATCH_LIST', 'LIMIT_NEAR_MISS', 'HIGH', '2025-01-31', 'SCCL utilization at 94% — pending deal would trigger breach');
INSERT INTO l2.risk_flag (risk_flag_id, facility_id, counterparty_id, flag_type, flag_code, flag_severity, as_of_date, flag_description) VALUES (7969, 8213, 2799, 'CONCENTRATION', 'APPROVAL_PIPELINE_RISK', 'MEDIUM', '2025-01-31', '$150M facility awaiting credit committee — would push over limit');
INSERT INTO l2.risk_flag (risk_flag_id, facility_id, counterparty_id, flag_type, flag_code, flag_severity, as_of_date, flag_description) VALUES (7970, 8216, 2800, 'CONCENTRATION', 'APPROVAL_PIPELINE_RISK', 'MEDIUM', '2025-01-31', '$150M facility awaiting credit committee — would push over limit');
INSERT INTO l2.risk_flag (risk_flag_id, facility_id, counterparty_id, flag_type, flag_code, flag_severity, as_of_date, flag_description) VALUES (7971, 8219, 2801, 'CONCENTRATION', 'APPROVAL_PIPELINE_RISK', 'MEDIUM', '2025-01-31', '$150M facility awaiting credit committee — would push over limit');
INSERT INTO l2.risk_flag (risk_flag_id, facility_id, counterparty_id, flag_type, flag_code, flag_severity, as_of_date, flag_description) VALUES (7972, 8222, 2802, 'CONCENTRATION', 'APPROVAL_PIPELINE_RISK', 'MEDIUM', '2025-01-31', '$150M facility awaiting credit committee — would push over limit');


-- ═════════════════════════════════════════════════════════════════
-- Scenario S27: Telecom Exposure Limit Breach
-- Telecom 5G capex pushes single-name exposure to $3.2B, breaching $3B internal limit
-- Generated: 2026-03-10T04:28:27.427Z
-- ═════════════════════════════════════════════════════════════════

SET search_path TO l1, l2, public;

-- ────────────────────────────────────────
-- l1.counterparty (3 rows)
-- ────────────────────────────────────────
INSERT INTO l1.counterparty (counterparty_id, legal_name, counterparty_type, country_code, entity_type_code, industry_id, basel_asset_class, basel_risk_grade, call_report_counterparty_type, external_rating_fitch, external_rating_moodys, external_rating_sp, fr2590_counterparty_type, internal_risk_rating, is_affiliated, is_central_counterparty, is_financial_institution, is_insider, is_multilateral_dev_bank, is_parent_flag, is_public_sector_entity, is_regulated_entity, is_sovereign, lei_code, lgd_unsecured, pd_annual, regulatory_counterparty_type, y14_obligor_type, effective_start_date, effective_end_date, is_current_flag) VALUES (2803, 'Meridian Telecommunications Corp.', 'CORPORATE', 'US', 'CORP', 8, 'CORPORATE', '4', 'C&I_DOMESTIC', 'BBB+', 'Baa2', 'BBB+', 'NON_FINANCIAL', '4', 'N', 'N', 'N', 'N', 'N', 'Y', 'N', 'N', 'N', '5299006U89FRVOCOGJHB', 0.45, 0.0035, 'CORPORATE', 'LARGE_CORPORATE', '2020-01-01', NULL, 'Y');
INSERT INTO l1.counterparty (counterparty_id, legal_name, counterparty_type, country_code, entity_type_code, industry_id, basel_asset_class, basel_risk_grade, call_report_counterparty_type, external_rating_fitch, external_rating_moodys, external_rating_sp, fr2590_counterparty_type, internal_risk_rating, is_affiliated, is_central_counterparty, is_financial_institution, is_insider, is_multilateral_dev_bank, is_parent_flag, is_public_sector_entity, is_regulated_entity, is_sovereign, lei_code, lgd_unsecured, pd_annual, regulatory_counterparty_type, y14_obligor_type, effective_start_date, effective_end_date, is_current_flag) VALUES (2804, 'Meridian Wireless Holdings LLC', 'CORPORATE', 'US', 'CORP', 8, 'CORPORATE', '5', 'C&I_DOMESTIC', 'BB+', 'Baa3', 'BB+', 'NON_FINANCIAL', '5', 'N', 'N', 'N', 'N', 'N', 'N', 'N', 'N', 'N', '52990016U7X6CVRPOWXB', 0.48, 0.0072, 'CORPORATE', 'LARGE_CORPORATE', '2020-01-01', NULL, 'Y');
INSERT INTO l1.counterparty (counterparty_id, legal_name, counterparty_type, country_code, entity_type_code, industry_id, basel_asset_class, basel_risk_grade, call_report_counterparty_type, external_rating_fitch, external_rating_moodys, external_rating_sp, fr2590_counterparty_type, internal_risk_rating, is_affiliated, is_central_counterparty, is_financial_institution, is_insider, is_multilateral_dev_bank, is_parent_flag, is_public_sector_entity, is_regulated_entity, is_sovereign, lei_code, lgd_unsecured, pd_annual, regulatory_counterparty_type, y14_obligor_type, effective_start_date, effective_end_date, is_current_flag) VALUES (2805, 'Spectrum Auction Finance SPV I', 'CORPORATE', 'US', 'CORP', 8, 'CORPORATE', '6', 'C&I_DOMESTIC', 'BB+', 'Ba1', 'BBB-', 'NON_FINANCIAL', '6', 'N', 'N', 'N', 'N', 'N', 'Y', 'N', 'N', 'N', '529900I1EJ6JG5MLJHHQ', 0.48, 0.0087, 'CORPORATE', 'LARGE_CORPORATE', '2020-01-01', NULL, 'Y');

-- ────────────────────────────────────────
-- l1.credit_agreement_master (3 rows)
-- ────────────────────────────────────────
INSERT INTO l1.credit_agreement_master (credit_agreement_id, borrower_counterparty_id, lender_legal_entity_id, agreement_type, status_code, agreement_reference, currency_code, origination_date, maturity_date, effective_start_date, effective_end_date, is_current_flag) VALUES (2263, 2803, 5, 'SYNDICATED', 'ACTIVE', 'CA-2024-02263-USD', 'USD', '2024-09-09', '2030-09-09', '2024-01-01', NULL, 'Y');
INSERT INTO l1.credit_agreement_master (credit_agreement_id, borrower_counterparty_id, lender_legal_entity_id, agreement_type, status_code, agreement_reference, currency_code, origination_date, maturity_date, effective_start_date, effective_end_date, is_current_flag) VALUES (2264, 2804, 11, 'SYNDICATED', 'ACTIVE', 'CA-2021-02264-USD', 'USD', '2021-05-09', '2026-05-09', '2024-01-01', NULL, 'Y');
INSERT INTO l1.credit_agreement_master (credit_agreement_id, borrower_counterparty_id, lender_legal_entity_id, agreement_type, status_code, agreement_reference, currency_code, origination_date, maturity_date, effective_start_date, effective_end_date, is_current_flag) VALUES (2265, 2805, 1, 'SYNDICATED', 'ACTIVE', 'CA-2020-02265-USD', 'USD', '2020-04-23', '2024-04-23', '2024-01-01', NULL, 'Y');

-- ────────────────────────────────────────
-- l1.facility_master (9 rows)
-- ────────────────────────────────────────
INSERT INTO l1.facility_master (facility_id, credit_agreement_id, counterparty_id, facility_name, facility_type, facility_status, committed_facility_amt, currency_code, origination_date, maturity_date, portfolio_id, industry_code, lob_segment_id, product_node_id, rate_index_id, ledger_account_id, product_id, region_code, interest_rate_type, interest_rate_reference, interest_rate_spread_bps, all_in_rate_pct, day_count_convention, amortization_type, revolving_flag, active_flag, facility_reference, payment_frequency, effective_start_date, effective_end_date, is_current_flag) VALUES (8225, 2263, 2803, 'Meridian — USD Revolver 2028-A', 'REVOLVING_CREDIT', 'ACTIVE', 930959018, 'USD', '2023-11-25', '2028-11-25', 5, 'UTL', 9, 9, 5, 5, 3, 'AMER', 'FLOATING', 'SOFR', 276, 6.21, 'ACT/360', 'BULLET', 'Y', 'Y', 'FAC-2023-08225-A', 'QUARTERLY', '2024-01-01', NULL, 'Y');
INSERT INTO l1.facility_master (facility_id, credit_agreement_id, counterparty_id, facility_name, facility_type, facility_status, committed_facility_amt, currency_code, origination_date, maturity_date, portfolio_id, industry_code, lob_segment_id, product_node_id, rate_index_id, ledger_account_id, product_id, region_code, interest_rate_type, interest_rate_reference, interest_rate_spread_bps, all_in_rate_pct, day_count_convention, amortization_type, revolving_flag, active_flag, facility_reference, payment_frequency, effective_start_date, effective_end_date, is_current_flag) VALUES (8226, 2263, 2803, 'Meridian — USD Term Loan 2028-B', 'TERM_LOAN', 'ACTIVE', 1396438526, 'USD', '2023-11-25', '2028-11-25', 5, 'UTL', 10, 2, 2, 1, 2, 'AMER', 'FLOATING', 'SOFR', 276, 5.41, 'ACT/360', 'BULLET', 'N', 'Y', 'FAC-2023-08226-B', 'QUARTERLY', '2024-01-01', NULL, 'Y');
INSERT INTO l1.facility_master (facility_id, credit_agreement_id, counterparty_id, facility_name, facility_type, facility_status, committed_facility_amt, currency_code, origination_date, maturity_date, portfolio_id, industry_code, lob_segment_id, product_node_id, rate_index_id, ledger_account_id, product_id, region_code, interest_rate_type, interest_rate_reference, interest_rate_spread_bps, all_in_rate_pct, day_count_convention, amortization_type, revolving_flag, active_flag, facility_reference, payment_frequency, effective_start_date, effective_end_date, is_current_flag) VALUES (8227, 2263, 2803, 'Meridian — USD L/C 2028-C', 'LETTER_OF_CREDIT', 'ACTIVE', 775799181, 'USD', '2023-11-25', '2028-11-25', 3, 'UTL', 11, 10, 2, 1, 5, 'AMER', 'FLOATING', 'SOFR', 276, 6.38, 'ACT/365', 'BULLET', 'N', 'Y', 'FAC-2023-08227-C', 'MONTHLY', '2024-01-01', NULL, 'Y');
INSERT INTO l1.facility_master (facility_id, credit_agreement_id, counterparty_id, facility_name, facility_type, facility_status, committed_facility_amt, currency_code, origination_date, maturity_date, portfolio_id, industry_code, lob_segment_id, product_node_id, rate_index_id, ledger_account_id, product_id, region_code, interest_rate_type, interest_rate_reference, interest_rate_spread_bps, all_in_rate_pct, day_count_convention, amortization_type, revolving_flag, active_flag, facility_reference, payment_frequency, effective_start_date, effective_end_date, is_current_flag) VALUES (8228, 2264, 2804, 'Meridian — USD Revolver 2026-A', 'REVOLVING_CREDIT', 'ACTIVE', 142897877, 'USD', '2021-10-09', '2026-10-09', 10, 'UTL', 12, 5, 1, 5, 2, 'AMER', 'FLOATING', 'SOFR', 442, 8.21, 'ACT/360', 'BULLET', 'Y', 'Y', 'FAC-2021-08228-A', 'MONTHLY', '2024-01-01', NULL, 'Y');
INSERT INTO l1.facility_master (facility_id, credit_agreement_id, counterparty_id, facility_name, facility_type, facility_status, committed_facility_amt, currency_code, origination_date, maturity_date, portfolio_id, industry_code, lob_segment_id, product_node_id, rate_index_id, ledger_account_id, product_id, region_code, interest_rate_type, interest_rate_reference, interest_rate_spread_bps, all_in_rate_pct, day_count_convention, amortization_type, revolving_flag, active_flag, facility_reference, payment_frequency, effective_start_date, effective_end_date, is_current_flag) VALUES (8229, 2264, 2804, 'Meridian — USD Term Loan 2026-B', 'TERM_LOAN', 'ACTIVE', 214346816, 'USD', '2021-10-09', '2026-10-09', 2, 'UTL', 13, 5, 3, 7, 2, 'AMER', 'FLOATING', 'SOFR', 442, 7.58, 'ACT/365', 'AMORTIZING', 'N', 'Y', 'FAC-2021-08229-B', 'QUARTERLY', '2024-01-01', NULL, 'Y');
INSERT INTO l1.facility_master (facility_id, credit_agreement_id, counterparty_id, facility_name, facility_type, facility_status, committed_facility_amt, currency_code, origination_date, maturity_date, portfolio_id, industry_code, lob_segment_id, product_node_id, rate_index_id, ledger_account_id, product_id, region_code, interest_rate_type, interest_rate_reference, interest_rate_spread_bps, all_in_rate_pct, day_count_convention, amortization_type, revolving_flag, active_flag, facility_reference, payment_frequency, effective_start_date, effective_end_date, is_current_flag) VALUES (8230, 2264, 2804, 'Meridian — USD L/C 2026-C', 'LETTER_OF_CREDIT', 'ACTIVE', 119081565, 'USD', '2021-10-09', '2026-10-09', 10, 'UTL', 14, 8, 1, 7, 1, 'AMER', 'FIXED', 'SOFR', 442, 8.19, 'ACT/360', 'BULLET', 'N', 'Y', 'FAC-2021-08230-C', 'MONTHLY', '2024-01-01', NULL, 'Y');
INSERT INTO l1.facility_master (facility_id, credit_agreement_id, counterparty_id, facility_name, facility_type, facility_status, committed_facility_amt, currency_code, origination_date, maturity_date, portfolio_id, industry_code, lob_segment_id, product_node_id, rate_index_id, ledger_account_id, product_id, region_code, interest_rate_type, interest_rate_reference, interest_rate_spread_bps, all_in_rate_pct, day_count_convention, amortization_type, revolving_flag, active_flag, facility_reference, payment_frequency, effective_start_date, effective_end_date, is_current_flag) VALUES (8231, 2265, 2805, 'Spectrum — USD Revolver 2026-A', 'REVOLVING_CREDIT', 'ACTIVE', 81997661, 'USD', '2020-02-21', '2026-02-21', 2, 'UTL', 15, 8, 4, 3, 1, 'AMER', 'FLOATING', 'SOFR', 445, 7.91, 'ACT/365', 'BULLET', 'Y', 'Y', 'FAC-2020-08231-A', 'QUARTERLY', '2024-01-01', NULL, 'Y');
INSERT INTO l1.facility_master (facility_id, credit_agreement_id, counterparty_id, facility_name, facility_type, facility_status, committed_facility_amt, currency_code, origination_date, maturity_date, portfolio_id, industry_code, lob_segment_id, product_node_id, rate_index_id, ledger_account_id, product_id, region_code, interest_rate_type, interest_rate_reference, interest_rate_spread_bps, all_in_rate_pct, day_count_convention, amortization_type, revolving_flag, active_flag, facility_reference, payment_frequency, effective_start_date, effective_end_date, is_current_flag) VALUES (8232, 2265, 2805, 'Spectrum — USD Term Loan 2026-B', 'TERM_LOAN', 'ACTIVE', 122996491, 'USD', '2020-02-21', '2026-02-21', 2, 'UTL', 16, 3, 1, 2, 1, 'AMER', 'FLOATING', 'SOFR', 445, 7.9, 'ACT/365', 'AMORTIZING', 'N', 'Y', 'FAC-2020-08232-B', 'QUARTERLY', '2024-01-01', NULL, 'Y');
INSERT INTO l1.facility_master (facility_id, credit_agreement_id, counterparty_id, facility_name, facility_type, facility_status, committed_facility_amt, currency_code, origination_date, maturity_date, portfolio_id, industry_code, lob_segment_id, product_node_id, rate_index_id, ledger_account_id, product_id, region_code, interest_rate_type, interest_rate_reference, interest_rate_spread_bps, all_in_rate_pct, day_count_convention, amortization_type, revolving_flag, active_flag, facility_reference, payment_frequency, effective_start_date, effective_end_date, is_current_flag) VALUES (8233, 2265, 2805, 'Spectrum — USD L/C 2026-C', 'LETTER_OF_CREDIT', 'ACTIVE', 68331384, 'USD', '2020-02-21', '2026-02-21', 10, 'UTL', 17, 1, 3, 6, 1, 'AMER', 'FLOATING', 'SOFR', 445, 8.37, 'ACT/360', 'BULLET', 'N', 'Y', 'FAC-2020-08233-C', 'QUARTERLY', '2024-01-01', NULL, 'Y');

-- ────────────────────────────────────────
-- l1.counterparty_hierarchy (3 rows)
-- ────────────────────────────────────────
INSERT INTO l1.counterparty_hierarchy (counterparty_id, as_of_date, immediate_parent_id, ultimate_parent_id, ownership_pct) VALUES (2803, '2025-01-31', 2803, 2803, 100);
INSERT INTO l1.counterparty_hierarchy (counterparty_id, as_of_date, immediate_parent_id, ultimate_parent_id, ownership_pct) VALUES (2804, '2025-01-31', 2803, 2803, 63);
INSERT INTO l1.counterparty_hierarchy (counterparty_id, as_of_date, immediate_parent_id, ultimate_parent_id, ownership_pct) VALUES (2805, '2025-01-31', 2803, 2803, 88);

-- ────────────────────────────────────────
-- l1.limit_rule (1 rows)
-- ────────────────────────────────────────
INSERT INTO l1.limit_rule (limit_rule_id, limit_type, limit_amount_usd, counterparty_id) VALUES (5117, 'SINGLE_NAME', NULL, 2803);

-- ────────────────────────────────────────
-- l1.facility_lender_allocation (9 rows)
-- ────────────────────────────────────────
INSERT INTO l1.facility_lender_allocation (lender_allocation_id, facility_id, legal_entity_id, allocation_role, bank_share_pct, is_current_flag, effective_start_date, effective_end_date) VALUES (100082, 8225, 5, 'LEAD_ARRANGER', 1, 'Y', '2023-11-25', NULL);
INSERT INTO l1.facility_lender_allocation (lender_allocation_id, facility_id, legal_entity_id, allocation_role, bank_share_pct, is_current_flag, effective_start_date, effective_end_date) VALUES (100083, 8226, 1, 'LEAD_ARRANGER', 1, 'Y', '2023-11-25', NULL);
INSERT INTO l1.facility_lender_allocation (lender_allocation_id, facility_id, legal_entity_id, allocation_role, bank_share_pct, is_current_flag, effective_start_date, effective_end_date) VALUES (100084, 8227, 1, 'LEAD_ARRANGER', 1, 'Y', '2023-11-25', NULL);
INSERT INTO l1.facility_lender_allocation (lender_allocation_id, facility_id, legal_entity_id, allocation_role, bank_share_pct, is_current_flag, effective_start_date, effective_end_date) VALUES (100085, 8228, 5, 'LEAD_ARRANGER', 1, 'Y', '2021-10-09', NULL);
INSERT INTO l1.facility_lender_allocation (lender_allocation_id, facility_id, legal_entity_id, allocation_role, bank_share_pct, is_current_flag, effective_start_date, effective_end_date) VALUES (100086, 8229, 1, 'LEAD_ARRANGER', 1, 'Y', '2021-10-09', NULL);
INSERT INTO l1.facility_lender_allocation (lender_allocation_id, facility_id, legal_entity_id, allocation_role, bank_share_pct, is_current_flag, effective_start_date, effective_end_date) VALUES (100087, 8230, 1, 'LEAD_ARRANGER', 1, 'Y', '2021-10-09', NULL);
INSERT INTO l1.facility_lender_allocation (lender_allocation_id, facility_id, legal_entity_id, allocation_role, bank_share_pct, is_current_flag, effective_start_date, effective_end_date) VALUES (100088, 8231, 3, 'LEAD_ARRANGER', 1, 'Y', '2020-02-21', NULL);
INSERT INTO l1.facility_lender_allocation (lender_allocation_id, facility_id, legal_entity_id, allocation_role, bank_share_pct, is_current_flag, effective_start_date, effective_end_date) VALUES (100089, 8232, 2, 'LEAD_ARRANGER', 1, 'Y', '2020-02-21', NULL);
INSERT INTO l1.facility_lender_allocation (lender_allocation_id, facility_id, legal_entity_id, allocation_role, bank_share_pct, is_current_flag, effective_start_date, effective_end_date) VALUES (100090, 8233, 1, 'LEAD_ARRANGER', 1, 'Y', '2020-02-21', NULL);

-- ────────────────────────────────────────
-- l2.facility_exposure_snapshot (27 rows)
-- ────────────────────────────────────────
INSERT INTO l2.facility_exposure_snapshot (facility_exposure_id, facility_id, counterparty_id, as_of_date, exposure_type_id, drawn_amount, committed_amount, undrawn_amount, currency_code, limit_status_code) VALUES (200244, 8225, 2803, '2024-11-30', 1, 465479509, 930959018, 465479509, 'USD', 'WITHIN_LIMIT');
INSERT INTO l2.facility_exposure_snapshot (facility_exposure_id, facility_id, counterparty_id, as_of_date, exposure_type_id, drawn_amount, committed_amount, undrawn_amount, currency_code, limit_status_code) VALUES (200245, 8225, 2803, '2024-12-31', 1, 512027460, 930959018, 418931558, 'USD', 'WITHIN_LIMIT');
INSERT INTO l2.facility_exposure_snapshot (facility_exposure_id, facility_id, counterparty_id, as_of_date, exposure_type_id, drawn_amount, committed_amount, undrawn_amount, currency_code, limit_status_code) VALUES (200246, 8225, 2803, '2025-01-31', 1, 539956230, 930959018, 391002788, 'USD', 'WITHIN_LIMIT');
INSERT INTO l2.facility_exposure_snapshot (facility_exposure_id, facility_id, counterparty_id, as_of_date, exposure_type_id, drawn_amount, committed_amount, undrawn_amount, currency_code, limit_status_code) VALUES (200247, 8226, 2803, '2024-11-30', 1, 698219263, 1396438526, 698219263, 'USD', 'WITHIN_LIMIT');
INSERT INTO l2.facility_exposure_snapshot (facility_exposure_id, facility_id, counterparty_id, as_of_date, exposure_type_id, drawn_amount, committed_amount, undrawn_amount, currency_code, limit_status_code) VALUES (200248, 8226, 2803, '2024-12-31', 1, 768041189, 1396438526, 628397337, 'USD', 'WITHIN_LIMIT');
INSERT INTO l2.facility_exposure_snapshot (facility_exposure_id, facility_id, counterparty_id, as_of_date, exposure_type_id, drawn_amount, committed_amount, undrawn_amount, currency_code, limit_status_code) VALUES (200249, 8226, 2803, '2025-01-31', 1, 809934345, 1396438526, 586504181, 'USD', 'WITHIN_LIMIT');
INSERT INTO l2.facility_exposure_snapshot (facility_exposure_id, facility_id, counterparty_id, as_of_date, exposure_type_id, drawn_amount, committed_amount, undrawn_amount, currency_code, limit_status_code) VALUES (200250, 8227, 2803, '2024-11-30', 1, 387899591, 775799181, 387899590, 'USD', 'WITHIN_LIMIT');
INSERT INTO l2.facility_exposure_snapshot (facility_exposure_id, facility_id, counterparty_id, as_of_date, exposure_type_id, drawn_amount, committed_amount, undrawn_amount, currency_code, limit_status_code) VALUES (200251, 8227, 2803, '2024-12-31', 1, 426689550, 775799181, 349109631, 'USD', 'WITHIN_LIMIT');
INSERT INTO l2.facility_exposure_snapshot (facility_exposure_id, facility_id, counterparty_id, as_of_date, exposure_type_id, drawn_amount, committed_amount, undrawn_amount, currency_code, limit_status_code) VALUES (200252, 8227, 2803, '2025-01-31', 1, 449963525, 775799181, 325835656, 'USD', 'WITHIN_LIMIT');
INSERT INTO l2.facility_exposure_snapshot (facility_exposure_id, facility_id, counterparty_id, as_of_date, exposure_type_id, drawn_amount, committed_amount, undrawn_amount, currency_code, limit_status_code) VALUES (200253, 8228, 2804, '2024-11-30', 1, 71448939, 142897877, 71448938, 'USD', 'WITHIN_LIMIT');
INSERT INTO l2.facility_exposure_snapshot (facility_exposure_id, facility_id, counterparty_id, as_of_date, exposure_type_id, drawn_amount, committed_amount, undrawn_amount, currency_code, limit_status_code) VALUES (200254, 8228, 2804, '2024-12-31', 1, 78593832, 142897877, 64304045, 'USD', 'WITHIN_LIMIT');
INSERT INTO l2.facility_exposure_snapshot (facility_exposure_id, facility_id, counterparty_id, as_of_date, exposure_type_id, drawn_amount, committed_amount, undrawn_amount, currency_code, limit_status_code) VALUES (200255, 8228, 2804, '2025-01-31', 1, 82880769, 142897877, 60017108, 'USD', 'WITHIN_LIMIT');
INSERT INTO l2.facility_exposure_snapshot (facility_exposure_id, facility_id, counterparty_id, as_of_date, exposure_type_id, drawn_amount, committed_amount, undrawn_amount, currency_code, limit_status_code) VALUES (200256, 8229, 2804, '2024-11-30', 1, 107173408, 214346816, 107173408, 'USD', 'WITHIN_LIMIT');
INSERT INTO l2.facility_exposure_snapshot (facility_exposure_id, facility_id, counterparty_id, as_of_date, exposure_type_id, drawn_amount, committed_amount, undrawn_amount, currency_code, limit_status_code) VALUES (200257, 8229, 2804, '2024-12-31', 1, 117890749, 214346816, 96456067, 'USD', 'WITHIN_LIMIT');
INSERT INTO l2.facility_exposure_snapshot (facility_exposure_id, facility_id, counterparty_id, as_of_date, exposure_type_id, drawn_amount, committed_amount, undrawn_amount, currency_code, limit_status_code) VALUES (200258, 8229, 2804, '2025-01-31', 1, 124321153, 214346816, 90025663, 'USD', 'WITHIN_LIMIT');
INSERT INTO l2.facility_exposure_snapshot (facility_exposure_id, facility_id, counterparty_id, as_of_date, exposure_type_id, drawn_amount, committed_amount, undrawn_amount, currency_code, limit_status_code) VALUES (200259, 8230, 2804, '2024-11-30', 1, 59540783, 119081565, 59540782, 'USD', 'WITHIN_LIMIT');
INSERT INTO l2.facility_exposure_snapshot (facility_exposure_id, facility_id, counterparty_id, as_of_date, exposure_type_id, drawn_amount, committed_amount, undrawn_amount, currency_code, limit_status_code) VALUES (200260, 8230, 2804, '2024-12-31', 1, 65494861, 119081565, 53586704, 'USD', 'WITHIN_LIMIT');
INSERT INTO l2.facility_exposure_snapshot (facility_exposure_id, facility_id, counterparty_id, as_of_date, exposure_type_id, drawn_amount, committed_amount, undrawn_amount, currency_code, limit_status_code) VALUES (200261, 8230, 2804, '2025-01-31', 1, 69067308, 119081565, 50014257, 'USD', 'WITHIN_LIMIT');
INSERT INTO l2.facility_exposure_snapshot (facility_exposure_id, facility_id, counterparty_id, as_of_date, exposure_type_id, drawn_amount, committed_amount, undrawn_amount, currency_code, limit_status_code) VALUES (200262, 8231, 2805, '2024-11-30', 1, 31159111, 81997661, 50838550, 'USD', 'WITHIN_LIMIT');
INSERT INTO l2.facility_exposure_snapshot (facility_exposure_id, facility_id, counterparty_id, as_of_date, exposure_type_id, drawn_amount, committed_amount, undrawn_amount, currency_code, limit_status_code) VALUES (200263, 8231, 2805, '2024-12-31', 1, 34439018, 81997661, 47558643, 'USD', 'WITHIN_LIMIT');
INSERT INTO l2.facility_exposure_snapshot (facility_exposure_id, facility_id, counterparty_id, as_of_date, exposure_type_id, drawn_amount, committed_amount, undrawn_amount, currency_code, limit_status_code) VALUES (200264, 8231, 2805, '2025-01-31', 1, 36898947, 81997661, 45098714, 'USD', 'WITHIN_LIMIT');
INSERT INTO l2.facility_exposure_snapshot (facility_exposure_id, facility_id, counterparty_id, as_of_date, exposure_type_id, drawn_amount, committed_amount, undrawn_amount, currency_code, limit_status_code) VALUES (200265, 8232, 2805, '2024-11-30', 1, 46738667, 122996491, 76257824, 'USD', 'WITHIN_LIMIT');
INSERT INTO l2.facility_exposure_snapshot (facility_exposure_id, facility_id, counterparty_id, as_of_date, exposure_type_id, drawn_amount, committed_amount, undrawn_amount, currency_code, limit_status_code) VALUES (200266, 8232, 2805, '2024-12-31', 1, 51658526, 122996491, 71337965, 'USD', 'WITHIN_LIMIT');
INSERT INTO l2.facility_exposure_snapshot (facility_exposure_id, facility_id, counterparty_id, as_of_date, exposure_type_id, drawn_amount, committed_amount, undrawn_amount, currency_code, limit_status_code) VALUES (200267, 8232, 2805, '2025-01-31', 1, 55348421, 122996491, 67648070, 'USD', 'WITHIN_LIMIT');
INSERT INTO l2.facility_exposure_snapshot (facility_exposure_id, facility_id, counterparty_id, as_of_date, exposure_type_id, drawn_amount, committed_amount, undrawn_amount, currency_code, limit_status_code) VALUES (200268, 8233, 2805, '2024-11-30', 1, 25965926, 68331384, 42365458, 'USD', 'WITHIN_LIMIT');
INSERT INTO l2.facility_exposure_snapshot (facility_exposure_id, facility_id, counterparty_id, as_of_date, exposure_type_id, drawn_amount, committed_amount, undrawn_amount, currency_code, limit_status_code) VALUES (200269, 8233, 2805, '2024-12-31', 1, 28699181, 68331384, 39632203, 'USD', 'WITHIN_LIMIT');
INSERT INTO l2.facility_exposure_snapshot (facility_exposure_id, facility_id, counterparty_id, as_of_date, exposure_type_id, drawn_amount, committed_amount, undrawn_amount, currency_code, limit_status_code) VALUES (200270, 8233, 2805, '2025-01-31', 1, 30749123, 68331384, 37582261, 'USD', 'WITHIN_LIMIT');

-- ────────────────────────────────────────
-- l2.limit_contribution_snapshot (3 rows)
-- ────────────────────────────────────────
INSERT INTO l2.limit_contribution_snapshot (limit_rule_id, counterparty_id, as_of_date, contribution_amount_usd, contribution_pct) VALUES (5117, 2803, '2025-01-31', 3103196725, 80.54);
INSERT INTO l2.limit_contribution_snapshot (limit_rule_id, counterparty_id, as_of_date, contribution_amount_usd, contribution_pct) VALUES (5117, 2804, '2025-01-31', 476326258, 12.36);
INSERT INTO l2.limit_contribution_snapshot (limit_rule_id, counterparty_id, as_of_date, contribution_amount_usd, contribution_pct) VALUES (5117, 2805, '2025-01-31', 273325536, 7.09);

-- ────────────────────────────────────────
-- l2.limit_utilization_event (1 rows)
-- ────────────────────────────────────────
INSERT INTO l2.limit_utilization_event (counterparty_id, limit_rule_id, as_of_date, utilized_amount, available_amount) VALUES (2803, 5117, '2025-01-31', 3852848519, NULL);

-- ────────────────────────────────────────
-- l2.credit_event (1 rows)
-- ────────────────────────────────────────
INSERT INTO l2.credit_event (credit_event_id, counterparty_id, credit_event_type_code, event_date, event_summary, event_status) VALUES (5393, 2803, 4, '2024-12-31', 'Single-name exposure breaches $3B internal limit at $3.2B', 'CONFIRMED');

-- ────────────────────────────────────────
-- l2.credit_event_facility_link (3 rows)
-- ────────────────────────────────────────
INSERT INTO l2.credit_event_facility_link (link_id, credit_event_id, facility_id) VALUES (300020, 5393, 8225);
INSERT INTO l2.credit_event_facility_link (link_id, credit_event_id, facility_id) VALUES (300021, 5393, 8226);
INSERT INTO l2.credit_event_facility_link (link_id, credit_event_id, facility_id) VALUES (300022, 5393, 8227);

-- ────────────────────────────────────────
-- l2.risk_flag (6 rows)
-- ────────────────────────────────────────
INSERT INTO l2.risk_flag (risk_flag_id, facility_id, counterparty_id, flag_type, flag_code, flag_severity, as_of_date, flag_description) VALUES (7973, 8225, 2803, 'WATCH_LIST', 'LIMIT_BREACH', 'HIGH', '2025-01-31', 'Single-name telecom exposure exceeds $3B limit by $200M');
INSERT INTO l2.risk_flag (risk_flag_id, facility_id, counterparty_id, flag_type, flag_code, flag_severity, as_of_date, flag_description) VALUES (7974, 8228, 2804, 'WATCH_LIST', 'LIMIT_BREACH', 'HIGH', '2025-01-31', 'Single-name telecom exposure exceeds $3B limit by $200M');
INSERT INTO l2.risk_flag (risk_flag_id, facility_id, counterparty_id, flag_type, flag_code, flag_severity, as_of_date, flag_description) VALUES (7975, 8231, 2805, 'WATCH_LIST', 'LIMIT_BREACH', 'HIGH', '2025-01-31', 'Single-name telecom exposure exceeds $3B limit by $200M');
INSERT INTO l2.risk_flag (risk_flag_id, facility_id, counterparty_id, flag_type, flag_code, flag_severity, as_of_date, flag_description) VALUES (7976, 8225, 2803, 'CONCENTRATION', 'UNFUNDED_COMMITMENT_SPIKE', 'MEDIUM', '2025-01-31', '$400M unfunded spectrum auction commitment adds contingent exposure');
INSERT INTO l2.risk_flag (risk_flag_id, facility_id, counterparty_id, flag_type, flag_code, flag_severity, as_of_date, flag_description) VALUES (7977, 8228, 2804, 'CONCENTRATION', 'UNFUNDED_COMMITMENT_SPIKE', 'MEDIUM', '2025-01-31', '$400M unfunded spectrum auction commitment adds contingent exposure');
INSERT INTO l2.risk_flag (risk_flag_id, facility_id, counterparty_id, flag_type, flag_code, flag_severity, as_of_date, flag_description) VALUES (7978, 8231, 2805, 'CONCENTRATION', 'UNFUNDED_COMMITMENT_SPIKE', 'MEDIUM', '2025-01-31', '$400M unfunded spectrum auction commitment adds contingent exposure');


-- ═════════════════════════════════════════════════════════════════
-- Scenario S28: Transportation Fleet Collateral Decline
-- Airline and shipping fleet collateral drops 25-30%, triggering LTV covenant breaches on $1.8B exposure
-- Generated: 2026-03-10T04:28:27.427Z
-- ═════════════════════════════════════════════════════════════════

SET search_path TO l1, l2, public;

-- ────────────────────────────────────────
-- l1.counterparty (4 rows)
-- ────────────────────────────────────────
INSERT INTO l1.counterparty (counterparty_id, legal_name, counterparty_type, country_code, entity_type_code, industry_id, basel_asset_class, basel_risk_grade, call_report_counterparty_type, external_rating_fitch, external_rating_moodys, external_rating_sp, fr2590_counterparty_type, internal_risk_rating, is_affiliated, is_central_counterparty, is_financial_institution, is_insider, is_multilateral_dev_bank, is_parent_flag, is_public_sector_entity, is_regulated_entity, is_sovereign, lei_code, lgd_unsecured, pd_annual, regulatory_counterparty_type, y14_obligor_type, effective_start_date, effective_end_date, is_current_flag) VALUES (2806, 'TransPacific Airlines Holdings Corp.', 'CORPORATE', 'US', 'CORP', 8, 'CORPORATE', '5', 'C&I_DOMESTIC', 'BB+', 'Ba1', 'BBB-', 'NON_FINANCIAL', '5', 'N', 'N', 'N', 'N', 'N', 'N', 'N', 'N', 'N', '529900CS6X8358U0PTX9', 0.48, 0.0115, 'CORPORATE', 'LARGE_CORPORATE', '2020-01-01', NULL, 'Y');
INSERT INTO l1.counterparty (counterparty_id, legal_name, counterparty_type, country_code, entity_type_code, industry_id, basel_asset_class, basel_risk_grade, call_report_counterparty_type, external_rating_fitch, external_rating_moodys, external_rating_sp, fr2590_counterparty_type, internal_risk_rating, is_affiliated, is_central_counterparty, is_financial_institution, is_insider, is_multilateral_dev_bank, is_parent_flag, is_public_sector_entity, is_regulated_entity, is_sovereign, lei_code, lgd_unsecured, pd_annual, regulatory_counterparty_type, y14_obligor_type, effective_start_date, effective_end_date, is_current_flag) VALUES (2807, 'Global Maritime Shipping Ltd.', 'CORPORATE', 'GB', 'CORP', 8, 'CORPORATE', '6', 'C&I_FOREIGN', 'BB-', 'Ba2', 'BB-', 'NON_FINANCIAL', '7', 'N', 'N', 'N', 'N', 'N', 'Y', 'N', 'N', 'N', '213800VC59WE1AWRD68Q', 0.55, 0.0284, 'CORPORATE', 'LARGE_CORPORATE', '2020-01-01', NULL, 'Y');
INSERT INTO l1.counterparty (counterparty_id, legal_name, counterparty_type, country_code, entity_type_code, industry_id, basel_asset_class, basel_risk_grade, call_report_counterparty_type, external_rating_fitch, external_rating_moodys, external_rating_sp, fr2590_counterparty_type, internal_risk_rating, is_affiliated, is_central_counterparty, is_financial_institution, is_insider, is_multilateral_dev_bank, is_parent_flag, is_public_sector_entity, is_regulated_entity, is_sovereign, lei_code, lgd_unsecured, pd_annual, regulatory_counterparty_type, y14_obligor_type, effective_start_date, effective_end_date, is_current_flag) VALUES (2808, 'Nordic Cargo Logistics AS', 'CORPORATE', 'GB', 'CORP', 8, 'CORPORATE', '4', 'C&I_FOREIGN', 'BBB', 'Baa1', 'BBB+', 'NON_FINANCIAL', '5', 'N', 'N', 'N', 'N', 'N', 'Y', 'N', 'N', 'N', '213800TFJY6LJTLWKDWJ', 0.45, 0.0046, 'CORPORATE', 'LARGE_CORPORATE', '2020-01-01', NULL, 'Y');
INSERT INTO l1.counterparty (counterparty_id, legal_name, counterparty_type, country_code, entity_type_code, industry_id, basel_asset_class, basel_risk_grade, call_report_counterparty_type, external_rating_fitch, external_rating_moodys, external_rating_sp, fr2590_counterparty_type, internal_risk_rating, is_affiliated, is_central_counterparty, is_financial_institution, is_insider, is_multilateral_dev_bank, is_parent_flag, is_public_sector_entity, is_regulated_entity, is_sovereign, lei_code, lgd_unsecured, pd_annual, regulatory_counterparty_type, y14_obligor_type, effective_start_date, effective_end_date, is_current_flag) VALUES (2809, 'Desert Air Leasing LLC', 'CORPORATE', 'AE', 'CORP', 8, 'CORPORATE', '5', 'C&I_FOREIGN', 'BB+', 'Ba1', 'BBB-', 'NON_FINANCIAL', '5', 'N', 'N', 'N', 'N', 'N', 'Y', 'N', 'N', 'N', '529900IPS9DBML2MZRAJ', 0.48, 0.0073, 'CORPORATE', 'LARGE_CORPORATE', '2020-01-01', NULL, 'Y');

-- ────────────────────────────────────────
-- l1.credit_agreement_master (4 rows)
-- ────────────────────────────────────────
INSERT INTO l1.credit_agreement_master (credit_agreement_id, borrower_counterparty_id, lender_legal_entity_id, agreement_type, status_code, agreement_reference, currency_code, origination_date, maturity_date, effective_start_date, effective_end_date, is_current_flag) VALUES (2266, 2806, 11, 'SYNDICATED', 'ACTIVE', 'CA-2022-02266-USD', 'USD', '2022-03-24', '2027-03-24', '2024-01-01', NULL, 'Y');
INSERT INTO l1.credit_agreement_master (credit_agreement_id, borrower_counterparty_id, lender_legal_entity_id, agreement_type, status_code, agreement_reference, currency_code, origination_date, maturity_date, effective_start_date, effective_end_date, is_current_flag) VALUES (2267, 2807, 9, 'SYNDICATED', 'ACTIVE', 'CA-2021-02267-GBP', 'GBP', '2021-06-11', '2026-06-11', '2024-01-01', NULL, 'Y');
INSERT INTO l1.credit_agreement_master (credit_agreement_id, borrower_counterparty_id, lender_legal_entity_id, agreement_type, status_code, agreement_reference, currency_code, origination_date, maturity_date, effective_start_date, effective_end_date, is_current_flag) VALUES (2268, 2808, 7, 'SYNDICATED', 'ACTIVE', 'CA-2020-02268-GBP', 'GBP', '2020-10-20', '2026-10-20', '2024-01-01', NULL, 'Y');
INSERT INTO l1.credit_agreement_master (credit_agreement_id, borrower_counterparty_id, lender_legal_entity_id, agreement_type, status_code, agreement_reference, currency_code, origination_date, maturity_date, effective_start_date, effective_end_date, is_current_flag) VALUES (2269, 2809, 4, 'SYNDICATED', 'ACTIVE', 'CA-2024-02269-AED', 'AED', '2024-11-05', '2029-11-05', '2024-01-01', NULL, 'Y');

-- ────────────────────────────────────────
-- l1.facility_master (8 rows)
-- ────────────────────────────────────────
INSERT INTO l1.facility_master (facility_id, credit_agreement_id, counterparty_id, facility_name, facility_type, facility_status, committed_facility_amt, currency_code, origination_date, maturity_date, portfolio_id, industry_code, lob_segment_id, product_node_id, rate_index_id, ledger_account_id, product_id, region_code, interest_rate_type, interest_rate_reference, interest_rate_spread_bps, all_in_rate_pct, day_count_convention, amortization_type, revolving_flag, active_flag, facility_reference, payment_frequency, effective_start_date, effective_end_date, is_current_flag) VALUES (8234, 2266, 2806, 'TransPacific — USD Revolver 2027-A', 'REVOLVING_CREDIT', 'ACTIVE', 759295792, 'USD', '2023-11-21', '2027-11-21', 9, 'UTL', 18, 8, 4, 3, 3, 'AMER', 'FLOATING', 'SOFR', 465, 8.58, 'ACT/360', 'BULLET', 'Y', 'Y', 'FAC-2023-08234-A', 'QUARTERLY', '2024-01-01', NULL, 'Y');
INSERT INTO l1.facility_master (facility_id, credit_agreement_id, counterparty_id, facility_name, facility_type, facility_status, committed_facility_amt, currency_code, origination_date, maturity_date, portfolio_id, industry_code, lob_segment_id, product_node_id, rate_index_id, ledger_account_id, product_id, region_code, interest_rate_type, interest_rate_reference, interest_rate_spread_bps, all_in_rate_pct, day_count_convention, amortization_type, revolving_flag, active_flag, facility_reference, payment_frequency, effective_start_date, effective_end_date, is_current_flag) VALUES (8235, 2266, 2806, 'TransPacific — USD Term Loan 2027-B', 'TERM_LOAN', 'ACTIVE', 1138943687, 'USD', '2023-11-21', '2027-11-21', 9, 'UTL', 19, 3, 1, 7, 2, 'AMER', 'FLOATING', 'SOFR', 465, 7.89, 'ACT/360', 'AMORTIZING', 'N', 'Y', 'FAC-2023-08235-B', 'MONTHLY', '2024-01-01', NULL, 'Y');
INSERT INTO l1.facility_master (facility_id, credit_agreement_id, counterparty_id, facility_name, facility_type, facility_status, committed_facility_amt, currency_code, origination_date, maturity_date, portfolio_id, industry_code, lob_segment_id, product_node_id, rate_index_id, ledger_account_id, product_id, region_code, interest_rate_type, interest_rate_reference, interest_rate_spread_bps, all_in_rate_pct, day_count_convention, amortization_type, revolving_flag, active_flag, facility_reference, payment_frequency, effective_start_date, effective_end_date, is_current_flag) VALUES (8236, 2267, 2807, 'Global — GBP Revolver 2027-A', 'REVOLVING_CREDIT', 'ACTIVE', 260534913, 'GBP', '2023-03-26', '2027-03-26', 2, 'UTL', 20, 5, 2, 4, 3, 'EMEA', 'FLOATING', 'SONIA', 987, 13.19, 'ACT/365', 'BULLET', 'Y', 'Y', 'FAC-2023-08236-A', 'MONTHLY', '2024-01-01', NULL, 'Y');
INSERT INTO l1.facility_master (facility_id, credit_agreement_id, counterparty_id, facility_name, facility_type, facility_status, committed_facility_amt, currency_code, origination_date, maturity_date, portfolio_id, industry_code, lob_segment_id, product_node_id, rate_index_id, ledger_account_id, product_id, region_code, interest_rate_type, interest_rate_reference, interest_rate_spread_bps, all_in_rate_pct, day_count_convention, amortization_type, revolving_flag, active_flag, facility_reference, payment_frequency, effective_start_date, effective_end_date, is_current_flag) VALUES (8237, 2267, 2807, 'Global — GBP Term Loan 2027-B', 'TERM_LOAN', 'ACTIVE', 390802370, 'GBP', '2023-03-26', '2027-03-26', 2, 'UTL', 21, 9, 4, 7, 4, 'EMEA', 'FIXED', 'SONIA', 987, 13.28, 'ACT/365', 'BULLET', 'N', 'Y', 'FAC-2023-08237-B', 'MONTHLY', '2024-01-01', NULL, 'Y');
INSERT INTO l1.facility_master (facility_id, credit_agreement_id, counterparty_id, facility_name, facility_type, facility_status, committed_facility_amt, currency_code, origination_date, maturity_date, portfolio_id, industry_code, lob_segment_id, product_node_id, rate_index_id, ledger_account_id, product_id, region_code, interest_rate_type, interest_rate_reference, interest_rate_spread_bps, all_in_rate_pct, day_count_convention, amortization_type, revolving_flag, active_flag, facility_reference, payment_frequency, effective_start_date, effective_end_date, is_current_flag) VALUES (8238, 2268, 2808, 'Nordic — GBP Revolver 2027-A', 'REVOLVING_CREDIT', 'ACTIVE', 97468186, 'GBP', '2021-09-28', '2027-09-28', 1, 'UTL', 22, 1, 5, 7, 5, 'EMEA', 'FLOATING', 'SONIA', 296, 6.62, 'ACT/365', 'BULLET', 'Y', 'Y', 'FAC-2021-08238-A', 'MONTHLY', '2024-01-01', NULL, 'Y');
INSERT INTO l1.facility_master (facility_id, credit_agreement_id, counterparty_id, facility_name, facility_type, facility_status, committed_facility_amt, currency_code, origination_date, maturity_date, portfolio_id, industry_code, lob_segment_id, product_node_id, rate_index_id, ledger_account_id, product_id, region_code, interest_rate_type, interest_rate_reference, interest_rate_spread_bps, all_in_rate_pct, day_count_convention, amortization_type, revolving_flag, active_flag, facility_reference, payment_frequency, effective_start_date, effective_end_date, is_current_flag) VALUES (8239, 2268, 2808, 'Nordic — GBP Term Loan 2027-B', 'TERM_LOAN', 'ACTIVE', 146202280, 'GBP', '2021-09-28', '2027-09-28', 3, 'UTL', 23, 9, 1, 4, 1, 'EMEA', 'FIXED', 'SONIA', 296, 5.59, 'ACT/365', 'BULLET', 'N', 'Y', 'FAC-2021-08239-B', 'QUARTERLY', '2024-01-01', NULL, 'Y');
INSERT INTO l1.facility_master (facility_id, credit_agreement_id, counterparty_id, facility_name, facility_type, facility_status, committed_facility_amt, currency_code, origination_date, maturity_date, portfolio_id, industry_code, lob_segment_id, product_node_id, rate_index_id, ledger_account_id, product_id, region_code, interest_rate_type, interest_rate_reference, interest_rate_spread_bps, all_in_rate_pct, day_count_convention, amortization_type, revolving_flag, active_flag, facility_reference, payment_frequency, effective_start_date, effective_end_date, is_current_flag) VALUES (8240, 2269, 2809, 'Desert — AED Revolver 2027-A', 'REVOLVING_CREDIT', 'ACTIVE', 197411992, 'AED', '2022-12-04', '2027-12-04', 2, 'UTL', 24, 4, 2, 4, 3, 'EMEA', 'FLOATING', 'SOFR', 488, 8.7, 'ACT/365', 'BULLET', 'Y', 'Y', 'FAC-2022-08240-A', 'QUARTERLY', '2024-01-01', NULL, 'Y');
INSERT INTO l1.facility_master (facility_id, credit_agreement_id, counterparty_id, facility_name, facility_type, facility_status, committed_facility_amt, currency_code, origination_date, maturity_date, portfolio_id, industry_code, lob_segment_id, product_node_id, rate_index_id, ledger_account_id, product_id, region_code, interest_rate_type, interest_rate_reference, interest_rate_spread_bps, all_in_rate_pct, day_count_convention, amortization_type, revolving_flag, active_flag, facility_reference, payment_frequency, effective_start_date, effective_end_date, is_current_flag) VALUES (8241, 2269, 2809, 'Desert — AED Term Loan 2027-B', 'TERM_LOAN', 'ACTIVE', 296117987, 'AED', '2022-12-04', '2027-12-04', 10, 'UTL', 25, 1, 5, 1, 3, 'EMEA', 'FLOATING', 'SOFR', 488, 8.01, 'ACT/360', 'AMORTIZING', 'N', 'Y', 'FAC-2022-08241-B', 'QUARTERLY', '2024-01-01', NULL, 'Y');

-- ────────────────────────────────────────
-- l1.collateral_asset_master (8 rows)
-- ────────────────────────────────────────
INSERT INTO l1.collateral_asset_master (collateral_asset_id, collateral_type_id, counterparty_id, country_code, currency_code, legal_entity_id, effective_start_date, description) VALUES (50329, 1, 2806, 'US', 'USD', 1, '2024-01-01', 'Property 1 — Transportation Fleet Collateral Decline');
INSERT INTO l1.collateral_asset_master (collateral_asset_id, collateral_type_id, counterparty_id, country_code, currency_code, legal_entity_id, effective_start_date, description) VALUES (50330, 2, 2807, 'US', 'USD', 2, '2024-01-01', 'Property 2 — Transportation Fleet Collateral Decline');
INSERT INTO l1.collateral_asset_master (collateral_asset_id, collateral_type_id, counterparty_id, country_code, currency_code, legal_entity_id, effective_start_date, description) VALUES (50331, 3, 2808, 'US', 'USD', 3, '2024-01-01', 'Property 3 — Transportation Fleet Collateral Decline');
INSERT INTO l1.collateral_asset_master (collateral_asset_id, collateral_type_id, counterparty_id, country_code, currency_code, legal_entity_id, effective_start_date, description) VALUES (50332, 4, 2809, 'US', 'USD', 4, '2024-01-01', 'Property 4 — Transportation Fleet Collateral Decline');
INSERT INTO l1.collateral_asset_master (collateral_asset_id, collateral_type_id, counterparty_id, country_code, currency_code, legal_entity_id, effective_start_date, description) VALUES (50333, 5, 2806, 'US', 'USD', 5, '2024-01-01', 'Property 5 — Transportation Fleet Collateral Decline');
INSERT INTO l1.collateral_asset_master (collateral_asset_id, collateral_type_id, counterparty_id, country_code, currency_code, legal_entity_id, effective_start_date, description) VALUES (50334, 6, 2807, 'US', 'USD', 6, '2024-01-01', 'Property 6 — Transportation Fleet Collateral Decline');
INSERT INTO l1.collateral_asset_master (collateral_asset_id, collateral_type_id, counterparty_id, country_code, currency_code, legal_entity_id, effective_start_date, description) VALUES (50335, 7, 2808, 'US', 'USD', 7, '2024-01-01', 'Property 7 — Transportation Fleet Collateral Decline');
INSERT INTO l1.collateral_asset_master (collateral_asset_id, collateral_type_id, counterparty_id, country_code, currency_code, legal_entity_id, effective_start_date, description) VALUES (50336, 8, 2809, 'US', 'USD', 8, '2024-01-01', 'Property 8 — Transportation Fleet Collateral Decline');

-- ────────────────────────────────────────
-- l1.facility_lender_allocation (8 rows)
-- ────────────────────────────────────────
INSERT INTO l1.facility_lender_allocation (lender_allocation_id, facility_id, legal_entity_id, allocation_role, bank_share_pct, is_current_flag, effective_start_date, effective_end_date) VALUES (100091, 8234, 3, 'LEAD_ARRANGER', 1, 'Y', '2023-11-21', NULL);
INSERT INTO l1.facility_lender_allocation (lender_allocation_id, facility_id, legal_entity_id, allocation_role, bank_share_pct, is_current_flag, effective_start_date, effective_end_date) VALUES (100092, 8235, 1, 'LEAD_ARRANGER', 1, 'Y', '2023-11-21', NULL);
INSERT INTO l1.facility_lender_allocation (lender_allocation_id, facility_id, legal_entity_id, allocation_role, bank_share_pct, is_current_flag, effective_start_date, effective_end_date) VALUES (100093, 8236, 4, 'LEAD_ARRANGER', 1, 'Y', '2023-03-26', NULL);
INSERT INTO l1.facility_lender_allocation (lender_allocation_id, facility_id, legal_entity_id, allocation_role, bank_share_pct, is_current_flag, effective_start_date, effective_end_date) VALUES (100094, 8237, 1, 'LEAD_ARRANGER', 1, 'Y', '2023-03-26', NULL);
INSERT INTO l1.facility_lender_allocation (lender_allocation_id, facility_id, legal_entity_id, allocation_role, bank_share_pct, is_current_flag, effective_start_date, effective_end_date) VALUES (100095, 8238, 1, 'LEAD_ARRANGER', 1, 'Y', '2021-09-28', NULL);
INSERT INTO l1.facility_lender_allocation (lender_allocation_id, facility_id, legal_entity_id, allocation_role, bank_share_pct, is_current_flag, effective_start_date, effective_end_date) VALUES (100096, 8239, 4, 'LEAD_ARRANGER', 1, 'Y', '2021-09-28', NULL);
INSERT INTO l1.facility_lender_allocation (lender_allocation_id, facility_id, legal_entity_id, allocation_role, bank_share_pct, is_current_flag, effective_start_date, effective_end_date) VALUES (100097, 8240, 4, 'LEAD_ARRANGER', 1, 'Y', '2022-12-04', NULL);
INSERT INTO l1.facility_lender_allocation (lender_allocation_id, facility_id, legal_entity_id, allocation_role, bank_share_pct, is_current_flag, effective_start_date, effective_end_date) VALUES (100098, 8241, 1, 'LEAD_ARRANGER', 1, 'Y', '2022-12-04', NULL);

-- ────────────────────────────────────────
-- l2.facility_exposure_snapshot (24 rows)
-- ────────────────────────────────────────
INSERT INTO l2.facility_exposure_snapshot (facility_exposure_id, facility_id, counterparty_id, as_of_date, exposure_type_id, drawn_amount, committed_amount, undrawn_amount, currency_code, limit_status_code) VALUES (200271, 8234, 2806, '2024-11-30', 1, 607436634, 759295792, 151859158, 'USD', 'WITHIN_LIMIT');
INSERT INTO l2.facility_exposure_snapshot (facility_exposure_id, facility_id, counterparty_id, as_of_date, exposure_type_id, drawn_amount, committed_amount, undrawn_amount, currency_code, limit_status_code) VALUES (200272, 8234, 2806, '2024-12-31', 1, 645401423, 759295792, 113894369, 'USD', 'WITHIN_LIMIT');
INSERT INTO l2.facility_exposure_snapshot (facility_exposure_id, facility_id, counterparty_id, as_of_date, exposure_type_id, drawn_amount, committed_amount, undrawn_amount, currency_code, limit_status_code) VALUES (200273, 8234, 2806, '2025-01-31', 1, 622622549, 759295792, 136673243, 'USD', 'WITHIN_LIMIT');
INSERT INTO l2.facility_exposure_snapshot (facility_exposure_id, facility_id, counterparty_id, as_of_date, exposure_type_id, drawn_amount, committed_amount, undrawn_amount, currency_code, limit_status_code) VALUES (200274, 8235, 2806, '2024-11-30', 1, 911154950, 1138943687, 227788737, 'USD', 'WITHIN_LIMIT');
INSERT INTO l2.facility_exposure_snapshot (facility_exposure_id, facility_id, counterparty_id, as_of_date, exposure_type_id, drawn_amount, committed_amount, undrawn_amount, currency_code, limit_status_code) VALUES (200275, 8235, 2806, '2024-12-31', 1, 968102134, 1138943687, 170841553, 'USD', 'WITHIN_LIMIT');
INSERT INTO l2.facility_exposure_snapshot (facility_exposure_id, facility_id, counterparty_id, as_of_date, exposure_type_id, drawn_amount, committed_amount, undrawn_amount, currency_code, limit_status_code) VALUES (200276, 8235, 2806, '2025-01-31', 1, 933933823, 1138943687, 205009864, 'USD', 'WITHIN_LIMIT');
INSERT INTO l2.facility_exposure_snapshot (facility_exposure_id, facility_id, counterparty_id, as_of_date, exposure_type_id, drawn_amount, committed_amount, undrawn_amount, currency_code, limit_status_code) VALUES (200277, 8236, 2807, '2024-11-30', 1, 203217232, 260534913, 57317681, 'GBP', 'WITHIN_LIMIT');
INSERT INTO l2.facility_exposure_snapshot (facility_exposure_id, facility_id, counterparty_id, as_of_date, exposure_type_id, drawn_amount, committed_amount, undrawn_amount, currency_code, limit_status_code) VALUES (200278, 8236, 2807, '2024-12-31', 1, 182374439, 260534913, 78160474, 'GBP', 'WITHIN_LIMIT');
INSERT INTO l2.facility_exposure_snapshot (facility_exposure_id, facility_id, counterparty_id, as_of_date, exposure_type_id, drawn_amount, committed_amount, undrawn_amount, currency_code, limit_status_code) VALUES (200279, 8236, 2807, '2025-01-31', 1, 161531646, 260534913, 99003267, 'GBP', 'WITHIN_LIMIT');
INSERT INTO l2.facility_exposure_snapshot (facility_exposure_id, facility_id, counterparty_id, as_of_date, exposure_type_id, drawn_amount, committed_amount, undrawn_amount, currency_code, limit_status_code) VALUES (200280, 8237, 2807, '2024-11-30', 1, 304825849, 390802370, 85976521, 'GBP', 'WITHIN_LIMIT');
INSERT INTO l2.facility_exposure_snapshot (facility_exposure_id, facility_id, counterparty_id, as_of_date, exposure_type_id, drawn_amount, committed_amount, undrawn_amount, currency_code, limit_status_code) VALUES (200281, 8237, 2807, '2024-12-31', 1, 273561659, 390802370, 117240711, 'GBP', 'WITHIN_LIMIT');
INSERT INTO l2.facility_exposure_snapshot (facility_exposure_id, facility_id, counterparty_id, as_of_date, exposure_type_id, drawn_amount, committed_amount, undrawn_amount, currency_code, limit_status_code) VALUES (200282, 8237, 2807, '2025-01-31', 1, 242297469, 390802370, 148504901, 'GBP', 'WITHIN_LIMIT');
INSERT INTO l2.facility_exposure_snapshot (facility_exposure_id, facility_id, counterparty_id, as_of_date, exposure_type_id, drawn_amount, committed_amount, undrawn_amount, currency_code, limit_status_code) VALUES (200283, 8238, 2808, '2024-11-30', 1, 77974549, 97468186, 19493637, 'GBP', 'WITHIN_LIMIT');
INSERT INTO l2.facility_exposure_snapshot (facility_exposure_id, facility_id, counterparty_id, as_of_date, exposure_type_id, drawn_amount, committed_amount, undrawn_amount, currency_code, limit_status_code) VALUES (200284, 8238, 2808, '2024-12-31', 1, 82847958, 97468186, 14620228, 'GBP', 'WITHIN_LIMIT');
INSERT INTO l2.facility_exposure_snapshot (facility_exposure_id, facility_id, counterparty_id, as_of_date, exposure_type_id, drawn_amount, committed_amount, undrawn_amount, currency_code, limit_status_code) VALUES (200285, 8238, 2808, '2025-01-31', 1, 79923913, 97468186, 17544273, 'GBP', 'WITHIN_LIMIT');
INSERT INTO l2.facility_exposure_snapshot (facility_exposure_id, facility_id, counterparty_id, as_of_date, exposure_type_id, drawn_amount, committed_amount, undrawn_amount, currency_code, limit_status_code) VALUES (200286, 8239, 2808, '2024-11-30', 1, 116961824, 146202280, 29240456, 'GBP', 'WITHIN_LIMIT');
INSERT INTO l2.facility_exposure_snapshot (facility_exposure_id, facility_id, counterparty_id, as_of_date, exposure_type_id, drawn_amount, committed_amount, undrawn_amount, currency_code, limit_status_code) VALUES (200287, 8239, 2808, '2024-12-31', 1, 124271938, 146202280, 21930342, 'GBP', 'WITHIN_LIMIT');
INSERT INTO l2.facility_exposure_snapshot (facility_exposure_id, facility_id, counterparty_id, as_of_date, exposure_type_id, drawn_amount, committed_amount, undrawn_amount, currency_code, limit_status_code) VALUES (200288, 8239, 2808, '2025-01-31', 1, 119885870, 146202280, 26316410, 'GBP', 'WITHIN_LIMIT');
INSERT INTO l2.facility_exposure_snapshot (facility_exposure_id, facility_id, counterparty_id, as_of_date, exposure_type_id, drawn_amount, committed_amount, undrawn_amount, currency_code, limit_status_code) VALUES (200289, 8240, 2809, '2024-11-30', 1, 153981354, 197411992, 43430638, 'AED', 'WITHIN_LIMIT');
INSERT INTO l2.facility_exposure_snapshot (facility_exposure_id, facility_id, counterparty_id, as_of_date, exposure_type_id, drawn_amount, committed_amount, undrawn_amount, currency_code, limit_status_code) VALUES (200290, 8240, 2809, '2024-12-31', 1, 138188394, 197411992, 59223598, 'AED', 'WITHIN_LIMIT');
INSERT INTO l2.facility_exposure_snapshot (facility_exposure_id, facility_id, counterparty_id, as_of_date, exposure_type_id, drawn_amount, committed_amount, undrawn_amount, currency_code, limit_status_code) VALUES (200291, 8240, 2809, '2025-01-31', 1, 122395435, 197411992, 75016557, 'AED', 'WITHIN_LIMIT');
INSERT INTO l2.facility_exposure_snapshot (facility_exposure_id, facility_id, counterparty_id, as_of_date, exposure_type_id, drawn_amount, committed_amount, undrawn_amount, currency_code, limit_status_code) VALUES (200292, 8241, 2809, '2024-11-30', 1, 230972030, 296117987, 65145957, 'AED', 'WITHIN_LIMIT');
INSERT INTO l2.facility_exposure_snapshot (facility_exposure_id, facility_id, counterparty_id, as_of_date, exposure_type_id, drawn_amount, committed_amount, undrawn_amount, currency_code, limit_status_code) VALUES (200293, 8241, 2809, '2024-12-31', 1, 207282591, 296117987, 88835396, 'AED', 'WITHIN_LIMIT');
INSERT INTO l2.facility_exposure_snapshot (facility_exposure_id, facility_id, counterparty_id, as_of_date, exposure_type_id, drawn_amount, committed_amount, undrawn_amount, currency_code, limit_status_code) VALUES (200294, 8241, 2809, '2025-01-31', 1, 183593152, 296117987, 112524835, 'AED', 'WITHIN_LIMIT');

-- ────────────────────────────────────────
-- l2.collateral_snapshot (8 rows)
-- ────────────────────────────────────────
INSERT INTO l2.collateral_snapshot (collateral_asset_id, counterparty_id, as_of_date, original_valuation_usd, current_valuation_usd) VALUES (50329, 2806, '2025-01-31', 911154950, 774481708);
INSERT INTO l2.collateral_snapshot (collateral_asset_id, counterparty_id, as_of_date, original_valuation_usd, current_valuation_usd) VALUES (50330, 2807, '2025-01-31', 312641896, 265745612);
INSERT INTO l2.collateral_snapshot (collateral_asset_id, counterparty_id, as_of_date, original_valuation_usd, current_valuation_usd) VALUES (50331, 2808, '2025-01-31', 116961823, 99417550);
INSERT INTO l2.collateral_snapshot (collateral_asset_id, counterparty_id, as_of_date, original_valuation_usd, current_valuation_usd) VALUES (50332, 2809, '2025-01-31', 236894390, 201360232);
INSERT INTO l2.collateral_snapshot (collateral_asset_id, counterparty_id, as_of_date, original_valuation_usd, current_valuation_usd) VALUES (50333, 2806, '2025-01-31', 911154950, 774481708);
INSERT INTO l2.collateral_snapshot (collateral_asset_id, counterparty_id, as_of_date, original_valuation_usd, current_valuation_usd) VALUES (50334, 2807, '2025-01-31', 312641896, 265745612);
INSERT INTO l2.collateral_snapshot (collateral_asset_id, counterparty_id, as_of_date, original_valuation_usd, current_valuation_usd) VALUES (50335, 2808, '2025-01-31', 116961823, 99417550);
INSERT INTO l2.collateral_snapshot (collateral_asset_id, counterparty_id, as_of_date, original_valuation_usd, current_valuation_usd) VALUES (50336, 2809, '2025-01-31', 236894390, 201360232);

-- ────────────────────────────────────────
-- l2.credit_event (2 rows)
-- ────────────────────────────────────────
INSERT INTO l2.credit_event (credit_event_id, counterparty_id, credit_event_type_code, event_date, event_summary, event_status) VALUES (5394, 2806, 4, '2024-12-15', 'Fleet revaluation shows 30% decline — LTV covenant breached', 'CONFIRMED');
INSERT INTO l2.credit_event (credit_event_id, counterparty_id, credit_event_type_code, event_date, event_summary, event_status) VALUES (5395, 2807, 4, '2025-01-10', 'Additional collateral posting required — $250M shortfall', 'CONFIRMED');

-- ────────────────────────────────────────
-- l2.credit_event_facility_link (4 rows)
-- ────────────────────────────────────────
INSERT INTO l2.credit_event_facility_link (link_id, credit_event_id, facility_id) VALUES (300023, 5394, 8234);
INSERT INTO l2.credit_event_facility_link (link_id, credit_event_id, facility_id) VALUES (300024, 5394, 8235);
INSERT INTO l2.credit_event_facility_link (link_id, credit_event_id, facility_id) VALUES (300025, 5395, 8236);
INSERT INTO l2.credit_event_facility_link (link_id, credit_event_id, facility_id) VALUES (300026, 5395, 8237);

-- ────────────────────────────────────────
-- l2.risk_flag (8 rows)
-- ────────────────────────────────────────
INSERT INTO l2.risk_flag (risk_flag_id, facility_id, counterparty_id, flag_type, flag_code, flag_severity, as_of_date, flag_description) VALUES (7979, 8234, 2806, 'WATCH_LIST', 'COLLATERAL_COVERAGE_DECLINE', 'HIGH', '2025-01-31', 'Fleet collateral values declined 25-30% in 90 days');
INSERT INTO l2.risk_flag (risk_flag_id, facility_id, counterparty_id, flag_type, flag_code, flag_severity, as_of_date, flag_description) VALUES (7980, 8236, 2807, 'WATCH_LIST', 'COLLATERAL_COVERAGE_DECLINE', 'HIGH', '2025-01-31', 'Fleet collateral values declined 25-30% in 90 days');
INSERT INTO l2.risk_flag (risk_flag_id, facility_id, counterparty_id, flag_type, flag_code, flag_severity, as_of_date, flag_description) VALUES (7981, 8238, 2808, 'WATCH_LIST', 'COLLATERAL_COVERAGE_DECLINE', 'HIGH', '2025-01-31', 'Fleet collateral values declined 25-30% in 90 days');
INSERT INTO l2.risk_flag (risk_flag_id, facility_id, counterparty_id, flag_type, flag_code, flag_severity, as_of_date, flag_description) VALUES (7982, 8240, 2809, 'WATCH_LIST', 'COLLATERAL_COVERAGE_DECLINE', 'HIGH', '2025-01-31', 'Fleet collateral values declined 25-30% in 90 days');
INSERT INTO l2.risk_flag (risk_flag_id, facility_id, counterparty_id, flag_type, flag_code, flag_severity, as_of_date, flag_description) VALUES (7983, 8234, 2806, 'WATCH_LIST', 'LTV_COVENANT_BREACH', 'HIGH', '2025-01-31', 'LTV ratios above 85% covenant threshold on 3 facilities');
INSERT INTO l2.risk_flag (risk_flag_id, facility_id, counterparty_id, flag_type, flag_code, flag_severity, as_of_date, flag_description) VALUES (7984, 8236, 2807, 'WATCH_LIST', 'LTV_COVENANT_BREACH', 'HIGH', '2025-01-31', 'LTV ratios above 85% covenant threshold on 3 facilities');
INSERT INTO l2.risk_flag (risk_flag_id, facility_id, counterparty_id, flag_type, flag_code, flag_severity, as_of_date, flag_description) VALUES (7985, 8238, 2808, 'WATCH_LIST', 'LTV_COVENANT_BREACH', 'HIGH', '2025-01-31', 'LTV ratios above 85% covenant threshold on 3 facilities');
INSERT INTO l2.risk_flag (risk_flag_id, facility_id, counterparty_id, flag_type, flag_code, flag_severity, as_of_date, flag_description) VALUES (7986, 8240, 2809, 'WATCH_LIST', 'LTV_COVENANT_BREACH', 'HIGH', '2025-01-31', 'LTV ratios above 85% covenant threshold on 3 facilities');


-- ═════════════════════════════════════════════════════════════════
-- Scenario S29: Consumer Goods Pipeline Surge
-- M&A-driven pipeline surge — 8 new consumer facilities totaling $2.1B targeting Q1 close
-- Generated: 2026-03-10T04:28:27.428Z
-- ═════════════════════════════════════════════════════════════════

SET search_path TO l1, l2, public;

-- ────────────────────────────────────────
-- l1.counterparty (5 rows)
-- ────────────────────────────────────────
INSERT INTO l1.counterparty (counterparty_id, legal_name, counterparty_type, country_code, entity_type_code, industry_id, basel_asset_class, basel_risk_grade, call_report_counterparty_type, external_rating_fitch, external_rating_moodys, external_rating_sp, fr2590_counterparty_type, internal_risk_rating, is_affiliated, is_central_counterparty, is_financial_institution, is_insider, is_multilateral_dev_bank, is_parent_flag, is_public_sector_entity, is_regulated_entity, is_sovereign, lei_code, lgd_unsecured, pd_annual, regulatory_counterparty_type, y14_obligor_type, effective_start_date, effective_end_date, is_current_flag) VALUES (2810, 'Heritage Foods International Inc.', 'CORPORATE', 'US', 'CORP', 6, 'CORPORATE', '3', 'C&I_DOMESTIC', 'A-', 'A2', 'A', 'NON_FINANCIAL', '4', 'N', 'N', 'N', 'N', 'N', 'N', 'N', 'N', 'N', '529900KZJIOSKA251PQD', 0.42, 0.0014, 'CORPORATE', 'LARGE_CORPORATE', '2020-01-01', NULL, 'Y');
INSERT INTO l1.counterparty (counterparty_id, legal_name, counterparty_type, country_code, entity_type_code, industry_id, basel_asset_class, basel_risk_grade, call_report_counterparty_type, external_rating_fitch, external_rating_moodys, external_rating_sp, fr2590_counterparty_type, internal_risk_rating, is_affiliated, is_central_counterparty, is_financial_institution, is_insider, is_multilateral_dev_bank, is_parent_flag, is_public_sector_entity, is_regulated_entity, is_sovereign, lei_code, lgd_unsecured, pd_annual, regulatory_counterparty_type, y14_obligor_type, effective_start_date, effective_end_date, is_current_flag) VALUES (2811, 'Sunrise Beverage Group LLC', 'CORPORATE', 'US', 'CORP', 6, 'CORPORATE', '5', 'C&I_DOMESTIC', 'BBB+', 'Baa1', 'BBB', 'NON_FINANCIAL', '4', 'N', 'N', 'N', 'N', 'N', 'N', 'N', 'N', 'N', '5299004HWFTOQTONA0QE', 0.45, 0.0051, 'CORPORATE', 'LARGE_CORPORATE', '2020-01-01', NULL, 'Y');
INSERT INTO l1.counterparty (counterparty_id, legal_name, counterparty_type, country_code, entity_type_code, industry_id, basel_asset_class, basel_risk_grade, call_report_counterparty_type, external_rating_fitch, external_rating_moodys, external_rating_sp, fr2590_counterparty_type, internal_risk_rating, is_affiliated, is_central_counterparty, is_financial_institution, is_insider, is_multilateral_dev_bank, is_parent_flag, is_public_sector_entity, is_regulated_entity, is_sovereign, lei_code, lgd_unsecured, pd_annual, regulatory_counterparty_type, y14_obligor_type, effective_start_date, effective_end_date, is_current_flag) VALUES (2812, 'Euro Packaged Foods SA', 'CORPORATE', 'FR', 'CORP', 6, 'CORPORATE', '4', 'C&I_FOREIGN', 'A-', 'A3', 'A', 'NON_FINANCIAL', '4', 'N', 'N', 'N', 'N', 'N', 'N', 'N', 'N', 'N', '969500SMAEABTQVPJMJ4', 0.42, 0.0018, 'CORPORATE', 'LARGE_CORPORATE', '2020-01-01', NULL, 'Y');
INSERT INTO l1.counterparty (counterparty_id, legal_name, counterparty_type, country_code, entity_type_code, industry_id, basel_asset_class, basel_risk_grade, call_report_counterparty_type, external_rating_fitch, external_rating_moodys, external_rating_sp, fr2590_counterparty_type, internal_risk_rating, is_affiliated, is_central_counterparty, is_financial_institution, is_insider, is_multilateral_dev_bank, is_parent_flag, is_public_sector_entity, is_regulated_entity, is_sovereign, lei_code, lgd_unsecured, pd_annual, regulatory_counterparty_type, y14_obligor_type, effective_start_date, effective_end_date, is_current_flag) VALUES (2813, 'Asia Pacific Consumer Brands Pte Ltd', 'CORPORATE', 'SG', 'CORP', 6, 'CORPORATE', '5', 'C&I_FOREIGN', 'BBB+', 'Baa2', 'BBB+', 'NON_FINANCIAL', '5', 'N', 'N', 'N', 'N', 'N', 'N', 'N', 'N', 'N', '5299006ERXKZZZ7G3Z6U', 0.45, 0.0058, 'CORPORATE', 'LARGE_CORPORATE', '2020-01-01', NULL, 'Y');
INSERT INTO l1.counterparty (counterparty_id, legal_name, counterparty_type, country_code, entity_type_code, industry_id, basel_asset_class, basel_risk_grade, call_report_counterparty_type, external_rating_fitch, external_rating_moodys, external_rating_sp, fr2590_counterparty_type, internal_risk_rating, is_affiliated, is_central_counterparty, is_financial_institution, is_insider, is_multilateral_dev_bank, is_parent_flag, is_public_sector_entity, is_regulated_entity, is_sovereign, lei_code, lgd_unsecured, pd_annual, regulatory_counterparty_type, y14_obligor_type, effective_start_date, effective_end_date, is_current_flag) VALUES (2814, 'Andean Natural Products SA', 'CORPORATE', 'BR', 'CORP', 6, 'CORPORATE', '6', 'C&I_FOREIGN', 'BB+', 'Ba1', 'BBB-', 'NON_FINANCIAL', '5', 'N', 'N', 'N', 'N', 'N', 'Y', 'N', 'N', 'N', '529900IUZP6BAIJTUH0U', 0.48, 0.0092, 'CORPORATE', 'MIDDLE_MARKET', '2020-01-01', NULL, 'Y');

-- ────────────────────────────────────────
-- l1.credit_agreement_master (5 rows)
-- ────────────────────────────────────────
INSERT INTO l1.credit_agreement_master (credit_agreement_id, borrower_counterparty_id, lender_legal_entity_id, agreement_type, status_code, agreement_reference, currency_code, origination_date, maturity_date, effective_start_date, effective_end_date, is_current_flag) VALUES (2270, 2810, 4, 'SYNDICATED', 'ACTIVE', 'CA-2021-02270-USD', 'USD', '2021-12-13', '2025-12-13', '2024-01-01', NULL, 'Y');
INSERT INTO l1.credit_agreement_master (credit_agreement_id, borrower_counterparty_id, lender_legal_entity_id, agreement_type, status_code, agreement_reference, currency_code, origination_date, maturity_date, effective_start_date, effective_end_date, is_current_flag) VALUES (2271, 2811, 1, 'SYNDICATED', 'ACTIVE', 'CA-2024-02271-USD', 'USD', '2024-04-25', '2028-04-25', '2024-01-01', NULL, 'Y');
INSERT INTO l1.credit_agreement_master (credit_agreement_id, borrower_counterparty_id, lender_legal_entity_id, agreement_type, status_code, agreement_reference, currency_code, origination_date, maturity_date, effective_start_date, effective_end_date, is_current_flag) VALUES (2272, 2812, 6, 'SYNDICATED', 'ACTIVE', 'CA-2022-02272-EUR', 'EUR', '2022-07-27', '2027-07-27', '2024-01-01', NULL, 'Y');
INSERT INTO l1.credit_agreement_master (credit_agreement_id, borrower_counterparty_id, lender_legal_entity_id, agreement_type, status_code, agreement_reference, currency_code, origination_date, maturity_date, effective_start_date, effective_end_date, is_current_flag) VALUES (2273, 2813, 8, 'SYNDICATED', 'ACTIVE', 'CA-2022-02273-SGD', 'SGD', '2022-11-16', '2028-11-16', '2024-01-01', NULL, 'Y');
INSERT INTO l1.credit_agreement_master (credit_agreement_id, borrower_counterparty_id, lender_legal_entity_id, agreement_type, status_code, agreement_reference, currency_code, origination_date, maturity_date, effective_start_date, effective_end_date, is_current_flag) VALUES (2274, 2814, 3, 'SYNDICATED', 'ACTIVE', 'CA-2022-02274-BRL', 'BRL', '2022-10-17', '2027-10-17', '2024-01-01', NULL, 'Y');

-- ────────────────────────────────────────
-- l1.facility_master (10 rows)
-- ────────────────────────────────────────
INSERT INTO l1.facility_master (facility_id, credit_agreement_id, counterparty_id, facility_name, facility_type, facility_status, committed_facility_amt, currency_code, origination_date, maturity_date, portfolio_id, industry_code, lob_segment_id, product_node_id, rate_index_id, ledger_account_id, product_id, region_code, interest_rate_type, interest_rate_reference, interest_rate_spread_bps, all_in_rate_pct, day_count_convention, amortization_type, revolving_flag, active_flag, facility_reference, payment_frequency, effective_start_date, effective_end_date, is_current_flag) VALUES (8242, 2270, 2810, 'Heritage — USD Revolver 2026-A', 'REVOLVING_CREDIT', 'ACTIVE', 1388653694, 'USD', '2021-11-24', '2026-11-24', 3, 'CS', 26, 3, 2, 5, 2, 'AMER', 'FLOATING', 'SOFR', 181, 4.7, 'ACT/360', 'BULLET', 'Y', 'Y', 'FAC-2021-08242-A', 'QUARTERLY', '2024-01-01', NULL, 'Y');
INSERT INTO l1.facility_master (facility_id, credit_agreement_id, counterparty_id, facility_name, facility_type, facility_status, committed_facility_amt, currency_code, origination_date, maturity_date, portfolio_id, industry_code, lob_segment_id, product_node_id, rate_index_id, ledger_account_id, product_id, region_code, interest_rate_type, interest_rate_reference, interest_rate_spread_bps, all_in_rate_pct, day_count_convention, amortization_type, revolving_flag, active_flag, facility_reference, payment_frequency, effective_start_date, effective_end_date, is_current_flag) VALUES (8243, 2270, 2810, 'Heritage — USD Term Loan 2026-B', 'TERM_LOAN', 'ACTIVE', 2082980541, 'USD', '2021-11-24', '2026-11-24', 6, 'CS', 27, 4, 5, 2, 2, 'AMER', 'FIXED', 'SOFR', 181, 5.59, 'ACT/360', 'AMORTIZING', 'N', 'Y', 'FAC-2021-08243-B', 'MONTHLY', '2024-01-01', NULL, 'Y');
INSERT INTO l1.facility_master (facility_id, credit_agreement_id, counterparty_id, facility_name, facility_type, facility_status, committed_facility_amt, currency_code, origination_date, maturity_date, portfolio_id, industry_code, lob_segment_id, product_node_id, rate_index_id, ledger_account_id, product_id, region_code, interest_rate_type, interest_rate_reference, interest_rate_spread_bps, all_in_rate_pct, day_count_convention, amortization_type, revolving_flag, active_flag, facility_reference, payment_frequency, effective_start_date, effective_end_date, is_current_flag) VALUES (8244, 2271, 2811, 'Sunrise — USD Revolver 2027-A', 'REVOLVING_CREDIT', 'ACTIVE', 61706553, 'USD', '2022-02-18', '2027-02-18', 6, 'CS', 28, 6, 1, 4, 4, 'AMER', 'FLOATING', 'SOFR', 262, 5.61, 'ACT/360', 'BULLET', 'Y', 'Y', 'FAC-2022-08244-A', 'QUARTERLY', '2024-01-01', NULL, 'Y');
INSERT INTO l1.facility_master (facility_id, credit_agreement_id, counterparty_id, facility_name, facility_type, facility_status, committed_facility_amt, currency_code, origination_date, maturity_date, portfolio_id, industry_code, lob_segment_id, product_node_id, rate_index_id, ledger_account_id, product_id, region_code, interest_rate_type, interest_rate_reference, interest_rate_spread_bps, all_in_rate_pct, day_count_convention, amortization_type, revolving_flag, active_flag, facility_reference, payment_frequency, effective_start_date, effective_end_date, is_current_flag) VALUES (8245, 2271, 2811, 'Sunrise — USD Term Loan 2027-B', 'TERM_LOAN', 'ACTIVE', 92559830, 'USD', '2022-02-18', '2027-02-18', 5, 'CS', 29, 8, 5, 7, 3, 'AMER', 'FLOATING', 'SOFR', 262, 5.13, 'ACT/365', 'AMORTIZING', 'N', 'Y', 'FAC-2022-08245-B', 'MONTHLY', '2024-01-01', NULL, 'Y');
INSERT INTO l1.facility_master (facility_id, credit_agreement_id, counterparty_id, facility_name, facility_type, facility_status, committed_facility_amt, currency_code, origination_date, maturity_date, portfolio_id, industry_code, lob_segment_id, product_node_id, rate_index_id, ledger_account_id, product_id, region_code, interest_rate_type, interest_rate_reference, interest_rate_spread_bps, all_in_rate_pct, day_count_convention, amortization_type, revolving_flag, active_flag, facility_reference, payment_frequency, effective_start_date, effective_end_date, is_current_flag) VALUES (8246, 2272, 2812, 'Euro — EUR Revolver 2027-A', 'REVOLVING_CREDIT', 'ACTIVE', 83455809, 'EUR', '2021-08-05', '2027-08-05', 1, 'CS', 30, 5, 3, 4, 2, 'EMEA', 'FLOATING', 'EURIBOR', 199, 5.52, 'ACT/360', 'BULLET', 'Y', 'Y', 'FAC-2021-08246-A', 'QUARTERLY', '2024-01-01', NULL, 'Y');
INSERT INTO l1.facility_master (facility_id, credit_agreement_id, counterparty_id, facility_name, facility_type, facility_status, committed_facility_amt, currency_code, origination_date, maturity_date, portfolio_id, industry_code, lob_segment_id, product_node_id, rate_index_id, ledger_account_id, product_id, region_code, interest_rate_type, interest_rate_reference, interest_rate_spread_bps, all_in_rate_pct, day_count_convention, amortization_type, revolving_flag, active_flag, facility_reference, payment_frequency, effective_start_date, effective_end_date, is_current_flag) VALUES (8247, 2272, 2812, 'Euro — EUR Term Loan 2027-B', 'TERM_LOAN', 'ACTIVE', 125183714, 'EUR', '2021-08-05', '2027-08-05', 3, 'CS', 31, 2, 1, 7, 4, 'EMEA', 'FLOATING', 'EURIBOR', 199, 4.52, 'ACT/360', 'BULLET', 'N', 'Y', 'FAC-2021-08247-B', 'MONTHLY', '2024-01-01', NULL, 'Y');
INSERT INTO l1.facility_master (facility_id, credit_agreement_id, counterparty_id, facility_name, facility_type, facility_status, committed_facility_amt, currency_code, origination_date, maturity_date, portfolio_id, industry_code, lob_segment_id, product_node_id, rate_index_id, ledger_account_id, product_id, region_code, interest_rate_type, interest_rate_reference, interest_rate_spread_bps, all_in_rate_pct, day_count_convention, amortization_type, revolving_flag, active_flag, facility_reference, payment_frequency, effective_start_date, effective_end_date, is_current_flag) VALUES (8248, 2273, 2813, 'Asia — SGD Revolver 2028-A', 'REVOLVING_CREDIT', 'ACTIVE', 63680303, 'SGD', '2023-11-11', '2028-11-11', 3, 'CS', 32, 3, 4, 1, 1, 'APAC', 'FLOATING', 'SOR', 301, 6.82, 'ACT/360', 'BULLET', 'Y', 'Y', 'FAC-2023-08248-A', 'MONTHLY', '2024-01-01', NULL, 'Y');
INSERT INTO l1.facility_master (facility_id, credit_agreement_id, counterparty_id, facility_name, facility_type, facility_status, committed_facility_amt, currency_code, origination_date, maturity_date, portfolio_id, industry_code, lob_segment_id, product_node_id, rate_index_id, ledger_account_id, product_id, region_code, interest_rate_type, interest_rate_reference, interest_rate_spread_bps, all_in_rate_pct, day_count_convention, amortization_type, revolving_flag, active_flag, facility_reference, payment_frequency, effective_start_date, effective_end_date, is_current_flag) VALUES (8249, 2273, 2813, 'Asia — SGD Term Loan 2028-B', 'TERM_LOAN', 'ACTIVE', 95520454, 'SGD', '2023-11-11', '2028-11-11', 3, 'CS', 33, 8, 3, 6, 2, 'APAC', 'FLOATING', 'SOR', 301, 6.9, 'ACT/365', 'AMORTIZING', 'N', 'Y', 'FAC-2023-08249-B', 'MONTHLY', '2024-01-01', NULL, 'Y');
INSERT INTO l1.facility_master (facility_id, credit_agreement_id, counterparty_id, facility_name, facility_type, facility_status, committed_facility_amt, currency_code, origination_date, maturity_date, portfolio_id, industry_code, lob_segment_id, product_node_id, rate_index_id, ledger_account_id, product_id, region_code, interest_rate_type, interest_rate_reference, interest_rate_spread_bps, all_in_rate_pct, day_count_convention, amortization_type, revolving_flag, active_flag, facility_reference, payment_frequency, effective_start_date, effective_end_date, is_current_flag) VALUES (8250, 2274, 2814, 'Andean — BRL Revolver 2028-A', 'REVOLVING_CREDIT', 'ACTIVE', 13976703, 'BRL', '2024-11-11', '2028-11-11', 10, 'CS', 34, 6, 2, 8, 1, 'AMER', 'FLOATING', 'SOFR', 485, 8.58, 'ACT/360', 'BULLET', 'Y', 'Y', 'FAC-2024-08250-A', 'QUARTERLY', '2024-01-01', NULL, 'Y');
INSERT INTO l1.facility_master (facility_id, credit_agreement_id, counterparty_id, facility_name, facility_type, facility_status, committed_facility_amt, currency_code, origination_date, maturity_date, portfolio_id, industry_code, lob_segment_id, product_node_id, rate_index_id, ledger_account_id, product_id, region_code, interest_rate_type, interest_rate_reference, interest_rate_spread_bps, all_in_rate_pct, day_count_convention, amortization_type, revolving_flag, active_flag, facility_reference, payment_frequency, effective_start_date, effective_end_date, is_current_flag) VALUES (8251, 2274, 2814, 'Andean — BRL Term Loan 2028-B', 'TERM_LOAN', 'ACTIVE', 20965055, 'BRL', '2024-11-11', '2028-11-11', 2, 'CS', 35, 3, 3, 2, 2, 'AMER', 'FLOATING', 'SOFR', 485, 8.26, 'ACT/360', 'AMORTIZING', 'N', 'Y', 'FAC-2024-08251-B', 'MONTHLY', '2024-01-01', NULL, 'Y');

-- ────────────────────────────────────────
-- l1.facility_lender_allocation (10 rows)
-- ────────────────────────────────────────
INSERT INTO l1.facility_lender_allocation (lender_allocation_id, facility_id, legal_entity_id, allocation_role, bank_share_pct, is_current_flag, effective_start_date, effective_end_date) VALUES (100099, 8242, 5, 'LEAD_ARRANGER', 1, 'Y', '2021-11-24', NULL);
INSERT INTO l1.facility_lender_allocation (lender_allocation_id, facility_id, legal_entity_id, allocation_role, bank_share_pct, is_current_flag, effective_start_date, effective_end_date) VALUES (100100, 8243, 2, 'LEAD_ARRANGER', 1, 'Y', '2021-11-24', NULL);
INSERT INTO l1.facility_lender_allocation (lender_allocation_id, facility_id, legal_entity_id, allocation_role, bank_share_pct, is_current_flag, effective_start_date, effective_end_date) VALUES (100101, 8244, 4, 'LEAD_ARRANGER', 1, 'Y', '2022-02-18', NULL);
INSERT INTO l1.facility_lender_allocation (lender_allocation_id, facility_id, legal_entity_id, allocation_role, bank_share_pct, is_current_flag, effective_start_date, effective_end_date) VALUES (100102, 8245, 1, 'LEAD_ARRANGER', 1, 'Y', '2022-02-18', NULL);
INSERT INTO l1.facility_lender_allocation (lender_allocation_id, facility_id, legal_entity_id, allocation_role, bank_share_pct, is_current_flag, effective_start_date, effective_end_date) VALUES (100103, 8246, 4, 'LEAD_ARRANGER', 1, 'Y', '2021-08-05', NULL);
INSERT INTO l1.facility_lender_allocation (lender_allocation_id, facility_id, legal_entity_id, allocation_role, bank_share_pct, is_current_flag, effective_start_date, effective_end_date) VALUES (100104, 8247, 1, 'LEAD_ARRANGER', 1, 'Y', '2021-08-05', NULL);
INSERT INTO l1.facility_lender_allocation (lender_allocation_id, facility_id, legal_entity_id, allocation_role, bank_share_pct, is_current_flag, effective_start_date, effective_end_date) VALUES (100105, 8248, 1, 'LEAD_ARRANGER', 1, 'Y', '2023-11-11', NULL);
INSERT INTO l1.facility_lender_allocation (lender_allocation_id, facility_id, legal_entity_id, allocation_role, bank_share_pct, is_current_flag, effective_start_date, effective_end_date) VALUES (100106, 8249, 1, 'LEAD_ARRANGER', 1, 'Y', '2023-11-11', NULL);
INSERT INTO l1.facility_lender_allocation (lender_allocation_id, facility_id, legal_entity_id, allocation_role, bank_share_pct, is_current_flag, effective_start_date, effective_end_date) VALUES (100107, 8250, 1, 'LEAD_ARRANGER', 1, 'Y', '2024-11-11', NULL);
INSERT INTO l1.facility_lender_allocation (lender_allocation_id, facility_id, legal_entity_id, allocation_role, bank_share_pct, is_current_flag, effective_start_date, effective_end_date) VALUES (100108, 8251, 2, 'LEAD_ARRANGER', 1, 'Y', '2024-11-11', NULL);

-- ────────────────────────────────────────
-- l2.facility_exposure_snapshot (30 rows)
-- ────────────────────────────────────────
INSERT INTO l2.facility_exposure_snapshot (facility_exposure_id, facility_id, counterparty_id, as_of_date, exposure_type_id, drawn_amount, committed_amount, undrawn_amount, currency_code, limit_status_code) VALUES (200295, 8242, 2810, '2024-11-30', 1, 694326847, 1388653694, 694326847, 'USD', 'WITHIN_LIMIT');
INSERT INTO l2.facility_exposure_snapshot (facility_exposure_id, facility_id, counterparty_id, as_of_date, exposure_type_id, drawn_amount, committed_amount, undrawn_amount, currency_code, limit_status_code) VALUES (200296, 8242, 2810, '2024-12-31', 1, 763759532, 1388653694, 624894162, 'USD', 'WITHIN_LIMIT');
INSERT INTO l2.facility_exposure_snapshot (facility_exposure_id, facility_id, counterparty_id, as_of_date, exposure_type_id, drawn_amount, committed_amount, undrawn_amount, currency_code, limit_status_code) VALUES (200297, 8242, 2810, '2025-01-31', 1, 805419143, 1388653694, 583234551, 'USD', 'WITHIN_LIMIT');
INSERT INTO l2.facility_exposure_snapshot (facility_exposure_id, facility_id, counterparty_id, as_of_date, exposure_type_id, drawn_amount, committed_amount, undrawn_amount, currency_code, limit_status_code) VALUES (200298, 8243, 2810, '2024-11-30', 1, 1041490271, 2082980541, 1041490270, 'USD', 'WITHIN_LIMIT');
INSERT INTO l2.facility_exposure_snapshot (facility_exposure_id, facility_id, counterparty_id, as_of_date, exposure_type_id, drawn_amount, committed_amount, undrawn_amount, currency_code, limit_status_code) VALUES (200299, 8243, 2810, '2024-12-31', 1, 1145639298, 2082980541, 937341243, 'USD', 'WITHIN_LIMIT');
INSERT INTO l2.facility_exposure_snapshot (facility_exposure_id, facility_id, counterparty_id, as_of_date, exposure_type_id, drawn_amount, committed_amount, undrawn_amount, currency_code, limit_status_code) VALUES (200300, 8243, 2810, '2025-01-31', 1, 1208128714, 2082980541, 874851827, 'USD', 'WITHIN_LIMIT');
INSERT INTO l2.facility_exposure_snapshot (facility_exposure_id, facility_id, counterparty_id, as_of_date, exposure_type_id, drawn_amount, committed_amount, undrawn_amount, currency_code, limit_status_code) VALUES (200301, 8244, 2811, '2024-11-30', 1, 23448490, 61706553, 38258063, 'USD', 'WITHIN_LIMIT');
INSERT INTO l2.facility_exposure_snapshot (facility_exposure_id, facility_id, counterparty_id, as_of_date, exposure_type_id, drawn_amount, committed_amount, undrawn_amount, currency_code, limit_status_code) VALUES (200302, 8244, 2811, '2024-12-31', 1, 25916752, 61706553, 35789801, 'USD', 'WITHIN_LIMIT');
INSERT INTO l2.facility_exposure_snapshot (facility_exposure_id, facility_id, counterparty_id, as_of_date, exposure_type_id, drawn_amount, committed_amount, undrawn_amount, currency_code, limit_status_code) VALUES (200303, 8244, 2811, '2025-01-31', 1, 27767949, 61706553, 33938604, 'USD', 'WITHIN_LIMIT');
INSERT INTO l2.facility_exposure_snapshot (facility_exposure_id, facility_id, counterparty_id, as_of_date, exposure_type_id, drawn_amount, committed_amount, undrawn_amount, currency_code, limit_status_code) VALUES (200304, 8245, 2811, '2024-11-30', 1, 35172735, 92559830, 57387095, 'USD', 'WITHIN_LIMIT');
INSERT INTO l2.facility_exposure_snapshot (facility_exposure_id, facility_id, counterparty_id, as_of_date, exposure_type_id, drawn_amount, committed_amount, undrawn_amount, currency_code, limit_status_code) VALUES (200305, 8245, 2811, '2024-12-31', 1, 38875129, 92559830, 53684701, 'USD', 'WITHIN_LIMIT');
INSERT INTO l2.facility_exposure_snapshot (facility_exposure_id, facility_id, counterparty_id, as_of_date, exposure_type_id, drawn_amount, committed_amount, undrawn_amount, currency_code, limit_status_code) VALUES (200306, 8245, 2811, '2025-01-31', 1, 41651924, 92559830, 50907906, 'USD', 'WITHIN_LIMIT');
INSERT INTO l2.facility_exposure_snapshot (facility_exposure_id, facility_id, counterparty_id, as_of_date, exposure_type_id, drawn_amount, committed_amount, undrawn_amount, currency_code, limit_status_code) VALUES (200307, 8246, 2812, '2024-11-30', 1, 41727905, 83455809, 41727904, 'EUR', 'WITHIN_LIMIT');
INSERT INTO l2.facility_exposure_snapshot (facility_exposure_id, facility_id, counterparty_id, as_of_date, exposure_type_id, drawn_amount, committed_amount, undrawn_amount, currency_code, limit_status_code) VALUES (200308, 8246, 2812, '2024-12-31', 1, 45900695, 83455809, 37555114, 'EUR', 'WITHIN_LIMIT');
INSERT INTO l2.facility_exposure_snapshot (facility_exposure_id, facility_id, counterparty_id, as_of_date, exposure_type_id, drawn_amount, committed_amount, undrawn_amount, currency_code, limit_status_code) VALUES (200309, 8246, 2812, '2025-01-31', 1, 48404369, 83455809, 35051440, 'EUR', 'WITHIN_LIMIT');
INSERT INTO l2.facility_exposure_snapshot (facility_exposure_id, facility_id, counterparty_id, as_of_date, exposure_type_id, drawn_amount, committed_amount, undrawn_amount, currency_code, limit_status_code) VALUES (200310, 8247, 2812, '2024-11-30', 1, 62591857, 125183714, 62591857, 'EUR', 'WITHIN_LIMIT');
INSERT INTO l2.facility_exposure_snapshot (facility_exposure_id, facility_id, counterparty_id, as_of_date, exposure_type_id, drawn_amount, committed_amount, undrawn_amount, currency_code, limit_status_code) VALUES (200311, 8247, 2812, '2024-12-31', 1, 68851043, 125183714, 56332671, 'EUR', 'WITHIN_LIMIT');
INSERT INTO l2.facility_exposure_snapshot (facility_exposure_id, facility_id, counterparty_id, as_of_date, exposure_type_id, drawn_amount, committed_amount, undrawn_amount, currency_code, limit_status_code) VALUES (200312, 8247, 2812, '2025-01-31', 1, 72606554, 125183714, 52577160, 'EUR', 'WITHIN_LIMIT');
INSERT INTO l2.facility_exposure_snapshot (facility_exposure_id, facility_id, counterparty_id, as_of_date, exposure_type_id, drawn_amount, committed_amount, undrawn_amount, currency_code, limit_status_code) VALUES (200313, 8248, 2813, '2024-11-30', 1, 24198515, 63680303, 39481788, 'SGD', 'WITHIN_LIMIT');
INSERT INTO l2.facility_exposure_snapshot (facility_exposure_id, facility_id, counterparty_id, as_of_date, exposure_type_id, drawn_amount, committed_amount, undrawn_amount, currency_code, limit_status_code) VALUES (200314, 8248, 2813, '2024-12-31', 1, 26745727, 63680303, 36934576, 'SGD', 'WITHIN_LIMIT');
INSERT INTO l2.facility_exposure_snapshot (facility_exposure_id, facility_id, counterparty_id, as_of_date, exposure_type_id, drawn_amount, committed_amount, undrawn_amount, currency_code, limit_status_code) VALUES (200315, 8248, 2813, '2025-01-31', 1, 28656136, 63680303, 35024167, 'SGD', 'WITHIN_LIMIT');
INSERT INTO l2.facility_exposure_snapshot (facility_exposure_id, facility_id, counterparty_id, as_of_date, exposure_type_id, drawn_amount, committed_amount, undrawn_amount, currency_code, limit_status_code) VALUES (200316, 8249, 2813, '2024-11-30', 1, 36297773, 95520454, 59222681, 'SGD', 'WITHIN_LIMIT');
INSERT INTO l2.facility_exposure_snapshot (facility_exposure_id, facility_id, counterparty_id, as_of_date, exposure_type_id, drawn_amount, committed_amount, undrawn_amount, currency_code, limit_status_code) VALUES (200317, 8249, 2813, '2024-12-31', 1, 40118591, 95520454, 55401863, 'SGD', 'WITHIN_LIMIT');
INSERT INTO l2.facility_exposure_snapshot (facility_exposure_id, facility_id, counterparty_id, as_of_date, exposure_type_id, drawn_amount, committed_amount, undrawn_amount, currency_code, limit_status_code) VALUES (200318, 8249, 2813, '2025-01-31', 1, 42984204, 95520454, 52536250, 'SGD', 'WITHIN_LIMIT');
INSERT INTO l2.facility_exposure_snapshot (facility_exposure_id, facility_id, counterparty_id, as_of_date, exposure_type_id, drawn_amount, committed_amount, undrawn_amount, currency_code, limit_status_code) VALUES (200319, 8250, 2814, '2024-11-30', 1, 5311147, 13976703, 8665556, 'BRL', 'WITHIN_LIMIT');
INSERT INTO l2.facility_exposure_snapshot (facility_exposure_id, facility_id, counterparty_id, as_of_date, exposure_type_id, drawn_amount, committed_amount, undrawn_amount, currency_code, limit_status_code) VALUES (200320, 8250, 2814, '2024-12-31', 1, 5870215, 13976703, 8106488, 'BRL', 'WITHIN_LIMIT');
INSERT INTO l2.facility_exposure_snapshot (facility_exposure_id, facility_id, counterparty_id, as_of_date, exposure_type_id, drawn_amount, committed_amount, undrawn_amount, currency_code, limit_status_code) VALUES (200321, 8250, 2814, '2025-01-31', 1, 6289516, 13976703, 7687187, 'BRL', 'WITHIN_LIMIT');
INSERT INTO l2.facility_exposure_snapshot (facility_exposure_id, facility_id, counterparty_id, as_of_date, exposure_type_id, drawn_amount, committed_amount, undrawn_amount, currency_code, limit_status_code) VALUES (200322, 8251, 2814, '2024-11-30', 1, 7966721, 20965055, 12998334, 'BRL', 'WITHIN_LIMIT');
INSERT INTO l2.facility_exposure_snapshot (facility_exposure_id, facility_id, counterparty_id, as_of_date, exposure_type_id, drawn_amount, committed_amount, undrawn_amount, currency_code, limit_status_code) VALUES (200323, 8251, 2814, '2024-12-31', 1, 8805323, 20965055, 12159732, 'BRL', 'WITHIN_LIMIT');
INSERT INTO l2.facility_exposure_snapshot (facility_exposure_id, facility_id, counterparty_id, as_of_date, exposure_type_id, drawn_amount, committed_amount, undrawn_amount, currency_code, limit_status_code) VALUES (200324, 8251, 2814, '2025-01-31', 1, 9434275, 20965055, 11530780, 'BRL', 'WITHIN_LIMIT');

-- ────────────────────────────────────────
-- l2.risk_flag (10 rows)
-- ────────────────────────────────────────
INSERT INTO l2.risk_flag (risk_flag_id, facility_id, counterparty_id, flag_type, flag_code, flag_severity, as_of_date, flag_description) VALUES (7987, 8242, 2810, 'WATCH_LIST', 'PIPELINE_CONCENTRATION', 'HIGH', '2025-01-31', '8 consumer sector facilities in pipeline — $2.1B total commitment');
INSERT INTO l2.risk_flag (risk_flag_id, facility_id, counterparty_id, flag_type, flag_code, flag_severity, as_of_date, flag_description) VALUES (7988, 8244, 2811, 'WATCH_LIST', 'PIPELINE_CONCENTRATION', 'HIGH', '2025-01-31', '8 consumer sector facilities in pipeline — $2.1B total commitment');
INSERT INTO l2.risk_flag (risk_flag_id, facility_id, counterparty_id, flag_type, flag_code, flag_severity, as_of_date, flag_description) VALUES (7989, 8246, 2812, 'WATCH_LIST', 'PIPELINE_CONCENTRATION', 'HIGH', '2025-01-31', '8 consumer sector facilities in pipeline — $2.1B total commitment');
INSERT INTO l2.risk_flag (risk_flag_id, facility_id, counterparty_id, flag_type, flag_code, flag_severity, as_of_date, flag_description) VALUES (7990, 8248, 2813, 'WATCH_LIST', 'PIPELINE_CONCENTRATION', 'HIGH', '2025-01-31', '8 consumer sector facilities in pipeline — $2.1B total commitment');
INSERT INTO l2.risk_flag (risk_flag_id, facility_id, counterparty_id, flag_type, flag_code, flag_severity, as_of_date, flag_description) VALUES (7991, 8250, 2814, 'WATCH_LIST', 'PIPELINE_CONCENTRATION', 'HIGH', '2025-01-31', '8 consumer sector facilities in pipeline — $2.1B total commitment');
INSERT INTO l2.risk_flag (risk_flag_id, facility_id, counterparty_id, flag_type, flag_code, flag_severity, as_of_date, flag_description) VALUES (7992, 8242, 2810, 'CONCENTRATION', 'SECTOR_CONCENTRATION', 'MEDIUM', '2025-01-31', 'Consumer sector would reach 18% of portfolio if all close');
INSERT INTO l2.risk_flag (risk_flag_id, facility_id, counterparty_id, flag_type, flag_code, flag_severity, as_of_date, flag_description) VALUES (7993, 8244, 2811, 'CONCENTRATION', 'SECTOR_CONCENTRATION', 'MEDIUM', '2025-01-31', 'Consumer sector would reach 18% of portfolio if all close');
INSERT INTO l2.risk_flag (risk_flag_id, facility_id, counterparty_id, flag_type, flag_code, flag_severity, as_of_date, flag_description) VALUES (7994, 8246, 2812, 'CONCENTRATION', 'SECTOR_CONCENTRATION', 'MEDIUM', '2025-01-31', 'Consumer sector would reach 18% of portfolio if all close');
INSERT INTO l2.risk_flag (risk_flag_id, facility_id, counterparty_id, flag_type, flag_code, flag_severity, as_of_date, flag_description) VALUES (7995, 8248, 2813, 'CONCENTRATION', 'SECTOR_CONCENTRATION', 'MEDIUM', '2025-01-31', 'Consumer sector would reach 18% of portfolio if all close');
INSERT INTO l2.risk_flag (risk_flag_id, facility_id, counterparty_id, flag_type, flag_code, flag_severity, as_of_date, flag_description) VALUES (7996, 8250, 2814, 'CONCENTRATION', 'SECTOR_CONCENTRATION', 'MEDIUM', '2025-01-31', 'Consumer sector would reach 18% of portfolio if all close');

-- ────────────────────────────────────────
-- l2.deal_pipeline_fact (10 rows)
-- ────────────────────────────────────────
INSERT INTO l2.deal_pipeline_fact (pipeline_id, counterparty_id, facility_id, as_of_date, pipeline_stage, proposed_amount, expected_close_date) VALUES (5260, 2810, 8242, '2025-01-31', 'ORIGINATION', 1388653694, '2025-01-31');
INSERT INTO l2.deal_pipeline_fact (pipeline_id, counterparty_id, facility_id, as_of_date, pipeline_stage, proposed_amount, expected_close_date) VALUES (5261, 2810, 8243, '2025-01-31', 'UNDERWRITING', 2082980541, '2025-01-31');
INSERT INTO l2.deal_pipeline_fact (pipeline_id, counterparty_id, facility_id, as_of_date, pipeline_stage, proposed_amount, expected_close_date) VALUES (5262, 2811, 8244, '2025-01-31', 'APPROVED', 61706553, '2025-01-31');
INSERT INTO l2.deal_pipeline_fact (pipeline_id, counterparty_id, facility_id, as_of_date, pipeline_stage, proposed_amount, expected_close_date) VALUES (5263, 2811, 8245, '2025-01-31', 'CLOSING', 92559830, '2025-01-31');
INSERT INTO l2.deal_pipeline_fact (pipeline_id, counterparty_id, facility_id, as_of_date, pipeline_stage, proposed_amount, expected_close_date) VALUES (5264, 2812, 8246, '2025-01-31', 'ORIGINATION', 83455809, '2025-01-31');
INSERT INTO l2.deal_pipeline_fact (pipeline_id, counterparty_id, facility_id, as_of_date, pipeline_stage, proposed_amount, expected_close_date) VALUES (5265, 2812, 8247, '2025-01-31', 'UNDERWRITING', 125183714, '2025-01-31');
INSERT INTO l2.deal_pipeline_fact (pipeline_id, counterparty_id, facility_id, as_of_date, pipeline_stage, proposed_amount, expected_close_date) VALUES (5266, 2813, 8248, '2025-01-31', 'APPROVED', 63680303, '2025-01-31');
INSERT INTO l2.deal_pipeline_fact (pipeline_id, counterparty_id, facility_id, as_of_date, pipeline_stage, proposed_amount, expected_close_date) VALUES (5267, 2813, 8249, '2025-01-31', 'CLOSING', 95520454, '2025-01-31');
INSERT INTO l2.deal_pipeline_fact (pipeline_id, counterparty_id, facility_id, as_of_date, pipeline_stage, proposed_amount, expected_close_date) VALUES (5268, 2814, 8250, '2025-01-31', 'ORIGINATION', 13976703, '2025-01-31');
INSERT INTO l2.deal_pipeline_fact (pipeline_id, counterparty_id, facility_id, as_of_date, pipeline_stage, proposed_amount, expected_close_date) VALUES (5269, 2814, 8251, '2025-01-31', 'UNDERWRITING', 20965055, '2025-01-31');


-- ═════════════════════════════════════════════════════════════════
-- Scenario S30: Materials Sector Stress Test
-- Severe recession scenario: commodity crash stresses 4 mining/materials borrowers, breaching $500M capital buffer
-- Generated: 2026-03-10T04:28:27.428Z
-- ═════════════════════════════════════════════════════════════════

SET search_path TO l1, l2, public;

-- ────────────────────────────────────────
-- l1.counterparty (4 rows)
-- ────────────────────────────────────────
INSERT INTO l1.counterparty (counterparty_id, legal_name, counterparty_type, country_code, entity_type_code, industry_id, basel_asset_class, basel_risk_grade, call_report_counterparty_type, external_rating_fitch, external_rating_moodys, external_rating_sp, fr2590_counterparty_type, internal_risk_rating, is_affiliated, is_central_counterparty, is_financial_institution, is_insider, is_multilateral_dev_bank, is_parent_flag, is_public_sector_entity, is_regulated_entity, is_sovereign, lei_code, lgd_unsecured, pd_annual, regulatory_counterparty_type, y14_obligor_type, effective_start_date, effective_end_date, is_current_flag) VALUES (2815, 'Rio Grande Mining Corp.', 'CORPORATE', 'MX', 'CORP', 9, 'CORPORATE', '5', 'C&I_FOREIGN', 'BB+', 'Baa3', 'BB+', 'NON_FINANCIAL', '6', 'N', 'N', 'N', 'N', 'N', 'N', 'N', 'N', 'N', '529900XP0HQ977041A0X', 0.48, 0.0081, 'CORPORATE', 'LARGE_CORPORATE', '2020-01-01', NULL, 'Y');
INSERT INTO l1.counterparty (counterparty_id, legal_name, counterparty_type, country_code, entity_type_code, industry_id, basel_asset_class, basel_risk_grade, call_report_counterparty_type, external_rating_fitch, external_rating_moodys, external_rating_sp, fr2590_counterparty_type, internal_risk_rating, is_affiliated, is_central_counterparty, is_financial_institution, is_insider, is_multilateral_dev_bank, is_parent_flag, is_public_sector_entity, is_regulated_entity, is_sovereign, lei_code, lgd_unsecured, pd_annual, regulatory_counterparty_type, y14_obligor_type, effective_start_date, effective_end_date, is_current_flag) VALUES (2816, 'Kimberley Resources Ltd.', 'CORPORATE', 'AU', 'CORP', 9, 'CORPORATE', '6', 'C&I_FOREIGN', 'BB', 'Ba3', 'BB', 'NON_FINANCIAL', '6', 'N', 'N', 'N', 'N', 'N', 'Y', 'N', 'N', 'N', '969500DVOHY76CQC7U1S', 0.55, 0.021, 'CORPORATE', 'LARGE_CORPORATE', '2020-01-01', NULL, 'Y');
INSERT INTO l1.counterparty (counterparty_id, legal_name, counterparty_type, country_code, entity_type_code, industry_id, basel_asset_class, basel_risk_grade, call_report_counterparty_type, external_rating_fitch, external_rating_moodys, external_rating_sp, fr2590_counterparty_type, internal_risk_rating, is_affiliated, is_central_counterparty, is_financial_institution, is_insider, is_multilateral_dev_bank, is_parent_flag, is_public_sector_entity, is_regulated_entity, is_sovereign, lei_code, lgd_unsecured, pd_annual, regulatory_counterparty_type, y14_obligor_type, effective_start_date, effective_end_date, is_current_flag) VALUES (2817, 'Norsk Metall AS', 'CORPORATE', 'GB', 'CORP', 9, 'CORPORATE', '5', 'C&I_FOREIGN', 'BBB', 'Baa2', 'BBB+', 'NON_FINANCIAL', '5', 'N', 'N', 'N', 'N', 'N', 'Y', 'N', 'N', 'N', '2138006RNKKTB8GVN576', 0.45, 0.0055, 'CORPORATE', 'LARGE_CORPORATE', '2020-01-01', NULL, 'Y');
INSERT INTO l1.counterparty (counterparty_id, legal_name, counterparty_type, country_code, entity_type_code, industry_id, basel_asset_class, basel_risk_grade, call_report_counterparty_type, external_rating_fitch, external_rating_moodys, external_rating_sp, fr2590_counterparty_type, internal_risk_rating, is_affiliated, is_central_counterparty, is_financial_institution, is_insider, is_multilateral_dev_bank, is_parent_flag, is_public_sector_entity, is_regulated_entity, is_sovereign, lei_code, lgd_unsecured, pd_annual, regulatory_counterparty_type, y14_obligor_type, effective_start_date, effective_end_date, is_current_flag) VALUES (2818, 'Guangdong Rare Earth Processing Co.', 'CORPORATE', 'HK', 'CORP', 9, 'CORPORATE', '5', 'C&I_FOREIGN', 'BBB-', 'Baa3', 'BB+', 'NON_FINANCIAL', '6', 'N', 'N', 'N', 'N', 'N', 'Y', 'N', 'N', 'N', '529900WP8F9W17WG28EN', 0.48, 0.0106, 'CORPORATE', 'MIDDLE_MARKET', '2020-01-01', NULL, 'Y');

-- ────────────────────────────────────────
-- l1.credit_agreement_master (4 rows)
-- ────────────────────────────────────────
INSERT INTO l1.credit_agreement_master (credit_agreement_id, borrower_counterparty_id, lender_legal_entity_id, agreement_type, status_code, agreement_reference, currency_code, origination_date, maturity_date, effective_start_date, effective_end_date, is_current_flag) VALUES (2275, 2815, 1, 'SYNDICATED', 'ACTIVE', 'CA-2021-02275-MXN', 'MXN', '2021-01-15', '2026-01-15', '2024-01-01', NULL, 'Y');
INSERT INTO l1.credit_agreement_master (credit_agreement_id, borrower_counterparty_id, lender_legal_entity_id, agreement_type, status_code, agreement_reference, currency_code, origination_date, maturity_date, effective_start_date, effective_end_date, is_current_flag) VALUES (2276, 2816, 10, 'SYNDICATED', 'ACTIVE', 'CA-2020-02276-AUD', 'AUD', '2020-01-13', '2024-01-13', '2024-01-01', NULL, 'Y');
INSERT INTO l1.credit_agreement_master (credit_agreement_id, borrower_counterparty_id, lender_legal_entity_id, agreement_type, status_code, agreement_reference, currency_code, origination_date, maturity_date, effective_start_date, effective_end_date, is_current_flag) VALUES (2277, 2817, 2, 'SYNDICATED', 'ACTIVE', 'CA-2023-02277-GBP', 'GBP', '2023-12-05', '2027-12-05', '2024-01-01', NULL, 'Y');
INSERT INTO l1.credit_agreement_master (credit_agreement_id, borrower_counterparty_id, lender_legal_entity_id, agreement_type, status_code, agreement_reference, currency_code, origination_date, maturity_date, effective_start_date, effective_end_date, is_current_flag) VALUES (2278, 2818, 4, 'SYNDICATED', 'ACTIVE', 'CA-2024-02278-HKD', 'HKD', '2024-07-09', '2028-07-09', '2024-01-01', NULL, 'Y');

-- ────────────────────────────────────────
-- l1.facility_master (8 rows)
-- ────────────────────────────────────────
INSERT INTO l1.facility_master (facility_id, credit_agreement_id, counterparty_id, facility_name, facility_type, facility_status, committed_facility_amt, currency_code, origination_date, maturity_date, portfolio_id, industry_code, lob_segment_id, product_node_id, rate_index_id, ledger_account_id, product_id, region_code, interest_rate_type, interest_rate_reference, interest_rate_spread_bps, all_in_rate_pct, day_count_convention, amortization_type, revolving_flag, active_flag, facility_reference, payment_frequency, effective_start_date, effective_end_date, is_current_flag) VALUES (8252, 2275, 2815, 'Rio — MXN Revolver 2028-A', 'REVOLVING_CREDIT', 'ACTIVE', 586123187, 'MXN', '2023-04-02', '2028-04-02', 2, 'MAT', 36, 9, 4, 1, 5, 'AMER', 'FLOATING', 'SOFR', 467, 7.46, 'ACT/360', 'BULLET', 'Y', 'Y', 'FAC-2023-08252-A', 'QUARTERLY', '2024-01-01', NULL, 'Y');
INSERT INTO l1.facility_master (facility_id, credit_agreement_id, counterparty_id, facility_name, facility_type, facility_status, committed_facility_amt, currency_code, origination_date, maturity_date, portfolio_id, industry_code, lob_segment_id, product_node_id, rate_index_id, ledger_account_id, product_id, region_code, interest_rate_type, interest_rate_reference, interest_rate_spread_bps, all_in_rate_pct, day_count_convention, amortization_type, revolving_flag, active_flag, facility_reference, payment_frequency, effective_start_date, effective_end_date, is_current_flag) VALUES (8253, 2275, 2815, 'Rio — MXN Term Loan 2028-B', 'TERM_LOAN', 'ACTIVE', 879184780, 'MXN', '2023-04-02', '2028-04-02', 9, 'MAT', 37, 5, 4, 7, 1, 'AMER', 'FLOATING', 'SOFR', 467, 7.42, 'ACT/365', 'AMORTIZING', 'N', 'Y', 'FAC-2023-08253-B', 'QUARTERLY', '2024-01-01', NULL, 'Y');
INSERT INTO l1.facility_master (facility_id, credit_agreement_id, counterparty_id, facility_name, facility_type, facility_status, committed_facility_amt, currency_code, origination_date, maturity_date, portfolio_id, industry_code, lob_segment_id, product_node_id, rate_index_id, ledger_account_id, product_id, region_code, interest_rate_type, interest_rate_reference, interest_rate_spread_bps, all_in_rate_pct, day_count_convention, amortization_type, revolving_flag, active_flag, facility_reference, payment_frequency, effective_start_date, effective_end_date, is_current_flag) VALUES (8254, 2276, 2816, 'Kimberley — AUD Revolver 2026-A', 'REVOLVING_CREDIT', 'ACTIVE', 190907094, 'AUD', '2022-05-15', '2026-05-15', 10, 'MAT', 38, 1, 4, 6, 4, 'APAC', 'FLOATING', 'BBSW', 994, 13.25, 'ACT/360', 'BULLET', 'Y', 'Y', 'FAC-2022-08254-A', 'QUARTERLY', '2024-01-01', NULL, 'Y');
INSERT INTO l1.facility_master (facility_id, credit_agreement_id, counterparty_id, facility_name, facility_type, facility_status, committed_facility_amt, currency_code, origination_date, maturity_date, portfolio_id, industry_code, lob_segment_id, product_node_id, rate_index_id, ledger_account_id, product_id, region_code, interest_rate_type, interest_rate_reference, interest_rate_spread_bps, all_in_rate_pct, day_count_convention, amortization_type, revolving_flag, active_flag, facility_reference, payment_frequency, effective_start_date, effective_end_date, is_current_flag) VALUES (8255, 2276, 2816, 'Kimberley — AUD Term Loan 2026-B', 'TERM_LOAN', 'ACTIVE', 286360642, 'AUD', '2022-05-15', '2026-05-15', 9, 'MAT', 39, 8, 5, 8, 4, 'APAC', 'FLOATING', 'BBSW', 994, 13.32, 'ACT/360', 'BULLET', 'N', 'Y', 'FAC-2022-08255-B', 'QUARTERLY', '2024-01-01', NULL, 'Y');
INSERT INTO l1.facility_master (facility_id, credit_agreement_id, counterparty_id, facility_name, facility_type, facility_status, committed_facility_amt, currency_code, origination_date, maturity_date, portfolio_id, industry_code, lob_segment_id, product_node_id, rate_index_id, ledger_account_id, product_id, region_code, interest_rate_type, interest_rate_reference, interest_rate_spread_bps, all_in_rate_pct, day_count_convention, amortization_type, revolving_flag, active_flag, facility_reference, payment_frequency, effective_start_date, effective_end_date, is_current_flag) VALUES (8256, 2277, 2817, 'Norsk — GBP Revolver 2026-A', 'REVOLVING_CREDIT', 'ACTIVE', 189633463, 'GBP', '2021-06-17', '2026-06-17', 1, 'MAT', 40, 10, 2, 7, 2, 'EMEA', 'FLOATING', 'SONIA', 281, 5.95, 'ACT/365', 'BULLET', 'Y', 'Y', 'FAC-2021-08256-A', 'QUARTERLY', '2024-01-01', NULL, 'Y');
INSERT INTO l1.facility_master (facility_id, credit_agreement_id, counterparty_id, facility_name, facility_type, facility_status, committed_facility_amt, currency_code, origination_date, maturity_date, portfolio_id, industry_code, lob_segment_id, product_node_id, rate_index_id, ledger_account_id, product_id, region_code, interest_rate_type, interest_rate_reference, interest_rate_spread_bps, all_in_rate_pct, day_count_convention, amortization_type, revolving_flag, active_flag, facility_reference, payment_frequency, effective_start_date, effective_end_date, is_current_flag) VALUES (8257, 2277, 2817, 'Norsk — GBP Term Loan 2026-B', 'TERM_LOAN', 'ACTIVE', 284450194, 'GBP', '2021-06-17', '2026-06-17', 1, 'MAT', 41, 3, 1, 5, 4, 'EMEA', 'FIXED', 'SONIA', 281, 5.46, 'ACT/360', 'AMORTIZING', 'N', 'Y', 'FAC-2021-08257-B', 'QUARTERLY', '2024-01-01', NULL, 'Y');
INSERT INTO l1.facility_master (facility_id, credit_agreement_id, counterparty_id, facility_name, facility_type, facility_status, committed_facility_amt, currency_code, origination_date, maturity_date, portfolio_id, industry_code, lob_segment_id, product_node_id, rate_index_id, ledger_account_id, product_id, region_code, interest_rate_type, interest_rate_reference, interest_rate_spread_bps, all_in_rate_pct, day_count_convention, amortization_type, revolving_flag, active_flag, facility_reference, payment_frequency, effective_start_date, effective_end_date, is_current_flag) VALUES (8258, 2278, 2818, 'Guangdong — HKD Revolver 2029-A', 'REVOLVING_CREDIT', 'ACTIVE', 13924322, 'HKD', '2023-05-04', '2029-05-04', 10, 'MAT', 42, 10, 1, 5, 1, 'APAC', 'FLOATING', 'SOFR', 468, 7.8, 'ACT/360', 'BULLET', 'Y', 'Y', 'FAC-2023-08258-A', 'MONTHLY', '2024-01-01', NULL, 'Y');
INSERT INTO l1.facility_master (facility_id, credit_agreement_id, counterparty_id, facility_name, facility_type, facility_status, committed_facility_amt, currency_code, origination_date, maturity_date, portfolio_id, industry_code, lob_segment_id, product_node_id, rate_index_id, ledger_account_id, product_id, region_code, interest_rate_type, interest_rate_reference, interest_rate_spread_bps, all_in_rate_pct, day_count_convention, amortization_type, revolving_flag, active_flag, facility_reference, payment_frequency, effective_start_date, effective_end_date, is_current_flag) VALUES (8259, 2278, 2818, 'Guangdong — HKD Term Loan 2029-B', 'TERM_LOAN', 'ACTIVE', 20886484, 'HKD', '2023-05-04', '2029-05-04', 10, 'MAT', 43, 7, 3, 5, 2, 'APAC', 'FIXED', 'SOFR', 468, 7.31, 'ACT/360', 'AMORTIZING', 'N', 'Y', 'FAC-2023-08259-B', 'QUARTERLY', '2024-01-01', NULL, 'Y');

-- ────────────────────────────────────────
-- l1.facility_lender_allocation (8 rows)
-- ────────────────────────────────────────
INSERT INTO l1.facility_lender_allocation (lender_allocation_id, facility_id, legal_entity_id, allocation_role, bank_share_pct, is_current_flag, effective_start_date, effective_end_date) VALUES (100109, 8252, 1, 'LEAD_ARRANGER', 1, 'Y', '2023-04-02', NULL);
INSERT INTO l1.facility_lender_allocation (lender_allocation_id, facility_id, legal_entity_id, allocation_role, bank_share_pct, is_current_flag, effective_start_date, effective_end_date) VALUES (100110, 8253, 1, 'LEAD_ARRANGER', 1, 'Y', '2023-04-02', NULL);
INSERT INTO l1.facility_lender_allocation (lender_allocation_id, facility_id, legal_entity_id, allocation_role, bank_share_pct, is_current_flag, effective_start_date, effective_end_date) VALUES (100111, 8254, 1, 'LEAD_ARRANGER', 1, 'Y', '2022-05-15', NULL);
INSERT INTO l1.facility_lender_allocation (lender_allocation_id, facility_id, legal_entity_id, allocation_role, bank_share_pct, is_current_flag, effective_start_date, effective_end_date) VALUES (100112, 8255, 1, 'LEAD_ARRANGER', 1, 'Y', '2022-05-15', NULL);
INSERT INTO l1.facility_lender_allocation (lender_allocation_id, facility_id, legal_entity_id, allocation_role, bank_share_pct, is_current_flag, effective_start_date, effective_end_date) VALUES (100113, 8256, 1, 'LEAD_ARRANGER', 1, 'Y', '2021-06-17', NULL);
INSERT INTO l1.facility_lender_allocation (lender_allocation_id, facility_id, legal_entity_id, allocation_role, bank_share_pct, is_current_flag, effective_start_date, effective_end_date) VALUES (100114, 8257, 5, 'LEAD_ARRANGER', 1, 'Y', '2021-06-17', NULL);
INSERT INTO l1.facility_lender_allocation (lender_allocation_id, facility_id, legal_entity_id, allocation_role, bank_share_pct, is_current_flag, effective_start_date, effective_end_date) VALUES (100115, 8258, 5, 'LEAD_ARRANGER', 1, 'Y', '2023-05-04', NULL);
INSERT INTO l1.facility_lender_allocation (lender_allocation_id, facility_id, legal_entity_id, allocation_role, bank_share_pct, is_current_flag, effective_start_date, effective_end_date) VALUES (100116, 8259, 5, 'LEAD_ARRANGER', 1, 'Y', '2023-05-04', NULL);

-- ────────────────────────────────────────
-- l2.facility_exposure_snapshot (24 rows)
-- ────────────────────────────────────────
INSERT INTO l2.facility_exposure_snapshot (facility_exposure_id, facility_id, counterparty_id, as_of_date, exposure_type_id, drawn_amount, committed_amount, undrawn_amount, currency_code, limit_status_code) VALUES (200325, 8252, 2815, '2024-11-30', 1, 457176086, 586123187, 128947101, 'MXN', 'WITHIN_LIMIT');
INSERT INTO l2.facility_exposure_snapshot (facility_exposure_id, facility_id, counterparty_id, as_of_date, exposure_type_id, drawn_amount, committed_amount, undrawn_amount, currency_code, limit_status_code) VALUES (200326, 8252, 2815, '2024-12-31', 1, 410286231, 586123187, 175836956, 'MXN', 'WITHIN_LIMIT');
INSERT INTO l2.facility_exposure_snapshot (facility_exposure_id, facility_id, counterparty_id, as_of_date, exposure_type_id, drawn_amount, committed_amount, undrawn_amount, currency_code, limit_status_code) VALUES (200327, 8252, 2815, '2025-01-31', 1, 363396376, 586123187, 222726811, 'MXN', 'WITHIN_LIMIT');
INSERT INTO l2.facility_exposure_snapshot (facility_exposure_id, facility_id, counterparty_id, as_of_date, exposure_type_id, drawn_amount, committed_amount, undrawn_amount, currency_code, limit_status_code) VALUES (200328, 8253, 2815, '2024-11-30', 1, 685764128, 879184780, 193420652, 'MXN', 'WITHIN_LIMIT');
INSERT INTO l2.facility_exposure_snapshot (facility_exposure_id, facility_id, counterparty_id, as_of_date, exposure_type_id, drawn_amount, committed_amount, undrawn_amount, currency_code, limit_status_code) VALUES (200329, 8253, 2815, '2024-12-31', 1, 615429346, 879184780, 263755434, 'MXN', 'WITHIN_LIMIT');
INSERT INTO l2.facility_exposure_snapshot (facility_exposure_id, facility_id, counterparty_id, as_of_date, exposure_type_id, drawn_amount, committed_amount, undrawn_amount, currency_code, limit_status_code) VALUES (200330, 8253, 2815, '2025-01-31', 1, 545094564, 879184780, 334090216, 'MXN', 'WITHIN_LIMIT');
INSERT INTO l2.facility_exposure_snapshot (facility_exposure_id, facility_id, counterparty_id, as_of_date, exposure_type_id, drawn_amount, committed_amount, undrawn_amount, currency_code, limit_status_code) VALUES (200331, 8254, 2816, '2024-11-30', 1, 152725675, 190907094, 38181419, 'AUD', 'WITHIN_LIMIT');
INSERT INTO l2.facility_exposure_snapshot (facility_exposure_id, facility_id, counterparty_id, as_of_date, exposure_type_id, drawn_amount, committed_amount, undrawn_amount, currency_code, limit_status_code) VALUES (200332, 8254, 2816, '2024-12-31', 1, 162271030, 190907094, 28636064, 'AUD', 'WITHIN_LIMIT');
INSERT INTO l2.facility_exposure_snapshot (facility_exposure_id, facility_id, counterparty_id, as_of_date, exposure_type_id, drawn_amount, committed_amount, undrawn_amount, currency_code, limit_status_code) VALUES (200333, 8254, 2816, '2025-01-31', 1, 156543817, 190907094, 34363277, 'AUD', 'WITHIN_LIMIT');
INSERT INTO l2.facility_exposure_snapshot (facility_exposure_id, facility_id, counterparty_id, as_of_date, exposure_type_id, drawn_amount, committed_amount, undrawn_amount, currency_code, limit_status_code) VALUES (200334, 8255, 2816, '2024-11-30', 1, 229088514, 286360642, 57272128, 'AUD', 'WITHIN_LIMIT');
INSERT INTO l2.facility_exposure_snapshot (facility_exposure_id, facility_id, counterparty_id, as_of_date, exposure_type_id, drawn_amount, committed_amount, undrawn_amount, currency_code, limit_status_code) VALUES (200335, 8255, 2816, '2024-12-31', 1, 243406546, 286360642, 42954096, 'AUD', 'WITHIN_LIMIT');
INSERT INTO l2.facility_exposure_snapshot (facility_exposure_id, facility_id, counterparty_id, as_of_date, exposure_type_id, drawn_amount, committed_amount, undrawn_amount, currency_code, limit_status_code) VALUES (200336, 8255, 2816, '2025-01-31', 1, 234815726, 286360642, 51544916, 'AUD', 'WITHIN_LIMIT');
INSERT INTO l2.facility_exposure_snapshot (facility_exposure_id, facility_id, counterparty_id, as_of_date, exposure_type_id, drawn_amount, committed_amount, undrawn_amount, currency_code, limit_status_code) VALUES (200337, 8256, 2817, '2024-11-30', 1, 147914101, 189633463, 41719362, 'GBP', 'WITHIN_LIMIT');
INSERT INTO l2.facility_exposure_snapshot (facility_exposure_id, facility_id, counterparty_id, as_of_date, exposure_type_id, drawn_amount, committed_amount, undrawn_amount, currency_code, limit_status_code) VALUES (200338, 8256, 2817, '2024-12-31', 1, 132743424, 189633463, 56890039, 'GBP', 'WITHIN_LIMIT');
INSERT INTO l2.facility_exposure_snapshot (facility_exposure_id, facility_id, counterparty_id, as_of_date, exposure_type_id, drawn_amount, committed_amount, undrawn_amount, currency_code, limit_status_code) VALUES (200339, 8256, 2817, '2025-01-31', 1, 117572747, 189633463, 72060716, 'GBP', 'WITHIN_LIMIT');
INSERT INTO l2.facility_exposure_snapshot (facility_exposure_id, facility_id, counterparty_id, as_of_date, exposure_type_id, drawn_amount, committed_amount, undrawn_amount, currency_code, limit_status_code) VALUES (200340, 8257, 2817, '2024-11-30', 1, 221871151, 284450194, 62579043, 'GBP', 'WITHIN_LIMIT');
INSERT INTO l2.facility_exposure_snapshot (facility_exposure_id, facility_id, counterparty_id, as_of_date, exposure_type_id, drawn_amount, committed_amount, undrawn_amount, currency_code, limit_status_code) VALUES (200341, 8257, 2817, '2024-12-31', 1, 199115136, 284450194, 85335058, 'GBP', 'WITHIN_LIMIT');
INSERT INTO l2.facility_exposure_snapshot (facility_exposure_id, facility_id, counterparty_id, as_of_date, exposure_type_id, drawn_amount, committed_amount, undrawn_amount, currency_code, limit_status_code) VALUES (200342, 8257, 2817, '2025-01-31', 1, 176359120, 284450194, 108091074, 'GBP', 'WITHIN_LIMIT');
INSERT INTO l2.facility_exposure_snapshot (facility_exposure_id, facility_id, counterparty_id, as_of_date, exposure_type_id, drawn_amount, committed_amount, undrawn_amount, currency_code, limit_status_code) VALUES (200343, 8258, 2818, '2024-11-30', 1, 11139458, 13924322, 2784864, 'HKD', 'WITHIN_LIMIT');
INSERT INTO l2.facility_exposure_snapshot (facility_exposure_id, facility_id, counterparty_id, as_of_date, exposure_type_id, drawn_amount, committed_amount, undrawn_amount, currency_code, limit_status_code) VALUES (200344, 8258, 2818, '2024-12-31', 1, 11835674, 13924322, 2088648, 'HKD', 'WITHIN_LIMIT');
INSERT INTO l2.facility_exposure_snapshot (facility_exposure_id, facility_id, counterparty_id, as_of_date, exposure_type_id, drawn_amount, committed_amount, undrawn_amount, currency_code, limit_status_code) VALUES (200345, 8258, 2818, '2025-01-31', 1, 11417944, 13924322, 2506378, 'HKD', 'WITHIN_LIMIT');
INSERT INTO l2.facility_exposure_snapshot (facility_exposure_id, facility_id, counterparty_id, as_of_date, exposure_type_id, drawn_amount, committed_amount, undrawn_amount, currency_code, limit_status_code) VALUES (200346, 8259, 2818, '2024-11-30', 1, 16709187, 20886484, 4177297, 'HKD', 'WITHIN_LIMIT');
INSERT INTO l2.facility_exposure_snapshot (facility_exposure_id, facility_id, counterparty_id, as_of_date, exposure_type_id, drawn_amount, committed_amount, undrawn_amount, currency_code, limit_status_code) VALUES (200347, 8259, 2818, '2024-12-31', 1, 17753511, 20886484, 3132973, 'HKD', 'WITHIN_LIMIT');
INSERT INTO l2.facility_exposure_snapshot (facility_exposure_id, facility_id, counterparty_id, as_of_date, exposure_type_id, drawn_amount, committed_amount, undrawn_amount, currency_code, limit_status_code) VALUES (200348, 8259, 2818, '2025-01-31', 1, 17126917, 20886484, 3759567, 'HKD', 'WITHIN_LIMIT');

-- ────────────────────────────────────────
-- l2.risk_flag (8 rows)
-- ────────────────────────────────────────
INSERT INTO l2.risk_flag (risk_flag_id, facility_id, counterparty_id, flag_type, flag_code, flag_severity, as_of_date, flag_description) VALUES (7997, 8252, 2815, 'WATCH_LIST', 'STRESS_TEST_BREACH', 'HIGH', '2025-01-31', 'Materials sector stress losses exceed $500M capital buffer');
INSERT INTO l2.risk_flag (risk_flag_id, facility_id, counterparty_id, flag_type, flag_code, flag_severity, as_of_date, flag_description) VALUES (7998, 8254, 2816, 'WATCH_LIST', 'STRESS_TEST_BREACH', 'HIGH', '2025-01-31', 'Materials sector stress losses exceed $500M capital buffer');
INSERT INTO l2.risk_flag (risk_flag_id, facility_id, counterparty_id, flag_type, flag_code, flag_severity, as_of_date, flag_description) VALUES (7999, 8256, 2817, 'WATCH_LIST', 'STRESS_TEST_BREACH', 'HIGH', '2025-01-31', 'Materials sector stress losses exceed $500M capital buffer');
INSERT INTO l2.risk_flag (risk_flag_id, facility_id, counterparty_id, flag_type, flag_code, flag_severity, as_of_date, flag_description) VALUES (8000, 8258, 2818, 'WATCH_LIST', 'STRESS_TEST_BREACH', 'HIGH', '2025-01-31', 'Materials sector stress losses exceed $500M capital buffer');
INSERT INTO l2.risk_flag (risk_flag_id, facility_id, counterparty_id, flag_type, flag_code, flag_severity, as_of_date, flag_description) VALUES (8001, 8252, 2815, 'WATCH_LIST', 'COMMODITY_PRICE_SENSITIVITY', 'HIGH', '2025-01-31', '40% commodity price decline scenario shows portfolio vulnerability');
INSERT INTO l2.risk_flag (risk_flag_id, facility_id, counterparty_id, flag_type, flag_code, flag_severity, as_of_date, flag_description) VALUES (8002, 8254, 2816, 'WATCH_LIST', 'COMMODITY_PRICE_SENSITIVITY', 'HIGH', '2025-01-31', '40% commodity price decline scenario shows portfolio vulnerability');
INSERT INTO l2.risk_flag (risk_flag_id, facility_id, counterparty_id, flag_type, flag_code, flag_severity, as_of_date, flag_description) VALUES (8003, 8256, 2817, 'WATCH_LIST', 'COMMODITY_PRICE_SENSITIVITY', 'HIGH', '2025-01-31', '40% commodity price decline scenario shows portfolio vulnerability');
INSERT INTO l2.risk_flag (risk_flag_id, facility_id, counterparty_id, flag_type, flag_code, flag_severity, as_of_date, flag_description) VALUES (8004, 8258, 2818, 'WATCH_LIST', 'COMMODITY_PRICE_SENSITIVITY', 'HIGH', '2025-01-31', '40% commodity price decline scenario shows portfolio vulnerability');

-- ────────────────────────────────────────
-- l2.stress_test_result (1 rows)
-- ────────────────────────────────────────
INSERT INTO l2.stress_test_result (result_id, scenario_id, as_of_date, loss_amount, result_status, result_description) VALUES (5132, 3, '2025-01-31', NULL, NULL, 'Stress test: Severe Recession - Commodity Crash — Materials Sector Stress Test');


-- ═════════════════════════════════════════════════════════════════
-- Scenario S31: Japan Syndicated Infrastructure Deal
-- Bank holds $600M in $4B syndicated Japan rail project — construction delays trigger amendment
-- Generated: 2026-03-10T04:28:27.428Z
-- ═════════════════════════════════════════════════════════════════

SET search_path TO l1, l2, public;

-- ────────────────────────────────────────
-- l1.counterparty (3 rows)
-- ────────────────────────────────────────
INSERT INTO l1.counterparty (counterparty_id, legal_name, counterparty_type, country_code, entity_type_code, industry_id, basel_asset_class, basel_risk_grade, call_report_counterparty_type, external_rating_fitch, external_rating_moodys, external_rating_sp, fr2590_counterparty_type, internal_risk_rating, is_affiliated, is_central_counterparty, is_financial_institution, is_insider, is_multilateral_dev_bank, is_parent_flag, is_public_sector_entity, is_regulated_entity, is_sovereign, lei_code, lgd_unsecured, pd_annual, regulatory_counterparty_type, y14_obligor_type, effective_start_date, effective_end_date, is_current_flag) VALUES (2819, 'Nippon Express Railway Development Corp.', 'CORPORATE', 'JP', 'CORP', 8, 'CORPORATE', '3', 'C&I_FOREIGN', 'A-', 'A3', 'A-', 'NON_FINANCIAL', '4', 'N', 'N', 'N', 'N', 'N', 'Y', 'N', 'N', 'N', '353800XFF2N679SI78I8', 0.42, 0.0016, 'CORPORATE', 'LARGE_CORPORATE', '2020-01-01', NULL, 'Y');
INSERT INTO l1.counterparty (counterparty_id, legal_name, counterparty_type, country_code, entity_type_code, industry_id, basel_asset_class, basel_risk_grade, call_report_counterparty_type, external_rating_fitch, external_rating_moodys, external_rating_sp, fr2590_counterparty_type, internal_risk_rating, is_affiliated, is_central_counterparty, is_financial_institution, is_insider, is_multilateral_dev_bank, is_parent_flag, is_public_sector_entity, is_regulated_entity, is_sovereign, lei_code, lgd_unsecured, pd_annual, regulatory_counterparty_type, y14_obligor_type, effective_start_date, effective_end_date, is_current_flag) VALUES (2820, 'Tokyo Infrastructure Partners Co., Ltd.', 'CORPORATE', 'JP', 'CORP', 5, 'CORPORATE', '4', 'C&I_FOREIGN', 'BBB+', 'Baa2', 'BBB', 'NON_FINANCIAL', '5', 'N', 'N', 'N', 'N', 'N', 'Y', 'N', 'N', 'N', '353800UGU2FACCMQVTP9', 0.45, 0.0032, 'CORPORATE', 'LARGE_CORPORATE', '2020-01-01', NULL, 'Y');
INSERT INTO l1.counterparty (counterparty_id, legal_name, counterparty_type, country_code, entity_type_code, industry_id, basel_asset_class, basel_risk_grade, call_report_counterparty_type, external_rating_fitch, external_rating_moodys, external_rating_sp, fr2590_counterparty_type, internal_risk_rating, is_affiliated, is_central_counterparty, is_financial_institution, is_insider, is_multilateral_dev_bank, is_parent_flag, is_public_sector_entity, is_regulated_entity, is_sovereign, lei_code, lgd_unsecured, pd_annual, regulatory_counterparty_type, y14_obligor_type, effective_start_date, effective_end_date, is_current_flag) VALUES (2821, 'Kansai Construction Finance Co., Ltd.', 'CORPORATE', 'JP', 'CORP', 1, 'CORPORATE', '4', 'C&I_FOREIGN', 'A', 'A2', 'A-', 'NON_FINANCIAL', '4', 'N', 'N', 'N', 'N', 'N', 'N', 'N', 'N', 'N', '353800A0MUSVB6NGVJBA', 0.42, 0.0013, 'CORPORATE', 'LARGE_CORPORATE', '2020-01-01', NULL, 'Y');

-- ────────────────────────────────────────
-- l1.credit_agreement_master (3 rows)
-- ────────────────────────────────────────
INSERT INTO l1.credit_agreement_master (credit_agreement_id, borrower_counterparty_id, lender_legal_entity_id, agreement_type, status_code, agreement_reference, currency_code, origination_date, maturity_date, effective_start_date, effective_end_date, is_current_flag) VALUES (2279, 2819, 3, 'SYNDICATED', 'ACTIVE', 'CA-2022-02279-JPY', 'JPY', '2022-01-19', '2028-01-19', '2024-01-01', NULL, 'Y');
INSERT INTO l1.credit_agreement_master (credit_agreement_id, borrower_counterparty_id, lender_legal_entity_id, agreement_type, status_code, agreement_reference, currency_code, origination_date, maturity_date, effective_start_date, effective_end_date, is_current_flag) VALUES (2280, 2820, 10, 'SYNDICATED', 'ACTIVE', 'CA-2024-02280-JPY', 'JPY', '2024-04-12', '2030-04-12', '2024-01-01', NULL, 'Y');
INSERT INTO l1.credit_agreement_master (credit_agreement_id, borrower_counterparty_id, lender_legal_entity_id, agreement_type, status_code, agreement_reference, currency_code, origination_date, maturity_date, effective_start_date, effective_end_date, is_current_flag) VALUES (2281, 2821, 5, 'SYNDICATED', 'ACTIVE', 'CA-2023-02281-JPY', 'JPY', '2023-05-20', '2027-05-20', '2024-01-01', NULL, 'Y');

-- ────────────────────────────────────────
-- l1.facility_master (6 rows)
-- ────────────────────────────────────────
INSERT INTO l1.facility_master (facility_id, credit_agreement_id, counterparty_id, facility_name, facility_type, facility_status, committed_facility_amt, currency_code, origination_date, maturity_date, portfolio_id, industry_code, lob_segment_id, product_node_id, rate_index_id, ledger_account_id, product_id, region_code, interest_rate_type, interest_rate_reference, interest_rate_spread_bps, all_in_rate_pct, day_count_convention, amortization_type, revolving_flag, active_flag, facility_reference, payment_frequency, effective_start_date, effective_end_date, is_current_flag) VALUES (8260, 2279, 2819, 'Nippon — JPY Revolver 2027-A', 'REVOLVING_CREDIT', 'ACTIVE', 1492922824, 'JPY', '2023-09-18', '2027-09-18', 5, 'UTL', 44, 5, 4, 2, 5, 'APAC', 'FLOATING', 'TIBOR', 176, 4.89, 'ACT/360', 'BULLET', 'Y', 'Y', 'FAC-2023-08260-A', 'QUARTERLY', '2024-01-01', NULL, 'Y');
INSERT INTO l1.facility_master (facility_id, credit_agreement_id, counterparty_id, facility_name, facility_type, facility_status, committed_facility_amt, currency_code, origination_date, maturity_date, portfolio_id, industry_code, lob_segment_id, product_node_id, rate_index_id, ledger_account_id, product_id, region_code, interest_rate_type, interest_rate_reference, interest_rate_spread_bps, all_in_rate_pct, day_count_convention, amortization_type, revolving_flag, active_flag, facility_reference, payment_frequency, effective_start_date, effective_end_date, is_current_flag) VALUES (8261, 2279, 2819, 'Nippon — JPY Term Loan 2027-B', 'TERM_LOAN', 'ACTIVE', 2239384237, 'JPY', '2023-09-18', '2027-09-18', 5, 'UTL', 45, 1, 3, 2, 5, 'APAC', 'FLOATING', 'TIBOR', 176, 4.92, 'ACT/365', 'BULLET', 'N', 'Y', 'FAC-2023-08261-B', 'QUARTERLY', '2024-01-01', NULL, 'Y');
INSERT INTO l1.facility_master (facility_id, credit_agreement_id, counterparty_id, facility_name, facility_type, facility_status, committed_facility_amt, currency_code, origination_date, maturity_date, portfolio_id, industry_code, lob_segment_id, product_node_id, rate_index_id, ledger_account_id, product_id, region_code, interest_rate_type, interest_rate_reference, interest_rate_spread_bps, all_in_rate_pct, day_count_convention, amortization_type, revolving_flag, active_flag, facility_reference, payment_frequency, effective_start_date, effective_end_date, is_current_flag) VALUES (8262, 2280, 2820, 'Tokyo — JPY Revolver 2029-A', 'REVOLVING_CREDIT', 'ACTIVE', 173246537, 'JPY', '2024-04-02', '2029-04-02', 3, 'IND', 46, 8, 4, 2, 4, 'APAC', 'FLOATING', 'TIBOR', 282, 5.47, 'ACT/360', 'BULLET', 'Y', 'Y', 'FAC-2024-08262-A', 'MONTHLY', '2024-01-01', NULL, 'Y');
INSERT INTO l1.facility_master (facility_id, credit_agreement_id, counterparty_id, facility_name, facility_type, facility_status, committed_facility_amt, currency_code, origination_date, maturity_date, portfolio_id, industry_code, lob_segment_id, product_node_id, rate_index_id, ledger_account_id, product_id, region_code, interest_rate_type, interest_rate_reference, interest_rate_spread_bps, all_in_rate_pct, day_count_convention, amortization_type, revolving_flag, active_flag, facility_reference, payment_frequency, effective_start_date, effective_end_date, is_current_flag) VALUES (8263, 2280, 2820, 'Tokyo — JPY Term Loan 2029-B', 'TERM_LOAN', 'ACTIVE', 259869806, 'JPY', '2024-04-02', '2029-04-02', 6, 'IND', 47, 3, 1, 1, 4, 'APAC', 'FIXED', 'TIBOR', 282, 5.46, 'ACT/365', 'AMORTIZING', 'N', 'Y', 'FAC-2024-08263-B', 'QUARTERLY', '2024-01-01', NULL, 'Y');
INSERT INTO l1.facility_master (facility_id, credit_agreement_id, counterparty_id, facility_name, facility_type, facility_status, committed_facility_amt, currency_code, origination_date, maturity_date, portfolio_id, industry_code, lob_segment_id, product_node_id, rate_index_id, ledger_account_id, product_id, region_code, interest_rate_type, interest_rate_reference, interest_rate_spread_bps, all_in_rate_pct, day_count_convention, amortization_type, revolving_flag, active_flag, facility_reference, payment_frequency, effective_start_date, effective_end_date, is_current_flag) VALUES (8264, 2281, 2821, 'Kansai — JPY Revolver 2027-A', 'REVOLVING_CREDIT', 'ACTIVE', 148898345, 'JPY', '2023-11-17', '2027-11-17', 6, 'FIN', 48, 4, 2, 7, 1, 'APAC', 'FLOATING', 'TIBOR', 174, 5.39, 'ACT/360', 'BULLET', 'Y', 'Y', 'FAC-2023-08264-A', 'QUARTERLY', '2024-01-01', NULL, 'Y');
INSERT INTO l1.facility_master (facility_id, credit_agreement_id, counterparty_id, facility_name, facility_type, facility_status, committed_facility_amt, currency_code, origination_date, maturity_date, portfolio_id, industry_code, lob_segment_id, product_node_id, rate_index_id, ledger_account_id, product_id, region_code, interest_rate_type, interest_rate_reference, interest_rate_spread_bps, all_in_rate_pct, day_count_convention, amortization_type, revolving_flag, active_flag, facility_reference, payment_frequency, effective_start_date, effective_end_date, is_current_flag) VALUES (8265, 2281, 2821, 'Kansai — JPY Term Loan 2027-B', 'TERM_LOAN', 'ACTIVE', 223347518, 'JPY', '2023-11-17', '2027-11-17', 6, 'FIN', 49, 3, 4, 5, 2, 'APAC', 'FLOATING', 'TIBOR', 174, 5.17, 'ACT/360', 'AMORTIZING', 'N', 'Y', 'FAC-2023-08265-B', 'MONTHLY', '2024-01-01', NULL, 'Y');

-- ────────────────────────────────────────
-- l1.counterparty_hierarchy (3 rows)
-- ────────────────────────────────────────
INSERT INTO l1.counterparty_hierarchy (counterparty_id, as_of_date, immediate_parent_id, ultimate_parent_id, ownership_pct) VALUES (2819, '2025-01-31', 2819, 2819, 100);
INSERT INTO l1.counterparty_hierarchy (counterparty_id, as_of_date, immediate_parent_id, ultimate_parent_id, ownership_pct) VALUES (2820, '2025-01-31', 2819, 2819, 58);
INSERT INTO l1.counterparty_hierarchy (counterparty_id, as_of_date, immediate_parent_id, ultimate_parent_id, ownership_pct) VALUES (2821, '2025-01-31', 2819, 2819, 54);

-- ────────────────────────────────────────
-- l1.facility_lender_allocation (6 rows)
-- ────────────────────────────────────────
INSERT INTO l1.facility_lender_allocation (lender_allocation_id, facility_id, legal_entity_id, allocation_role, bank_share_pct, is_current_flag, effective_start_date, effective_end_date) VALUES (100117, 8260, 2, 'LEAD_ARRANGER', 1, 'Y', '2023-09-18', NULL);
INSERT INTO l1.facility_lender_allocation (lender_allocation_id, facility_id, legal_entity_id, allocation_role, bank_share_pct, is_current_flag, effective_start_date, effective_end_date) VALUES (100118, 8261, 2, 'LEAD_ARRANGER', 1, 'Y', '2023-09-18', NULL);
INSERT INTO l1.facility_lender_allocation (lender_allocation_id, facility_id, legal_entity_id, allocation_role, bank_share_pct, is_current_flag, effective_start_date, effective_end_date) VALUES (100119, 8262, 2, 'LEAD_ARRANGER', 1, 'Y', '2024-04-02', NULL);
INSERT INTO l1.facility_lender_allocation (lender_allocation_id, facility_id, legal_entity_id, allocation_role, bank_share_pct, is_current_flag, effective_start_date, effective_end_date) VALUES (100120, 8263, 1, 'LEAD_ARRANGER', 1, 'Y', '2024-04-02', NULL);
INSERT INTO l1.facility_lender_allocation (lender_allocation_id, facility_id, legal_entity_id, allocation_role, bank_share_pct, is_current_flag, effective_start_date, effective_end_date) VALUES (100121, 8264, 1, 'LEAD_ARRANGER', 1, 'Y', '2023-11-17', NULL);
INSERT INTO l1.facility_lender_allocation (lender_allocation_id, facility_id, legal_entity_id, allocation_role, bank_share_pct, is_current_flag, effective_start_date, effective_end_date) VALUES (100122, 8265, 5, 'LEAD_ARRANGER', 1, 'Y', '2023-11-17', NULL);

-- ────────────────────────────────────────
-- l2.facility_exposure_snapshot (18 rows)
-- ────────────────────────────────────────
INSERT INTO l2.facility_exposure_snapshot (facility_exposure_id, facility_id, counterparty_id, as_of_date, exposure_type_id, drawn_amount, committed_amount, undrawn_amount, currency_code, limit_status_code) VALUES (200349, 8260, 2819, '2024-11-30', 1, 731532184, 1492922824, 761390640, 'JPY', 'WITHIN_LIMIT');
INSERT INTO l2.facility_exposure_snapshot (facility_exposure_id, facility_id, counterparty_id, as_of_date, exposure_type_id, drawn_amount, committed_amount, undrawn_amount, currency_code, limit_status_code) VALUES (200350, 8260, 2819, '2024-12-31', 1, 701673727, 1492922824, 791249097, 'JPY', 'WITHIN_LIMIT');
INSERT INTO l2.facility_exposure_snapshot (facility_exposure_id, facility_id, counterparty_id, as_of_date, exposure_type_id, drawn_amount, committed_amount, undrawn_amount, currency_code, limit_status_code) VALUES (200351, 8260, 2819, '2025-01-31', 1, 716602956, 1492922824, 776319868, 'JPY', 'WITHIN_LIMIT');
INSERT INTO l2.facility_exposure_snapshot (facility_exposure_id, facility_id, counterparty_id, as_of_date, exposure_type_id, drawn_amount, committed_amount, undrawn_amount, currency_code, limit_status_code) VALUES (200352, 8261, 2819, '2024-11-30', 1, 1097298276, 2239384237, 1142085961, 'JPY', 'WITHIN_LIMIT');
INSERT INTO l2.facility_exposure_snapshot (facility_exposure_id, facility_id, counterparty_id, as_of_date, exposure_type_id, drawn_amount, committed_amount, undrawn_amount, currency_code, limit_status_code) VALUES (200353, 8261, 2819, '2024-12-31', 1, 1052510591, 2239384237, 1186873646, 'JPY', 'WITHIN_LIMIT');
INSERT INTO l2.facility_exposure_snapshot (facility_exposure_id, facility_id, counterparty_id, as_of_date, exposure_type_id, drawn_amount, committed_amount, undrawn_amount, currency_code, limit_status_code) VALUES (200354, 8261, 2819, '2025-01-31', 1, 1074904434, 2239384237, 1164479803, 'JPY', 'WITHIN_LIMIT');
INSERT INTO l2.facility_exposure_snapshot (facility_exposure_id, facility_id, counterparty_id, as_of_date, exposure_type_id, drawn_amount, committed_amount, undrawn_amount, currency_code, limit_status_code) VALUES (200355, 8262, 2820, '2024-11-30', 1, 100482991, 173246537, 72763546, 'JPY', 'WITHIN_LIMIT');
INSERT INTO l2.facility_exposure_snapshot (facility_exposure_id, facility_id, counterparty_id, as_of_date, exposure_type_id, drawn_amount, committed_amount, undrawn_amount, currency_code, limit_status_code) VALUES (200356, 8262, 2820, '2024-12-31', 1, 105680388, 173246537, 67566149, 'JPY', 'WITHIN_LIMIT');
INSERT INTO l2.facility_exposure_snapshot (facility_exposure_id, facility_id, counterparty_id, as_of_date, exposure_type_id, drawn_amount, committed_amount, undrawn_amount, currency_code, limit_status_code) VALUES (200357, 8262, 2820, '2025-01-31', 1, 103947922, 173246537, 69298615, 'JPY', 'WITHIN_LIMIT');
INSERT INTO l2.facility_exposure_snapshot (facility_exposure_id, facility_id, counterparty_id, as_of_date, exposure_type_id, drawn_amount, committed_amount, undrawn_amount, currency_code, limit_status_code) VALUES (200358, 8263, 2820, '2024-11-30', 1, 150724487, 259869806, 109145319, 'JPY', 'WITHIN_LIMIT');
INSERT INTO l2.facility_exposure_snapshot (facility_exposure_id, facility_id, counterparty_id, as_of_date, exposure_type_id, drawn_amount, committed_amount, undrawn_amount, currency_code, limit_status_code) VALUES (200359, 8263, 2820, '2024-12-31', 1, 158520582, 259869806, 101349224, 'JPY', 'WITHIN_LIMIT');
INSERT INTO l2.facility_exposure_snapshot (facility_exposure_id, facility_id, counterparty_id, as_of_date, exposure_type_id, drawn_amount, committed_amount, undrawn_amount, currency_code, limit_status_code) VALUES (200360, 8263, 2820, '2025-01-31', 1, 155921884, 259869806, 103947922, 'JPY', 'WITHIN_LIMIT');
INSERT INTO l2.facility_exposure_snapshot (facility_exposure_id, facility_id, counterparty_id, as_of_date, exposure_type_id, drawn_amount, committed_amount, undrawn_amount, currency_code, limit_status_code) VALUES (200361, 8264, 2821, '2024-11-30', 1, 72960189, 148898345, 75938156, 'JPY', 'WITHIN_LIMIT');
INSERT INTO l2.facility_exposure_snapshot (facility_exposure_id, facility_id, counterparty_id, as_of_date, exposure_type_id, drawn_amount, committed_amount, undrawn_amount, currency_code, limit_status_code) VALUES (200362, 8264, 2821, '2024-12-31', 1, 69982222, 148898345, 78916123, 'JPY', 'WITHIN_LIMIT');
INSERT INTO l2.facility_exposure_snapshot (facility_exposure_id, facility_id, counterparty_id, as_of_date, exposure_type_id, drawn_amount, committed_amount, undrawn_amount, currency_code, limit_status_code) VALUES (200363, 8264, 2821, '2025-01-31', 1, 71471206, 148898345, 77427139, 'JPY', 'WITHIN_LIMIT');
INSERT INTO l2.facility_exposure_snapshot (facility_exposure_id, facility_id, counterparty_id, as_of_date, exposure_type_id, drawn_amount, committed_amount, undrawn_amount, currency_code, limit_status_code) VALUES (200364, 8265, 2821, '2024-11-30', 1, 109440284, 223347518, 113907234, 'JPY', 'WITHIN_LIMIT');
INSERT INTO l2.facility_exposure_snapshot (facility_exposure_id, facility_id, counterparty_id, as_of_date, exposure_type_id, drawn_amount, committed_amount, undrawn_amount, currency_code, limit_status_code) VALUES (200365, 8265, 2821, '2024-12-31', 1, 104973333, 223347518, 118374185, 'JPY', 'WITHIN_LIMIT');
INSERT INTO l2.facility_exposure_snapshot (facility_exposure_id, facility_id, counterparty_id, as_of_date, exposure_type_id, drawn_amount, committed_amount, undrawn_amount, currency_code, limit_status_code) VALUES (200366, 8265, 2821, '2025-01-31', 1, 107206809, 223347518, 116140709, 'JPY', 'WITHIN_LIMIT');

-- ────────────────────────────────────────
-- l2.exposure_counterparty_attribution (18 rows)
-- ────────────────────────────────────────
INSERT INTO l2.exposure_counterparty_attribution (attribution_id, counterparty_id, facility_id, as_of_date, exposure_type_id, counterparty_role_code, attributed_exposure_usd, attribution_pct) VALUES (400001, 2819, 8260, '2025-01-31', 1, 'BORROWER', 597169130, 40);
INSERT INTO l2.exposure_counterparty_attribution (attribution_id, counterparty_id, facility_id, as_of_date, exposure_type_id, counterparty_role_code, attributed_exposure_usd, attribution_pct) VALUES (400002, 2819, 8261, '2025-01-31', 1, 'BORROWER', 895753695, 40);
INSERT INTO l2.exposure_counterparty_attribution (attribution_id, counterparty_id, facility_id, as_of_date, exposure_type_id, counterparty_role_code, attributed_exposure_usd, attribution_pct) VALUES (400003, 2819, 8262, '2025-01-31', 1, 'BORROWER', 69298615, 40);
INSERT INTO l2.exposure_counterparty_attribution (attribution_id, counterparty_id, facility_id, as_of_date, exposure_type_id, counterparty_role_code, attributed_exposure_usd, attribution_pct) VALUES (400004, 2819, 8263, '2025-01-31', 1, 'BORROWER', 103947922, 40);
INSERT INTO l2.exposure_counterparty_attribution (attribution_id, counterparty_id, facility_id, as_of_date, exposure_type_id, counterparty_role_code, attributed_exposure_usd, attribution_pct) VALUES (400005, 2819, 8264, '2025-01-31', 1, 'BORROWER', 59559338, 40);
INSERT INTO l2.exposure_counterparty_attribution (attribution_id, counterparty_id, facility_id, as_of_date, exposure_type_id, counterparty_role_code, attributed_exposure_usd, attribution_pct) VALUES (400006, 2819, 8265, '2025-01-31', 1, 'BORROWER', 89339007, 40);
INSERT INTO l2.exposure_counterparty_attribution (attribution_id, counterparty_id, facility_id, as_of_date, exposure_type_id, counterparty_role_code, attributed_exposure_usd, attribution_pct) VALUES (400007, 2820, 8260, '2025-01-31', 1, 'GUARANTOR', 447876847, 30);
INSERT INTO l2.exposure_counterparty_attribution (attribution_id, counterparty_id, facility_id, as_of_date, exposure_type_id, counterparty_role_code, attributed_exposure_usd, attribution_pct) VALUES (400008, 2820, 8261, '2025-01-31', 1, 'GUARANTOR', 671815271, 30);
INSERT INTO l2.exposure_counterparty_attribution (attribution_id, counterparty_id, facility_id, as_of_date, exposure_type_id, counterparty_role_code, attributed_exposure_usd, attribution_pct) VALUES (400009, 2820, 8262, '2025-01-31', 1, 'GUARANTOR', 51973961, 30);
INSERT INTO l2.exposure_counterparty_attribution (attribution_id, counterparty_id, facility_id, as_of_date, exposure_type_id, counterparty_role_code, attributed_exposure_usd, attribution_pct) VALUES (400010, 2820, 8263, '2025-01-31', 1, 'GUARANTOR', 77960942, 30);
INSERT INTO l2.exposure_counterparty_attribution (attribution_id, counterparty_id, facility_id, as_of_date, exposure_type_id, counterparty_role_code, attributed_exposure_usd, attribution_pct) VALUES (400011, 2820, 8264, '2025-01-31', 1, 'GUARANTOR', 44669504, 30);
INSERT INTO l2.exposure_counterparty_attribution (attribution_id, counterparty_id, facility_id, as_of_date, exposure_type_id, counterparty_role_code, attributed_exposure_usd, attribution_pct) VALUES (400012, 2820, 8265, '2025-01-31', 1, 'GUARANTOR', 67004255, 30);
INSERT INTO l2.exposure_counterparty_attribution (attribution_id, counterparty_id, facility_id, as_of_date, exposure_type_id, counterparty_role_code, attributed_exposure_usd, attribution_pct) VALUES (400013, 2821, 8260, '2025-01-31', 1, 'PARTICIPANT', 447876847, 30);
INSERT INTO l2.exposure_counterparty_attribution (attribution_id, counterparty_id, facility_id, as_of_date, exposure_type_id, counterparty_role_code, attributed_exposure_usd, attribution_pct) VALUES (400014, 2821, 8261, '2025-01-31', 1, 'PARTICIPANT', 671815271, 30);
INSERT INTO l2.exposure_counterparty_attribution (attribution_id, counterparty_id, facility_id, as_of_date, exposure_type_id, counterparty_role_code, attributed_exposure_usd, attribution_pct) VALUES (400015, 2821, 8262, '2025-01-31', 1, 'PARTICIPANT', 51973961, 30);
INSERT INTO l2.exposure_counterparty_attribution (attribution_id, counterparty_id, facility_id, as_of_date, exposure_type_id, counterparty_role_code, attributed_exposure_usd, attribution_pct) VALUES (400016, 2821, 8263, '2025-01-31', 1, 'PARTICIPANT', 77960942, 30);
INSERT INTO l2.exposure_counterparty_attribution (attribution_id, counterparty_id, facility_id, as_of_date, exposure_type_id, counterparty_role_code, attributed_exposure_usd, attribution_pct) VALUES (400017, 2821, 8264, '2025-01-31', 1, 'PARTICIPANT', 44669504, 30);
INSERT INTO l2.exposure_counterparty_attribution (attribution_id, counterparty_id, facility_id, as_of_date, exposure_type_id, counterparty_role_code, attributed_exposure_usd, attribution_pct) VALUES (400018, 2821, 8265, '2025-01-31', 1, 'PARTICIPANT', 67004255, 30);

-- ────────────────────────────────────────
-- l2.credit_event (1 rows)
-- ────────────────────────────────────────
INSERT INTO l2.credit_event (credit_event_id, counterparty_id, credit_event_type_code, event_date, event_summary, event_status) VALUES (5396, 2819, 5, '2024-12-20', '6-month maturity extension granted — construction delay clause invoked', 'CONFIRMED');

-- ────────────────────────────────────────
-- l2.credit_event_facility_link (2 rows)
-- ────────────────────────────────────────
INSERT INTO l2.credit_event_facility_link (link_id, credit_event_id, facility_id) VALUES (300027, 5396, 8260);
INSERT INTO l2.credit_event_facility_link (link_id, credit_event_id, facility_id) VALUES (300028, 5396, 8261);

-- ────────────────────────────────────────
-- l2.risk_flag (6 rows)
-- ────────────────────────────────────────
INSERT INTO l2.risk_flag (risk_flag_id, facility_id, counterparty_id, flag_type, flag_code, flag_severity, as_of_date, flag_description) VALUES (8005, 8260, 2819, 'CONCENTRATION', 'SYNDICATED_CONCENTRATION', 'MEDIUM', '2025-01-31', '15% hold position in $4B syndicated facility');
INSERT INTO l2.risk_flag (risk_flag_id, facility_id, counterparty_id, flag_type, flag_code, flag_severity, as_of_date, flag_description) VALUES (8006, 8262, 2820, 'CONCENTRATION', 'SYNDICATED_CONCENTRATION', 'MEDIUM', '2025-01-31', '15% hold position in $4B syndicated facility');
INSERT INTO l2.risk_flag (risk_flag_id, facility_id, counterparty_id, flag_type, flag_code, flag_severity, as_of_date, flag_description) VALUES (8007, 8264, 2821, 'CONCENTRATION', 'SYNDICATED_CONCENTRATION', 'MEDIUM', '2025-01-31', '15% hold position in $4B syndicated facility');
INSERT INTO l2.risk_flag (risk_flag_id, facility_id, counterparty_id, flag_type, flag_code, flag_severity, as_of_date, flag_description) VALUES (8008, 8260, 2819, 'CONCENTRATION', 'PROJECT_DELAY', 'MEDIUM', '2025-01-31', 'Construction timeline extended 6 months — cost overrun risk');
INSERT INTO l2.risk_flag (risk_flag_id, facility_id, counterparty_id, flag_type, flag_code, flag_severity, as_of_date, flag_description) VALUES (8009, 8262, 2820, 'CONCENTRATION', 'PROJECT_DELAY', 'MEDIUM', '2025-01-31', 'Construction timeline extended 6 months — cost overrun risk');
INSERT INTO l2.risk_flag (risk_flag_id, facility_id, counterparty_id, flag_type, flag_code, flag_severity, as_of_date, flag_description) VALUES (8010, 8264, 2821, 'CONCENTRATION', 'PROJECT_DELAY', 'MEDIUM', '2025-01-31', 'Construction timeline extended 6 months — cost overrun risk');


-- ═════════════════════════════════════════════════════════════════
-- Scenario S32: India Fintech Rapid Growth
-- 4 Indian fintech new relationships ramp to $350M in 90 days with poor data quality scores
-- Generated: 2026-03-10T04:28:27.428Z
-- ═════════════════════════════════════════════════════════════════

SET search_path TO l1, l2, public;

-- ────────────────────────────────────────
-- l1.counterparty (4 rows)
-- ────────────────────────────────────────
INSERT INTO l1.counterparty (counterparty_id, legal_name, counterparty_type, country_code, entity_type_code, industry_id, basel_asset_class, basel_risk_grade, call_report_counterparty_type, external_rating_fitch, external_rating_moodys, external_rating_sp, fr2590_counterparty_type, internal_risk_rating, is_affiliated, is_central_counterparty, is_financial_institution, is_insider, is_multilateral_dev_bank, is_parent_flag, is_public_sector_entity, is_regulated_entity, is_sovereign, lei_code, lgd_unsecured, pd_annual, regulatory_counterparty_type, y14_obligor_type, effective_start_date, effective_end_date, is_current_flag) VALUES (2822, 'Mumbai Digital Payments Ltd.', 'CORPORATE', 'IN', 'CORP', 1, 'CORPORATE', '5', 'C&I_FOREIGN', 'BB+', 'Baa3', 'BBB-', 'NON_FINANCIAL', '6', 'N', 'N', 'N', 'N', 'N', 'Y', 'N', 'N', 'N', '529900Y5VZ32R34BSGQG', 0.48, 0.008, 'CORPORATE', 'LARGE_CORPORATE', '2020-01-01', NULL, 'Y');
INSERT INTO l1.counterparty (counterparty_id, legal_name, counterparty_type, country_code, entity_type_code, industry_id, basel_asset_class, basel_risk_grade, call_report_counterparty_type, external_rating_fitch, external_rating_moodys, external_rating_sp, fr2590_counterparty_type, internal_risk_rating, is_affiliated, is_central_counterparty, is_financial_institution, is_insider, is_multilateral_dev_bank, is_parent_flag, is_public_sector_entity, is_regulated_entity, is_sovereign, lei_code, lgd_unsecured, pd_annual, regulatory_counterparty_type, y14_obligor_type, effective_start_date, effective_end_date, is_current_flag) VALUES (2823, 'Bangalore Lending Platform Pvt. Ltd.', 'CORPORATE', 'IN', 'CORP', 1, 'CORPORATE', '7', 'C&I_FOREIGN', 'BB', 'Ba2', 'BB', 'NON_FINANCIAL', '7', 'N', 'N', 'N', 'N', 'N', 'N', 'N', 'N', 'N', '5299004220HGMC4BHG5K', 0.55, 0.0168, 'CORPORATE', 'MIDDLE_MARKET', '2020-01-01', NULL, 'Y');
INSERT INTO l1.counterparty (counterparty_id, legal_name, counterparty_type, country_code, entity_type_code, industry_id, basel_asset_class, basel_risk_grade, call_report_counterparty_type, external_rating_fitch, external_rating_moodys, external_rating_sp, fr2590_counterparty_type, internal_risk_rating, is_affiliated, is_central_counterparty, is_financial_institution, is_insider, is_multilateral_dev_bank, is_parent_flag, is_public_sector_entity, is_regulated_entity, is_sovereign, lei_code, lgd_unsecured, pd_annual, regulatory_counterparty_type, y14_obligor_type, effective_start_date, effective_end_date, is_current_flag) VALUES (2824, 'Delhi InsurTech Solutions Ltd.', 'CORPORATE', 'IN', 'CORP', 1, 'CORPORATE', '6', 'C&I_FOREIGN', 'BB+', 'Ba1', 'BBB-', 'NON_FINANCIAL', '5', 'N', 'N', 'N', 'N', 'N', 'N', 'N', 'N', 'N', '5299003EFQ2OCUE0TJ2G', 0.48, 0.0074, 'CORPORATE', 'MIDDLE_MARKET', '2020-01-01', NULL, 'Y');
INSERT INTO l1.counterparty (counterparty_id, legal_name, counterparty_type, country_code, entity_type_code, industry_id, basel_asset_class, basel_risk_grade, call_report_counterparty_type, external_rating_fitch, external_rating_moodys, external_rating_sp, fr2590_counterparty_type, internal_risk_rating, is_affiliated, is_central_counterparty, is_financial_institution, is_insider, is_multilateral_dev_bank, is_parent_flag, is_public_sector_entity, is_regulated_entity, is_sovereign, lei_code, lgd_unsecured, pd_annual, regulatory_counterparty_type, y14_obligor_type, effective_start_date, effective_end_date, is_current_flag) VALUES (2825, 'Chennai Microfinance Holdings Ltd.', 'CORPORATE', 'IN', 'CORP', 1, 'CORPORATE', '7', 'C&I_FOREIGN', 'BB', 'Ba2', 'BB', 'NON_FINANCIAL', '6', 'N', 'N', 'N', 'N', 'N', 'Y', 'N', 'N', 'N', '529900HPJ7EUGU5GFGP8', 0.55, 0.0185, 'CORPORATE', 'MIDDLE_MARKET', '2020-01-01', NULL, 'Y');

-- ────────────────────────────────────────
-- l1.credit_agreement_master (4 rows)
-- ────────────────────────────────────────
INSERT INTO l1.credit_agreement_master (credit_agreement_id, borrower_counterparty_id, lender_legal_entity_id, agreement_type, status_code, agreement_reference, currency_code, origination_date, maturity_date, effective_start_date, effective_end_date, is_current_flag) VALUES (2282, 2822, 2, 'SYNDICATED', 'ACTIVE', 'CA-2022-02282-INR', 'INR', '2022-09-28', '2026-09-28', '2024-01-01', NULL, 'Y');
INSERT INTO l1.credit_agreement_master (credit_agreement_id, borrower_counterparty_id, lender_legal_entity_id, agreement_type, status_code, agreement_reference, currency_code, origination_date, maturity_date, effective_start_date, effective_end_date, is_current_flag) VALUES (2283, 2823, 10, 'SYNDICATED', 'ACTIVE', 'CA-2020-02283-INR', 'INR', '2020-09-23', '2024-09-23', '2024-01-01', NULL, 'Y');
INSERT INTO l1.credit_agreement_master (credit_agreement_id, borrower_counterparty_id, lender_legal_entity_id, agreement_type, status_code, agreement_reference, currency_code, origination_date, maturity_date, effective_start_date, effective_end_date, is_current_flag) VALUES (2284, 2824, 9, 'BILATERAL', 'ACTIVE', 'CA-2024-02284-INR', 'INR', '2024-02-06', '2028-02-06', '2024-01-01', NULL, 'Y');
INSERT INTO l1.credit_agreement_master (credit_agreement_id, borrower_counterparty_id, lender_legal_entity_id, agreement_type, status_code, agreement_reference, currency_code, origination_date, maturity_date, effective_start_date, effective_end_date, is_current_flag) VALUES (2285, 2825, 12, 'BILATERAL', 'ACTIVE', 'CA-2023-02285-INR', 'INR', '2023-10-17', '2027-10-17', '2024-01-01', NULL, 'Y');

-- ────────────────────────────────────────
-- l1.facility_master (8 rows)
-- ────────────────────────────────────────
INSERT INTO l1.facility_master (facility_id, credit_agreement_id, counterparty_id, facility_name, facility_type, facility_status, committed_facility_amt, currency_code, origination_date, maturity_date, portfolio_id, industry_code, lob_segment_id, product_node_id, rate_index_id, ledger_account_id, product_id, region_code, interest_rate_type, interest_rate_reference, interest_rate_spread_bps, all_in_rate_pct, day_count_convention, amortization_type, revolving_flag, active_flag, facility_reference, payment_frequency, effective_start_date, effective_end_date, is_current_flag) VALUES (8266, 2282, 2822, 'Mumbai — INR Revolver 2028-A', 'REVOLVING_CREDIT', 'ACTIVE', 187843889, 'INR', '2022-08-18', '2028-08-18', 9, 'FIN', 50, 4, 4, 3, 5, 'APAC', 'FLOATING', 'SOFR', 474, 8.08, 'ACT/360', 'BULLET', 'Y', 'Y', 'FAC-2022-08266-A', 'QUARTERLY', '2024-01-01', NULL, 'Y');
INSERT INTO l1.facility_master (facility_id, credit_agreement_id, counterparty_id, facility_name, facility_type, facility_status, committed_facility_amt, currency_code, origination_date, maturity_date, portfolio_id, industry_code, lob_segment_id, product_node_id, rate_index_id, ledger_account_id, product_id, region_code, interest_rate_type, interest_rate_reference, interest_rate_spread_bps, all_in_rate_pct, day_count_convention, amortization_type, revolving_flag, active_flag, facility_reference, payment_frequency, effective_start_date, effective_end_date, is_current_flag) VALUES (8267, 2282, 2822, 'Mumbai — INR Term Loan 2028-B', 'TERM_LOAN', 'ACTIVE', 281765833, 'INR', '2022-08-18', '2028-08-18', 10, 'FIN', 51, 10, 4, 4, 2, 'APAC', 'FLOATING', 'SOFR', 474, 7.78, 'ACT/360', 'BULLET', 'N', 'Y', 'FAC-2022-08267-B', 'QUARTERLY', '2024-01-01', NULL, 'Y');
INSERT INTO l1.facility_master (facility_id, credit_agreement_id, counterparty_id, facility_name, facility_type, facility_status, committed_facility_amt, currency_code, origination_date, maturity_date, portfolio_id, industry_code, lob_segment_id, product_node_id, rate_index_id, ledger_account_id, product_id, region_code, interest_rate_type, interest_rate_reference, interest_rate_spread_bps, all_in_rate_pct, day_count_convention, amortization_type, revolving_flag, active_flag, facility_reference, payment_frequency, effective_start_date, effective_end_date, is_current_flag) VALUES (8268, 2283, 2823, 'Bangalore — INR Revolver 2027-A', 'REVOLVING_CREDIT', 'ACTIVE', 28955167, 'INR', '2022-10-21', '2027-10-21', 10, 'FIN', 52, 6, 3, 1, 3, 'APAC', 'FLOATING', 'SOFR', 1003, 12.64, 'ACT/360', 'BULLET', 'Y', 'Y', 'FAC-2022-08268-A', 'QUARTERLY', '2024-01-01', NULL, 'Y');
INSERT INTO l1.facility_master (facility_id, credit_agreement_id, counterparty_id, facility_name, facility_type, facility_status, committed_facility_amt, currency_code, origination_date, maturity_date, portfolio_id, industry_code, lob_segment_id, product_node_id, rate_index_id, ledger_account_id, product_id, region_code, interest_rate_type, interest_rate_reference, interest_rate_spread_bps, all_in_rate_pct, day_count_convention, amortization_type, revolving_flag, active_flag, facility_reference, payment_frequency, effective_start_date, effective_end_date, is_current_flag) VALUES (8269, 2283, 2823, 'Bangalore — INR Term Loan 2027-B', 'TERM_LOAN', 'ACTIVE', 43432750, 'INR', '2022-10-21', '2027-10-21', 9, 'FIN', 53, 10, 4, 6, 5, 'APAC', 'FIXED', 'SOFR', 1003, 12.63, 'ACT/365', 'AMORTIZING', 'N', 'Y', 'FAC-2022-08269-B', 'MONTHLY', '2024-01-01', NULL, 'Y');
INSERT INTO l1.facility_master (facility_id, credit_agreement_id, counterparty_id, facility_name, facility_type, facility_status, committed_facility_amt, currency_code, origination_date, maturity_date, portfolio_id, industry_code, lob_segment_id, product_node_id, rate_index_id, ledger_account_id, product_id, region_code, interest_rate_type, interest_rate_reference, interest_rate_spread_bps, all_in_rate_pct, day_count_convention, amortization_type, revolving_flag, active_flag, facility_reference, payment_frequency, effective_start_date, effective_end_date, is_current_flag) VALUES (8270, 2284, 2824, 'Delhi — INR Revolver 2030-A', 'REVOLVING_CREDIT', 'ACTIVE', 20951631, 'INR', '2024-11-09', '2030-11-09', 2, 'FIN', 54, 1, 4, 1, 5, 'APAC', 'FLOATING', 'SOFR', 447, 7.74, 'ACT/365', 'BULLET', 'Y', 'Y', 'FAC-2024-08270-A', 'MONTHLY', '2024-01-01', NULL, 'Y');
INSERT INTO l1.facility_master (facility_id, credit_agreement_id, counterparty_id, facility_name, facility_type, facility_status, committed_facility_amt, currency_code, origination_date, maturity_date, portfolio_id, industry_code, lob_segment_id, product_node_id, rate_index_id, ledger_account_id, product_id, region_code, interest_rate_type, interest_rate_reference, interest_rate_spread_bps, all_in_rate_pct, day_count_convention, amortization_type, revolving_flag, active_flag, facility_reference, payment_frequency, effective_start_date, effective_end_date, is_current_flag) VALUES (8271, 2284, 2824, 'Delhi — INR Term Loan 2030-B', 'TERM_LOAN', 'ACTIVE', 31427447, 'INR', '2024-11-09', '2030-11-09', 2, 'FIN', 55, 4, 2, 4, 2, 'APAC', 'FIXED', 'SOFR', 447, 7.63, 'ACT/360', 'AMORTIZING', 'N', 'Y', 'FAC-2024-08271-B', 'QUARTERLY', '2024-01-01', NULL, 'Y');
INSERT INTO l1.facility_master (facility_id, credit_agreement_id, counterparty_id, facility_name, facility_type, facility_status, committed_facility_amt, currency_code, origination_date, maturity_date, portfolio_id, industry_code, lob_segment_id, product_node_id, rate_index_id, ledger_account_id, product_id, region_code, interest_rate_type, interest_rate_reference, interest_rate_spread_bps, all_in_rate_pct, day_count_convention, amortization_type, revolving_flag, active_flag, facility_reference, payment_frequency, effective_start_date, effective_end_date, is_current_flag) VALUES (8272, 2285, 2825, 'Chennai — INR Revolver 2027-A', 'REVOLVING_CREDIT', 'ACTIVE', 11652675, 'INR', '2021-03-16', '2027-03-16', 10, 'FIN', 56, 10, 1, 3, 3, 'APAC', 'FLOATING', 'SOFR', 1027, 13.37, 'ACT/365', 'BULLET', 'Y', 'Y', 'FAC-2021-08272-A', 'QUARTERLY', '2024-01-01', NULL, 'Y');
INSERT INTO l1.facility_master (facility_id, credit_agreement_id, counterparty_id, facility_name, facility_type, facility_status, committed_facility_amt, currency_code, origination_date, maturity_date, portfolio_id, industry_code, lob_segment_id, product_node_id, rate_index_id, ledger_account_id, product_id, region_code, interest_rate_type, interest_rate_reference, interest_rate_spread_bps, all_in_rate_pct, day_count_convention, amortization_type, revolving_flag, active_flag, facility_reference, payment_frequency, effective_start_date, effective_end_date, is_current_flag) VALUES (8273, 2285, 2825, 'Chennai — INR Term Loan 2027-B', 'TERM_LOAN', 'ACTIVE', 17479012, 'INR', '2021-03-16', '2027-03-16', 10, 'FIN', 57, 6, 2, 4, 2, 'APAC', 'FLOATING', 'SOFR', 1027, 12.95, 'ACT/365', 'AMORTIZING', 'N', 'Y', 'FAC-2021-08273-B', 'MONTHLY', '2024-01-01', NULL, 'Y');

-- ────────────────────────────────────────
-- l1.facility_lender_allocation (8 rows)
-- ────────────────────────────────────────
INSERT INTO l1.facility_lender_allocation (lender_allocation_id, facility_id, legal_entity_id, allocation_role, bank_share_pct, is_current_flag, effective_start_date, effective_end_date) VALUES (100123, 8266, 3, 'LEAD_ARRANGER', 1, 'Y', '2022-08-18', NULL);
INSERT INTO l1.facility_lender_allocation (lender_allocation_id, facility_id, legal_entity_id, allocation_role, bank_share_pct, is_current_flag, effective_start_date, effective_end_date) VALUES (100124, 8267, 4, 'LEAD_ARRANGER', 1, 'Y', '2022-08-18', NULL);
INSERT INTO l1.facility_lender_allocation (lender_allocation_id, facility_id, legal_entity_id, allocation_role, bank_share_pct, is_current_flag, effective_start_date, effective_end_date) VALUES (100125, 8268, 1, 'LEAD_ARRANGER', 1, 'Y', '2022-10-21', NULL);
INSERT INTO l1.facility_lender_allocation (lender_allocation_id, facility_id, legal_entity_id, allocation_role, bank_share_pct, is_current_flag, effective_start_date, effective_end_date) VALUES (100126, 8269, 1, 'LEAD_ARRANGER', 1, 'Y', '2022-10-21', NULL);
INSERT INTO l1.facility_lender_allocation (lender_allocation_id, facility_id, legal_entity_id, allocation_role, bank_share_pct, is_current_flag, effective_start_date, effective_end_date) VALUES (100127, 8270, 1, 'LEAD_ARRANGER', 1, 'Y', '2024-11-09', NULL);
INSERT INTO l1.facility_lender_allocation (lender_allocation_id, facility_id, legal_entity_id, allocation_role, bank_share_pct, is_current_flag, effective_start_date, effective_end_date) VALUES (100128, 8271, 4, 'LEAD_ARRANGER', 1, 'Y', '2024-11-09', NULL);
INSERT INTO l1.facility_lender_allocation (lender_allocation_id, facility_id, legal_entity_id, allocation_role, bank_share_pct, is_current_flag, effective_start_date, effective_end_date) VALUES (100129, 8272, 3, 'LEAD_ARRANGER', 1, 'Y', '2021-03-16', NULL);
INSERT INTO l1.facility_lender_allocation (lender_allocation_id, facility_id, legal_entity_id, allocation_role, bank_share_pct, is_current_flag, effective_start_date, effective_end_date) VALUES (100130, 8273, 4, 'LEAD_ARRANGER', 1, 'Y', '2021-03-16', NULL);

-- ────────────────────────────────────────
-- l2.facility_exposure_snapshot (24 rows)
-- ────────────────────────────────────────
INSERT INTO l2.facility_exposure_snapshot (facility_exposure_id, facility_id, counterparty_id, as_of_date, exposure_type_id, drawn_amount, committed_amount, undrawn_amount, currency_code, limit_status_code) VALUES (200367, 8266, 2822, '2024-11-30', 1, 71380678, 187843889, 116463211, 'INR', 'WITHIN_LIMIT');
INSERT INTO l2.facility_exposure_snapshot (facility_exposure_id, facility_id, counterparty_id, as_of_date, exposure_type_id, drawn_amount, committed_amount, undrawn_amount, currency_code, limit_status_code) VALUES (200368, 8266, 2822, '2024-12-31', 1, 78894433, 187843889, 108949456, 'INR', 'WITHIN_LIMIT');
INSERT INTO l2.facility_exposure_snapshot (facility_exposure_id, facility_id, counterparty_id, as_of_date, exposure_type_id, drawn_amount, committed_amount, undrawn_amount, currency_code, limit_status_code) VALUES (200369, 8266, 2822, '2025-01-31', 1, 84529750, 187843889, 103314139, 'INR', 'WITHIN_LIMIT');
INSERT INTO l2.facility_exposure_snapshot (facility_exposure_id, facility_id, counterparty_id, as_of_date, exposure_type_id, drawn_amount, committed_amount, undrawn_amount, currency_code, limit_status_code) VALUES (200370, 8267, 2822, '2024-11-30', 1, 107071017, 281765833, 174694816, 'INR', 'WITHIN_LIMIT');
INSERT INTO l2.facility_exposure_snapshot (facility_exposure_id, facility_id, counterparty_id, as_of_date, exposure_type_id, drawn_amount, committed_amount, undrawn_amount, currency_code, limit_status_code) VALUES (200371, 8267, 2822, '2024-12-31', 1, 118341650, 281765833, 163424183, 'INR', 'WITHIN_LIMIT');
INSERT INTO l2.facility_exposure_snapshot (facility_exposure_id, facility_id, counterparty_id, as_of_date, exposure_type_id, drawn_amount, committed_amount, undrawn_amount, currency_code, limit_status_code) VALUES (200372, 8267, 2822, '2025-01-31', 1, 126794625, 281765833, 154971208, 'INR', 'WITHIN_LIMIT');
INSERT INTO l2.facility_exposure_snapshot (facility_exposure_id, facility_id, counterparty_id, as_of_date, exposure_type_id, drawn_amount, committed_amount, undrawn_amount, currency_code, limit_status_code) VALUES (200373, 8268, 2823, '2024-11-30', 1, 11002963, 28955167, 17952204, 'INR', 'WITHIN_LIMIT');
INSERT INTO l2.facility_exposure_snapshot (facility_exposure_id, facility_id, counterparty_id, as_of_date, exposure_type_id, drawn_amount, committed_amount, undrawn_amount, currency_code, limit_status_code) VALUES (200374, 8268, 2823, '2024-12-31', 1, 12161170, 28955167, 16793997, 'INR', 'WITHIN_LIMIT');
INSERT INTO l2.facility_exposure_snapshot (facility_exposure_id, facility_id, counterparty_id, as_of_date, exposure_type_id, drawn_amount, committed_amount, undrawn_amount, currency_code, limit_status_code) VALUES (200375, 8268, 2823, '2025-01-31', 1, 13029825, 28955167, 15925342, 'INR', 'WITHIN_LIMIT');
INSERT INTO l2.facility_exposure_snapshot (facility_exposure_id, facility_id, counterparty_id, as_of_date, exposure_type_id, drawn_amount, committed_amount, undrawn_amount, currency_code, limit_status_code) VALUES (200376, 8269, 2823, '2024-11-30', 1, 16504445, 43432750, 26928305, 'INR', 'WITHIN_LIMIT');
INSERT INTO l2.facility_exposure_snapshot (facility_exposure_id, facility_id, counterparty_id, as_of_date, exposure_type_id, drawn_amount, committed_amount, undrawn_amount, currency_code, limit_status_code) VALUES (200377, 8269, 2823, '2024-12-31', 1, 18241755, 43432750, 25190995, 'INR', 'WITHIN_LIMIT');
INSERT INTO l2.facility_exposure_snapshot (facility_exposure_id, facility_id, counterparty_id, as_of_date, exposure_type_id, drawn_amount, committed_amount, undrawn_amount, currency_code, limit_status_code) VALUES (200378, 8269, 2823, '2025-01-31', 1, 19544738, 43432750, 23888012, 'INR', 'WITHIN_LIMIT');
INSERT INTO l2.facility_exposure_snapshot (facility_exposure_id, facility_id, counterparty_id, as_of_date, exposure_type_id, drawn_amount, committed_amount, undrawn_amount, currency_code, limit_status_code) VALUES (200379, 8270, 2824, '2024-11-30', 1, 10475816, 20951631, 10475815, 'INR', 'WITHIN_LIMIT');
INSERT INTO l2.facility_exposure_snapshot (facility_exposure_id, facility_id, counterparty_id, as_of_date, exposure_type_id, drawn_amount, committed_amount, undrawn_amount, currency_code, limit_status_code) VALUES (200380, 8270, 2824, '2024-12-31', 1, 11523397, 20951631, 9428234, 'INR', 'WITHIN_LIMIT');
INSERT INTO l2.facility_exposure_snapshot (facility_exposure_id, facility_id, counterparty_id, as_of_date, exposure_type_id, drawn_amount, committed_amount, undrawn_amount, currency_code, limit_status_code) VALUES (200381, 8270, 2824, '2025-01-31', 1, 12151946, 20951631, 8799685, 'INR', 'WITHIN_LIMIT');
INSERT INTO l2.facility_exposure_snapshot (facility_exposure_id, facility_id, counterparty_id, as_of_date, exposure_type_id, drawn_amount, committed_amount, undrawn_amount, currency_code, limit_status_code) VALUES (200382, 8271, 2824, '2024-11-30', 1, 15713724, 31427447, 15713723, 'INR', 'WITHIN_LIMIT');
INSERT INTO l2.facility_exposure_snapshot (facility_exposure_id, facility_id, counterparty_id, as_of_date, exposure_type_id, drawn_amount, committed_amount, undrawn_amount, currency_code, limit_status_code) VALUES (200383, 8271, 2824, '2024-12-31', 1, 17285096, 31427447, 14142351, 'INR', 'WITHIN_LIMIT');
INSERT INTO l2.facility_exposure_snapshot (facility_exposure_id, facility_id, counterparty_id, as_of_date, exposure_type_id, drawn_amount, committed_amount, undrawn_amount, currency_code, limit_status_code) VALUES (200384, 8271, 2824, '2025-01-31', 1, 18227919, 31427447, 13199528, 'INR', 'WITHIN_LIMIT');
INSERT INTO l2.facility_exposure_snapshot (facility_exposure_id, facility_id, counterparty_id, as_of_date, exposure_type_id, drawn_amount, committed_amount, undrawn_amount, currency_code, limit_status_code) VALUES (200385, 8272, 2825, '2024-11-30', 1, 4428017, 11652675, 7224658, 'INR', 'WITHIN_LIMIT');
INSERT INTO l2.facility_exposure_snapshot (facility_exposure_id, facility_id, counterparty_id, as_of_date, exposure_type_id, drawn_amount, committed_amount, undrawn_amount, currency_code, limit_status_code) VALUES (200386, 8272, 2825, '2024-12-31', 1, 4894124, 11652675, 6758551, 'INR', 'WITHIN_LIMIT');
INSERT INTO l2.facility_exposure_snapshot (facility_exposure_id, facility_id, counterparty_id, as_of_date, exposure_type_id, drawn_amount, committed_amount, undrawn_amount, currency_code, limit_status_code) VALUES (200387, 8272, 2825, '2025-01-31', 1, 5243704, 11652675, 6408971, 'INR', 'WITHIN_LIMIT');
INSERT INTO l2.facility_exposure_snapshot (facility_exposure_id, facility_id, counterparty_id, as_of_date, exposure_type_id, drawn_amount, committed_amount, undrawn_amount, currency_code, limit_status_code) VALUES (200388, 8273, 2825, '2024-11-30', 1, 6642025, 17479012, 10836987, 'INR', 'WITHIN_LIMIT');
INSERT INTO l2.facility_exposure_snapshot (facility_exposure_id, facility_id, counterparty_id, as_of_date, exposure_type_id, drawn_amount, committed_amount, undrawn_amount, currency_code, limit_status_code) VALUES (200389, 8273, 2825, '2024-12-31', 1, 7341185, 17479012, 10137827, 'INR', 'WITHIN_LIMIT');
INSERT INTO l2.facility_exposure_snapshot (facility_exposure_id, facility_id, counterparty_id, as_of_date, exposure_type_id, drawn_amount, committed_amount, undrawn_amount, currency_code, limit_status_code) VALUES (200390, 8273, 2825, '2025-01-31', 1, 7865555, 17479012, 9613457, 'INR', 'WITHIN_LIMIT');

-- ────────────────────────────────────────
-- l2.risk_flag (12 rows)
-- ────────────────────────────────────────
INSERT INTO l2.risk_flag (risk_flag_id, facility_id, counterparty_id, flag_type, flag_code, flag_severity, as_of_date, flag_description) VALUES (8011, 8266, 2822, 'WATCH_LIST', 'DATA_QUALITY_LOW', 'HIGH', '2025-01-31', 'Missing financial statements and incomplete collateral docs for 3 of 4 names');
INSERT INTO l2.risk_flag (risk_flag_id, facility_id, counterparty_id, flag_type, flag_code, flag_severity, as_of_date, flag_description) VALUES (8012, 8268, 2823, 'WATCH_LIST', 'DATA_QUALITY_LOW', 'HIGH', '2025-01-31', 'Missing financial statements and incomplete collateral docs for 3 of 4 names');
INSERT INTO l2.risk_flag (risk_flag_id, facility_id, counterparty_id, flag_type, flag_code, flag_severity, as_of_date, flag_description) VALUES (8013, 8270, 2824, 'WATCH_LIST', 'DATA_QUALITY_LOW', 'HIGH', '2025-01-31', 'Missing financial statements and incomplete collateral docs for 3 of 4 names');
INSERT INTO l2.risk_flag (risk_flag_id, facility_id, counterparty_id, flag_type, flag_code, flag_severity, as_of_date, flag_description) VALUES (8014, 8272, 2825, 'WATCH_LIST', 'DATA_QUALITY_LOW', 'HIGH', '2025-01-31', 'Missing financial statements and incomplete collateral docs for 3 of 4 names');
INSERT INTO l2.risk_flag (risk_flag_id, facility_id, counterparty_id, flag_type, flag_code, flag_severity, as_of_date, flag_description) VALUES (8015, 8266, 2822, 'CONCENTRATION', 'RAPID_ONBOARDING', 'MEDIUM', '2025-01-31', '4 new relationships onboarded in 90 days — KYC review pending');
INSERT INTO l2.risk_flag (risk_flag_id, facility_id, counterparty_id, flag_type, flag_code, flag_severity, as_of_date, flag_description) VALUES (8016, 8268, 2823, 'CONCENTRATION', 'RAPID_ONBOARDING', 'MEDIUM', '2025-01-31', '4 new relationships onboarded in 90 days — KYC review pending');
INSERT INTO l2.risk_flag (risk_flag_id, facility_id, counterparty_id, flag_type, flag_code, flag_severity, as_of_date, flag_description) VALUES (8017, 8270, 2824, 'CONCENTRATION', 'RAPID_ONBOARDING', 'MEDIUM', '2025-01-31', '4 new relationships onboarded in 90 days — KYC review pending');
INSERT INTO l2.risk_flag (risk_flag_id, facility_id, counterparty_id, flag_type, flag_code, flag_severity, as_of_date, flag_description) VALUES (8018, 8272, 2825, 'CONCENTRATION', 'RAPID_ONBOARDING', 'MEDIUM', '2025-01-31', '4 new relationships onboarded in 90 days — KYC review pending');
INSERT INTO l2.risk_flag (risk_flag_id, facility_id, counterparty_id, flag_type, flag_code, flag_severity, as_of_date, flag_description) VALUES (8019, 8266, 2822, 'CONCENTRATION', 'EMERGING_MARKET_RISK', 'MEDIUM', '2025-01-31', 'India exposure growing faster than country limit allocation');
INSERT INTO l2.risk_flag (risk_flag_id, facility_id, counterparty_id, flag_type, flag_code, flag_severity, as_of_date, flag_description) VALUES (8020, 8268, 2823, 'CONCENTRATION', 'EMERGING_MARKET_RISK', 'MEDIUM', '2025-01-31', 'India exposure growing faster than country limit allocation');
INSERT INTO l2.risk_flag (risk_flag_id, facility_id, counterparty_id, flag_type, flag_code, flag_severity, as_of_date, flag_description) VALUES (8021, 8270, 2824, 'CONCENTRATION', 'EMERGING_MARKET_RISK', 'MEDIUM', '2025-01-31', 'India exposure growing faster than country limit allocation');
INSERT INTO l2.risk_flag (risk_flag_id, facility_id, counterparty_id, flag_type, flag_code, flag_severity, as_of_date, flag_description) VALUES (8022, 8272, 2825, 'CONCENTRATION', 'EMERGING_MARKET_RISK', 'MEDIUM', '2025-01-31', 'India exposure growing faster than country limit allocation');


-- ═════════════════════════════════════════════════════════════════
-- Scenario S33: Singapore Trade Finance Deterioration
-- 3 Singapore commodity traders face margin pressure — trade finance utilization rising with aging receivables
-- Generated: 2026-03-10T04:28:27.429Z
-- ═════════════════════════════════════════════════════════════════

SET search_path TO l1, l2, public;

-- ────────────────────────────────────────
-- l1.counterparty (3 rows)
-- ────────────────────────────────────────
INSERT INTO l1.counterparty (counterparty_id, legal_name, counterparty_type, country_code, entity_type_code, industry_id, basel_asset_class, basel_risk_grade, call_report_counterparty_type, external_rating_fitch, external_rating_moodys, external_rating_sp, fr2590_counterparty_type, internal_risk_rating, is_affiliated, is_central_counterparty, is_financial_institution, is_insider, is_multilateral_dev_bank, is_parent_flag, is_public_sector_entity, is_regulated_entity, is_sovereign, lei_code, lgd_unsecured, pd_annual, regulatory_counterparty_type, y14_obligor_type, effective_start_date, effective_end_date, is_current_flag) VALUES (2826, 'Straits Commodity Trading Pte Ltd', 'CORPORATE', 'SG', 'CORP', 9, 'CORPORATE', '5', 'C&I_FOREIGN', 'BBB+', 'Baa2', 'BBB+', 'NON_FINANCIAL', '4', 'N', 'N', 'N', 'N', 'N', 'N', 'N', 'N', 'N', '5299000U8V5TTB47KG1O', 0.45, 0.0045, 'CORPORATE', 'LARGE_CORPORATE', '2020-01-01', NULL, 'Y');
INSERT INTO l1.counterparty (counterparty_id, legal_name, counterparty_type, country_code, entity_type_code, industry_id, basel_asset_class, basel_risk_grade, call_report_counterparty_type, external_rating_fitch, external_rating_moodys, external_rating_sp, fr2590_counterparty_type, internal_risk_rating, is_affiliated, is_central_counterparty, is_financial_institution, is_insider, is_multilateral_dev_bank, is_parent_flag, is_public_sector_entity, is_regulated_entity, is_sovereign, lei_code, lgd_unsecured, pd_annual, regulatory_counterparty_type, y14_obligor_type, effective_start_date, effective_end_date, is_current_flag) VALUES (2827, 'Raffles Palm Oil Trading Corp.', 'CORPORATE', 'SG', 'CORP', 9, 'CORPORATE', '5', 'C&I_FOREIGN', 'BB+', 'Ba1', 'BBB-', 'NON_FINANCIAL', '5', 'N', 'N', 'N', 'N', 'N', 'Y', 'N', 'N', 'N', '529900UJDI3KYTOELIP2', 0.48, 0.0087, 'CORPORATE', 'LARGE_CORPORATE', '2020-01-01', NULL, 'Y');
INSERT INTO l1.counterparty (counterparty_id, legal_name, counterparty_type, country_code, entity_type_code, industry_id, basel_asset_class, basel_risk_grade, call_report_counterparty_type, external_rating_fitch, external_rating_moodys, external_rating_sp, fr2590_counterparty_type, internal_risk_rating, is_affiliated, is_central_counterparty, is_financial_institution, is_insider, is_multilateral_dev_bank, is_parent_flag, is_public_sector_entity, is_regulated_entity, is_sovereign, lei_code, lgd_unsecured, pd_annual, regulatory_counterparty_type, y14_obligor_type, effective_start_date, effective_end_date, is_current_flag) VALUES (2828, 'Lion City Metals Exchange Pte Ltd', 'CORPORATE', 'SG', 'CORP', 9, 'CORPORATE', '7', 'C&I_FOREIGN', 'BB-', 'Ba3', 'BB-', 'NON_FINANCIAL', '6', 'N', 'N', 'N', 'N', 'N', 'N', 'N', 'N', 'N', '529900PFOOGMZ1JCAGPC', 0.55, 0.0237, 'CORPORATE', 'LARGE_CORPORATE', '2020-01-01', NULL, 'Y');

-- ────────────────────────────────────────
-- l1.credit_agreement_master (3 rows)
-- ────────────────────────────────────────
INSERT INTO l1.credit_agreement_master (credit_agreement_id, borrower_counterparty_id, lender_legal_entity_id, agreement_type, status_code, agreement_reference, currency_code, origination_date, maturity_date, effective_start_date, effective_end_date, is_current_flag) VALUES (2286, 2826, 2, 'SYNDICATED', 'ACTIVE', 'CA-2021-02286-SGD', 'SGD', '2021-10-22', '2026-10-22', '2024-01-01', NULL, 'Y');
INSERT INTO l1.credit_agreement_master (credit_agreement_id, borrower_counterparty_id, lender_legal_entity_id, agreement_type, status_code, agreement_reference, currency_code, origination_date, maturity_date, effective_start_date, effective_end_date, is_current_flag) VALUES (2287, 2827, 4, 'SYNDICATED', 'ACTIVE', 'CA-2023-02287-SGD', 'SGD', '2023-02-12', '2027-02-12', '2024-01-01', NULL, 'Y');
INSERT INTO l1.credit_agreement_master (credit_agreement_id, borrower_counterparty_id, lender_legal_entity_id, agreement_type, status_code, agreement_reference, currency_code, origination_date, maturity_date, effective_start_date, effective_end_date, is_current_flag) VALUES (2288, 2828, 5, 'SYNDICATED', 'ACTIVE', 'CA-2022-02288-SGD', 'SGD', '2022-07-13', '2027-07-13', '2024-01-01', NULL, 'Y');

-- ────────────────────────────────────────
-- l1.facility_master (9 rows)
-- ────────────────────────────────────────
INSERT INTO l1.facility_master (facility_id, credit_agreement_id, counterparty_id, facility_name, facility_type, facility_status, committed_facility_amt, currency_code, origination_date, maturity_date, portfolio_id, industry_code, lob_segment_id, product_node_id, rate_index_id, ledger_account_id, product_id, region_code, interest_rate_type, interest_rate_reference, interest_rate_spread_bps, all_in_rate_pct, day_count_convention, amortization_type, revolving_flag, active_flag, facility_reference, payment_frequency, effective_start_date, effective_end_date, is_current_flag) VALUES (8274, 2286, 2826, 'Straits — SGD Revolver 2026-A', 'REVOLVING_CREDIT', 'ACTIVE', 841744155, 'SGD', '2020-01-20', '2026-01-20', 1, 'MAT', 58, 10, 3, 6, 4, 'APAC', 'FLOATING', 'SOR', 279, 5.72, 'ACT/360', 'BULLET', 'Y', 'Y', 'FAC-2020-08274-A', 'QUARTERLY', '2024-01-01', NULL, 'Y');
INSERT INTO l1.facility_master (facility_id, credit_agreement_id, counterparty_id, facility_name, facility_type, facility_status, committed_facility_amt, currency_code, origination_date, maturity_date, portfolio_id, industry_code, lob_segment_id, product_node_id, rate_index_id, ledger_account_id, product_id, region_code, interest_rate_type, interest_rate_reference, interest_rate_spread_bps, all_in_rate_pct, day_count_convention, amortization_type, revolving_flag, active_flag, facility_reference, payment_frequency, effective_start_date, effective_end_date, is_current_flag) VALUES (8275, 2286, 2826, 'Straits — SGD Term Loan 2026-B', 'TERM_LOAN', 'ACTIVE', 1262616233, 'SGD', '2020-01-20', '2026-01-20', 6, 'MAT', 59, 6, 3, 3, 1, 'APAC', 'FIXED', 'SOR', 279, 6.11, 'ACT/360', 'BULLET', 'N', 'Y', 'FAC-2020-08275-B', 'QUARTERLY', '2024-01-01', NULL, 'Y');
INSERT INTO l1.facility_master (facility_id, credit_agreement_id, counterparty_id, facility_name, facility_type, facility_status, committed_facility_amt, currency_code, origination_date, maturity_date, portfolio_id, industry_code, lob_segment_id, product_node_id, rate_index_id, ledger_account_id, product_id, region_code, interest_rate_type, interest_rate_reference, interest_rate_spread_bps, all_in_rate_pct, day_count_convention, amortization_type, revolving_flag, active_flag, facility_reference, payment_frequency, effective_start_date, effective_end_date, is_current_flag) VALUES (8276, 2286, 2826, 'Straits — SGD L/C 2026-C', 'LETTER_OF_CREDIT', 'ACTIVE', 701453463, 'SGD', '2020-01-20', '2026-01-20', 3, 'MAT', 60, 2, 2, 3, 1, 'APAC', 'FLOATING', 'SOR', 279, 5.56, 'ACT/365', 'AMORTIZING', 'N', 'Y', 'FAC-2020-08276-C', 'QUARTERLY', '2024-01-01', NULL, 'Y');
INSERT INTO l1.facility_master (facility_id, credit_agreement_id, counterparty_id, facility_name, facility_type, facility_status, committed_facility_amt, currency_code, origination_date, maturity_date, portfolio_id, industry_code, lob_segment_id, product_node_id, rate_index_id, ledger_account_id, product_id, region_code, interest_rate_type, interest_rate_reference, interest_rate_spread_bps, all_in_rate_pct, day_count_convention, amortization_type, revolving_flag, active_flag, facility_reference, payment_frequency, effective_start_date, effective_end_date, is_current_flag) VALUES (8277, 2287, 2827, 'Raffles — SGD Revolver 2027-A', 'REVOLVING_CREDIT', 'ACTIVE', 116344820, 'SGD', '2021-11-10', '2027-11-10', 10, 'MAT', 61, 8, 4, 3, 2, 'APAC', 'FLOATING', 'SOR', 453, 7.42, 'ACT/360', 'BULLET', 'Y', 'Y', 'FAC-2021-08277-A', 'QUARTERLY', '2024-01-01', NULL, 'Y');
INSERT INTO l1.facility_master (facility_id, credit_agreement_id, counterparty_id, facility_name, facility_type, facility_status, committed_facility_amt, currency_code, origination_date, maturity_date, portfolio_id, industry_code, lob_segment_id, product_node_id, rate_index_id, ledger_account_id, product_id, region_code, interest_rate_type, interest_rate_reference, interest_rate_spread_bps, all_in_rate_pct, day_count_convention, amortization_type, revolving_flag, active_flag, facility_reference, payment_frequency, effective_start_date, effective_end_date, is_current_flag) VALUES (8278, 2287, 2827, 'Raffles — SGD Term Loan 2027-B', 'TERM_LOAN', 'ACTIVE', 174517230, 'SGD', '2021-11-10', '2027-11-10', 9, 'MAT', 62, 3, 2, 8, 3, 'APAC', 'FLOATING', 'SOR', 453, 7.47, 'ACT/360', 'AMORTIZING', 'N', 'Y', 'FAC-2021-08278-B', 'QUARTERLY', '2024-01-01', NULL, 'Y');
INSERT INTO l1.facility_master (facility_id, credit_agreement_id, counterparty_id, facility_name, facility_type, facility_status, committed_facility_amt, currency_code, origination_date, maturity_date, portfolio_id, industry_code, lob_segment_id, product_node_id, rate_index_id, ledger_account_id, product_id, region_code, interest_rate_type, interest_rate_reference, interest_rate_spread_bps, all_in_rate_pct, day_count_convention, amortization_type, revolving_flag, active_flag, facility_reference, payment_frequency, effective_start_date, effective_end_date, is_current_flag) VALUES (8279, 2287, 2827, 'Raffles — SGD L/C 2027-C', 'LETTER_OF_CREDIT', 'ACTIVE', 96954017, 'SGD', '2021-11-10', '2027-11-10', 9, 'MAT', 63, 1, 3, 7, 5, 'APAC', 'FIXED', 'SOR', 453, 8.45, 'ACT/365', 'AMORTIZING', 'N', 'Y', 'FAC-2021-08279-C', 'MONTHLY', '2024-01-01', NULL, 'Y');
INSERT INTO l1.facility_master (facility_id, credit_agreement_id, counterparty_id, facility_name, facility_type, facility_status, committed_facility_amt, currency_code, origination_date, maturity_date, portfolio_id, industry_code, lob_segment_id, product_node_id, rate_index_id, ledger_account_id, product_id, region_code, interest_rate_type, interest_rate_reference, interest_rate_spread_bps, all_in_rate_pct, day_count_convention, amortization_type, revolving_flag, active_flag, facility_reference, payment_frequency, effective_start_date, effective_end_date, is_current_flag) VALUES (8280, 2288, 2828, 'Lion — SGD Revolver 2029-A', 'REVOLVING_CREDIT', 'ACTIVE', 33018363, 'SGD', '2024-08-13', '2029-08-13', 9, 'MAT', 64, 2, 1, 6, 5, 'APAC', 'FLOATING', 'SOR', 981, 12.34, 'ACT/360', 'BULLET', 'Y', 'Y', 'FAC-2024-08280-A', 'QUARTERLY', '2024-01-01', NULL, 'Y');
INSERT INTO l1.facility_master (facility_id, credit_agreement_id, counterparty_id, facility_name, facility_type, facility_status, committed_facility_amt, currency_code, origination_date, maturity_date, portfolio_id, industry_code, lob_segment_id, product_node_id, rate_index_id, ledger_account_id, product_id, region_code, interest_rate_type, interest_rate_reference, interest_rate_spread_bps, all_in_rate_pct, day_count_convention, amortization_type, revolving_flag, active_flag, facility_reference, payment_frequency, effective_start_date, effective_end_date, is_current_flag) VALUES (8281, 2288, 2828, 'Lion — SGD Term Loan 2029-B', 'TERM_LOAN', 'ACTIVE', 49527544, 'SGD', '2024-08-13', '2029-08-13', 10, 'MAT', 65, 2, 4, 5, 3, 'APAC', 'FLOATING', 'SOR', 981, 13.78, 'ACT/365', 'AMORTIZING', 'N', 'Y', 'FAC-2024-08281-B', 'MONTHLY', '2024-01-01', NULL, 'Y');
INSERT INTO l1.facility_master (facility_id, credit_agreement_id, counterparty_id, facility_name, facility_type, facility_status, committed_facility_amt, currency_code, origination_date, maturity_date, portfolio_id, industry_code, lob_segment_id, product_node_id, rate_index_id, ledger_account_id, product_id, region_code, interest_rate_type, interest_rate_reference, interest_rate_spread_bps, all_in_rate_pct, day_count_convention, amortization_type, revolving_flag, active_flag, facility_reference, payment_frequency, effective_start_date, effective_end_date, is_current_flag) VALUES (8282, 2288, 2828, 'Lion — SGD L/C 2029-C', 'LETTER_OF_CREDIT', 'ACTIVE', 27515302, 'SGD', '2024-08-13', '2029-08-13', 9, 'MAT', 66, 5, 5, 8, 2, 'APAC', 'FIXED', 'SOR', 981, 12.5, 'ACT/360', 'AMORTIZING', 'N', 'Y', 'FAC-2024-08282-C', 'MONTHLY', '2024-01-01', NULL, 'Y');

-- ────────────────────────────────────────
-- l1.facility_lender_allocation (9 rows)
-- ────────────────────────────────────────
INSERT INTO l1.facility_lender_allocation (lender_allocation_id, facility_id, legal_entity_id, allocation_role, bank_share_pct, is_current_flag, effective_start_date, effective_end_date) VALUES (100131, 8274, 1, 'LEAD_ARRANGER', 1, 'Y', '2020-01-20', NULL);
INSERT INTO l1.facility_lender_allocation (lender_allocation_id, facility_id, legal_entity_id, allocation_role, bank_share_pct, is_current_flag, effective_start_date, effective_end_date) VALUES (100132, 8275, 3, 'LEAD_ARRANGER', 1, 'Y', '2020-01-20', NULL);
INSERT INTO l1.facility_lender_allocation (lender_allocation_id, facility_id, legal_entity_id, allocation_role, bank_share_pct, is_current_flag, effective_start_date, effective_end_date) VALUES (100133, 8276, 3, 'LEAD_ARRANGER', 1, 'Y', '2020-01-20', NULL);
INSERT INTO l1.facility_lender_allocation (lender_allocation_id, facility_id, legal_entity_id, allocation_role, bank_share_pct, is_current_flag, effective_start_date, effective_end_date) VALUES (100134, 8277, 3, 'LEAD_ARRANGER', 1, 'Y', '2021-11-10', NULL);
INSERT INTO l1.facility_lender_allocation (lender_allocation_id, facility_id, legal_entity_id, allocation_role, bank_share_pct, is_current_flag, effective_start_date, effective_end_date) VALUES (100135, 8278, 1, 'LEAD_ARRANGER', 1, 'Y', '2021-11-10', NULL);
INSERT INTO l1.facility_lender_allocation (lender_allocation_id, facility_id, legal_entity_id, allocation_role, bank_share_pct, is_current_flag, effective_start_date, effective_end_date) VALUES (100136, 8279, 1, 'LEAD_ARRANGER', 1, 'Y', '2021-11-10', NULL);
INSERT INTO l1.facility_lender_allocation (lender_allocation_id, facility_id, legal_entity_id, allocation_role, bank_share_pct, is_current_flag, effective_start_date, effective_end_date) VALUES (100137, 8280, 1, 'LEAD_ARRANGER', 1, 'Y', '2024-08-13', NULL);
INSERT INTO l1.facility_lender_allocation (lender_allocation_id, facility_id, legal_entity_id, allocation_role, bank_share_pct, is_current_flag, effective_start_date, effective_end_date) VALUES (100138, 8281, 5, 'LEAD_ARRANGER', 1, 'Y', '2024-08-13', NULL);
INSERT INTO l1.facility_lender_allocation (lender_allocation_id, facility_id, legal_entity_id, allocation_role, bank_share_pct, is_current_flag, effective_start_date, effective_end_date) VALUES (100139, 8282, 1, 'LEAD_ARRANGER', 1, 'Y', '2024-08-13', NULL);

-- ────────────────────────────────────────
-- l2.facility_exposure_snapshot (27 rows)
-- ────────────────────────────────────────
INSERT INTO l2.facility_exposure_snapshot (facility_exposure_id, facility_id, counterparty_id, as_of_date, exposure_type_id, drawn_amount, committed_amount, undrawn_amount, currency_code, limit_status_code) VALUES (200391, 8274, 2826, '2024-11-30', 1, 673395324, 841744155, 168348831, 'SGD', 'WITHIN_LIMIT');
INSERT INTO l2.facility_exposure_snapshot (facility_exposure_id, facility_id, counterparty_id, as_of_date, exposure_type_id, drawn_amount, committed_amount, undrawn_amount, currency_code, limit_status_code) VALUES (200392, 8274, 2826, '2024-12-31', 1, 715482532, 841744155, 126261623, 'SGD', 'WITHIN_LIMIT');
INSERT INTO l2.facility_exposure_snapshot (facility_exposure_id, facility_id, counterparty_id, as_of_date, exposure_type_id, drawn_amount, committed_amount, undrawn_amount, currency_code, limit_status_code) VALUES (200393, 8274, 2826, '2025-01-31', 1, 690230207, 841744155, 151513948, 'SGD', 'WITHIN_LIMIT');
INSERT INTO l2.facility_exposure_snapshot (facility_exposure_id, facility_id, counterparty_id, as_of_date, exposure_type_id, drawn_amount, committed_amount, undrawn_amount, currency_code, limit_status_code) VALUES (200394, 8275, 2826, '2024-11-30', 1, 1010092986, 1262616233, 252523247, 'SGD', 'WITHIN_LIMIT');
INSERT INTO l2.facility_exposure_snapshot (facility_exposure_id, facility_id, counterparty_id, as_of_date, exposure_type_id, drawn_amount, committed_amount, undrawn_amount, currency_code, limit_status_code) VALUES (200395, 8275, 2826, '2024-12-31', 1, 1073223798, 1262616233, 189392435, 'SGD', 'WITHIN_LIMIT');
INSERT INTO l2.facility_exposure_snapshot (facility_exposure_id, facility_id, counterparty_id, as_of_date, exposure_type_id, drawn_amount, committed_amount, undrawn_amount, currency_code, limit_status_code) VALUES (200396, 8275, 2826, '2025-01-31', 1, 1035345311, 1262616233, 227270922, 'SGD', 'WITHIN_LIMIT');
INSERT INTO l2.facility_exposure_snapshot (facility_exposure_id, facility_id, counterparty_id, as_of_date, exposure_type_id, drawn_amount, committed_amount, undrawn_amount, currency_code, limit_status_code) VALUES (200397, 8276, 2826, '2024-11-30', 1, 561162770, 701453463, 140290693, 'SGD', 'WITHIN_LIMIT');
INSERT INTO l2.facility_exposure_snapshot (facility_exposure_id, facility_id, counterparty_id, as_of_date, exposure_type_id, drawn_amount, committed_amount, undrawn_amount, currency_code, limit_status_code) VALUES (200398, 8276, 2826, '2024-12-31', 1, 596235444, 701453463, 105218019, 'SGD', 'WITHIN_LIMIT');
INSERT INTO l2.facility_exposure_snapshot (facility_exposure_id, facility_id, counterparty_id, as_of_date, exposure_type_id, drawn_amount, committed_amount, undrawn_amount, currency_code, limit_status_code) VALUES (200399, 8276, 2826, '2025-01-31', 1, 575191840, 701453463, 126261623, 'SGD', 'WITHIN_LIMIT');
INSERT INTO l2.facility_exposure_snapshot (facility_exposure_id, facility_id, counterparty_id, as_of_date, exposure_type_id, drawn_amount, committed_amount, undrawn_amount, currency_code, limit_status_code) VALUES (200400, 8277, 2827, '2024-11-30', 1, 93075856, 116344820, 23268964, 'SGD', 'WITHIN_LIMIT');
INSERT INTO l2.facility_exposure_snapshot (facility_exposure_id, facility_id, counterparty_id, as_of_date, exposure_type_id, drawn_amount, committed_amount, undrawn_amount, currency_code, limit_status_code) VALUES (200401, 8277, 2827, '2024-12-31', 1, 98893097, 116344820, 17451723, 'SGD', 'WITHIN_LIMIT');
INSERT INTO l2.facility_exposure_snapshot (facility_exposure_id, facility_id, counterparty_id, as_of_date, exposure_type_id, drawn_amount, committed_amount, undrawn_amount, currency_code, limit_status_code) VALUES (200402, 8277, 2827, '2025-01-31', 1, 95402752, 116344820, 20942068, 'SGD', 'WITHIN_LIMIT');
INSERT INTO l2.facility_exposure_snapshot (facility_exposure_id, facility_id, counterparty_id, as_of_date, exposure_type_id, drawn_amount, committed_amount, undrawn_amount, currency_code, limit_status_code) VALUES (200403, 8278, 2827, '2024-11-30', 1, 139613784, 174517230, 34903446, 'SGD', 'WITHIN_LIMIT');
INSERT INTO l2.facility_exposure_snapshot (facility_exposure_id, facility_id, counterparty_id, as_of_date, exposure_type_id, drawn_amount, committed_amount, undrawn_amount, currency_code, limit_status_code) VALUES (200404, 8278, 2827, '2024-12-31', 1, 148339646, 174517230, 26177584, 'SGD', 'WITHIN_LIMIT');
INSERT INTO l2.facility_exposure_snapshot (facility_exposure_id, facility_id, counterparty_id, as_of_date, exposure_type_id, drawn_amount, committed_amount, undrawn_amount, currency_code, limit_status_code) VALUES (200405, 8278, 2827, '2025-01-31', 1, 143104129, 174517230, 31413101, 'SGD', 'WITHIN_LIMIT');
INSERT INTO l2.facility_exposure_snapshot (facility_exposure_id, facility_id, counterparty_id, as_of_date, exposure_type_id, drawn_amount, committed_amount, undrawn_amount, currency_code, limit_status_code) VALUES (200406, 8279, 2827, '2024-11-30', 1, 77563214, 96954017, 19390803, 'SGD', 'WITHIN_LIMIT');
INSERT INTO l2.facility_exposure_snapshot (facility_exposure_id, facility_id, counterparty_id, as_of_date, exposure_type_id, drawn_amount, committed_amount, undrawn_amount, currency_code, limit_status_code) VALUES (200407, 8279, 2827, '2024-12-31', 1, 82410914, 96954017, 14543103, 'SGD', 'WITHIN_LIMIT');
INSERT INTO l2.facility_exposure_snapshot (facility_exposure_id, facility_id, counterparty_id, as_of_date, exposure_type_id, drawn_amount, committed_amount, undrawn_amount, currency_code, limit_status_code) VALUES (200408, 8279, 2827, '2025-01-31', 1, 79502294, 96954017, 17451723, 'SGD', 'WITHIN_LIMIT');
INSERT INTO l2.facility_exposure_snapshot (facility_exposure_id, facility_id, counterparty_id, as_of_date, exposure_type_id, drawn_amount, committed_amount, undrawn_amount, currency_code, limit_status_code) VALUES (200409, 8280, 2828, '2024-11-30', 1, 25754323, 33018363, 7264040, 'SGD', 'WITHIN_LIMIT');
INSERT INTO l2.facility_exposure_snapshot (facility_exposure_id, facility_id, counterparty_id, as_of_date, exposure_type_id, drawn_amount, committed_amount, undrawn_amount, currency_code, limit_status_code) VALUES (200410, 8280, 2828, '2024-12-31', 1, 23112854, 33018363, 9905509, 'SGD', 'WITHIN_LIMIT');
INSERT INTO l2.facility_exposure_snapshot (facility_exposure_id, facility_id, counterparty_id, as_of_date, exposure_type_id, drawn_amount, committed_amount, undrawn_amount, currency_code, limit_status_code) VALUES (200411, 8280, 2828, '2025-01-31', 1, 20471385, 33018363, 12546978, 'SGD', 'WITHIN_LIMIT');
INSERT INTO l2.facility_exposure_snapshot (facility_exposure_id, facility_id, counterparty_id, as_of_date, exposure_type_id, drawn_amount, committed_amount, undrawn_amount, currency_code, limit_status_code) VALUES (200412, 8281, 2828, '2024-11-30', 1, 38631484, 49527544, 10896060, 'SGD', 'WITHIN_LIMIT');
INSERT INTO l2.facility_exposure_snapshot (facility_exposure_id, facility_id, counterparty_id, as_of_date, exposure_type_id, drawn_amount, committed_amount, undrawn_amount, currency_code, limit_status_code) VALUES (200413, 8281, 2828, '2024-12-31', 1, 34669281, 49527544, 14858263, 'SGD', 'WITHIN_LIMIT');
INSERT INTO l2.facility_exposure_snapshot (facility_exposure_id, facility_id, counterparty_id, as_of_date, exposure_type_id, drawn_amount, committed_amount, undrawn_amount, currency_code, limit_status_code) VALUES (200414, 8281, 2828, '2025-01-31', 1, 30707077, 49527544, 18820467, 'SGD', 'WITHIN_LIMIT');
INSERT INTO l2.facility_exposure_snapshot (facility_exposure_id, facility_id, counterparty_id, as_of_date, exposure_type_id, drawn_amount, committed_amount, undrawn_amount, currency_code, limit_status_code) VALUES (200415, 8282, 2828, '2024-11-30', 1, 21461936, 27515302, 6053366, 'SGD', 'WITHIN_LIMIT');
INSERT INTO l2.facility_exposure_snapshot (facility_exposure_id, facility_id, counterparty_id, as_of_date, exposure_type_id, drawn_amount, committed_amount, undrawn_amount, currency_code, limit_status_code) VALUES (200416, 8282, 2828, '2024-12-31', 1, 19260711, 27515302, 8254591, 'SGD', 'WITHIN_LIMIT');
INSERT INTO l2.facility_exposure_snapshot (facility_exposure_id, facility_id, counterparty_id, as_of_date, exposure_type_id, drawn_amount, committed_amount, undrawn_amount, currency_code, limit_status_code) VALUES (200417, 8282, 2828, '2025-01-31', 1, 17059487, 27515302, 10455815, 'SGD', 'WITHIN_LIMIT');

-- ────────────────────────────────────────
-- l2.counterparty_rating_observation (18 rows)
-- ────────────────────────────────────────
INSERT INTO l2.counterparty_rating_observation (observation_id, counterparty_id, as_of_date, rating_type, rating_value, rating_grade_id, is_internal_flag, pd_implied, rating_source_id) VALUES (50103, 2826, '2024-11-30', 'INTERNAL', 0, 4, 'Y', '0.0054', 1);
INSERT INTO l2.counterparty_rating_observation (observation_id, counterparty_id, as_of_date, rating_type, rating_value, rating_grade_id, is_internal_flag, pd_implied, rating_source_id) VALUES (50104, 2826, '2024-11-30', 'EXTERNAL_MOODYS', 0, 3, 'N', '0.0059', 2);
INSERT INTO l2.counterparty_rating_observation (observation_id, counterparty_id, as_of_date, rating_type, rating_value, rating_grade_id, is_internal_flag, pd_implied, rating_source_id) VALUES (50105, 2826, '2024-12-31', 'INTERNAL', 0, 4, 'Y', '0.0066', 1);
INSERT INTO l2.counterparty_rating_observation (observation_id, counterparty_id, as_of_date, rating_type, rating_value, rating_grade_id, is_internal_flag, pd_implied, rating_source_id) VALUES (50106, 2826, '2024-12-31', 'EXTERNAL_MOODYS', 0, 4, 'N', '0.0073', 2);
INSERT INTO l2.counterparty_rating_observation (observation_id, counterparty_id, as_of_date, rating_type, rating_value, rating_grade_id, is_internal_flag, pd_implied, rating_source_id) VALUES (50107, 2826, '2025-01-31', 'INTERNAL', 0, 4, 'Y', '0.006', 1);
INSERT INTO l2.counterparty_rating_observation (observation_id, counterparty_id, as_of_date, rating_type, rating_value, rating_grade_id, is_internal_flag, pd_implied, rating_source_id) VALUES (50108, 2826, '2025-01-31', 'EXTERNAL_MOODYS', 0, 5, 'N', '0.0066', 2);
INSERT INTO l2.counterparty_rating_observation (observation_id, counterparty_id, as_of_date, rating_type, rating_value, rating_grade_id, is_internal_flag, pd_implied, rating_source_id) VALUES (50109, 2827, '2024-11-30', 'INTERNAL', 0, 5, 'Y', '0.0126', 1);
INSERT INTO l2.counterparty_rating_observation (observation_id, counterparty_id, as_of_date, rating_type, rating_value, rating_grade_id, is_internal_flag, pd_implied, rating_source_id) VALUES (50110, 2827, '2024-11-30', 'EXTERNAL_MOODYS', 0, 3, 'N', '0.0139', 2);
INSERT INTO l2.counterparty_rating_observation (observation_id, counterparty_id, as_of_date, rating_type, rating_value, rating_grade_id, is_internal_flag, pd_implied, rating_source_id) VALUES (50111, 2827, '2024-12-31', 'INTERNAL', 0, 5, 'Y', '0.0154', 1);
INSERT INTO l2.counterparty_rating_observation (observation_id, counterparty_id, as_of_date, rating_type, rating_value, rating_grade_id, is_internal_flag, pd_implied, rating_source_id) VALUES (50112, 2827, '2024-12-31', 'EXTERNAL_MOODYS', 0, 4, 'N', '0.0169', 2);
INSERT INTO l2.counterparty_rating_observation (observation_id, counterparty_id, as_of_date, rating_type, rating_value, rating_grade_id, is_internal_flag, pd_implied, rating_source_id) VALUES (50113, 2827, '2025-01-31', 'INTERNAL', 0, 5, 'Y', '0.014', 1);
INSERT INTO l2.counterparty_rating_observation (observation_id, counterparty_id, as_of_date, rating_type, rating_value, rating_grade_id, is_internal_flag, pd_implied, rating_source_id) VALUES (50114, 2827, '2025-01-31', 'EXTERNAL_MOODYS', 0, 5, 'N', '0.0154', 2);
INSERT INTO l2.counterparty_rating_observation (observation_id, counterparty_id, as_of_date, rating_type, rating_value, rating_grade_id, is_internal_flag, pd_implied, rating_source_id) VALUES (50115, 2828, '2024-11-30', 'INTERNAL', 0, 6, 'Y', '0.03', 1);
INSERT INTO l2.counterparty_rating_observation (observation_id, counterparty_id, as_of_date, rating_type, rating_value, rating_grade_id, is_internal_flag, pd_implied, rating_source_id) VALUES (50116, 2828, '2024-11-30', 'EXTERNAL_MOODYS', 0, 3, 'N', '0.033', 2);
INSERT INTO l2.counterparty_rating_observation (observation_id, counterparty_id, as_of_date, rating_type, rating_value, rating_grade_id, is_internal_flag, pd_implied, rating_source_id) VALUES (50117, 2828, '2024-12-31', 'INTERNAL', 0, 6, 'Y', '0.024', 1);
INSERT INTO l2.counterparty_rating_observation (observation_id, counterparty_id, as_of_date, rating_type, rating_value, rating_grade_id, is_internal_flag, pd_implied, rating_source_id) VALUES (50118, 2828, '2024-12-31', 'EXTERNAL_MOODYS', 0, 4, 'N', '0.0264', 2);
INSERT INTO l2.counterparty_rating_observation (observation_id, counterparty_id, as_of_date, rating_type, rating_value, rating_grade_id, is_internal_flag, pd_implied, rating_source_id) VALUES (50119, 2828, '2025-01-31', 'INTERNAL', 0, 6, 'Y', '0.0195', 1);
INSERT INTO l2.counterparty_rating_observation (observation_id, counterparty_id, as_of_date, rating_type, rating_value, rating_grade_id, is_internal_flag, pd_implied, rating_source_id) VALUES (50120, 2828, '2025-01-31', 'EXTERNAL_MOODYS', 0, 4, 'N', '0.0215', 2);

-- ────────────────────────────────────────
-- l2.risk_flag (6 rows)
-- ────────────────────────────────────────
INSERT INTO l2.risk_flag (risk_flag_id, facility_id, counterparty_id, flag_type, flag_code, flag_severity, as_of_date, flag_description) VALUES (8023, 8274, 2826, 'WATCH_LIST', 'TRADE_FINANCE_STRESS', 'HIGH', '2025-01-31', 'Trade finance utilization up 35% as working capital cycles elongate');
INSERT INTO l2.risk_flag (risk_flag_id, facility_id, counterparty_id, flag_type, flag_code, flag_severity, as_of_date, flag_description) VALUES (8024, 8277, 2827, 'WATCH_LIST', 'TRADE_FINANCE_STRESS', 'HIGH', '2025-01-31', 'Trade finance utilization up 35% as working capital cycles elongate');
INSERT INTO l2.risk_flag (risk_flag_id, facility_id, counterparty_id, flag_type, flag_code, flag_severity, as_of_date, flag_description) VALUES (8025, 8280, 2828, 'WATCH_LIST', 'TRADE_FINANCE_STRESS', 'HIGH', '2025-01-31', 'Trade finance utilization up 35% as working capital cycles elongate');
INSERT INTO l2.risk_flag (risk_flag_id, facility_id, counterparty_id, flag_type, flag_code, flag_severity, as_of_date, flag_description) VALUES (8026, 8274, 2826, 'CONCENTRATION', 'RECEIVABLES_AGING', 'MEDIUM', '2025-01-31', 'Trade receivables aging past 120 days for Raffles Palm Oil');
INSERT INTO l2.risk_flag (risk_flag_id, facility_id, counterparty_id, flag_type, flag_code, flag_severity, as_of_date, flag_description) VALUES (8027, 8277, 2827, 'CONCENTRATION', 'RECEIVABLES_AGING', 'MEDIUM', '2025-01-31', 'Trade receivables aging past 120 days for Raffles Palm Oil');
INSERT INTO l2.risk_flag (risk_flag_id, facility_id, counterparty_id, flag_type, flag_code, flag_severity, as_of_date, flag_description) VALUES (8028, 8280, 2828, 'CONCENTRATION', 'RECEIVABLES_AGING', 'MEDIUM', '2025-01-31', 'Trade receivables aging past 120 days for Raffles Palm Oil');


-- ═════════════════════════════════════════════════════════════════
-- Scenario S34: Brazil Agricultural Commodity Stress
-- Brazil drought hits 4 agribusiness borrowers — country exposure nears $2B limit as BRL weakens
-- Generated: 2026-03-10T04:28:27.429Z
-- ═════════════════════════════════════════════════════════════════

SET search_path TO l1, l2, public;

-- ────────────────────────────────────────
-- l1.counterparty (4 rows)
-- ────────────────────────────────────────
INSERT INTO l1.counterparty (counterparty_id, legal_name, counterparty_type, country_code, entity_type_code, industry_id, basel_asset_class, basel_risk_grade, call_report_counterparty_type, external_rating_fitch, external_rating_moodys, external_rating_sp, fr2590_counterparty_type, internal_risk_rating, is_affiliated, is_central_counterparty, is_financial_institution, is_insider, is_multilateral_dev_bank, is_parent_flag, is_public_sector_entity, is_regulated_entity, is_sovereign, lei_code, lgd_unsecured, pd_annual, regulatory_counterparty_type, y14_obligor_type, effective_start_date, effective_end_date, is_current_flag) VALUES (2829, 'Cerrado Agronegócios SA', 'CORPORATE', 'BR', 'CORP', 6, 'CORPORATE', '6', 'C&I_FOREIGN', 'BBB-', 'Baa3', 'BB+', 'NON_FINANCIAL', '5', 'N', 'N', 'N', 'N', 'N', 'N', 'N', 'N', 'N', '529900FN01AHK8SDLOFE', 0.48, 0.0101, 'CORPORATE', 'LARGE_CORPORATE', '2020-01-01', NULL, 'Y');
INSERT INTO l1.counterparty (counterparty_id, legal_name, counterparty_type, country_code, entity_type_code, industry_id, basel_asset_class, basel_risk_grade, call_report_counterparty_type, external_rating_fitch, external_rating_moodys, external_rating_sp, fr2590_counterparty_type, internal_risk_rating, is_affiliated, is_central_counterparty, is_financial_institution, is_insider, is_multilateral_dev_bank, is_parent_flag, is_public_sector_entity, is_regulated_entity, is_sovereign, lei_code, lgd_unsecured, pd_annual, regulatory_counterparty_type, y14_obligor_type, effective_start_date, effective_end_date, is_current_flag) VALUES (2830, 'Amazonia Soy Export Ltda.', 'CORPORATE', 'BR', 'CORP', 6, 'CORPORATE', '7', 'C&I_FOREIGN', 'BB', 'Ba3', 'BB-', 'NON_FINANCIAL', '6', 'N', 'N', 'N', 'N', 'N', 'Y', 'N', 'N', 'N', '529900YSIDCE7TFSSEVQ', 0.55, 0.0197, 'CORPORATE', 'LARGE_CORPORATE', '2020-01-01', NULL, 'Y');
INSERT INTO l1.counterparty (counterparty_id, legal_name, counterparty_type, country_code, entity_type_code, industry_id, basel_asset_class, basel_risk_grade, call_report_counterparty_type, external_rating_fitch, external_rating_moodys, external_rating_sp, fr2590_counterparty_type, internal_risk_rating, is_affiliated, is_central_counterparty, is_financial_institution, is_insider, is_multilateral_dev_bank, is_parent_flag, is_public_sector_entity, is_regulated_entity, is_sovereign, lei_code, lgd_unsecured, pd_annual, regulatory_counterparty_type, y14_obligor_type, effective_start_date, effective_end_date, is_current_flag) VALUES (2831, 'Pantanal Cattle & Grain Corp.', 'CORPORATE', 'BR', 'CORP', 6, 'CORPORATE', '7', 'C&I_FOREIGN', 'BB', 'Ba2', 'BB-', 'NON_FINANCIAL', '7', 'N', 'N', 'N', 'N', 'N', 'N', 'N', 'N', 'N', '529900CBX72TDCNPYKLW', 0.55, 0.027, 'CORPORATE', 'LARGE_CORPORATE', '2020-01-01', NULL, 'Y');
INSERT INTO l1.counterparty (counterparty_id, legal_name, counterparty_type, country_code, entity_type_code, industry_id, basel_asset_class, basel_risk_grade, call_report_counterparty_type, external_rating_fitch, external_rating_moodys, external_rating_sp, fr2590_counterparty_type, internal_risk_rating, is_affiliated, is_central_counterparty, is_financial_institution, is_insider, is_multilateral_dev_bank, is_parent_flag, is_public_sector_entity, is_regulated_entity, is_sovereign, lei_code, lgd_unsecured, pd_annual, regulatory_counterparty_type, y14_obligor_type, effective_start_date, effective_end_date, is_current_flag) VALUES (2832, 'São Paulo Sugar Refining SA', 'CORPORATE', 'BR', 'CORP', 6, 'CORPORATE', '4', 'C&I_FOREIGN', 'BBB+', 'Baa1', 'BBB', 'NON_FINANCIAL', '4', 'N', 'N', 'N', 'N', 'N', 'Y', 'N', 'N', 'N', '529900UXFBZE69JFOE4S', 0.45, 0.0048, 'CORPORATE', 'MIDDLE_MARKET', '2020-01-01', NULL, 'Y');

-- ────────────────────────────────────────
-- l1.credit_agreement_master (4 rows)
-- ────────────────────────────────────────
INSERT INTO l1.credit_agreement_master (credit_agreement_id, borrower_counterparty_id, lender_legal_entity_id, agreement_type, status_code, agreement_reference, currency_code, origination_date, maturity_date, effective_start_date, effective_end_date, is_current_flag) VALUES (2289, 2829, 4, 'SYNDICATED', 'ACTIVE', 'CA-2024-02289-BRL', 'BRL', '2024-12-08', '2028-12-08', '2024-01-01', NULL, 'Y');
INSERT INTO l1.credit_agreement_master (credit_agreement_id, borrower_counterparty_id, lender_legal_entity_id, agreement_type, status_code, agreement_reference, currency_code, origination_date, maturity_date, effective_start_date, effective_end_date, is_current_flag) VALUES (2290, 2830, 5, 'SYNDICATED', 'ACTIVE', 'CA-2021-02290-BRL', 'BRL', '2021-07-21', '2025-07-21', '2024-01-01', NULL, 'Y');
INSERT INTO l1.credit_agreement_master (credit_agreement_id, borrower_counterparty_id, lender_legal_entity_id, agreement_type, status_code, agreement_reference, currency_code, origination_date, maturity_date, effective_start_date, effective_end_date, is_current_flag) VALUES (2291, 2831, 4, 'SYNDICATED', 'ACTIVE', 'CA-2021-02291-BRL', 'BRL', '2021-04-21', '2025-04-21', '2024-01-01', NULL, 'Y');
INSERT INTO l1.credit_agreement_master (credit_agreement_id, borrower_counterparty_id, lender_legal_entity_id, agreement_type, status_code, agreement_reference, currency_code, origination_date, maturity_date, effective_start_date, effective_end_date, is_current_flag) VALUES (2292, 2832, 1, 'SYNDICATED', 'ACTIVE', 'CA-2023-02292-BRL', 'BRL', '2023-01-21', '2027-01-21', '2024-01-01', NULL, 'Y');

-- ────────────────────────────────────────
-- l1.facility_master (8 rows)
-- ────────────────────────────────────────
INSERT INTO l1.facility_master (facility_id, credit_agreement_id, counterparty_id, facility_name, facility_type, facility_status, committed_facility_amt, currency_code, origination_date, maturity_date, portfolio_id, industry_code, lob_segment_id, product_node_id, rate_index_id, ledger_account_id, product_id, region_code, interest_rate_type, interest_rate_reference, interest_rate_spread_bps, all_in_rate_pct, day_count_convention, amortization_type, revolving_flag, active_flag, facility_reference, payment_frequency, effective_start_date, effective_end_date, is_current_flag) VALUES (8283, 2289, 2829, 'Cerrado — BRL Revolver 2028-A', 'REVOLVING_CREDIT', 'ACTIVE', 1430559362, 'BRL', '2024-12-12', '2028-12-12', 10, 'CS', 67, 7, 4, 5, 2, 'AMER', 'FLOATING', 'SOFR', 473, 7.27, 'ACT/360', 'BULLET', 'Y', 'Y', 'FAC-2024-08283-A', 'QUARTERLY', '2024-01-01', NULL, 'Y');
INSERT INTO l1.facility_master (facility_id, credit_agreement_id, counterparty_id, facility_name, facility_type, facility_status, committed_facility_amt, currency_code, origination_date, maturity_date, portfolio_id, industry_code, lob_segment_id, product_node_id, rate_index_id, ledger_account_id, product_id, region_code, interest_rate_type, interest_rate_reference, interest_rate_spread_bps, all_in_rate_pct, day_count_convention, amortization_type, revolving_flag, active_flag, facility_reference, payment_frequency, effective_start_date, effective_end_date, is_current_flag) VALUES (8284, 2289, 2829, 'Cerrado — BRL Term Loan 2028-B', 'TERM_LOAN', 'ACTIVE', 2145839042, 'BRL', '2024-12-12', '2028-12-12', 10, 'CS', 68, 2, 3, 7, 1, 'AMER', 'FIXED', 'SOFR', 473, 7.34, 'ACT/365', 'AMORTIZING', 'N', 'Y', 'FAC-2024-08284-B', 'QUARTERLY', '2024-01-01', NULL, 'Y');
INSERT INTO l1.facility_master (facility_id, credit_agreement_id, counterparty_id, facility_name, facility_type, facility_status, committed_facility_amt, currency_code, origination_date, maturity_date, portfolio_id, industry_code, lob_segment_id, product_node_id, rate_index_id, ledger_account_id, product_id, region_code, interest_rate_type, interest_rate_reference, interest_rate_spread_bps, all_in_rate_pct, day_count_convention, amortization_type, revolving_flag, active_flag, facility_reference, payment_frequency, effective_start_date, effective_end_date, is_current_flag) VALUES (8285, 2290, 2830, 'Amazonia — BRL Revolver 2027-A', 'REVOLVING_CREDIT', 'ACTIVE', 180459775, 'BRL', '2021-06-20', '2027-06-20', 9, 'CS', 69, 2, 2, 1, 5, 'AMER', 'FLOATING', 'SOFR', 1001, 13.07, 'ACT/360', 'BULLET', 'Y', 'Y', 'FAC-2021-08285-A', 'QUARTERLY', '2024-01-01', NULL, 'Y');
INSERT INTO l1.facility_master (facility_id, credit_agreement_id, counterparty_id, facility_name, facility_type, facility_status, committed_facility_amt, currency_code, origination_date, maturity_date, portfolio_id, industry_code, lob_segment_id, product_node_id, rate_index_id, ledger_account_id, product_id, region_code, interest_rate_type, interest_rate_reference, interest_rate_spread_bps, all_in_rate_pct, day_count_convention, amortization_type, revolving_flag, active_flag, facility_reference, payment_frequency, effective_start_date, effective_end_date, is_current_flag) VALUES (8286, 2290, 2830, 'Amazonia — BRL Term Loan 2027-B', 'TERM_LOAN', 'ACTIVE', 270689662, 'BRL', '2021-06-20', '2027-06-20', 9, 'CS', 70, 7, 5, 7, 5, 'AMER', 'FLOATING', 'SOFR', 1001, 13.43, 'ACT/360', 'BULLET', 'N', 'Y', 'FAC-2021-08286-B', 'QUARTERLY', '2024-01-01', NULL, 'Y');
INSERT INTO l1.facility_master (facility_id, credit_agreement_id, counterparty_id, facility_name, facility_type, facility_status, committed_facility_amt, currency_code, origination_date, maturity_date, portfolio_id, industry_code, lob_segment_id, product_node_id, rate_index_id, ledger_account_id, product_id, region_code, interest_rate_type, interest_rate_reference, interest_rate_spread_bps, all_in_rate_pct, day_count_convention, amortization_type, revolving_flag, active_flag, facility_reference, payment_frequency, effective_start_date, effective_end_date, is_current_flag) VALUES (8287, 2291, 2831, 'Pantanal — BRL Revolver 2025-A', 'REVOLVING_CREDIT', 'ACTIVE', 40585092, 'BRL', '2021-10-17', '2025-10-17', 2, 'CS', 71, 6, 1, 7, 2, 'AMER', 'FLOATING', 'SOFR', 1006, 13.38, 'ACT/360', 'BULLET', 'Y', 'Y', 'FAC-2021-08287-A', 'MONTHLY', '2024-01-01', NULL, 'Y');
INSERT INTO l1.facility_master (facility_id, credit_agreement_id, counterparty_id, facility_name, facility_type, facility_status, committed_facility_amt, currency_code, origination_date, maturity_date, portfolio_id, industry_code, lob_segment_id, product_node_id, rate_index_id, ledger_account_id, product_id, region_code, interest_rate_type, interest_rate_reference, interest_rate_spread_bps, all_in_rate_pct, day_count_convention, amortization_type, revolving_flag, active_flag, facility_reference, payment_frequency, effective_start_date, effective_end_date, is_current_flag) VALUES (8288, 2291, 2831, 'Pantanal — BRL Term Loan 2025-B', 'TERM_LOAN', 'ACTIVE', 60877638, 'BRL', '2021-10-17', '2025-10-17', 10, 'CS', 72, 10, 1, 4, 1, 'AMER', 'FIXED', 'SOFR', 1006, 12.99, 'ACT/365', 'BULLET', 'N', 'Y', 'FAC-2021-08288-B', 'QUARTERLY', '2024-01-01', NULL, 'Y');
INSERT INTO l1.facility_master (facility_id, credit_agreement_id, counterparty_id, facility_name, facility_type, facility_status, committed_facility_amt, currency_code, origination_date, maturity_date, portfolio_id, industry_code, lob_segment_id, product_node_id, rate_index_id, ledger_account_id, product_id, region_code, interest_rate_type, interest_rate_reference, interest_rate_spread_bps, all_in_rate_pct, day_count_convention, amortization_type, revolving_flag, active_flag, facility_reference, payment_frequency, effective_start_date, effective_end_date, is_current_flag) VALUES (8289, 2292, 2832, 'São — BRL Revolver 2024-A', 'REVOLVING_CREDIT', 'ACTIVE', 25156530, 'BRL', '2020-05-15', '2024-05-15', 5, 'CS', 73, 5, 4, 7, 3, 'AMER', 'FLOATING', 'SOFR', 273, 6.13, 'ACT/360', 'BULLET', 'Y', 'Y', 'FAC-2020-08289-A', 'MONTHLY', '2024-01-01', NULL, 'Y');
INSERT INTO l1.facility_master (facility_id, credit_agreement_id, counterparty_id, facility_name, facility_type, facility_status, committed_facility_amt, currency_code, origination_date, maturity_date, portfolio_id, industry_code, lob_segment_id, product_node_id, rate_index_id, ledger_account_id, product_id, region_code, interest_rate_type, interest_rate_reference, interest_rate_spread_bps, all_in_rate_pct, day_count_convention, amortization_type, revolving_flag, active_flag, facility_reference, payment_frequency, effective_start_date, effective_end_date, is_current_flag) VALUES (8290, 2292, 2832, 'São — BRL Term Loan 2024-B', 'TERM_LOAN', 'ACTIVE', 37734794, 'BRL', '2020-05-15', '2024-05-15', 5, 'CS', 74, 5, 2, 1, 1, 'AMER', 'FIXED', 'SOFR', 273, 5.39, 'ACT/360', 'AMORTIZING', 'N', 'Y', 'FAC-2020-08290-B', 'MONTHLY', '2024-01-01', NULL, 'Y');

-- ────────────────────────────────────────
-- l1.counterparty_hierarchy (4 rows)
-- ────────────────────────────────────────
INSERT INTO l1.counterparty_hierarchy (counterparty_id, as_of_date, immediate_parent_id, ultimate_parent_id, ownership_pct) VALUES (2829, '2025-01-31', 2829, 2829, 100);
INSERT INTO l1.counterparty_hierarchy (counterparty_id, as_of_date, immediate_parent_id, ultimate_parent_id, ownership_pct) VALUES (2830, '2025-01-31', 2829, 2829, 96);
INSERT INTO l1.counterparty_hierarchy (counterparty_id, as_of_date, immediate_parent_id, ultimate_parent_id, ownership_pct) VALUES (2831, '2025-01-31', 2829, 2829, 70);
INSERT INTO l1.counterparty_hierarchy (counterparty_id, as_of_date, immediate_parent_id, ultimate_parent_id, ownership_pct) VALUES (2832, '2025-01-31', 2829, 2829, 64);

-- ────────────────────────────────────────
-- l1.facility_lender_allocation (8 rows)
-- ────────────────────────────────────────
INSERT INTO l1.facility_lender_allocation (lender_allocation_id, facility_id, legal_entity_id, allocation_role, bank_share_pct, is_current_flag, effective_start_date, effective_end_date) VALUES (100140, 8283, 5, 'LEAD_ARRANGER', 1, 'Y', '2024-12-12', NULL);
INSERT INTO l1.facility_lender_allocation (lender_allocation_id, facility_id, legal_entity_id, allocation_role, bank_share_pct, is_current_flag, effective_start_date, effective_end_date) VALUES (100141, 8284, 1, 'LEAD_ARRANGER', 1, 'Y', '2024-12-12', NULL);
INSERT INTO l1.facility_lender_allocation (lender_allocation_id, facility_id, legal_entity_id, allocation_role, bank_share_pct, is_current_flag, effective_start_date, effective_end_date) VALUES (100142, 8285, 1, 'LEAD_ARRANGER', 1, 'Y', '2021-06-20', NULL);
INSERT INTO l1.facility_lender_allocation (lender_allocation_id, facility_id, legal_entity_id, allocation_role, bank_share_pct, is_current_flag, effective_start_date, effective_end_date) VALUES (100143, 8286, 1, 'LEAD_ARRANGER', 1, 'Y', '2021-06-20', NULL);
INSERT INTO l1.facility_lender_allocation (lender_allocation_id, facility_id, legal_entity_id, allocation_role, bank_share_pct, is_current_flag, effective_start_date, effective_end_date) VALUES (100144, 8287, 1, 'LEAD_ARRANGER', 1, 'Y', '2021-10-17', NULL);
INSERT INTO l1.facility_lender_allocation (lender_allocation_id, facility_id, legal_entity_id, allocation_role, bank_share_pct, is_current_flag, effective_start_date, effective_end_date) VALUES (100145, 8288, 4, 'LEAD_ARRANGER', 1, 'Y', '2021-10-17', NULL);
INSERT INTO l1.facility_lender_allocation (lender_allocation_id, facility_id, legal_entity_id, allocation_role, bank_share_pct, is_current_flag, effective_start_date, effective_end_date) VALUES (100146, 8289, 1, 'LEAD_ARRANGER', 1, 'Y', '2020-05-15', NULL);
INSERT INTO l1.facility_lender_allocation (lender_allocation_id, facility_id, legal_entity_id, allocation_role, bank_share_pct, is_current_flag, effective_start_date, effective_end_date) VALUES (100147, 8290, 1, 'LEAD_ARRANGER', 1, 'Y', '2020-05-15', NULL);

-- ────────────────────────────────────────
-- l2.facility_exposure_snapshot (24 rows)
-- ────────────────────────────────────────
INSERT INTO l2.facility_exposure_snapshot (facility_exposure_id, facility_id, counterparty_id, as_of_date, exposure_type_id, drawn_amount, committed_amount, undrawn_amount, currency_code, limit_status_code) VALUES (200418, 8283, 2829, '2024-11-30', 1, 1115836302, 1430559362, 314723060, 'BRL', 'WITHIN_LIMIT');
INSERT INTO l2.facility_exposure_snapshot (facility_exposure_id, facility_id, counterparty_id, as_of_date, exposure_type_id, drawn_amount, committed_amount, undrawn_amount, currency_code, limit_status_code) VALUES (200419, 8283, 2829, '2024-12-31', 1, 1001391553, 1430559362, 429167809, 'BRL', 'WITHIN_LIMIT');
INSERT INTO l2.facility_exposure_snapshot (facility_exposure_id, facility_id, counterparty_id, as_of_date, exposure_type_id, drawn_amount, committed_amount, undrawn_amount, currency_code, limit_status_code) VALUES (200420, 8283, 2829, '2025-01-31', 1, 886946804, 1430559362, 543612558, 'BRL', 'WITHIN_LIMIT');
INSERT INTO l2.facility_exposure_snapshot (facility_exposure_id, facility_id, counterparty_id, as_of_date, exposure_type_id, drawn_amount, committed_amount, undrawn_amount, currency_code, limit_status_code) VALUES (200421, 8284, 2829, '2024-11-30', 1, 1673754453, 2145839042, 472084589, 'BRL', 'WITHIN_LIMIT');
INSERT INTO l2.facility_exposure_snapshot (facility_exposure_id, facility_id, counterparty_id, as_of_date, exposure_type_id, drawn_amount, committed_amount, undrawn_amount, currency_code, limit_status_code) VALUES (200422, 8284, 2829, '2024-12-31', 1, 1502087329, 2145839042, 643751713, 'BRL', 'WITHIN_LIMIT');
INSERT INTO l2.facility_exposure_snapshot (facility_exposure_id, facility_id, counterparty_id, as_of_date, exposure_type_id, drawn_amount, committed_amount, undrawn_amount, currency_code, limit_status_code) VALUES (200423, 8284, 2829, '2025-01-31', 1, 1330420206, 2145839042, 815418836, 'BRL', 'WITHIN_LIMIT');
INSERT INTO l2.facility_exposure_snapshot (facility_exposure_id, facility_id, counterparty_id, as_of_date, exposure_type_id, drawn_amount, committed_amount, undrawn_amount, currency_code, limit_status_code) VALUES (200424, 8285, 2830, '2024-11-30', 1, 144367820, 180459775, 36091955, 'BRL', 'WITHIN_LIMIT');
INSERT INTO l2.facility_exposure_snapshot (facility_exposure_id, facility_id, counterparty_id, as_of_date, exposure_type_id, drawn_amount, committed_amount, undrawn_amount, currency_code, limit_status_code) VALUES (200425, 8285, 2830, '2024-12-31', 1, 153390809, 180459775, 27068966, 'BRL', 'WITHIN_LIMIT');
INSERT INTO l2.facility_exposure_snapshot (facility_exposure_id, facility_id, counterparty_id, as_of_date, exposure_type_id, drawn_amount, committed_amount, undrawn_amount, currency_code, limit_status_code) VALUES (200426, 8285, 2830, '2025-01-31', 1, 147977016, 180459775, 32482759, 'BRL', 'WITHIN_LIMIT');
INSERT INTO l2.facility_exposure_snapshot (facility_exposure_id, facility_id, counterparty_id, as_of_date, exposure_type_id, drawn_amount, committed_amount, undrawn_amount, currency_code, limit_status_code) VALUES (200427, 8286, 2830, '2024-11-30', 1, 216551730, 270689662, 54137932, 'BRL', 'WITHIN_LIMIT');
INSERT INTO l2.facility_exposure_snapshot (facility_exposure_id, facility_id, counterparty_id, as_of_date, exposure_type_id, drawn_amount, committed_amount, undrawn_amount, currency_code, limit_status_code) VALUES (200428, 8286, 2830, '2024-12-31', 1, 230086213, 270689662, 40603449, 'BRL', 'WITHIN_LIMIT');
INSERT INTO l2.facility_exposure_snapshot (facility_exposure_id, facility_id, counterparty_id, as_of_date, exposure_type_id, drawn_amount, committed_amount, undrawn_amount, currency_code, limit_status_code) VALUES (200429, 8286, 2830, '2025-01-31', 1, 221965523, 270689662, 48724139, 'BRL', 'WITHIN_LIMIT');
INSERT INTO l2.facility_exposure_snapshot (facility_exposure_id, facility_id, counterparty_id, as_of_date, exposure_type_id, drawn_amount, committed_amount, undrawn_amount, currency_code, limit_status_code) VALUES (200430, 8287, 2831, '2024-11-30', 1, 31656372, 40585092, 8928720, 'BRL', 'WITHIN_LIMIT');
INSERT INTO l2.facility_exposure_snapshot (facility_exposure_id, facility_id, counterparty_id, as_of_date, exposure_type_id, drawn_amount, committed_amount, undrawn_amount, currency_code, limit_status_code) VALUES (200431, 8287, 2831, '2024-12-31', 1, 28409564, 40585092, 12175528, 'BRL', 'WITHIN_LIMIT');
INSERT INTO l2.facility_exposure_snapshot (facility_exposure_id, facility_id, counterparty_id, as_of_date, exposure_type_id, drawn_amount, committed_amount, undrawn_amount, currency_code, limit_status_code) VALUES (200432, 8287, 2831, '2025-01-31', 1, 25162757, 40585092, 15422335, 'BRL', 'WITHIN_LIMIT');
INSERT INTO l2.facility_exposure_snapshot (facility_exposure_id, facility_id, counterparty_id, as_of_date, exposure_type_id, drawn_amount, committed_amount, undrawn_amount, currency_code, limit_status_code) VALUES (200433, 8288, 2831, '2024-11-30', 1, 47484558, 60877638, 13393080, 'BRL', 'WITHIN_LIMIT');
INSERT INTO l2.facility_exposure_snapshot (facility_exposure_id, facility_id, counterparty_id, as_of_date, exposure_type_id, drawn_amount, committed_amount, undrawn_amount, currency_code, limit_status_code) VALUES (200434, 8288, 2831, '2024-12-31', 1, 42614347, 60877638, 18263291, 'BRL', 'WITHIN_LIMIT');
INSERT INTO l2.facility_exposure_snapshot (facility_exposure_id, facility_id, counterparty_id, as_of_date, exposure_type_id, drawn_amount, committed_amount, undrawn_amount, currency_code, limit_status_code) VALUES (200435, 8288, 2831, '2025-01-31', 1, 37744136, 60877638, 23133502, 'BRL', 'WITHIN_LIMIT');
INSERT INTO l2.facility_exposure_snapshot (facility_exposure_id, facility_id, counterparty_id, as_of_date, exposure_type_id, drawn_amount, committed_amount, undrawn_amount, currency_code, limit_status_code) VALUES (200436, 8289, 2832, '2024-11-30', 1, 20125224, 25156530, 5031306, 'BRL', 'WITHIN_LIMIT');
INSERT INTO l2.facility_exposure_snapshot (facility_exposure_id, facility_id, counterparty_id, as_of_date, exposure_type_id, drawn_amount, committed_amount, undrawn_amount, currency_code, limit_status_code) VALUES (200437, 8289, 2832, '2024-12-31', 1, 21383051, 25156530, 3773479, 'BRL', 'WITHIN_LIMIT');
INSERT INTO l2.facility_exposure_snapshot (facility_exposure_id, facility_id, counterparty_id, as_of_date, exposure_type_id, drawn_amount, committed_amount, undrawn_amount, currency_code, limit_status_code) VALUES (200438, 8289, 2832, '2025-01-31', 1, 20628355, 25156530, 4528175, 'BRL', 'WITHIN_LIMIT');
INSERT INTO l2.facility_exposure_snapshot (facility_exposure_id, facility_id, counterparty_id, as_of_date, exposure_type_id, drawn_amount, committed_amount, undrawn_amount, currency_code, limit_status_code) VALUES (200439, 8290, 2832, '2024-11-30', 1, 30187835, 37734794, 7546959, 'BRL', 'WITHIN_LIMIT');
INSERT INTO l2.facility_exposure_snapshot (facility_exposure_id, facility_id, counterparty_id, as_of_date, exposure_type_id, drawn_amount, committed_amount, undrawn_amount, currency_code, limit_status_code) VALUES (200440, 8290, 2832, '2024-12-31', 1, 32074575, 37734794, 5660219, 'BRL', 'WITHIN_LIMIT');
INSERT INTO l2.facility_exposure_snapshot (facility_exposure_id, facility_id, counterparty_id, as_of_date, exposure_type_id, drawn_amount, committed_amount, undrawn_amount, currency_code, limit_status_code) VALUES (200441, 8290, 2832, '2025-01-31', 1, 30942531, 37734794, 6792263, 'BRL', 'WITHIN_LIMIT');

-- ────────────────────────────────────────
-- l2.credit_event (1 rows)
-- ────────────────────────────────────────
INSERT INTO l2.credit_event (credit_event_id, counterparty_id, credit_event_type_code, event_date, event_summary, event_status) VALUES (5397, 2829, 4, '2024-12-30', 'DSCR covenant review triggered — crop yield 40% below forecast', 'CONFIRMED');

-- ────────────────────────────────────────
-- l2.credit_event_facility_link (2 rows)
-- ────────────────────────────────────────
INSERT INTO l2.credit_event_facility_link (link_id, credit_event_id, facility_id) VALUES (300029, 5397, 8283);
INSERT INTO l2.credit_event_facility_link (link_id, credit_event_id, facility_id) VALUES (300030, 5397, 8284);

-- ────────────────────────────────────────
-- l2.risk_flag (12 rows)
-- ────────────────────────────────────────
INSERT INTO l2.risk_flag (risk_flag_id, facility_id, counterparty_id, flag_type, flag_code, flag_severity, as_of_date, flag_description) VALUES (8029, 8283, 2829, 'WATCH_LIST', 'COUNTRY_CONCENTRATION', 'HIGH', '2025-01-31', 'Brazil exposure approaching $2B country limit');
INSERT INTO l2.risk_flag (risk_flag_id, facility_id, counterparty_id, flag_type, flag_code, flag_severity, as_of_date, flag_description) VALUES (8030, 8285, 2830, 'WATCH_LIST', 'COUNTRY_CONCENTRATION', 'HIGH', '2025-01-31', 'Brazil exposure approaching $2B country limit');
INSERT INTO l2.risk_flag (risk_flag_id, facility_id, counterparty_id, flag_type, flag_code, flag_severity, as_of_date, flag_description) VALUES (8031, 8287, 2831, 'WATCH_LIST', 'COUNTRY_CONCENTRATION', 'HIGH', '2025-01-31', 'Brazil exposure approaching $2B country limit');
INSERT INTO l2.risk_flag (risk_flag_id, facility_id, counterparty_id, flag_type, flag_code, flag_severity, as_of_date, flag_description) VALUES (8032, 8289, 2832, 'WATCH_LIST', 'COUNTRY_CONCENTRATION', 'HIGH', '2025-01-31', 'Brazil exposure approaching $2B country limit');
INSERT INTO l2.risk_flag (risk_flag_id, facility_id, counterparty_id, flag_type, flag_code, flag_severity, as_of_date, flag_description) VALUES (8033, 8283, 2829, 'CONCENTRATION', 'FX_EXPOSURE_AMPLIFICATION', 'MEDIUM', '2025-01-31', 'BRL depreciation inflates USD-equivalent exposure by 15%');
INSERT INTO l2.risk_flag (risk_flag_id, facility_id, counterparty_id, flag_type, flag_code, flag_severity, as_of_date, flag_description) VALUES (8034, 8285, 2830, 'CONCENTRATION', 'FX_EXPOSURE_AMPLIFICATION', 'MEDIUM', '2025-01-31', 'BRL depreciation inflates USD-equivalent exposure by 15%');
INSERT INTO l2.risk_flag (risk_flag_id, facility_id, counterparty_id, flag_type, flag_code, flag_severity, as_of_date, flag_description) VALUES (8035, 8287, 2831, 'CONCENTRATION', 'FX_EXPOSURE_AMPLIFICATION', 'MEDIUM', '2025-01-31', 'BRL depreciation inflates USD-equivalent exposure by 15%');
INSERT INTO l2.risk_flag (risk_flag_id, facility_id, counterparty_id, flag_type, flag_code, flag_severity, as_of_date, flag_description) VALUES (8036, 8289, 2832, 'CONCENTRATION', 'FX_EXPOSURE_AMPLIFICATION', 'MEDIUM', '2025-01-31', 'BRL depreciation inflates USD-equivalent exposure by 15%');
INSERT INTO l2.risk_flag (risk_flag_id, facility_id, counterparty_id, flag_type, flag_code, flag_severity, as_of_date, flag_description) VALUES (8037, 8283, 2829, 'WATCH_LIST', 'AGRICULTURAL_STRESS', 'HIGH', '2025-01-31', 'Drought conditions — soy/corn yields 40% below forecast');
INSERT INTO l2.risk_flag (risk_flag_id, facility_id, counterparty_id, flag_type, flag_code, flag_severity, as_of_date, flag_description) VALUES (8038, 8285, 2830, 'WATCH_LIST', 'AGRICULTURAL_STRESS', 'HIGH', '2025-01-31', 'Drought conditions — soy/corn yields 40% below forecast');
INSERT INTO l2.risk_flag (risk_flag_id, facility_id, counterparty_id, flag_type, flag_code, flag_severity, as_of_date, flag_description) VALUES (8039, 8287, 2831, 'WATCH_LIST', 'AGRICULTURAL_STRESS', 'HIGH', '2025-01-31', 'Drought conditions — soy/corn yields 40% below forecast');
INSERT INTO l2.risk_flag (risk_flag_id, facility_id, counterparty_id, flag_type, flag_code, flag_severity, as_of_date, flag_description) VALUES (8040, 8289, 2832, 'WATCH_LIST', 'AGRICULTURAL_STRESS', 'HIGH', '2025-01-31', 'Drought conditions — soy/corn yields 40% below forecast');


-- ═════════════════════════════════════════════════════════════════
-- Scenario S35: Korea Semiconductor Downturn
-- Semiconductor cycle downturn hits 3 Korean chipmakers — downgrades and full revolver draws on $1.5B exposure
-- Generated: 2026-03-10T04:28:27.430Z
-- ═════════════════════════════════════════════════════════════════

SET search_path TO l1, l2, public;

-- ────────────────────────────────────────
-- l1.counterparty (3 rows)
-- ────────────────────────────────────────
INSERT INTO l1.counterparty (counterparty_id, legal_name, counterparty_type, country_code, entity_type_code, industry_id, basel_asset_class, basel_risk_grade, call_report_counterparty_type, external_rating_fitch, external_rating_moodys, external_rating_sp, fr2590_counterparty_type, internal_risk_rating, is_affiliated, is_central_counterparty, is_financial_institution, is_insider, is_multilateral_dev_bank, is_parent_flag, is_public_sector_entity, is_regulated_entity, is_sovereign, lei_code, lgd_unsecured, pd_annual, regulatory_counterparty_type, y14_obligor_type, effective_start_date, effective_end_date, is_current_flag) VALUES (2833, 'Hanjin Semiconductor Corp.', 'CORPORATE', 'KR', 'CORP', 2, 'CORPORATE', '5', 'C&I_FOREIGN', 'BBB', 'Baa2', 'BBB+', 'NON_FINANCIAL', '5', 'N', 'N', 'N', 'N', 'N', 'N', 'N', 'N', 'N', '529900MDWE1X7GIS0H4T', 0.45, 0.0057, 'CORPORATE', 'LARGE_CORPORATE', '2020-01-01', NULL, 'Y');
INSERT INTO l1.counterparty (counterparty_id, legal_name, counterparty_type, country_code, entity_type_code, industry_id, basel_asset_class, basel_risk_grade, call_report_counterparty_type, external_rating_fitch, external_rating_moodys, external_rating_sp, fr2590_counterparty_type, internal_risk_rating, is_affiliated, is_central_counterparty, is_financial_institution, is_insider, is_multilateral_dev_bank, is_parent_flag, is_public_sector_entity, is_regulated_entity, is_sovereign, lei_code, lgd_unsecured, pd_annual, regulatory_counterparty_type, y14_obligor_type, effective_start_date, effective_end_date, is_current_flag) VALUES (2834, 'Seoul Display Technologies Ltd.', 'CORPORATE', 'KR', 'CORP', 2, 'CORPORATE', '5', 'C&I_FOREIGN', 'BBB-', 'Baa3', 'BBB-', 'NON_FINANCIAL', '6', 'N', 'N', 'N', 'N', 'N', 'N', 'N', 'N', 'N', '529900HMAMO1SGXZO59C', 0.48, 0.012, 'CORPORATE', 'LARGE_CORPORATE', '2020-01-01', NULL, 'Y');
INSERT INTO l1.counterparty (counterparty_id, legal_name, counterparty_type, country_code, entity_type_code, industry_id, basel_asset_class, basel_risk_grade, call_report_counterparty_type, external_rating_fitch, external_rating_moodys, external_rating_sp, fr2590_counterparty_type, internal_risk_rating, is_affiliated, is_central_counterparty, is_financial_institution, is_insider, is_multilateral_dev_bank, is_parent_flag, is_public_sector_entity, is_regulated_entity, is_sovereign, lei_code, lgd_unsecured, pd_annual, regulatory_counterparty_type, y14_obligor_type, effective_start_date, effective_end_date, is_current_flag) VALUES (2835, 'Daegu Memory Solutions Co., Ltd.', 'CORPORATE', 'KR', 'CORP', 2, 'CORPORATE', '6', 'C&I_FOREIGN', 'BB-', 'Ba3', 'BB', 'NON_FINANCIAL', '7', 'N', 'N', 'N', 'N', 'N', 'N', 'N', 'N', 'N', '5299001YYALIIVU4G9FU', 0.55, 0.0179, 'CORPORATE', 'LARGE_CORPORATE', '2020-01-01', NULL, 'Y');

-- ────────────────────────────────────────
-- l1.credit_agreement_master (3 rows)
-- ────────────────────────────────────────
INSERT INTO l1.credit_agreement_master (credit_agreement_id, borrower_counterparty_id, lender_legal_entity_id, agreement_type, status_code, agreement_reference, currency_code, origination_date, maturity_date, effective_start_date, effective_end_date, is_current_flag) VALUES (2293, 2833, 8, 'SYNDICATED', 'ACTIVE', 'CA-2022-02293-KRW', 'KRW', '2022-06-06', '2028-06-06', '2024-01-01', NULL, 'Y');
INSERT INTO l1.credit_agreement_master (credit_agreement_id, borrower_counterparty_id, lender_legal_entity_id, agreement_type, status_code, agreement_reference, currency_code, origination_date, maturity_date, effective_start_date, effective_end_date, is_current_flag) VALUES (2294, 2834, 10, 'SYNDICATED', 'ACTIVE', 'CA-2021-02294-KRW', 'KRW', '2021-10-04', '2027-10-04', '2024-01-01', NULL, 'Y');
INSERT INTO l1.credit_agreement_master (credit_agreement_id, borrower_counterparty_id, lender_legal_entity_id, agreement_type, status_code, agreement_reference, currency_code, origination_date, maturity_date, effective_start_date, effective_end_date, is_current_flag) VALUES (2295, 2835, 5, 'SYNDICATED', 'ACTIVE', 'CA-2020-02295-KRW', 'KRW', '2020-02-12', '2024-02-12', '2024-01-01', NULL, 'Y');

-- ────────────────────────────────────────
-- l1.facility_master (9 rows)
-- ────────────────────────────────────────
INSERT INTO l1.facility_master (facility_id, credit_agreement_id, counterparty_id, facility_name, facility_type, facility_status, committed_facility_amt, currency_code, origination_date, maturity_date, portfolio_id, industry_code, lob_segment_id, product_node_id, rate_index_id, ledger_account_id, product_id, region_code, interest_rate_type, interest_rate_reference, interest_rate_spread_bps, all_in_rate_pct, day_count_convention, amortization_type, revolving_flag, active_flag, facility_reference, payment_frequency, effective_start_date, effective_end_date, is_current_flag) VALUES (8291, 2293, 2833, 'Hanjin — KRW Revolver 2026-A', 'REVOLVING_CREDIT', 'ACTIVE', 1179455103, 'KRW', '2020-06-28', '2026-06-28', 1, 'TMT', 75, 2, 5, 5, 4, 'APAC', 'FLOATING', 'SOFR', 268, 6.66, 'ACT/360', 'BULLET', 'Y', 'Y', 'FAC-2020-08291-A', 'QUARTERLY', '2024-01-01', NULL, 'Y');
INSERT INTO l1.facility_master (facility_id, credit_agreement_id, counterparty_id, facility_name, facility_type, facility_status, committed_facility_amt, currency_code, origination_date, maturity_date, portfolio_id, industry_code, lob_segment_id, product_node_id, rate_index_id, ledger_account_id, product_id, region_code, interest_rate_type, interest_rate_reference, interest_rate_spread_bps, all_in_rate_pct, day_count_convention, amortization_type, revolving_flag, active_flag, facility_reference, payment_frequency, effective_start_date, effective_end_date, is_current_flag) VALUES (8292, 2293, 2833, 'Hanjin — KRW Term Loan 2026-B', 'TERM_LOAN', 'ACTIVE', 1769182655, 'KRW', '2020-06-28', '2026-06-28', 6, 'TMT', 76, 8, 1, 6, 2, 'APAC', 'FIXED', 'SOFR', 268, 6.46, 'ACT/360', 'AMORTIZING', 'N', 'Y', 'FAC-2020-08292-B', 'QUARTERLY', '2024-01-01', NULL, 'Y');
INSERT INTO l1.facility_master (facility_id, credit_agreement_id, counterparty_id, facility_name, facility_type, facility_status, committed_facility_amt, currency_code, origination_date, maturity_date, portfolio_id, industry_code, lob_segment_id, product_node_id, rate_index_id, ledger_account_id, product_id, region_code, interest_rate_type, interest_rate_reference, interest_rate_spread_bps, all_in_rate_pct, day_count_convention, amortization_type, revolving_flag, active_flag, facility_reference, payment_frequency, effective_start_date, effective_end_date, is_current_flag) VALUES (8293, 2293, 2833, 'Hanjin — KRW L/C 2026-C', 'LETTER_OF_CREDIT', 'ACTIVE', 982879253, 'KRW', '2020-06-28', '2026-06-28', 5, 'TMT', 77, 10, 2, 3, 1, 'APAC', 'FLOATING', 'SOFR', 268, 6.16, 'ACT/360', 'BULLET', 'N', 'Y', 'FAC-2020-08293-C', 'QUARTERLY', '2024-01-01', NULL, 'Y');
INSERT INTO l1.facility_master (facility_id, credit_agreement_id, counterparty_id, facility_name, facility_type, facility_status, committed_facility_amt, currency_code, origination_date, maturity_date, portfolio_id, industry_code, lob_segment_id, product_node_id, rate_index_id, ledger_account_id, product_id, region_code, interest_rate_type, interest_rate_reference, interest_rate_spread_bps, all_in_rate_pct, day_count_convention, amortization_type, revolving_flag, active_flag, facility_reference, payment_frequency, effective_start_date, effective_end_date, is_current_flag) VALUES (8294, 2294, 2834, 'Seoul — KRW Revolver 2025-A', 'REVOLVING_CREDIT', 'ACTIVE', 68918936, 'KRW', '2020-09-25', '2025-09-25', 10, 'TMT', 78, 5, 4, 8, 3, 'APAC', 'FLOATING', 'SOFR', 448, 7.01, 'ACT/360', 'BULLET', 'Y', 'Y', 'FAC-2020-08294-A', 'QUARTERLY', '2024-01-01', NULL, 'Y');
INSERT INTO l1.facility_master (facility_id, credit_agreement_id, counterparty_id, facility_name, facility_type, facility_status, committed_facility_amt, currency_code, origination_date, maturity_date, portfolio_id, industry_code, lob_segment_id, product_node_id, rate_index_id, ledger_account_id, product_id, region_code, interest_rate_type, interest_rate_reference, interest_rate_spread_bps, all_in_rate_pct, day_count_convention, amortization_type, revolving_flag, active_flag, facility_reference, payment_frequency, effective_start_date, effective_end_date, is_current_flag) VALUES (8295, 2294, 2834, 'Seoul — KRW Term Loan 2025-B', 'TERM_LOAN', 'ACTIVE', 103378404, 'KRW', '2020-09-25', '2025-09-25', 2, 'TMT', 79, 2, 2, 8, 3, 'APAC', 'FIXED', 'SOFR', 448, 8.04, 'ACT/365', 'BULLET', 'N', 'Y', 'FAC-2020-08295-B', 'QUARTERLY', '2024-01-01', NULL, 'Y');
INSERT INTO l1.facility_master (facility_id, credit_agreement_id, counterparty_id, facility_name, facility_type, facility_status, committed_facility_amt, currency_code, origination_date, maturity_date, portfolio_id, industry_code, lob_segment_id, product_node_id, rate_index_id, ledger_account_id, product_id, region_code, interest_rate_type, interest_rate_reference, interest_rate_spread_bps, all_in_rate_pct, day_count_convention, amortization_type, revolving_flag, active_flag, facility_reference, payment_frequency, effective_start_date, effective_end_date, is_current_flag) VALUES (8296, 2294, 2834, 'Seoul — KRW L/C 2025-C', 'LETTER_OF_CREDIT', 'ACTIVE', 57432447, 'KRW', '2020-09-25', '2025-09-25', 2, 'TMT', 80, 1, 3, 1, 5, 'APAC', 'FLOATING', 'SOFR', 448, 7.55, 'ACT/360', 'AMORTIZING', 'N', 'Y', 'FAC-2020-08296-C', 'MONTHLY', '2024-01-01', NULL, 'Y');
INSERT INTO l1.facility_master (facility_id, credit_agreement_id, counterparty_id, facility_name, facility_type, facility_status, committed_facility_amt, currency_code, origination_date, maturity_date, portfolio_id, industry_code, lob_segment_id, product_node_id, rate_index_id, ledger_account_id, product_id, region_code, interest_rate_type, interest_rate_reference, interest_rate_spread_bps, all_in_rate_pct, day_count_convention, amortization_type, revolving_flag, active_flag, facility_reference, payment_frequency, effective_start_date, effective_end_date, is_current_flag) VALUES (8297, 2295, 2835, 'Daegu — KRW Revolver 2028-A', 'REVOLVING_CREDIT', 'ACTIVE', 125425411, 'KRW', '2022-11-12', '2028-11-12', 9, 'TMT', 81, 5, 1, 3, 5, 'APAC', 'FLOATING', 'SOFR', 1016, 12.72, 'ACT/360', 'BULLET', 'Y', 'Y', 'FAC-2022-08297-A', 'QUARTERLY', '2024-01-01', NULL, 'Y');
INSERT INTO l1.facility_master (facility_id, credit_agreement_id, counterparty_id, facility_name, facility_type, facility_status, committed_facility_amt, currency_code, origination_date, maturity_date, portfolio_id, industry_code, lob_segment_id, product_node_id, rate_index_id, ledger_account_id, product_id, region_code, interest_rate_type, interest_rate_reference, interest_rate_spread_bps, all_in_rate_pct, day_count_convention, amortization_type, revolving_flag, active_flag, facility_reference, payment_frequency, effective_start_date, effective_end_date, is_current_flag) VALUES (8298, 2295, 2835, 'Daegu — KRW Term Loan 2028-B', 'TERM_LOAN', 'ACTIVE', 188138116, 'KRW', '2022-11-12', '2028-11-12', 9, 'TMT', 82, 6, 2, 7, 1, 'APAC', 'FIXED', 'SOFR', 1016, 13.95, 'ACT/365', 'BULLET', 'N', 'Y', 'FAC-2022-08298-B', 'QUARTERLY', '2024-01-01', NULL, 'Y');
INSERT INTO l1.facility_master (facility_id, credit_agreement_id, counterparty_id, facility_name, facility_type, facility_status, committed_facility_amt, currency_code, origination_date, maturity_date, portfolio_id, industry_code, lob_segment_id, product_node_id, rate_index_id, ledger_account_id, product_id, region_code, interest_rate_type, interest_rate_reference, interest_rate_spread_bps, all_in_rate_pct, day_count_convention, amortization_type, revolving_flag, active_flag, facility_reference, payment_frequency, effective_start_date, effective_end_date, is_current_flag) VALUES (8299, 2295, 2835, 'Daegu — KRW L/C 2028-C', 'LETTER_OF_CREDIT', 'ACTIVE', 104521176, 'KRW', '2022-11-12', '2028-11-12', 10, 'TMT', 83, 7, 1, 7, 2, 'APAC', 'FLOATING', 'SOFR', 1016, 13, 'ACT/360', 'BULLET', 'N', 'Y', 'FAC-2022-08299-C', 'QUARTERLY', '2024-01-01', NULL, 'Y');

-- ────────────────────────────────────────
-- l1.facility_lender_allocation (9 rows)
-- ────────────────────────────────────────
INSERT INTO l1.facility_lender_allocation (lender_allocation_id, facility_id, legal_entity_id, allocation_role, bank_share_pct, is_current_flag, effective_start_date, effective_end_date) VALUES (100148, 8291, 5, 'LEAD_ARRANGER', 1, 'Y', '2020-06-28', NULL);
INSERT INTO l1.facility_lender_allocation (lender_allocation_id, facility_id, legal_entity_id, allocation_role, bank_share_pct, is_current_flag, effective_start_date, effective_end_date) VALUES (100149, 8292, 1, 'LEAD_ARRANGER', 1, 'Y', '2020-06-28', NULL);
INSERT INTO l1.facility_lender_allocation (lender_allocation_id, facility_id, legal_entity_id, allocation_role, bank_share_pct, is_current_flag, effective_start_date, effective_end_date) VALUES (100150, 8293, 3, 'LEAD_ARRANGER', 1, 'Y', '2020-06-28', NULL);
INSERT INTO l1.facility_lender_allocation (lender_allocation_id, facility_id, legal_entity_id, allocation_role, bank_share_pct, is_current_flag, effective_start_date, effective_end_date) VALUES (100151, 8294, 1, 'LEAD_ARRANGER', 1, 'Y', '2020-09-25', NULL);
INSERT INTO l1.facility_lender_allocation (lender_allocation_id, facility_id, legal_entity_id, allocation_role, bank_share_pct, is_current_flag, effective_start_date, effective_end_date) VALUES (100152, 8295, 1, 'LEAD_ARRANGER', 1, 'Y', '2020-09-25', NULL);
INSERT INTO l1.facility_lender_allocation (lender_allocation_id, facility_id, legal_entity_id, allocation_role, bank_share_pct, is_current_flag, effective_start_date, effective_end_date) VALUES (100153, 8296, 1, 'LEAD_ARRANGER', 1, 'Y', '2020-09-25', NULL);
INSERT INTO l1.facility_lender_allocation (lender_allocation_id, facility_id, legal_entity_id, allocation_role, bank_share_pct, is_current_flag, effective_start_date, effective_end_date) VALUES (100154, 8297, 3, 'LEAD_ARRANGER', 1, 'Y', '2022-11-12', NULL);
INSERT INTO l1.facility_lender_allocation (lender_allocation_id, facility_id, legal_entity_id, allocation_role, bank_share_pct, is_current_flag, effective_start_date, effective_end_date) VALUES (100155, 8298, 1, 'LEAD_ARRANGER', 1, 'Y', '2022-11-12', NULL);
INSERT INTO l1.facility_lender_allocation (lender_allocation_id, facility_id, legal_entity_id, allocation_role, bank_share_pct, is_current_flag, effective_start_date, effective_end_date) VALUES (100156, 8299, 1, 'LEAD_ARRANGER', 1, 'Y', '2022-11-12', NULL);

-- ────────────────────────────────────────
-- l2.facility_exposure_snapshot (27 rows)
-- ────────────────────────────────────────
INSERT INTO l2.facility_exposure_snapshot (facility_exposure_id, facility_id, counterparty_id, as_of_date, exposure_type_id, drawn_amount, committed_amount, undrawn_amount, currency_code, limit_status_code) VALUES (200442, 8291, 2833, '2024-11-30', 1, 943564082, 1179455103, 235891021, 'KRW', 'WITHIN_LIMIT');
INSERT INTO l2.facility_exposure_snapshot (facility_exposure_id, facility_id, counterparty_id, as_of_date, exposure_type_id, drawn_amount, committed_amount, undrawn_amount, currency_code, limit_status_code) VALUES (200443, 8291, 2833, '2024-12-31', 1, 1002536838, 1179455103, 176918265, 'KRW', 'WITHIN_LIMIT');
INSERT INTO l2.facility_exposure_snapshot (facility_exposure_id, facility_id, counterparty_id, as_of_date, exposure_type_id, drawn_amount, committed_amount, undrawn_amount, currency_code, limit_status_code) VALUES (200444, 8291, 2833, '2025-01-31', 1, 967153184, 1179455103, 212301919, 'KRW', 'WITHIN_LIMIT');
INSERT INTO l2.facility_exposure_snapshot (facility_exposure_id, facility_id, counterparty_id, as_of_date, exposure_type_id, drawn_amount, committed_amount, undrawn_amount, currency_code, limit_status_code) VALUES (200445, 8292, 2833, '2024-11-30', 1, 1415346124, 1769182655, 353836531, 'KRW', 'WITHIN_LIMIT');
INSERT INTO l2.facility_exposure_snapshot (facility_exposure_id, facility_id, counterparty_id, as_of_date, exposure_type_id, drawn_amount, committed_amount, undrawn_amount, currency_code, limit_status_code) VALUES (200446, 8292, 2833, '2024-12-31', 1, 1503805257, 1769182655, 265377398, 'KRW', 'WITHIN_LIMIT');
INSERT INTO l2.facility_exposure_snapshot (facility_exposure_id, facility_id, counterparty_id, as_of_date, exposure_type_id, drawn_amount, committed_amount, undrawn_amount, currency_code, limit_status_code) VALUES (200447, 8292, 2833, '2025-01-31', 1, 1450729777, 1769182655, 318452878, 'KRW', 'WITHIN_LIMIT');
INSERT INTO l2.facility_exposure_snapshot (facility_exposure_id, facility_id, counterparty_id, as_of_date, exposure_type_id, drawn_amount, committed_amount, undrawn_amount, currency_code, limit_status_code) VALUES (200448, 8293, 2833, '2024-11-30', 1, 786303402, 982879253, 196575851, 'KRW', 'WITHIN_LIMIT');
INSERT INTO l2.facility_exposure_snapshot (facility_exposure_id, facility_id, counterparty_id, as_of_date, exposure_type_id, drawn_amount, committed_amount, undrawn_amount, currency_code, limit_status_code) VALUES (200449, 8293, 2833, '2024-12-31', 1, 835447365, 982879253, 147431888, 'KRW', 'WITHIN_LIMIT');
INSERT INTO l2.facility_exposure_snapshot (facility_exposure_id, facility_id, counterparty_id, as_of_date, exposure_type_id, drawn_amount, committed_amount, undrawn_amount, currency_code, limit_status_code) VALUES (200450, 8293, 2833, '2025-01-31', 1, 805960987, 982879253, 176918266, 'KRW', 'WITHIN_LIMIT');
INSERT INTO l2.facility_exposure_snapshot (facility_exposure_id, facility_id, counterparty_id, as_of_date, exposure_type_id, drawn_amount, committed_amount, undrawn_amount, currency_code, limit_status_code) VALUES (200451, 8294, 2834, '2024-11-30', 1, 53756770, 68918936, 15162166, 'KRW', 'WITHIN_LIMIT');
INSERT INTO l2.facility_exposure_snapshot (facility_exposure_id, facility_id, counterparty_id, as_of_date, exposure_type_id, drawn_amount, committed_amount, undrawn_amount, currency_code, limit_status_code) VALUES (200452, 8294, 2834, '2024-12-31', 1, 48243255, 68918936, 20675681, 'KRW', 'WITHIN_LIMIT');
INSERT INTO l2.facility_exposure_snapshot (facility_exposure_id, facility_id, counterparty_id, as_of_date, exposure_type_id, drawn_amount, committed_amount, undrawn_amount, currency_code, limit_status_code) VALUES (200453, 8294, 2834, '2025-01-31', 1, 42729740, 68918936, 26189196, 'KRW', 'WITHIN_LIMIT');
INSERT INTO l2.facility_exposure_snapshot (facility_exposure_id, facility_id, counterparty_id, as_of_date, exposure_type_id, drawn_amount, committed_amount, undrawn_amount, currency_code, limit_status_code) VALUES (200454, 8295, 2834, '2024-11-30', 1, 80635155, 103378404, 22743249, 'KRW', 'WITHIN_LIMIT');
INSERT INTO l2.facility_exposure_snapshot (facility_exposure_id, facility_id, counterparty_id, as_of_date, exposure_type_id, drawn_amount, committed_amount, undrawn_amount, currency_code, limit_status_code) VALUES (200455, 8295, 2834, '2024-12-31', 1, 72364883, 103378404, 31013521, 'KRW', 'WITHIN_LIMIT');
INSERT INTO l2.facility_exposure_snapshot (facility_exposure_id, facility_id, counterparty_id, as_of_date, exposure_type_id, drawn_amount, committed_amount, undrawn_amount, currency_code, limit_status_code) VALUES (200456, 8295, 2834, '2025-01-31', 1, 64094610, 103378404, 39283794, 'KRW', 'WITHIN_LIMIT');
INSERT INTO l2.facility_exposure_snapshot (facility_exposure_id, facility_id, counterparty_id, as_of_date, exposure_type_id, drawn_amount, committed_amount, undrawn_amount, currency_code, limit_status_code) VALUES (200457, 8296, 2834, '2024-11-30', 1, 44797309, 57432447, 12635138, 'KRW', 'WITHIN_LIMIT');
INSERT INTO l2.facility_exposure_snapshot (facility_exposure_id, facility_id, counterparty_id, as_of_date, exposure_type_id, drawn_amount, committed_amount, undrawn_amount, currency_code, limit_status_code) VALUES (200458, 8296, 2834, '2024-12-31', 1, 40202713, 57432447, 17229734, 'KRW', 'WITHIN_LIMIT');
INSERT INTO l2.facility_exposure_snapshot (facility_exposure_id, facility_id, counterparty_id, as_of_date, exposure_type_id, drawn_amount, committed_amount, undrawn_amount, currency_code, limit_status_code) VALUES (200459, 8296, 2834, '2025-01-31', 1, 35608117, 57432447, 21824330, 'KRW', 'WITHIN_LIMIT');
INSERT INTO l2.facility_exposure_snapshot (facility_exposure_id, facility_id, counterparty_id, as_of_date, exposure_type_id, drawn_amount, committed_amount, undrawn_amount, currency_code, limit_status_code) VALUES (200460, 8297, 2835, '2024-11-30', 1, 100340329, 125425411, 25085082, 'KRW', 'WITHIN_LIMIT');
INSERT INTO l2.facility_exposure_snapshot (facility_exposure_id, facility_id, counterparty_id, as_of_date, exposure_type_id, drawn_amount, committed_amount, undrawn_amount, currency_code, limit_status_code) VALUES (200461, 8297, 2835, '2024-12-31', 1, 106611599, 125425411, 18813812, 'KRW', 'WITHIN_LIMIT');
INSERT INTO l2.facility_exposure_snapshot (facility_exposure_id, facility_id, counterparty_id, as_of_date, exposure_type_id, drawn_amount, committed_amount, undrawn_amount, currency_code, limit_status_code) VALUES (200462, 8297, 2835, '2025-01-31', 1, 102848837, 125425411, 22576574, 'KRW', 'WITHIN_LIMIT');
INSERT INTO l2.facility_exposure_snapshot (facility_exposure_id, facility_id, counterparty_id, as_of_date, exposure_type_id, drawn_amount, committed_amount, undrawn_amount, currency_code, limit_status_code) VALUES (200463, 8298, 2835, '2024-11-30', 1, 150510493, 188138116, 37627623, 'KRW', 'WITHIN_LIMIT');
INSERT INTO l2.facility_exposure_snapshot (facility_exposure_id, facility_id, counterparty_id, as_of_date, exposure_type_id, drawn_amount, committed_amount, undrawn_amount, currency_code, limit_status_code) VALUES (200464, 8298, 2835, '2024-12-31', 1, 159917399, 188138116, 28220717, 'KRW', 'WITHIN_LIMIT');
INSERT INTO l2.facility_exposure_snapshot (facility_exposure_id, facility_id, counterparty_id, as_of_date, exposure_type_id, drawn_amount, committed_amount, undrawn_amount, currency_code, limit_status_code) VALUES (200465, 8298, 2835, '2025-01-31', 1, 154273255, 188138116, 33864861, 'KRW', 'WITHIN_LIMIT');
INSERT INTO l2.facility_exposure_snapshot (facility_exposure_id, facility_id, counterparty_id, as_of_date, exposure_type_id, drawn_amount, committed_amount, undrawn_amount, currency_code, limit_status_code) VALUES (200466, 8299, 2835, '2024-11-30', 1, 83616941, 104521176, 20904235, 'KRW', 'WITHIN_LIMIT');
INSERT INTO l2.facility_exposure_snapshot (facility_exposure_id, facility_id, counterparty_id, as_of_date, exposure_type_id, drawn_amount, committed_amount, undrawn_amount, currency_code, limit_status_code) VALUES (200467, 8299, 2835, '2024-12-31', 1, 88843000, 104521176, 15678176, 'KRW', 'WITHIN_LIMIT');
INSERT INTO l2.facility_exposure_snapshot (facility_exposure_id, facility_id, counterparty_id, as_of_date, exposure_type_id, drawn_amount, committed_amount, undrawn_amount, currency_code, limit_status_code) VALUES (200468, 8299, 2835, '2025-01-31', 1, 85707364, 104521176, 18813812, 'KRW', 'WITHIN_LIMIT');

-- ────────────────────────────────────────
-- l2.counterparty_rating_observation (18 rows)
-- ────────────────────────────────────────
INSERT INTO l2.counterparty_rating_observation (observation_id, counterparty_id, as_of_date, rating_type, rating_value, rating_grade_id, is_internal_flag, pd_implied, rating_source_id) VALUES (50121, 2833, '2024-11-30', 'INTERNAL', 0, 5, 'Y', '0.0054', 1);
INSERT INTO l2.counterparty_rating_observation (observation_id, counterparty_id, as_of_date, rating_type, rating_value, rating_grade_id, is_internal_flag, pd_implied, rating_source_id) VALUES (50122, 2833, '2024-11-30', 'EXTERNAL_MOODYS', 0, 3, 'N', '0.0059', 2);
INSERT INTO l2.counterparty_rating_observation (observation_id, counterparty_id, as_of_date, rating_type, rating_value, rating_grade_id, is_internal_flag, pd_implied, rating_source_id) VALUES (50123, 2833, '2024-12-31', 'INTERNAL', 0, 5, 'Y', '0.0066', 1);
INSERT INTO l2.counterparty_rating_observation (observation_id, counterparty_id, as_of_date, rating_type, rating_value, rating_grade_id, is_internal_flag, pd_implied, rating_source_id) VALUES (50124, 2833, '2024-12-31', 'EXTERNAL_MOODYS', 0, 4, 'N', '0.0073', 2);
INSERT INTO l2.counterparty_rating_observation (observation_id, counterparty_id, as_of_date, rating_type, rating_value, rating_grade_id, is_internal_flag, pd_implied, rating_source_id) VALUES (50125, 2833, '2025-01-31', 'INTERNAL', 0, 5, 'Y', '0.006', 1);
INSERT INTO l2.counterparty_rating_observation (observation_id, counterparty_id, as_of_date, rating_type, rating_value, rating_grade_id, is_internal_flag, pd_implied, rating_source_id) VALUES (50126, 2833, '2025-01-31', 'EXTERNAL_MOODYS', 0, 5, 'N', '0.0066', 2);
INSERT INTO l2.counterparty_rating_observation (observation_id, counterparty_id, as_of_date, rating_type, rating_value, rating_grade_id, is_internal_flag, pd_implied, rating_source_id) VALUES (50127, 2834, '2024-11-30', 'INTERNAL', 0, 6, 'Y', '0.014', 1);
INSERT INTO l2.counterparty_rating_observation (observation_id, counterparty_id, as_of_date, rating_type, rating_value, rating_grade_id, is_internal_flag, pd_implied, rating_source_id) VALUES (50128, 2834, '2024-11-30', 'EXTERNAL_MOODYS', 0, 3, 'N', '0.0154', 2);
INSERT INTO l2.counterparty_rating_observation (observation_id, counterparty_id, as_of_date, rating_type, rating_value, rating_grade_id, is_internal_flag, pd_implied, rating_source_id) VALUES (50129, 2834, '2024-12-31', 'INTERNAL', 0, 6, 'Y', '0.0112', 1);
INSERT INTO l2.counterparty_rating_observation (observation_id, counterparty_id, as_of_date, rating_type, rating_value, rating_grade_id, is_internal_flag, pd_implied, rating_source_id) VALUES (50130, 2834, '2024-12-31', 'EXTERNAL_MOODYS', 0, 4, 'N', '0.0123', 2);
INSERT INTO l2.counterparty_rating_observation (observation_id, counterparty_id, as_of_date, rating_type, rating_value, rating_grade_id, is_internal_flag, pd_implied, rating_source_id) VALUES (50131, 2834, '2025-01-31', 'INTERNAL', 0, 6, 'Y', '0.0091', 1);
INSERT INTO l2.counterparty_rating_observation (observation_id, counterparty_id, as_of_date, rating_type, rating_value, rating_grade_id, is_internal_flag, pd_implied, rating_source_id) VALUES (50132, 2834, '2025-01-31', 'EXTERNAL_MOODYS', 0, 4, 'N', '0.01', 2);
INSERT INTO l2.counterparty_rating_observation (observation_id, counterparty_id, as_of_date, rating_type, rating_value, rating_grade_id, is_internal_flag, pd_implied, rating_source_id) VALUES (50133, 2835, '2024-11-30', 'INTERNAL', 0, 7, 'Y', '0.027', 1);
INSERT INTO l2.counterparty_rating_observation (observation_id, counterparty_id, as_of_date, rating_type, rating_value, rating_grade_id, is_internal_flag, pd_implied, rating_source_id) VALUES (50134, 2835, '2024-11-30', 'EXTERNAL_MOODYS', 0, 3, 'N', '0.0297', 2);
INSERT INTO l2.counterparty_rating_observation (observation_id, counterparty_id, as_of_date, rating_type, rating_value, rating_grade_id, is_internal_flag, pd_implied, rating_source_id) VALUES (50135, 2835, '2024-12-31', 'INTERNAL', 0, 7, 'Y', '0.033', 1);
INSERT INTO l2.counterparty_rating_observation (observation_id, counterparty_id, as_of_date, rating_type, rating_value, rating_grade_id, is_internal_flag, pd_implied, rating_source_id) VALUES (50136, 2835, '2024-12-31', 'EXTERNAL_MOODYS', 0, 4, 'N', '0.0363', 2);
INSERT INTO l2.counterparty_rating_observation (observation_id, counterparty_id, as_of_date, rating_type, rating_value, rating_grade_id, is_internal_flag, pd_implied, rating_source_id) VALUES (50137, 2835, '2025-01-31', 'INTERNAL', 0, 7, 'Y', '0.03', 1);
INSERT INTO l2.counterparty_rating_observation (observation_id, counterparty_id, as_of_date, rating_type, rating_value, rating_grade_id, is_internal_flag, pd_implied, rating_source_id) VALUES (50138, 2835, '2025-01-31', 'EXTERNAL_MOODYS', 0, 5, 'N', '0.033', 2);

-- ────────────────────────────────────────
-- l2.credit_event (1 rows)
-- ────────────────────────────────────────
INSERT INTO l2.credit_event (credit_event_id, counterparty_id, credit_event_type_code, event_date, event_summary, event_status) VALUES (5398, 2833, 10, '2024-12-10', 'Fitch downgrades Hanjin from BBB to BBB- on margin compression', 'CONFIRMED');

-- ────────────────────────────────────────
-- l2.credit_event_facility_link (3 rows)
-- ────────────────────────────────────────
INSERT INTO l2.credit_event_facility_link (link_id, credit_event_id, facility_id) VALUES (300031, 5398, 8291);
INSERT INTO l2.credit_event_facility_link (link_id, credit_event_id, facility_id) VALUES (300032, 5398, 8292);
INSERT INTO l2.credit_event_facility_link (link_id, credit_event_id, facility_id) VALUES (300033, 5398, 8293);

-- ────────────────────────────────────────
-- l2.risk_flag (6 rows)
-- ────────────────────────────────────────
INSERT INTO l2.risk_flag (risk_flag_id, facility_id, counterparty_id, flag_type, flag_code, flag_severity, as_of_date, flag_description) VALUES (8041, 8291, 2833, 'WATCH_LIST', 'SECTOR_CYCLE_DOWNTURN', 'HIGH', '2025-01-31', 'Semiconductor order books down 30% — inventory build-up accelerating');
INSERT INTO l2.risk_flag (risk_flag_id, facility_id, counterparty_id, flag_type, flag_code, flag_severity, as_of_date, flag_description) VALUES (8042, 8294, 2834, 'WATCH_LIST', 'SECTOR_CYCLE_DOWNTURN', 'HIGH', '2025-01-31', 'Semiconductor order books down 30% — inventory build-up accelerating');
INSERT INTO l2.risk_flag (risk_flag_id, facility_id, counterparty_id, flag_type, flag_code, flag_severity, as_of_date, flag_description) VALUES (8043, 8297, 2835, 'WATCH_LIST', 'SECTOR_CYCLE_DOWNTURN', 'HIGH', '2025-01-31', 'Semiconductor order books down 30% — inventory build-up accelerating');
INSERT INTO l2.risk_flag (risk_flag_id, facility_id, counterparty_id, flag_type, flag_code, flag_severity, as_of_date, flag_description) VALUES (8044, 8291, 2833, 'WATCH_LIST', 'REVOLVER_FULL_DRAW', 'HIGH', '2025-01-31', 'Seoul Display draws 100% of $400M revolver for capex preservation');
INSERT INTO l2.risk_flag (risk_flag_id, facility_id, counterparty_id, flag_type, flag_code, flag_severity, as_of_date, flag_description) VALUES (8045, 8294, 2834, 'WATCH_LIST', 'REVOLVER_FULL_DRAW', 'HIGH', '2025-01-31', 'Seoul Display draws 100% of $400M revolver for capex preservation');
INSERT INTO l2.risk_flag (risk_flag_id, facility_id, counterparty_id, flag_type, flag_code, flag_severity, as_of_date, flag_description) VALUES (8046, 8297, 2835, 'WATCH_LIST', 'REVOLVER_FULL_DRAW', 'HIGH', '2025-01-31', 'Seoul Display draws 100% of $400M revolver for capex preservation');


-- ═════════════════════════════════════════════════════════════════
-- Scenario S36: Middle East Real Estate Overbuilding
-- Dubai/Abu Dhabi oversupply hits 3 developers — property values down 20%, $800M CRE exposure
-- Generated: 2026-03-10T04:28:27.430Z
-- ═════════════════════════════════════════════════════════════════

SET search_path TO l1, l2, public;

-- ────────────────────────────────────────
-- l1.counterparty (3 rows)
-- ────────────────────────────────────────
INSERT INTO l1.counterparty (counterparty_id, legal_name, counterparty_type, country_code, entity_type_code, industry_id, basel_asset_class, basel_risk_grade, call_report_counterparty_type, external_rating_fitch, external_rating_moodys, external_rating_sp, fr2590_counterparty_type, internal_risk_rating, is_affiliated, is_central_counterparty, is_financial_institution, is_insider, is_multilateral_dev_bank, is_parent_flag, is_public_sector_entity, is_regulated_entity, is_sovereign, lei_code, lgd_unsecured, pd_annual, regulatory_counterparty_type, y14_obligor_type, effective_start_date, effective_end_date, is_current_flag) VALUES (2836, 'Emirates Tower Development PJSC', 'RE_TRUST', 'AE', 'RE', 10, 'CRE', '5', 'CRE_NONFARM', 'BBB-', 'Ba1', 'BB+', 'NON_FINANCIAL', '6', 'N', 'N', 'N', 'N', 'N', 'N', 'N', 'N', 'N', '529900K6J0KBPHI89KAC', 0.48, 0.0091, 'CRE', 'CRE', '2020-01-01', NULL, 'Y');
INSERT INTO l1.counterparty (counterparty_id, legal_name, counterparty_type, country_code, entity_type_code, industry_id, basel_asset_class, basel_risk_grade, call_report_counterparty_type, external_rating_fitch, external_rating_moodys, external_rating_sp, fr2590_counterparty_type, internal_risk_rating, is_affiliated, is_central_counterparty, is_financial_institution, is_insider, is_multilateral_dev_bank, is_parent_flag, is_public_sector_entity, is_regulated_entity, is_sovereign, lei_code, lgd_unsecured, pd_annual, regulatory_counterparty_type, y14_obligor_type, effective_start_date, effective_end_date, is_current_flag) VALUES (2837, 'Gulf Hospitality Properties LLC', 'RE_TRUST', 'AE', 'RE', 10, 'CRE', '7', 'CRE_NONFARM', 'BB-', 'Ba2', 'BB', 'NON_FINANCIAL', '6', 'N', 'N', 'N', 'N', 'N', 'Y', 'N', 'N', 'N', '5299005DQ5EFZIHW9STO', 0.55, 0.0214, 'CRE', 'CRE', '2020-01-01', NULL, 'Y');
INSERT INTO l1.counterparty (counterparty_id, legal_name, counterparty_type, country_code, entity_type_code, industry_id, basel_asset_class, basel_risk_grade, call_report_counterparty_type, external_rating_fitch, external_rating_moodys, external_rating_sp, fr2590_counterparty_type, internal_risk_rating, is_affiliated, is_central_counterparty, is_financial_institution, is_insider, is_multilateral_dev_bank, is_parent_flag, is_public_sector_entity, is_regulated_entity, is_sovereign, lei_code, lgd_unsecured, pd_annual, regulatory_counterparty_type, y14_obligor_type, effective_start_date, effective_end_date, is_current_flag) VALUES (2838, 'Abu Dhabi Commercial Estates Co.', 'RE_TRUST', 'AE', 'RE', 10, 'CRE', '6', 'CRE_NONFARM', 'BBB-', 'Baa3', 'BBB-', 'NON_FINANCIAL', '5', 'N', 'N', 'N', 'N', 'N', 'N', 'N', 'N', 'N', '529900MLPGGSX4DX2TAV', 0.48, 0.0099, 'CRE', 'CRE', '2020-01-01', NULL, 'Y');

-- ────────────────────────────────────────
-- l1.credit_agreement_master (3 rows)
-- ────────────────────────────────────────
INSERT INTO l1.credit_agreement_master (credit_agreement_id, borrower_counterparty_id, lender_legal_entity_id, agreement_type, status_code, agreement_reference, currency_code, origination_date, maturity_date, effective_start_date, effective_end_date, is_current_flag) VALUES (2296, 2836, 9, 'SYNDICATED', 'ACTIVE', 'CA-2021-02296-AED', 'AED', '2021-11-28', '2025-11-28', '2024-01-01', NULL, 'Y');
INSERT INTO l1.credit_agreement_master (credit_agreement_id, borrower_counterparty_id, lender_legal_entity_id, agreement_type, status_code, agreement_reference, currency_code, origination_date, maturity_date, effective_start_date, effective_end_date, is_current_flag) VALUES (2297, 2837, 4, 'SYNDICATED', 'ACTIVE', 'CA-2022-02297-AED', 'AED', '2022-07-09', '2027-07-09', '2024-01-01', NULL, 'Y');
INSERT INTO l1.credit_agreement_master (credit_agreement_id, borrower_counterparty_id, lender_legal_entity_id, agreement_type, status_code, agreement_reference, currency_code, origination_date, maturity_date, effective_start_date, effective_end_date, is_current_flag) VALUES (2298, 2838, 9, 'SYNDICATED', 'ACTIVE', 'CA-2021-02298-AED', 'AED', '2021-03-18', '2026-03-18', '2024-01-01', NULL, 'Y');

-- ────────────────────────────────────────
-- l1.facility_master (9 rows)
-- ────────────────────────────────────────
INSERT INTO l1.facility_master (facility_id, credit_agreement_id, counterparty_id, facility_name, facility_type, facility_status, committed_facility_amt, currency_code, origination_date, maturity_date, portfolio_id, industry_code, lob_segment_id, product_node_id, rate_index_id, ledger_account_id, product_id, region_code, interest_rate_type, interest_rate_reference, interest_rate_spread_bps, all_in_rate_pct, day_count_convention, amortization_type, revolving_flag, active_flag, facility_reference, payment_frequency, effective_start_date, effective_end_date, is_current_flag) VALUES (8300, 2296, 2836, 'Emirates — AED Revolver 2025-A', 'REVOLVING_CREDIT', 'ACTIVE', 919085970, 'AED', '2021-02-02', '2025-02-02', 2, 'RE', 84, 10, 3, 5, 2, 'EMEA', 'FLOATING', 'SOFR', 444, 7.58, 'ACT/360', 'BULLET', 'Y', 'Y', 'FAC-2021-08300-A', 'QUARTERLY', '2024-01-01', NULL, 'Y');
INSERT INTO l1.facility_master (facility_id, credit_agreement_id, counterparty_id, facility_name, facility_type, facility_status, committed_facility_amt, currency_code, origination_date, maturity_date, portfolio_id, industry_code, lob_segment_id, product_node_id, rate_index_id, ledger_account_id, product_id, region_code, interest_rate_type, interest_rate_reference, interest_rate_spread_bps, all_in_rate_pct, day_count_convention, amortization_type, revolving_flag, active_flag, facility_reference, payment_frequency, effective_start_date, effective_end_date, is_current_flag) VALUES (8301, 2296, 2836, 'Emirates — AED Term Loan 2025-B', 'TERM_LOAN', 'ACTIVE', 1378628955, 'AED', '2021-02-02', '2025-02-02', 10, 'RE', 85, 4, 3, 8, 1, 'EMEA', 'FLOATING', 'SOFR', 444, 6.97, 'ACT/360', 'BULLET', 'N', 'Y', 'FAC-2021-08301-B', 'QUARTERLY', '2024-01-01', NULL, 'Y');
INSERT INTO l1.facility_master (facility_id, credit_agreement_id, counterparty_id, facility_name, facility_type, facility_status, committed_facility_amt, currency_code, origination_date, maturity_date, portfolio_id, industry_code, lob_segment_id, product_node_id, rate_index_id, ledger_account_id, product_id, region_code, interest_rate_type, interest_rate_reference, interest_rate_spread_bps, all_in_rate_pct, day_count_convention, amortization_type, revolving_flag, active_flag, facility_reference, payment_frequency, effective_start_date, effective_end_date, is_current_flag) VALUES (8302, 2296, 2836, 'Emirates — AED L/C 2025-C', 'LETTER_OF_CREDIT', 'ACTIVE', 765904975, 'AED', '2021-02-02', '2025-02-02', 9, 'RE', 86, 10, 4, 8, 3, 'EMEA', 'FIXED', 'SOFR', 444, 7.31, 'ACT/365', 'BULLET', 'N', 'Y', 'FAC-2021-08302-C', 'MONTHLY', '2024-01-01', NULL, 'Y');
INSERT INTO l1.facility_master (facility_id, credit_agreement_id, counterparty_id, facility_name, facility_type, facility_status, committed_facility_amt, currency_code, origination_date, maturity_date, portfolio_id, industry_code, lob_segment_id, product_node_id, rate_index_id, ledger_account_id, product_id, region_code, interest_rate_type, interest_rate_reference, interest_rate_spread_bps, all_in_rate_pct, day_count_convention, amortization_type, revolving_flag, active_flag, facility_reference, payment_frequency, effective_start_date, effective_end_date, is_current_flag) VALUES (8303, 2297, 2837, 'Gulf — AED Revolver 2025-A', 'REVOLVING_CREDIT', 'ACTIVE', 134837870, 'AED', '2020-02-24', '2025-02-24', 9, 'RE', 87, 3, 5, 3, 1, 'EMEA', 'FLOATING', 'SOFR', 1022, 13.52, 'ACT/365', 'BULLET', 'Y', 'Y', 'FAC-2020-08303-A', 'QUARTERLY', '2024-01-01', NULL, 'Y');
INSERT INTO l1.facility_master (facility_id, credit_agreement_id, counterparty_id, facility_name, facility_type, facility_status, committed_facility_amt, currency_code, origination_date, maturity_date, portfolio_id, industry_code, lob_segment_id, product_node_id, rate_index_id, ledger_account_id, product_id, region_code, interest_rate_type, interest_rate_reference, interest_rate_spread_bps, all_in_rate_pct, day_count_convention, amortization_type, revolving_flag, active_flag, facility_reference, payment_frequency, effective_start_date, effective_end_date, is_current_flag) VALUES (8304, 2297, 2837, 'Gulf — AED Term Loan 2025-B', 'TERM_LOAN', 'ACTIVE', 202256805, 'AED', '2020-02-24', '2025-02-24', 2, 'RE', 88, 9, 1, 4, 1, 'EMEA', 'FLOATING', 'SOFR', 1022, 13.19, 'ACT/360', 'BULLET', 'N', 'Y', 'FAC-2020-08304-B', 'MONTHLY', '2024-01-01', NULL, 'Y');
INSERT INTO l1.facility_master (facility_id, credit_agreement_id, counterparty_id, facility_name, facility_type, facility_status, committed_facility_amt, currency_code, origination_date, maturity_date, portfolio_id, industry_code, lob_segment_id, product_node_id, rate_index_id, ledger_account_id, product_id, region_code, interest_rate_type, interest_rate_reference, interest_rate_spread_bps, all_in_rate_pct, day_count_convention, amortization_type, revolving_flag, active_flag, facility_reference, payment_frequency, effective_start_date, effective_end_date, is_current_flag) VALUES (8305, 2297, 2837, 'Gulf — AED L/C 2025-C', 'LETTER_OF_CREDIT', 'ACTIVE', 112364892, 'AED', '2020-02-24', '2025-02-24', 9, 'RE', 89, 1, 3, 3, 4, 'EMEA', 'FIXED', 'SOFR', 1022, 13.19, 'ACT/360', 'BULLET', 'N', 'Y', 'FAC-2020-08305-C', 'QUARTERLY', '2024-01-01', NULL, 'Y');
INSERT INTO l1.facility_master (facility_id, credit_agreement_id, counterparty_id, facility_name, facility_type, facility_status, committed_facility_amt, currency_code, origination_date, maturity_date, portfolio_id, industry_code, lob_segment_id, product_node_id, rate_index_id, ledger_account_id, product_id, region_code, interest_rate_type, interest_rate_reference, interest_rate_spread_bps, all_in_rate_pct, day_count_convention, amortization_type, revolving_flag, active_flag, facility_reference, payment_frequency, effective_start_date, effective_end_date, is_current_flag) VALUES (8306, 2298, 2838, 'Abu — AED Revolver 2030-A', 'REVOLVING_CREDIT', 'ACTIVE', 115674966, 'AED', '2024-03-05', '2030-03-05', 9, 'RE', 90, 10, 2, 3, 4, 'EMEA', 'FLOATING', 'SOFR', 457, 8.09, 'ACT/365', 'BULLET', 'Y', 'Y', 'FAC-2024-08306-A', 'QUARTERLY', '2024-01-01', NULL, 'Y');
INSERT INTO l1.facility_master (facility_id, credit_agreement_id, counterparty_id, facility_name, facility_type, facility_status, committed_facility_amt, currency_code, origination_date, maturity_date, portfolio_id, industry_code, lob_segment_id, product_node_id, rate_index_id, ledger_account_id, product_id, region_code, interest_rate_type, interest_rate_reference, interest_rate_spread_bps, all_in_rate_pct, day_count_convention, amortization_type, revolving_flag, active_flag, facility_reference, payment_frequency, effective_start_date, effective_end_date, is_current_flag) VALUES (8307, 2298, 2838, 'Abu — AED Term Loan 2030-B', 'TERM_LOAN', 'ACTIVE', 173512449, 'AED', '2024-03-05', '2030-03-05', 10, 'RE', 91, 5, 2, 1, 1, 'EMEA', 'FLOATING', 'SOFR', 457, 8.21, 'ACT/360', 'BULLET', 'N', 'Y', 'FAC-2024-08307-B', 'MONTHLY', '2024-01-01', NULL, 'Y');
INSERT INTO l1.facility_master (facility_id, credit_agreement_id, counterparty_id, facility_name, facility_type, facility_status, committed_facility_amt, currency_code, origination_date, maturity_date, portfolio_id, industry_code, lob_segment_id, product_node_id, rate_index_id, ledger_account_id, product_id, region_code, interest_rate_type, interest_rate_reference, interest_rate_spread_bps, all_in_rate_pct, day_count_convention, amortization_type, revolving_flag, active_flag, facility_reference, payment_frequency, effective_start_date, effective_end_date, is_current_flag) VALUES (8308, 2298, 2838, 'Abu — AED L/C 2030-C', 'LETTER_OF_CREDIT', 'ACTIVE', 96395805, 'AED', '2024-03-05', '2030-03-05', 2, 'RE', 92, 3, 4, 4, 2, 'EMEA', 'FLOATING', 'SOFR', 457, 7.13, 'ACT/365', 'BULLET', 'N', 'Y', 'FAC-2024-08308-C', 'QUARTERLY', '2024-01-01', NULL, 'Y');

-- ────────────────────────────────────────
-- l1.collateral_asset_master (8 rows)
-- ────────────────────────────────────────
INSERT INTO l1.collateral_asset_master (collateral_asset_id, collateral_type_id, counterparty_id, country_code, currency_code, legal_entity_id, effective_start_date, description) VALUES (50337, 1, 2836, 'AE', 'USD', 1, '2024-01-01', 'Property 1 — Middle East Real Estate Overbuilding');
INSERT INTO l1.collateral_asset_master (collateral_asset_id, collateral_type_id, counterparty_id, country_code, currency_code, legal_entity_id, effective_start_date, description) VALUES (50338, 2, 2837, 'AE', 'USD', 2, '2024-01-01', 'Property 2 — Middle East Real Estate Overbuilding');
INSERT INTO l1.collateral_asset_master (collateral_asset_id, collateral_type_id, counterparty_id, country_code, currency_code, legal_entity_id, effective_start_date, description) VALUES (50339, 3, 2838, 'AE', 'USD', 3, '2024-01-01', 'Property 3 — Middle East Real Estate Overbuilding');
INSERT INTO l1.collateral_asset_master (collateral_asset_id, collateral_type_id, counterparty_id, country_code, currency_code, legal_entity_id, effective_start_date, description) VALUES (50340, 4, 2836, 'AE', 'USD', 4, '2024-01-01', 'Property 4 — Middle East Real Estate Overbuilding');
INSERT INTO l1.collateral_asset_master (collateral_asset_id, collateral_type_id, counterparty_id, country_code, currency_code, legal_entity_id, effective_start_date, description) VALUES (50341, 5, 2837, 'AE', 'USD', 5, '2024-01-01', 'Property 5 — Middle East Real Estate Overbuilding');
INSERT INTO l1.collateral_asset_master (collateral_asset_id, collateral_type_id, counterparty_id, country_code, currency_code, legal_entity_id, effective_start_date, description) VALUES (50342, 6, 2838, 'AE', 'USD', 6, '2024-01-01', 'Property 6 — Middle East Real Estate Overbuilding');
INSERT INTO l1.collateral_asset_master (collateral_asset_id, collateral_type_id, counterparty_id, country_code, currency_code, legal_entity_id, effective_start_date, description) VALUES (50343, 7, 2836, 'AE', 'USD', 7, '2024-01-01', 'Property 7 — Middle East Real Estate Overbuilding');
INSERT INTO l1.collateral_asset_master (collateral_asset_id, collateral_type_id, counterparty_id, country_code, currency_code, legal_entity_id, effective_start_date, description) VALUES (50344, 8, 2837, 'AE', 'USD', 8, '2024-01-01', 'Property 8 — Middle East Real Estate Overbuilding');

-- ────────────────────────────────────────
-- l1.facility_lender_allocation (9 rows)
-- ────────────────────────────────────────
INSERT INTO l1.facility_lender_allocation (lender_allocation_id, facility_id, legal_entity_id, allocation_role, bank_share_pct, is_current_flag, effective_start_date, effective_end_date) VALUES (100157, 8300, 5, 'LEAD_ARRANGER', 1, 'Y', '2021-02-02', NULL);
INSERT INTO l1.facility_lender_allocation (lender_allocation_id, facility_id, legal_entity_id, allocation_role, bank_share_pct, is_current_flag, effective_start_date, effective_end_date) VALUES (100158, 8301, 1, 'LEAD_ARRANGER', 1, 'Y', '2021-02-02', NULL);
INSERT INTO l1.facility_lender_allocation (lender_allocation_id, facility_id, legal_entity_id, allocation_role, bank_share_pct, is_current_flag, effective_start_date, effective_end_date) VALUES (100159, 8302, 1, 'LEAD_ARRANGER', 1, 'Y', '2021-02-02', NULL);
INSERT INTO l1.facility_lender_allocation (lender_allocation_id, facility_id, legal_entity_id, allocation_role, bank_share_pct, is_current_flag, effective_start_date, effective_end_date) VALUES (100160, 8303, 3, 'LEAD_ARRANGER', 1, 'Y', '2020-02-24', NULL);
INSERT INTO l1.facility_lender_allocation (lender_allocation_id, facility_id, legal_entity_id, allocation_role, bank_share_pct, is_current_flag, effective_start_date, effective_end_date) VALUES (100161, 8304, 4, 'LEAD_ARRANGER', 1, 'Y', '2020-02-24', NULL);
INSERT INTO l1.facility_lender_allocation (lender_allocation_id, facility_id, legal_entity_id, allocation_role, bank_share_pct, is_current_flag, effective_start_date, effective_end_date) VALUES (100162, 8305, 3, 'LEAD_ARRANGER', 1, 'Y', '2020-02-24', NULL);
INSERT INTO l1.facility_lender_allocation (lender_allocation_id, facility_id, legal_entity_id, allocation_role, bank_share_pct, is_current_flag, effective_start_date, effective_end_date) VALUES (100163, 8306, 3, 'LEAD_ARRANGER', 1, 'Y', '2024-03-05', NULL);
INSERT INTO l1.facility_lender_allocation (lender_allocation_id, facility_id, legal_entity_id, allocation_role, bank_share_pct, is_current_flag, effective_start_date, effective_end_date) VALUES (100164, 8307, 1, 'LEAD_ARRANGER', 1, 'Y', '2024-03-05', NULL);
INSERT INTO l1.facility_lender_allocation (lender_allocation_id, facility_id, legal_entity_id, allocation_role, bank_share_pct, is_current_flag, effective_start_date, effective_end_date) VALUES (100165, 8308, 4, 'LEAD_ARRANGER', 1, 'Y', '2024-03-05', NULL);

-- ────────────────────────────────────────
-- l2.facility_exposure_snapshot (27 rows)
-- ────────────────────────────────────────
INSERT INTO l2.facility_exposure_snapshot (facility_exposure_id, facility_id, counterparty_id, as_of_date, exposure_type_id, drawn_amount, committed_amount, undrawn_amount, currency_code, limit_status_code) VALUES (200469, 8300, 2836, '2024-11-30', 1, 735268776, 919085970, 183817194, 'AED', 'WITHIN_LIMIT');
INSERT INTO l2.facility_exposure_snapshot (facility_exposure_id, facility_id, counterparty_id, as_of_date, exposure_type_id, drawn_amount, committed_amount, undrawn_amount, currency_code, limit_status_code) VALUES (200470, 8300, 2836, '2024-12-31', 1, 781223075, 919085970, 137862895, 'AED', 'WITHIN_LIMIT');
INSERT INTO l2.facility_exposure_snapshot (facility_exposure_id, facility_id, counterparty_id, as_of_date, exposure_type_id, drawn_amount, committed_amount, undrawn_amount, currency_code, limit_status_code) VALUES (200471, 8300, 2836, '2025-01-31', 1, 753650495, 919085970, 165435475, 'AED', 'WITHIN_LIMIT');
INSERT INTO l2.facility_exposure_snapshot (facility_exposure_id, facility_id, counterparty_id, as_of_date, exposure_type_id, drawn_amount, committed_amount, undrawn_amount, currency_code, limit_status_code) VALUES (200472, 8301, 2836, '2024-11-30', 1, 1102903164, 1378628955, 275725791, 'AED', 'WITHIN_LIMIT');
INSERT INTO l2.facility_exposure_snapshot (facility_exposure_id, facility_id, counterparty_id, as_of_date, exposure_type_id, drawn_amount, committed_amount, undrawn_amount, currency_code, limit_status_code) VALUES (200473, 8301, 2836, '2024-12-31', 1, 1171834612, 1378628955, 206794343, 'AED', 'WITHIN_LIMIT');
INSERT INTO l2.facility_exposure_snapshot (facility_exposure_id, facility_id, counterparty_id, as_of_date, exposure_type_id, drawn_amount, committed_amount, undrawn_amount, currency_code, limit_status_code) VALUES (200474, 8301, 2836, '2025-01-31', 1, 1130475743, 1378628955, 248153212, 'AED', 'WITHIN_LIMIT');
INSERT INTO l2.facility_exposure_snapshot (facility_exposure_id, facility_id, counterparty_id, as_of_date, exposure_type_id, drawn_amount, committed_amount, undrawn_amount, currency_code, limit_status_code) VALUES (200475, 8302, 2836, '2024-11-30', 1, 612723980, 765904975, 153180995, 'AED', 'WITHIN_LIMIT');
INSERT INTO l2.facility_exposure_snapshot (facility_exposure_id, facility_id, counterparty_id, as_of_date, exposure_type_id, drawn_amount, committed_amount, undrawn_amount, currency_code, limit_status_code) VALUES (200476, 8302, 2836, '2024-12-31', 1, 651019229, 765904975, 114885746, 'AED', 'WITHIN_LIMIT');
INSERT INTO l2.facility_exposure_snapshot (facility_exposure_id, facility_id, counterparty_id, as_of_date, exposure_type_id, drawn_amount, committed_amount, undrawn_amount, currency_code, limit_status_code) VALUES (200477, 8302, 2836, '2025-01-31', 1, 628042080, 765904975, 137862895, 'AED', 'WITHIN_LIMIT');
INSERT INTO l2.facility_exposure_snapshot (facility_exposure_id, facility_id, counterparty_id, as_of_date, exposure_type_id, drawn_amount, committed_amount, undrawn_amount, currency_code, limit_status_code) VALUES (200478, 8303, 2837, '2024-11-30', 1, 105173539, 134837870, 29664331, 'AED', 'WITHIN_LIMIT');
INSERT INTO l2.facility_exposure_snapshot (facility_exposure_id, facility_id, counterparty_id, as_of_date, exposure_type_id, drawn_amount, committed_amount, undrawn_amount, currency_code, limit_status_code) VALUES (200479, 8303, 2837, '2024-12-31', 1, 94386509, 134837870, 40451361, 'AED', 'WITHIN_LIMIT');
INSERT INTO l2.facility_exposure_snapshot (facility_exposure_id, facility_id, counterparty_id, as_of_date, exposure_type_id, drawn_amount, committed_amount, undrawn_amount, currency_code, limit_status_code) VALUES (200480, 8303, 2837, '2025-01-31', 1, 83599479, 134837870, 51238391, 'AED', 'WITHIN_LIMIT');
INSERT INTO l2.facility_exposure_snapshot (facility_exposure_id, facility_id, counterparty_id, as_of_date, exposure_type_id, drawn_amount, committed_amount, undrawn_amount, currency_code, limit_status_code) VALUES (200481, 8304, 2837, '2024-11-30', 1, 157760308, 202256805, 44496497, 'AED', 'WITHIN_LIMIT');
INSERT INTO l2.facility_exposure_snapshot (facility_exposure_id, facility_id, counterparty_id, as_of_date, exposure_type_id, drawn_amount, committed_amount, undrawn_amount, currency_code, limit_status_code) VALUES (200482, 8304, 2837, '2024-12-31', 1, 141579764, 202256805, 60677041, 'AED', 'WITHIN_LIMIT');
INSERT INTO l2.facility_exposure_snapshot (facility_exposure_id, facility_id, counterparty_id, as_of_date, exposure_type_id, drawn_amount, committed_amount, undrawn_amount, currency_code, limit_status_code) VALUES (200483, 8304, 2837, '2025-01-31', 1, 125399219, 202256805, 76857586, 'AED', 'WITHIN_LIMIT');
INSERT INTO l2.facility_exposure_snapshot (facility_exposure_id, facility_id, counterparty_id, as_of_date, exposure_type_id, drawn_amount, committed_amount, undrawn_amount, currency_code, limit_status_code) VALUES (200484, 8305, 2837, '2024-11-30', 1, 87644616, 112364892, 24720276, 'AED', 'WITHIN_LIMIT');
INSERT INTO l2.facility_exposure_snapshot (facility_exposure_id, facility_id, counterparty_id, as_of_date, exposure_type_id, drawn_amount, committed_amount, undrawn_amount, currency_code, limit_status_code) VALUES (200485, 8305, 2837, '2024-12-31', 1, 78655424, 112364892, 33709468, 'AED', 'WITHIN_LIMIT');
INSERT INTO l2.facility_exposure_snapshot (facility_exposure_id, facility_id, counterparty_id, as_of_date, exposure_type_id, drawn_amount, committed_amount, undrawn_amount, currency_code, limit_status_code) VALUES (200486, 8305, 2837, '2025-01-31', 1, 69666233, 112364892, 42698659, 'AED', 'WITHIN_LIMIT');
INSERT INTO l2.facility_exposure_snapshot (facility_exposure_id, facility_id, counterparty_id, as_of_date, exposure_type_id, drawn_amount, committed_amount, undrawn_amount, currency_code, limit_status_code) VALUES (200487, 8306, 2838, '2024-11-30', 1, 92539973, 115674966, 23134993, 'AED', 'WITHIN_LIMIT');
INSERT INTO l2.facility_exposure_snapshot (facility_exposure_id, facility_id, counterparty_id, as_of_date, exposure_type_id, drawn_amount, committed_amount, undrawn_amount, currency_code, limit_status_code) VALUES (200488, 8306, 2838, '2024-12-31', 1, 98323721, 115674966, 17351245, 'AED', 'WITHIN_LIMIT');
INSERT INTO l2.facility_exposure_snapshot (facility_exposure_id, facility_id, counterparty_id, as_of_date, exposure_type_id, drawn_amount, committed_amount, undrawn_amount, currency_code, limit_status_code) VALUES (200489, 8306, 2838, '2025-01-31', 1, 94853472, 115674966, 20821494, 'AED', 'WITHIN_LIMIT');
INSERT INTO l2.facility_exposure_snapshot (facility_exposure_id, facility_id, counterparty_id, as_of_date, exposure_type_id, drawn_amount, committed_amount, undrawn_amount, currency_code, limit_status_code) VALUES (200490, 8307, 2838, '2024-11-30', 1, 138809959, 173512449, 34702490, 'AED', 'WITHIN_LIMIT');
INSERT INTO l2.facility_exposure_snapshot (facility_exposure_id, facility_id, counterparty_id, as_of_date, exposure_type_id, drawn_amount, committed_amount, undrawn_amount, currency_code, limit_status_code) VALUES (200491, 8307, 2838, '2024-12-31', 1, 147485582, 173512449, 26026867, 'AED', 'WITHIN_LIMIT');
INSERT INTO l2.facility_exposure_snapshot (facility_exposure_id, facility_id, counterparty_id, as_of_date, exposure_type_id, drawn_amount, committed_amount, undrawn_amount, currency_code, limit_status_code) VALUES (200492, 8307, 2838, '2025-01-31', 1, 142280208, 173512449, 31232241, 'AED', 'WITHIN_LIMIT');
INSERT INTO l2.facility_exposure_snapshot (facility_exposure_id, facility_id, counterparty_id, as_of_date, exposure_type_id, drawn_amount, committed_amount, undrawn_amount, currency_code, limit_status_code) VALUES (200493, 8308, 2838, '2024-11-30', 1, 77116644, 96395805, 19279161, 'AED', 'WITHIN_LIMIT');
INSERT INTO l2.facility_exposure_snapshot (facility_exposure_id, facility_id, counterparty_id, as_of_date, exposure_type_id, drawn_amount, committed_amount, undrawn_amount, currency_code, limit_status_code) VALUES (200494, 8308, 2838, '2024-12-31', 1, 81936434, 96395805, 14459371, 'AED', 'WITHIN_LIMIT');
INSERT INTO l2.facility_exposure_snapshot (facility_exposure_id, facility_id, counterparty_id, as_of_date, exposure_type_id, drawn_amount, committed_amount, undrawn_amount, currency_code, limit_status_code) VALUES (200495, 8308, 2838, '2025-01-31', 1, 79044560, 96395805, 17351245, 'AED', 'WITHIN_LIMIT');

-- ────────────────────────────────────────
-- l2.collateral_snapshot (8 rows)
-- ────────────────────────────────────────
INSERT INTO l2.collateral_snapshot (collateral_asset_id, counterparty_id, as_of_date, original_valuation_usd, current_valuation_usd) VALUES (50337, 2836, '2025-01-31', 1102903164, 937467689);
INSERT INTO l2.collateral_snapshot (collateral_asset_id, counterparty_id, as_of_date, original_valuation_usd, current_valuation_usd) VALUES (50338, 2837, '2025-01-31', 161805444, 137534627);
INSERT INTO l2.collateral_snapshot (collateral_asset_id, counterparty_id, as_of_date, original_valuation_usd, current_valuation_usd) VALUES (50339, 2838, '2025-01-31', 138809959, 117988465);
INSERT INTO l2.collateral_snapshot (collateral_asset_id, counterparty_id, as_of_date, original_valuation_usd, current_valuation_usd) VALUES (50340, 2836, '2025-01-31', 1102903164, 937467689);
INSERT INTO l2.collateral_snapshot (collateral_asset_id, counterparty_id, as_of_date, original_valuation_usd, current_valuation_usd) VALUES (50341, 2837, '2025-01-31', 161805444, 137534627);
INSERT INTO l2.collateral_snapshot (collateral_asset_id, counterparty_id, as_of_date, original_valuation_usd, current_valuation_usd) VALUES (50342, 2838, '2025-01-31', 138809959, 117988465);
INSERT INTO l2.collateral_snapshot (collateral_asset_id, counterparty_id, as_of_date, original_valuation_usd, current_valuation_usd) VALUES (50343, 2836, '2025-01-31', 1102903164, 937467689);
INSERT INTO l2.collateral_snapshot (collateral_asset_id, counterparty_id, as_of_date, original_valuation_usd, current_valuation_usd) VALUES (50344, 2837, '2025-01-31', 161805444, 137534627);

-- ────────────────────────────────────────
-- l2.credit_event (1 rows)
-- ────────────────────────────────────────
INSERT INTO l2.credit_event (credit_event_id, counterparty_id, credit_event_type_code, event_date, event_summary, event_status) VALUES (5399, 2836, 4, '2024-12-20', 'Independent valuation shows 20% decline in commercial property portfolio', 'CONFIRMED');

-- ────────────────────────────────────────
-- l2.credit_event_facility_link (3 rows)
-- ────────────────────────────────────────
INSERT INTO l2.credit_event_facility_link (link_id, credit_event_id, facility_id) VALUES (300034, 5399, 8300);
INSERT INTO l2.credit_event_facility_link (link_id, credit_event_id, facility_id) VALUES (300035, 5399, 8301);
INSERT INTO l2.credit_event_facility_link (link_id, credit_event_id, facility_id) VALUES (300036, 5399, 8302);

-- ────────────────────────────────────────
-- l2.risk_flag (9 rows)
-- ────────────────────────────────────────
INSERT INTO l2.risk_flag (risk_flag_id, facility_id, counterparty_id, flag_type, flag_code, flag_severity, as_of_date, flag_description) VALUES (8047, 8300, 2836, 'WATCH_LIST', 'CRE_OVERBUILDING', 'HIGH', '2025-01-31', 'Dubai CRE oversupply — occupancy below 60% across portfolio');
INSERT INTO l2.risk_flag (risk_flag_id, facility_id, counterparty_id, flag_type, flag_code, flag_severity, as_of_date, flag_description) VALUES (8048, 8303, 2837, 'WATCH_LIST', 'CRE_OVERBUILDING', 'HIGH', '2025-01-31', 'Dubai CRE oversupply — occupancy below 60% across portfolio');
INSERT INTO l2.risk_flag (risk_flag_id, facility_id, counterparty_id, flag_type, flag_code, flag_severity, as_of_date, flag_description) VALUES (8049, 8306, 2838, 'WATCH_LIST', 'CRE_OVERBUILDING', 'HIGH', '2025-01-31', 'Dubai CRE oversupply — occupancy below 60% across portfolio');
INSERT INTO l2.risk_flag (risk_flag_id, facility_id, counterparty_id, flag_type, flag_code, flag_severity, as_of_date, flag_description) VALUES (8050, 8300, 2836, 'WATCH_LIST', 'COLLATERAL_COVERAGE_DECLINE', 'HIGH', '2025-01-31', 'Property valuations down 20%, LTV ratios breaching covenants');
INSERT INTO l2.risk_flag (risk_flag_id, facility_id, counterparty_id, flag_type, flag_code, flag_severity, as_of_date, flag_description) VALUES (8051, 8303, 2837, 'WATCH_LIST', 'COLLATERAL_COVERAGE_DECLINE', 'HIGH', '2025-01-31', 'Property valuations down 20%, LTV ratios breaching covenants');
INSERT INTO l2.risk_flag (risk_flag_id, facility_id, counterparty_id, flag_type, flag_code, flag_severity, as_of_date, flag_description) VALUES (8052, 8306, 2838, 'WATCH_LIST', 'COLLATERAL_COVERAGE_DECLINE', 'HIGH', '2025-01-31', 'Property valuations down 20%, LTV ratios breaching covenants');
INSERT INTO l2.risk_flag (risk_flag_id, facility_id, counterparty_id, flag_type, flag_code, flag_severity, as_of_date, flag_description) VALUES (8053, 8300, 2836, 'CONCENTRATION', 'GEOGRAPHIC_CONCENTRATION', 'MEDIUM', '2025-01-31', 'UAE CRE exposure concentrated in 3 related developers');
INSERT INTO l2.risk_flag (risk_flag_id, facility_id, counterparty_id, flag_type, flag_code, flag_severity, as_of_date, flag_description) VALUES (8054, 8303, 2837, 'CONCENTRATION', 'GEOGRAPHIC_CONCENTRATION', 'MEDIUM', '2025-01-31', 'UAE CRE exposure concentrated in 3 related developers');
INSERT INTO l2.risk_flag (risk_flag_id, facility_id, counterparty_id, flag_type, flag_code, flag_severity, as_of_date, flag_description) VALUES (8055, 8306, 2838, 'CONCENTRATION', 'GEOGRAPHIC_CONCENTRATION', 'MEDIUM', '2025-01-31', 'UAE CRE exposure concentrated in 3 related developers');


-- ═════════════════════════════════════════════════════════════════
-- Scenario S37: French Luxury Goods Recovery
-- 3 French luxury firms recover after China demand weakness — utilization declining, flags resolving
-- Generated: 2026-03-10T04:28:27.430Z
-- ═════════════════════════════════════════════════════════════════

SET search_path TO l1, l2, public;

-- ────────────────────────────────────────
-- l1.counterparty (3 rows)
-- ────────────────────────────────────────
INSERT INTO l1.counterparty (counterparty_id, legal_name, counterparty_type, country_code, entity_type_code, industry_id, basel_asset_class, basel_risk_grade, call_report_counterparty_type, external_rating_fitch, external_rating_moodys, external_rating_sp, fr2590_counterparty_type, internal_risk_rating, is_affiliated, is_central_counterparty, is_financial_institution, is_insider, is_multilateral_dev_bank, is_parent_flag, is_public_sector_entity, is_regulated_entity, is_sovereign, lei_code, lgd_unsecured, pd_annual, regulatory_counterparty_type, y14_obligor_type, effective_start_date, effective_end_date, is_current_flag) VALUES (2839, 'Maison Beaumont Luxe SA', 'CORPORATE', 'FR', 'CORP', 6, 'CORPORATE', '3', 'C&I_FOREIGN', 'A', 'A3', 'A', 'NON_FINANCIAL', '3', 'N', 'N', 'N', 'N', 'N', 'N', 'N', 'N', 'N', '9695006R5FJJHECV44IA', 0.42, 0.0022, 'CORPORATE', 'LARGE_CORPORATE', '2020-01-01', NULL, 'Y');
INSERT INTO l1.counterparty (counterparty_id, legal_name, counterparty_type, country_code, entity_type_code, industry_id, basel_asset_class, basel_risk_grade, call_report_counterparty_type, external_rating_fitch, external_rating_moodys, external_rating_sp, fr2590_counterparty_type, internal_risk_rating, is_affiliated, is_central_counterparty, is_financial_institution, is_insider, is_multilateral_dev_bank, is_parent_flag, is_public_sector_entity, is_regulated_entity, is_sovereign, lei_code, lgd_unsecured, pd_annual, regulatory_counterparty_type, y14_obligor_type, effective_start_date, effective_end_date, is_current_flag) VALUES (2840, 'Provence Haute Couture Group SAS', 'CORPORATE', 'FR', 'CORP', 6, 'CORPORATE', '4', 'C&I_FOREIGN', 'BBB+', 'Baa2', 'BBB+', 'NON_FINANCIAL', '4', 'N', 'N', 'N', 'N', 'N', 'N', 'N', 'N', 'N', '96950032AR00RQTKTZTO', 0.45, 0.0031, 'CORPORATE', 'LARGE_CORPORATE', '2020-01-01', NULL, 'Y');
INSERT INTO l1.counterparty (counterparty_id, legal_name, counterparty_type, country_code, entity_type_code, industry_id, basel_asset_class, basel_risk_grade, call_report_counterparty_type, external_rating_fitch, external_rating_moodys, external_rating_sp, fr2590_counterparty_type, internal_risk_rating, is_affiliated, is_central_counterparty, is_financial_institution, is_insider, is_multilateral_dev_bank, is_parent_flag, is_public_sector_entity, is_regulated_entity, is_sovereign, lei_code, lgd_unsecured, pd_annual, regulatory_counterparty_type, y14_obligor_type, effective_start_date, effective_end_date, is_current_flag) VALUES (2841, 'Lyon Artisan Leather Works SA', 'CORPORATE', 'FR', 'CORP', 5, 'CORPORATE', '4', 'C&I_FOREIGN', 'BBB', 'Baa2', 'BBB', 'NON_FINANCIAL', '5', 'N', 'N', 'N', 'N', 'N', 'Y', 'N', 'N', 'N', '969500ZNLTL2ZM6UDHCF', 0.45, 0.0048, 'CORPORATE', 'MIDDLE_MARKET', '2020-01-01', NULL, 'Y');

-- ────────────────────────────────────────
-- l1.credit_agreement_master (3 rows)
-- ────────────────────────────────────────
INSERT INTO l1.credit_agreement_master (credit_agreement_id, borrower_counterparty_id, lender_legal_entity_id, agreement_type, status_code, agreement_reference, currency_code, origination_date, maturity_date, effective_start_date, effective_end_date, is_current_flag) VALUES (2299, 2839, 4, 'SYNDICATED', 'ACTIVE', 'CA-2021-02299-EUR', 'EUR', '2021-12-08', '2026-12-08', '2024-01-01', NULL, 'Y');
INSERT INTO l1.credit_agreement_master (credit_agreement_id, borrower_counterparty_id, lender_legal_entity_id, agreement_type, status_code, agreement_reference, currency_code, origination_date, maturity_date, effective_start_date, effective_end_date, is_current_flag) VALUES (2300, 2840, 7, 'SYNDICATED', 'ACTIVE', 'CA-2020-02300-EUR', 'EUR', '2020-10-04', '2025-10-04', '2024-01-01', NULL, 'Y');
INSERT INTO l1.credit_agreement_master (credit_agreement_id, borrower_counterparty_id, lender_legal_entity_id, agreement_type, status_code, agreement_reference, currency_code, origination_date, maturity_date, effective_start_date, effective_end_date, is_current_flag) VALUES (2301, 2841, 7, 'BILATERAL', 'ACTIVE', 'CA-2021-02301-EUR', 'EUR', '2021-04-03', '2025-04-03', '2024-01-01', NULL, 'Y');

-- ────────────────────────────────────────
-- l1.facility_master (6 rows)
-- ────────────────────────────────────────
INSERT INTO l1.facility_master (facility_id, credit_agreement_id, counterparty_id, facility_name, facility_type, facility_status, committed_facility_amt, currency_code, origination_date, maturity_date, portfolio_id, industry_code, lob_segment_id, product_node_id, rate_index_id, ledger_account_id, product_id, region_code, interest_rate_type, interest_rate_reference, interest_rate_spread_bps, all_in_rate_pct, day_count_convention, amortization_type, revolving_flag, active_flag, facility_reference, payment_frequency, effective_start_date, effective_end_date, is_current_flag) VALUES (8309, 2299, 2839, 'Maison — EUR Revolver 2029-A', 'REVOLVING_CREDIT', 'ACTIVE', 486591817, 'EUR', '2023-12-16', '2029-12-16', 3, 'CS', 93, 5, 3, 1, 1, 'EMEA', 'FLOATING', 'EURIBOR', 163, 4.61, 'ACT/360', 'BULLET', 'Y', 'Y', 'FAC-2023-08309-A', 'MONTHLY', '2024-01-01', NULL, 'Y');
INSERT INTO l1.facility_master (facility_id, credit_agreement_id, counterparty_id, facility_name, facility_type, facility_status, committed_facility_amt, currency_code, origination_date, maturity_date, portfolio_id, industry_code, lob_segment_id, product_node_id, rate_index_id, ledger_account_id, product_id, region_code, interest_rate_type, interest_rate_reference, interest_rate_spread_bps, all_in_rate_pct, day_count_convention, amortization_type, revolving_flag, active_flag, facility_reference, payment_frequency, effective_start_date, effective_end_date, is_current_flag) VALUES (8310, 2299, 2839, 'Maison — EUR Term Loan 2029-B', 'TERM_LOAN', 'ACTIVE', 729887726, 'EUR', '2023-12-16', '2029-12-16', 6, 'CS', 94, 3, 1, 5, 5, 'EMEA', 'FIXED', 'EURIBOR', 163, 4.36, 'ACT/360', 'BULLET', 'N', 'Y', 'FAC-2023-08310-B', 'QUARTERLY', '2024-01-01', NULL, 'Y');
INSERT INTO l1.facility_master (facility_id, credit_agreement_id, counterparty_id, facility_name, facility_type, facility_status, committed_facility_amt, currency_code, origination_date, maturity_date, portfolio_id, industry_code, lob_segment_id, product_node_id, rate_index_id, ledger_account_id, product_id, region_code, interest_rate_type, interest_rate_reference, interest_rate_spread_bps, all_in_rate_pct, day_count_convention, amortization_type, revolving_flag, active_flag, facility_reference, payment_frequency, effective_start_date, effective_end_date, is_current_flag) VALUES (8311, 2300, 2840, 'Provence — EUR Revolver 2027-A', 'REVOLVING_CREDIT', 'ACTIVE', 128025776, 'EUR', '2021-07-11', '2027-07-11', 6, 'CS', 95, 6, 4, 5, 5, 'EMEA', 'FLOATING', 'EURIBOR', 300, 6.99, 'ACT/360', 'BULLET', 'Y', 'Y', 'FAC-2021-08311-A', 'QUARTERLY', '2024-01-01', NULL, 'Y');
INSERT INTO l1.facility_master (facility_id, credit_agreement_id, counterparty_id, facility_name, facility_type, facility_status, committed_facility_amt, currency_code, origination_date, maturity_date, portfolio_id, industry_code, lob_segment_id, product_node_id, rate_index_id, ledger_account_id, product_id, region_code, interest_rate_type, interest_rate_reference, interest_rate_spread_bps, all_in_rate_pct, day_count_convention, amortization_type, revolving_flag, active_flag, facility_reference, payment_frequency, effective_start_date, effective_end_date, is_current_flag) VALUES (8312, 2300, 2840, 'Provence — EUR Term Loan 2027-B', 'TERM_LOAN', 'ACTIVE', 192038664, 'EUR', '2021-07-11', '2027-07-11', 3, 'CS', 96, 4, 2, 8, 1, 'EMEA', 'FIXED', 'EURIBOR', 300, 6.06, 'ACT/360', 'BULLET', 'N', 'Y', 'FAC-2021-08312-B', 'QUARTERLY', '2024-01-01', NULL, 'Y');
INSERT INTO l1.facility_master (facility_id, credit_agreement_id, counterparty_id, facility_name, facility_type, facility_status, committed_facility_amt, currency_code, origination_date, maturity_date, portfolio_id, industry_code, lob_segment_id, product_node_id, rate_index_id, ledger_account_id, product_id, region_code, interest_rate_type, interest_rate_reference, interest_rate_spread_bps, all_in_rate_pct, day_count_convention, amortization_type, revolving_flag, active_flag, facility_reference, payment_frequency, effective_start_date, effective_end_date, is_current_flag) VALUES (8313, 2301, 2841, 'Lyon — EUR Revolver 2027-A', 'REVOLVING_CREDIT', 'ACTIVE', 13398388, 'EUR', '2021-01-23', '2027-01-23', 3, 'IND', 97, 9, 2, 4, 5, 'EMEA', 'FLOATING', 'EURIBOR', 297, 6.54, 'ACT/360', 'BULLET', 'Y', 'Y', 'FAC-2021-08313-A', 'QUARTERLY', '2024-01-01', NULL, 'Y');
INSERT INTO l1.facility_master (facility_id, credit_agreement_id, counterparty_id, facility_name, facility_type, facility_status, committed_facility_amt, currency_code, origination_date, maturity_date, portfolio_id, industry_code, lob_segment_id, product_node_id, rate_index_id, ledger_account_id, product_id, region_code, interest_rate_type, interest_rate_reference, interest_rate_spread_bps, all_in_rate_pct, day_count_convention, amortization_type, revolving_flag, active_flag, facility_reference, payment_frequency, effective_start_date, effective_end_date, is_current_flag) VALUES (8314, 2301, 2841, 'Lyon — EUR Term Loan 2027-B', 'TERM_LOAN', 'ACTIVE', 20097582, 'EUR', '2021-01-23', '2027-01-23', 5, 'IND', 98, 8, 4, 2, 4, 'EMEA', 'FLOATING', 'EURIBOR', 297, 6.65, 'ACT/360', 'AMORTIZING', 'N', 'Y', 'FAC-2021-08314-B', 'QUARTERLY', '2024-01-01', NULL, 'Y');

-- ────────────────────────────────────────
-- l1.facility_lender_allocation (6 rows)
-- ────────────────────────────────────────
INSERT INTO l1.facility_lender_allocation (lender_allocation_id, facility_id, legal_entity_id, allocation_role, bank_share_pct, is_current_flag, effective_start_date, effective_end_date) VALUES (100166, 8309, 1, 'LEAD_ARRANGER', 1, 'Y', '2023-12-16', NULL);
INSERT INTO l1.facility_lender_allocation (lender_allocation_id, facility_id, legal_entity_id, allocation_role, bank_share_pct, is_current_flag, effective_start_date, effective_end_date) VALUES (100167, 8310, 5, 'LEAD_ARRANGER', 1, 'Y', '2023-12-16', NULL);
INSERT INTO l1.facility_lender_allocation (lender_allocation_id, facility_id, legal_entity_id, allocation_role, bank_share_pct, is_current_flag, effective_start_date, effective_end_date) VALUES (100168, 8311, 5, 'LEAD_ARRANGER', 1, 'Y', '2021-07-11', NULL);
INSERT INTO l1.facility_lender_allocation (lender_allocation_id, facility_id, legal_entity_id, allocation_role, bank_share_pct, is_current_flag, effective_start_date, effective_end_date) VALUES (100169, 8312, 1, 'LEAD_ARRANGER', 1, 'Y', '2021-07-11', NULL);
INSERT INTO l1.facility_lender_allocation (lender_allocation_id, facility_id, legal_entity_id, allocation_role, bank_share_pct, is_current_flag, effective_start_date, effective_end_date) VALUES (100170, 8313, 4, 'LEAD_ARRANGER', 1, 'Y', '2021-01-23', NULL);
INSERT INTO l1.facility_lender_allocation (lender_allocation_id, facility_id, legal_entity_id, allocation_role, bank_share_pct, is_current_flag, effective_start_date, effective_end_date) VALUES (100171, 8314, 2, 'LEAD_ARRANGER', 1, 'Y', '2021-01-23', NULL);

-- ────────────────────────────────────────
-- l2.facility_exposure_snapshot (18 rows)
-- ────────────────────────────────────────
INSERT INTO l2.facility_exposure_snapshot (facility_exposure_id, facility_id, counterparty_id, as_of_date, exposure_type_id, drawn_amount, committed_amount, undrawn_amount, currency_code, limit_status_code) VALUES (200496, 8309, 2839, '2024-11-30', 1, 291955090, 486591817, 194636727, 'EUR', 'WITHIN_LIMIT');
INSERT INTO l2.facility_exposure_snapshot (facility_exposure_id, facility_id, counterparty_id, as_of_date, exposure_type_id, drawn_amount, committed_amount, undrawn_amount, currency_code, limit_status_code) VALUES (200497, 8309, 2839, '2024-12-31', 1, 243295909, 486591817, 243295908, 'EUR', 'WITHIN_LIMIT');
INSERT INTO l2.facility_exposure_snapshot (facility_exposure_id, facility_id, counterparty_id, as_of_date, exposure_type_id, drawn_amount, committed_amount, undrawn_amount, currency_code, limit_status_code) VALUES (200498, 8309, 2839, '2025-01-31', 1, 218966318, 486591817, 267625499, 'EUR', 'WITHIN_LIMIT');
INSERT INTO l2.facility_exposure_snapshot (facility_exposure_id, facility_id, counterparty_id, as_of_date, exposure_type_id, drawn_amount, committed_amount, undrawn_amount, currency_code, limit_status_code) VALUES (200499, 8310, 2839, '2024-11-30', 1, 437932636, 729887726, 291955090, 'EUR', 'WITHIN_LIMIT');
INSERT INTO l2.facility_exposure_snapshot (facility_exposure_id, facility_id, counterparty_id, as_of_date, exposure_type_id, drawn_amount, committed_amount, undrawn_amount, currency_code, limit_status_code) VALUES (200500, 8310, 2839, '2024-12-31', 1, 364943863, 729887726, 364943863, 'EUR', 'WITHIN_LIMIT');
INSERT INTO l2.facility_exposure_snapshot (facility_exposure_id, facility_id, counterparty_id, as_of_date, exposure_type_id, drawn_amount, committed_amount, undrawn_amount, currency_code, limit_status_code) VALUES (200501, 8310, 2839, '2025-01-31', 1, 328449477, 729887726, 401438249, 'EUR', 'WITHIN_LIMIT');
INSERT INTO l2.facility_exposure_snapshot (facility_exposure_id, facility_id, counterparty_id, as_of_date, exposure_type_id, drawn_amount, committed_amount, undrawn_amount, currency_code, limit_status_code) VALUES (200502, 8311, 2840, '2024-11-30', 1, 76815466, 128025776, 51210310, 'EUR', 'WITHIN_LIMIT');
INSERT INTO l2.facility_exposure_snapshot (facility_exposure_id, facility_id, counterparty_id, as_of_date, exposure_type_id, drawn_amount, committed_amount, undrawn_amount, currency_code, limit_status_code) VALUES (200503, 8311, 2840, '2024-12-31', 1, 64012888, 128025776, 64012888, 'EUR', 'WITHIN_LIMIT');
INSERT INTO l2.facility_exposure_snapshot (facility_exposure_id, facility_id, counterparty_id, as_of_date, exposure_type_id, drawn_amount, committed_amount, undrawn_amount, currency_code, limit_status_code) VALUES (200504, 8311, 2840, '2025-01-31', 1, 57611599, 128025776, 70414177, 'EUR', 'WITHIN_LIMIT');
INSERT INTO l2.facility_exposure_snapshot (facility_exposure_id, facility_id, counterparty_id, as_of_date, exposure_type_id, drawn_amount, committed_amount, undrawn_amount, currency_code, limit_status_code) VALUES (200505, 8312, 2840, '2024-11-30', 1, 115223198, 192038664, 76815466, 'EUR', 'WITHIN_LIMIT');
INSERT INTO l2.facility_exposure_snapshot (facility_exposure_id, facility_id, counterparty_id, as_of_date, exposure_type_id, drawn_amount, committed_amount, undrawn_amount, currency_code, limit_status_code) VALUES (200506, 8312, 2840, '2024-12-31', 1, 96019332, 192038664, 96019332, 'EUR', 'WITHIN_LIMIT');
INSERT INTO l2.facility_exposure_snapshot (facility_exposure_id, facility_id, counterparty_id, as_of_date, exposure_type_id, drawn_amount, committed_amount, undrawn_amount, currency_code, limit_status_code) VALUES (200507, 8312, 2840, '2025-01-31', 1, 86417399, 192038664, 105621265, 'EUR', 'WITHIN_LIMIT');
INSERT INTO l2.facility_exposure_snapshot (facility_exposure_id, facility_id, counterparty_id, as_of_date, exposure_type_id, drawn_amount, committed_amount, undrawn_amount, currency_code, limit_status_code) VALUES (200508, 8313, 2841, '2024-11-30', 1, 8039033, 13398388, 5359355, 'EUR', 'WITHIN_LIMIT');
INSERT INTO l2.facility_exposure_snapshot (facility_exposure_id, facility_id, counterparty_id, as_of_date, exposure_type_id, drawn_amount, committed_amount, undrawn_amount, currency_code, limit_status_code) VALUES (200509, 8313, 2841, '2024-12-31', 1, 6699194, 13398388, 6699194, 'EUR', 'WITHIN_LIMIT');
INSERT INTO l2.facility_exposure_snapshot (facility_exposure_id, facility_id, counterparty_id, as_of_date, exposure_type_id, drawn_amount, committed_amount, undrawn_amount, currency_code, limit_status_code) VALUES (200510, 8313, 2841, '2025-01-31', 1, 6029275, 13398388, 7369113, 'EUR', 'WITHIN_LIMIT');
INSERT INTO l2.facility_exposure_snapshot (facility_exposure_id, facility_id, counterparty_id, as_of_date, exposure_type_id, drawn_amount, committed_amount, undrawn_amount, currency_code, limit_status_code) VALUES (200511, 8314, 2841, '2024-11-30', 1, 12058549, 20097582, 8039033, 'EUR', 'WITHIN_LIMIT');
INSERT INTO l2.facility_exposure_snapshot (facility_exposure_id, facility_id, counterparty_id, as_of_date, exposure_type_id, drawn_amount, committed_amount, undrawn_amount, currency_code, limit_status_code) VALUES (200512, 8314, 2841, '2024-12-31', 1, 10048791, 20097582, 10048791, 'EUR', 'WITHIN_LIMIT');
INSERT INTO l2.facility_exposure_snapshot (facility_exposure_id, facility_id, counterparty_id, as_of_date, exposure_type_id, drawn_amount, committed_amount, undrawn_amount, currency_code, limit_status_code) VALUES (200513, 8314, 2841, '2025-01-31', 1, 9043912, 20097582, 11053670, 'EUR', 'WITHIN_LIMIT');

-- ────────────────────────────────────────
-- l2.risk_flag (6 rows)
-- ────────────────────────────────────────
INSERT INTO l2.risk_flag (risk_flag_id, facility_id, counterparty_id, flag_type, flag_code, flag_severity, as_of_date, flag_description) VALUES (8056, 8309, 2839, 'CONCENTRATION', 'RECOVERY_TREND', 'LOW', '2025-01-31', 'Utilization declining 5-10% per month as cash flows normalize');
INSERT INTO l2.risk_flag (risk_flag_id, facility_id, counterparty_id, flag_type, flag_code, flag_severity, as_of_date, flag_description) VALUES (8057, 8311, 2840, 'CONCENTRATION', 'RECOVERY_TREND', 'LOW', '2025-01-31', 'Utilization declining 5-10% per month as cash flows normalize');
INSERT INTO l2.risk_flag (risk_flag_id, facility_id, counterparty_id, flag_type, flag_code, flag_severity, as_of_date, flag_description) VALUES (8058, 8313, 2841, 'CONCENTRATION', 'RECOVERY_TREND', 'LOW', '2025-01-31', 'Utilization declining 5-10% per month as cash flows normalize');
INSERT INTO l2.risk_flag (risk_flag_id, facility_id, counterparty_id, flag_type, flag_code, flag_severity, as_of_date, flag_description) VALUES (8059, 8309, 2839, 'CONCENTRATION', 'FLAG_RESOLUTION', 'LOW', '2025-01-31', 'Previous sector stress flags being resolved — China demand recovering');
INSERT INTO l2.risk_flag (risk_flag_id, facility_id, counterparty_id, flag_type, flag_code, flag_severity, as_of_date, flag_description) VALUES (8060, 8311, 2840, 'CONCENTRATION', 'FLAG_RESOLUTION', 'LOW', '2025-01-31', 'Previous sector stress flags being resolved — China demand recovering');
INSERT INTO l2.risk_flag (risk_flag_id, facility_id, counterparty_id, flag_type, flag_code, flag_severity, as_of_date, flag_description) VALUES (8061, 8313, 2841, 'CONCENTRATION', 'FLAG_RESOLUTION', 'LOW', '2025-01-31', 'Previous sector stress flags being resolved — China demand recovering');


-- ═════════════════════════════════════════════════════════════════
-- Scenario S38: Hong Kong Property Event Cascade
-- HK developer bond default triggers cross-default cascade — 6 events over 90 days across $1.1B exposure
-- Generated: 2026-03-10T04:28:27.430Z
-- ═════════════════════════════════════════════════════════════════

SET search_path TO l1, l2, public;

-- ────────────────────────────────────────
-- l1.counterparty (3 rows)
-- ────────────────────────────────────────
INSERT INTO l1.counterparty (counterparty_id, legal_name, counterparty_type, country_code, entity_type_code, industry_id, basel_asset_class, basel_risk_grade, call_report_counterparty_type, external_rating_fitch, external_rating_moodys, external_rating_sp, fr2590_counterparty_type, internal_risk_rating, is_affiliated, is_central_counterparty, is_financial_institution, is_insider, is_multilateral_dev_bank, is_parent_flag, is_public_sector_entity, is_regulated_entity, is_sovereign, lei_code, lgd_unsecured, pd_annual, regulatory_counterparty_type, y14_obligor_type, effective_start_date, effective_end_date, is_current_flag) VALUES (2842, 'Victoria Harbour Properties Ltd.', 'RE_TRUST', 'HK', 'RE', 10, 'CRE', '7', 'CRE_NONFARM', 'BB', 'Ba2', 'BB', 'NON_FINANCIAL', '7', 'N', 'N', 'N', 'N', 'N', 'Y', 'N', 'N', 'N', '529900MDFYLKBGBOO413', 0.55, 0.0257, 'CRE', 'CRE', '2020-01-01', NULL, 'Y');
INSERT INTO l1.counterparty (counterparty_id, legal_name, counterparty_type, country_code, entity_type_code, industry_id, basel_asset_class, basel_risk_grade, call_report_counterparty_type, external_rating_fitch, external_rating_moodys, external_rating_sp, fr2590_counterparty_type, internal_risk_rating, is_affiliated, is_central_counterparty, is_financial_institution, is_insider, is_multilateral_dev_bank, is_parent_flag, is_public_sector_entity, is_regulated_entity, is_sovereign, lei_code, lgd_unsecured, pd_annual, regulatory_counterparty_type, y14_obligor_type, effective_start_date, effective_end_date, is_current_flag) VALUES (2843, 'Kowloon Land Holdings Ltd.', 'RE_TRUST', 'HK', 'RE', 10, 'CRE', '7', 'CRE_NONFARM', 'B+', 'B1', 'B', 'NON_FINANCIAL', '7', 'N', 'N', 'N', 'N', 'N', 'N', 'N', 'N', 'N', '529900DI5T2WIZZ4X9UX', 0.6, 0.0395, 'CRE', 'CRE', '2020-01-01', NULL, 'Y');
INSERT INTO l1.counterparty (counterparty_id, legal_name, counterparty_type, country_code, entity_type_code, industry_id, basel_asset_class, basel_risk_grade, call_report_counterparty_type, external_rating_fitch, external_rating_moodys, external_rating_sp, fr2590_counterparty_type, internal_risk_rating, is_affiliated, is_central_counterparty, is_financial_institution, is_insider, is_multilateral_dev_bank, is_parent_flag, is_public_sector_entity, is_regulated_entity, is_sovereign, lei_code, lgd_unsecured, pd_annual, regulatory_counterparty_type, y14_obligor_type, effective_start_date, effective_end_date, is_current_flag) VALUES (2844, 'New Territories Development Corp.', 'RE_TRUST', 'HK', 'RE', 10, 'CRE', '6', 'CRE_NONFARM', 'BB', 'Ba3', 'BB-', 'NON_FINANCIAL', '6', 'N', 'N', 'N', 'N', 'N', 'Y', 'N', 'N', 'N', '529900KOWJ7JV4TRXKUY', 0.55, 0.0261, 'CRE', 'CRE', '2020-01-01', NULL, 'Y');

-- ────────────────────────────────────────
-- l1.credit_agreement_master (3 rows)
-- ────────────────────────────────────────
INSERT INTO l1.credit_agreement_master (credit_agreement_id, borrower_counterparty_id, lender_legal_entity_id, agreement_type, status_code, agreement_reference, currency_code, origination_date, maturity_date, effective_start_date, effective_end_date, is_current_flag) VALUES (2302, 2842, 9, 'SYNDICATED', 'ACTIVE', 'CA-2020-02302-HKD', 'HKD', '2020-10-05', '2025-10-05', '2024-01-01', NULL, 'Y');
INSERT INTO l1.credit_agreement_master (credit_agreement_id, borrower_counterparty_id, lender_legal_entity_id, agreement_type, status_code, agreement_reference, currency_code, origination_date, maturity_date, effective_start_date, effective_end_date, is_current_flag) VALUES (2303, 2843, 1, 'SYNDICATED', 'ACTIVE', 'CA-2020-02303-HKD', 'HKD', '2020-08-22', '2025-08-22', '2024-01-01', NULL, 'Y');
INSERT INTO l1.credit_agreement_master (credit_agreement_id, borrower_counterparty_id, lender_legal_entity_id, agreement_type, status_code, agreement_reference, currency_code, origination_date, maturity_date, effective_start_date, effective_end_date, is_current_flag) VALUES (2304, 2844, 12, 'SYNDICATED', 'ACTIVE', 'CA-2022-02304-HKD', 'HKD', '2022-06-05', '2027-06-05', '2024-01-01', NULL, 'Y');

-- ────────────────────────────────────────
-- l1.facility_master (9 rows)
-- ────────────────────────────────────────
INSERT INTO l1.facility_master (facility_id, credit_agreement_id, counterparty_id, facility_name, facility_type, facility_status, committed_facility_amt, currency_code, origination_date, maturity_date, portfolio_id, industry_code, lob_segment_id, product_node_id, rate_index_id, ledger_account_id, product_id, region_code, interest_rate_type, interest_rate_reference, interest_rate_spread_bps, all_in_rate_pct, day_count_convention, amortization_type, revolving_flag, active_flag, facility_reference, payment_frequency, effective_start_date, effective_end_date, is_current_flag) VALUES (8315, 2302, 2842, 'Victoria — HKD Revolver 2025-A', 'REVOLVING_CREDIT', 'ACTIVE', 1003863750, 'HKD', '2020-08-27', '2025-08-27', 10, 'RE', 99, 5, 5, 5, 5, 'APAC', 'FLOATING', 'SOFR', 1011, 12.98, 'ACT/360', 'BULLET', 'Y', 'Y', 'FAC-2020-08315-A', 'QUARTERLY', '2024-01-01', NULL, 'Y');
INSERT INTO l1.facility_master (facility_id, credit_agreement_id, counterparty_id, facility_name, facility_type, facility_status, committed_facility_amt, currency_code, origination_date, maturity_date, portfolio_id, industry_code, lob_segment_id, product_node_id, rate_index_id, ledger_account_id, product_id, region_code, interest_rate_type, interest_rate_reference, interest_rate_spread_bps, all_in_rate_pct, day_count_convention, amortization_type, revolving_flag, active_flag, facility_reference, payment_frequency, effective_start_date, effective_end_date, is_current_flag) VALUES (8316, 2302, 2842, 'Victoria — HKD Term Loan 2025-B', 'TERM_LOAN', 'ACTIVE', 1505795625, 'HKD', '2020-08-27', '2025-08-27', 9, 'RE', 100, 2, 1, 7, 2, 'APAC', 'FIXED', 'SOFR', 1011, 13.54, 'ACT/360', 'AMORTIZING', 'N', 'Y', 'FAC-2020-08316-B', 'MONTHLY', '2024-01-01', NULL, 'Y');
INSERT INTO l1.facility_master (facility_id, credit_agreement_id, counterparty_id, facility_name, facility_type, facility_status, committed_facility_amt, currency_code, origination_date, maturity_date, portfolio_id, industry_code, lob_segment_id, product_node_id, rate_index_id, ledger_account_id, product_id, region_code, interest_rate_type, interest_rate_reference, interest_rate_spread_bps, all_in_rate_pct, day_count_convention, amortization_type, revolving_flag, active_flag, facility_reference, payment_frequency, effective_start_date, effective_end_date, is_current_flag) VALUES (8317, 2302, 2842, 'Victoria — HKD L/C 2025-C', 'LETTER_OF_CREDIT', 'ACTIVE', 836553125, 'HKD', '2020-08-27', '2025-08-27', 2, 'RE', 101, 6, 4, 8, 2, 'APAC', 'FLOATING', 'SOFR', 1011, 12.81, 'ACT/360', 'BULLET', 'N', 'Y', 'FAC-2020-08317-C', 'MONTHLY', '2024-01-01', NULL, 'Y');
INSERT INTO l1.facility_master (facility_id, credit_agreement_id, counterparty_id, facility_name, facility_type, facility_status, committed_facility_amt, currency_code, origination_date, maturity_date, portfolio_id, industry_code, lob_segment_id, product_node_id, rate_index_id, ledger_account_id, product_id, region_code, interest_rate_type, interest_rate_reference, interest_rate_spread_bps, all_in_rate_pct, day_count_convention, amortization_type, revolving_flag, active_flag, facility_reference, payment_frequency, effective_start_date, effective_end_date, is_current_flag) VALUES (8318, 2303, 2843, 'Kowloon — HKD Revolver 2026-A', 'REVOLVING_CREDIT', 'ACTIVE', 100469566, 'HKD', '2022-11-15', '2026-11-15', 10, 'RE', 102, 6, 1, 8, 5, 'APAC', 'FLOATING', 'SOFR', 1895, 22, 'ACT/365', 'BULLET', 'Y', 'Y', 'FAC-2022-08318-A', 'QUARTERLY', '2024-01-01', NULL, 'Y');
INSERT INTO l1.facility_master (facility_id, credit_agreement_id, counterparty_id, facility_name, facility_type, facility_status, committed_facility_amt, currency_code, origination_date, maturity_date, portfolio_id, industry_code, lob_segment_id, product_node_id, rate_index_id, ledger_account_id, product_id, region_code, interest_rate_type, interest_rate_reference, interest_rate_spread_bps, all_in_rate_pct, day_count_convention, amortization_type, revolving_flag, active_flag, facility_reference, payment_frequency, effective_start_date, effective_end_date, is_current_flag) VALUES (8319, 2303, 2843, 'Kowloon — HKD Term Loan 2026-B', 'TERM_LOAN', 'ACTIVE', 150704349, 'HKD', '2022-11-15', '2026-11-15', 9, 'RE', 103, 7, 2, 5, 5, 'APAC', 'FLOATING', 'SOFR', 1895, 21.72, 'ACT/365', 'BULLET', 'N', 'Y', 'FAC-2022-08319-B', 'MONTHLY', '2024-01-01', NULL, 'Y');
INSERT INTO l1.facility_master (facility_id, credit_agreement_id, counterparty_id, facility_name, facility_type, facility_status, committed_facility_amt, currency_code, origination_date, maturity_date, portfolio_id, industry_code, lob_segment_id, product_node_id, rate_index_id, ledger_account_id, product_id, region_code, interest_rate_type, interest_rate_reference, interest_rate_spread_bps, all_in_rate_pct, day_count_convention, amortization_type, revolving_flag, active_flag, facility_reference, payment_frequency, effective_start_date, effective_end_date, is_current_flag) VALUES (8320, 2303, 2843, 'Kowloon — HKD L/C 2026-C', 'LETTER_OF_CREDIT', 'ACTIVE', 83724638, 'HKD', '2022-11-15', '2026-11-15', 9, 'RE', 104, 3, 2, 2, 4, 'APAC', 'FLOATING', 'SOFR', 1895, 22.94, 'ACT/360', 'AMORTIZING', 'N', 'Y', 'FAC-2022-08320-C', 'MONTHLY', '2024-01-01', NULL, 'Y');
INSERT INTO l1.facility_master (facility_id, credit_agreement_id, counterparty_id, facility_name, facility_type, facility_status, committed_facility_amt, currency_code, origination_date, maturity_date, portfolio_id, industry_code, lob_segment_id, product_node_id, rate_index_id, ledger_account_id, product_id, region_code, interest_rate_type, interest_rate_reference, interest_rate_spread_bps, all_in_rate_pct, day_count_convention, amortization_type, revolving_flag, active_flag, facility_reference, payment_frequency, effective_start_date, effective_end_date, is_current_flag) VALUES (8321, 2304, 2844, 'New — HKD Revolver 2029-A', 'REVOLVING_CREDIT', 'ACTIVE', 65138911, 'HKD', '2024-04-01', '2029-04-01', 10, 'RE', 105, 4, 4, 1, 4, 'APAC', 'FLOATING', 'SOFR', 1019, 13.55, 'ACT/360', 'BULLET', 'Y', 'Y', 'FAC-2024-08321-A', 'QUARTERLY', '2024-01-01', NULL, 'Y');
INSERT INTO l1.facility_master (facility_id, credit_agreement_id, counterparty_id, facility_name, facility_type, facility_status, committed_facility_amt, currency_code, origination_date, maturity_date, portfolio_id, industry_code, lob_segment_id, product_node_id, rate_index_id, ledger_account_id, product_id, region_code, interest_rate_type, interest_rate_reference, interest_rate_spread_bps, all_in_rate_pct, day_count_convention, amortization_type, revolving_flag, active_flag, facility_reference, payment_frequency, effective_start_date, effective_end_date, is_current_flag) VALUES (8322, 2304, 2844, 'New — HKD Term Loan 2029-B', 'TERM_LOAN', 'ACTIVE', 97708366, 'HKD', '2024-04-01', '2029-04-01', 2, 'RE', 106, 2, 1, 1, 1, 'APAC', 'FLOATING', 'SOFR', 1019, 13.07, 'ACT/360', 'BULLET', 'N', 'Y', 'FAC-2024-08322-B', 'MONTHLY', '2024-01-01', NULL, 'Y');
INSERT INTO l1.facility_master (facility_id, credit_agreement_id, counterparty_id, facility_name, facility_type, facility_status, committed_facility_amt, currency_code, origination_date, maturity_date, portfolio_id, industry_code, lob_segment_id, product_node_id, rate_index_id, ledger_account_id, product_id, region_code, interest_rate_type, interest_rate_reference, interest_rate_spread_bps, all_in_rate_pct, day_count_convention, amortization_type, revolving_flag, active_flag, facility_reference, payment_frequency, effective_start_date, effective_end_date, is_current_flag) VALUES (8323, 2304, 2844, 'New — HKD L/C 2029-C', 'LETTER_OF_CREDIT', 'ACTIVE', 54282426, 'HKD', '2024-04-01', '2029-04-01', 9, 'RE', 107, 3, 4, 3, 2, 'APAC', 'FLOATING', 'SOFR', 1019, 13.73, 'ACT/360', 'AMORTIZING', 'N', 'Y', 'FAC-2024-08323-C', 'MONTHLY', '2024-01-01', NULL, 'Y');

-- ────────────────────────────────────────
-- l1.facility_lender_allocation (9 rows)
-- ────────────────────────────────────────
INSERT INTO l1.facility_lender_allocation (lender_allocation_id, facility_id, legal_entity_id, allocation_role, bank_share_pct, is_current_flag, effective_start_date, effective_end_date) VALUES (100172, 8315, 5, 'LEAD_ARRANGER', 1, 'Y', '2020-08-27', NULL);
INSERT INTO l1.facility_lender_allocation (lender_allocation_id, facility_id, legal_entity_id, allocation_role, bank_share_pct, is_current_flag, effective_start_date, effective_end_date) VALUES (100173, 8316, 1, 'LEAD_ARRANGER', 1, 'Y', '2020-08-27', NULL);
INSERT INTO l1.facility_lender_allocation (lender_allocation_id, facility_id, legal_entity_id, allocation_role, bank_share_pct, is_current_flag, effective_start_date, effective_end_date) VALUES (100174, 8317, 1, 'LEAD_ARRANGER', 1, 'Y', '2020-08-27', NULL);
INSERT INTO l1.facility_lender_allocation (lender_allocation_id, facility_id, legal_entity_id, allocation_role, bank_share_pct, is_current_flag, effective_start_date, effective_end_date) VALUES (100175, 8318, 1, 'LEAD_ARRANGER', 1, 'Y', '2022-11-15', NULL);
INSERT INTO l1.facility_lender_allocation (lender_allocation_id, facility_id, legal_entity_id, allocation_role, bank_share_pct, is_current_flag, effective_start_date, effective_end_date) VALUES (100176, 8319, 5, 'LEAD_ARRANGER', 1, 'Y', '2022-11-15', NULL);
INSERT INTO l1.facility_lender_allocation (lender_allocation_id, facility_id, legal_entity_id, allocation_role, bank_share_pct, is_current_flag, effective_start_date, effective_end_date) VALUES (100177, 8320, 2, 'LEAD_ARRANGER', 1, 'Y', '2022-11-15', NULL);
INSERT INTO l1.facility_lender_allocation (lender_allocation_id, facility_id, legal_entity_id, allocation_role, bank_share_pct, is_current_flag, effective_start_date, effective_end_date) VALUES (100178, 8321, 1, 'LEAD_ARRANGER', 1, 'Y', '2024-04-01', NULL);
INSERT INTO l1.facility_lender_allocation (lender_allocation_id, facility_id, legal_entity_id, allocation_role, bank_share_pct, is_current_flag, effective_start_date, effective_end_date) VALUES (100179, 8322, 1, 'LEAD_ARRANGER', 1, 'Y', '2024-04-01', NULL);
INSERT INTO l1.facility_lender_allocation (lender_allocation_id, facility_id, legal_entity_id, allocation_role, bank_share_pct, is_current_flag, effective_start_date, effective_end_date) VALUES (100180, 8323, 3, 'LEAD_ARRANGER', 1, 'Y', '2024-04-01', NULL);

-- ────────────────────────────────────────
-- l2.facility_exposure_snapshot (27 rows)
-- ────────────────────────────────────────
INSERT INTO l2.facility_exposure_snapshot (facility_exposure_id, facility_id, counterparty_id, as_of_date, exposure_type_id, drawn_amount, committed_amount, undrawn_amount, currency_code, limit_status_code) VALUES (200514, 8315, 2842, '2024-11-30', 1, 803091000, 1003863750, 200772750, 'HKD', 'WITHIN_LIMIT');
INSERT INTO l2.facility_exposure_snapshot (facility_exposure_id, facility_id, counterparty_id, as_of_date, exposure_type_id, drawn_amount, committed_amount, undrawn_amount, currency_code, limit_status_code) VALUES (200515, 8315, 2842, '2024-12-31', 1, 853284188, 1003863750, 150579562, 'HKD', 'WITHIN_LIMIT');
INSERT INTO l2.facility_exposure_snapshot (facility_exposure_id, facility_id, counterparty_id, as_of_date, exposure_type_id, drawn_amount, committed_amount, undrawn_amount, currency_code, limit_status_code) VALUES (200516, 8315, 2842, '2025-01-31', 1, 823168275, 1003863750, 180695475, 'HKD', 'WITHIN_LIMIT');
INSERT INTO l2.facility_exposure_snapshot (facility_exposure_id, facility_id, counterparty_id, as_of_date, exposure_type_id, drawn_amount, committed_amount, undrawn_amount, currency_code, limit_status_code) VALUES (200517, 8316, 2842, '2024-11-30', 1, 1204636500, 1505795625, 301159125, 'HKD', 'WITHIN_LIMIT');
INSERT INTO l2.facility_exposure_snapshot (facility_exposure_id, facility_id, counterparty_id, as_of_date, exposure_type_id, drawn_amount, committed_amount, undrawn_amount, currency_code, limit_status_code) VALUES (200518, 8316, 2842, '2024-12-31', 1, 1279926281, 1505795625, 225869344, 'HKD', 'WITHIN_LIMIT');
INSERT INTO l2.facility_exposure_snapshot (facility_exposure_id, facility_id, counterparty_id, as_of_date, exposure_type_id, drawn_amount, committed_amount, undrawn_amount, currency_code, limit_status_code) VALUES (200519, 8316, 2842, '2025-01-31', 1, 1234752413, 1505795625, 271043212, 'HKD', 'WITHIN_LIMIT');
INSERT INTO l2.facility_exposure_snapshot (facility_exposure_id, facility_id, counterparty_id, as_of_date, exposure_type_id, drawn_amount, committed_amount, undrawn_amount, currency_code, limit_status_code) VALUES (200520, 8317, 2842, '2024-11-30', 1, 669242500, 836553125, 167310625, 'HKD', 'WITHIN_LIMIT');
INSERT INTO l2.facility_exposure_snapshot (facility_exposure_id, facility_id, counterparty_id, as_of_date, exposure_type_id, drawn_amount, committed_amount, undrawn_amount, currency_code, limit_status_code) VALUES (200521, 8317, 2842, '2024-12-31', 1, 711070156, 836553125, 125482969, 'HKD', 'WITHIN_LIMIT');
INSERT INTO l2.facility_exposure_snapshot (facility_exposure_id, facility_id, counterparty_id, as_of_date, exposure_type_id, drawn_amount, committed_amount, undrawn_amount, currency_code, limit_status_code) VALUES (200522, 8317, 2842, '2025-01-31', 1, 685973563, 836553125, 150579562, 'HKD', 'WITHIN_LIMIT');
INSERT INTO l2.facility_exposure_snapshot (facility_exposure_id, facility_id, counterparty_id, as_of_date, exposure_type_id, drawn_amount, committed_amount, undrawn_amount, currency_code, limit_status_code) VALUES (200523, 8318, 2843, '2024-11-30', 1, 80375653, 100469566, 20093913, 'HKD', 'WITHIN_LIMIT');
INSERT INTO l2.facility_exposure_snapshot (facility_exposure_id, facility_id, counterparty_id, as_of_date, exposure_type_id, drawn_amount, committed_amount, undrawn_amount, currency_code, limit_status_code) VALUES (200524, 8318, 2843, '2024-12-31', 1, 85399131, 100469566, 15070435, 'HKD', 'WITHIN_LIMIT');
INSERT INTO l2.facility_exposure_snapshot (facility_exposure_id, facility_id, counterparty_id, as_of_date, exposure_type_id, drawn_amount, committed_amount, undrawn_amount, currency_code, limit_status_code) VALUES (200525, 8318, 2843, '2025-01-31', 1, 82385044, 100469566, 18084522, 'HKD', 'WITHIN_LIMIT');
INSERT INTO l2.facility_exposure_snapshot (facility_exposure_id, facility_id, counterparty_id, as_of_date, exposure_type_id, drawn_amount, committed_amount, undrawn_amount, currency_code, limit_status_code) VALUES (200526, 8319, 2843, '2024-11-30', 1, 120563479, 150704349, 30140870, 'HKD', 'WITHIN_LIMIT');
INSERT INTO l2.facility_exposure_snapshot (facility_exposure_id, facility_id, counterparty_id, as_of_date, exposure_type_id, drawn_amount, committed_amount, undrawn_amount, currency_code, limit_status_code) VALUES (200527, 8319, 2843, '2024-12-31', 1, 128098697, 150704349, 22605652, 'HKD', 'WITHIN_LIMIT');
INSERT INTO l2.facility_exposure_snapshot (facility_exposure_id, facility_id, counterparty_id, as_of_date, exposure_type_id, drawn_amount, committed_amount, undrawn_amount, currency_code, limit_status_code) VALUES (200528, 8319, 2843, '2025-01-31', 1, 123577566, 150704349, 27126783, 'HKD', 'WITHIN_LIMIT');
INSERT INTO l2.facility_exposure_snapshot (facility_exposure_id, facility_id, counterparty_id, as_of_date, exposure_type_id, drawn_amount, committed_amount, undrawn_amount, currency_code, limit_status_code) VALUES (200529, 8320, 2843, '2024-11-30', 1, 66979710, 83724638, 16744928, 'HKD', 'WITHIN_LIMIT');
INSERT INTO l2.facility_exposure_snapshot (facility_exposure_id, facility_id, counterparty_id, as_of_date, exposure_type_id, drawn_amount, committed_amount, undrawn_amount, currency_code, limit_status_code) VALUES (200530, 8320, 2843, '2024-12-31', 1, 71165942, 83724638, 12558696, 'HKD', 'WITHIN_LIMIT');
INSERT INTO l2.facility_exposure_snapshot (facility_exposure_id, facility_id, counterparty_id, as_of_date, exposure_type_id, drawn_amount, committed_amount, undrawn_amount, currency_code, limit_status_code) VALUES (200531, 8320, 2843, '2025-01-31', 1, 68654203, 83724638, 15070435, 'HKD', 'WITHIN_LIMIT');
INSERT INTO l2.facility_exposure_snapshot (facility_exposure_id, facility_id, counterparty_id, as_of_date, exposure_type_id, drawn_amount, committed_amount, undrawn_amount, currency_code, limit_status_code) VALUES (200532, 8321, 2844, '2024-11-30', 1, 50808351, 65138911, 14330560, 'HKD', 'WITHIN_LIMIT');
INSERT INTO l2.facility_exposure_snapshot (facility_exposure_id, facility_id, counterparty_id, as_of_date, exposure_type_id, drawn_amount, committed_amount, undrawn_amount, currency_code, limit_status_code) VALUES (200533, 8321, 2844, '2024-12-31', 1, 45597238, 65138911, 19541673, 'HKD', 'WITHIN_LIMIT');
INSERT INTO l2.facility_exposure_snapshot (facility_exposure_id, facility_id, counterparty_id, as_of_date, exposure_type_id, drawn_amount, committed_amount, undrawn_amount, currency_code, limit_status_code) VALUES (200534, 8321, 2844, '2025-01-31', 1, 40386125, 65138911, 24752786, 'HKD', 'WITHIN_LIMIT');
INSERT INTO l2.facility_exposure_snapshot (facility_exposure_id, facility_id, counterparty_id, as_of_date, exposure_type_id, drawn_amount, committed_amount, undrawn_amount, currency_code, limit_status_code) VALUES (200535, 8322, 2844, '2024-11-30', 1, 76212525, 97708366, 21495841, 'HKD', 'WITHIN_LIMIT');
INSERT INTO l2.facility_exposure_snapshot (facility_exposure_id, facility_id, counterparty_id, as_of_date, exposure_type_id, drawn_amount, committed_amount, undrawn_amount, currency_code, limit_status_code) VALUES (200536, 8322, 2844, '2024-12-31', 1, 68395856, 97708366, 29312510, 'HKD', 'WITHIN_LIMIT');
INSERT INTO l2.facility_exposure_snapshot (facility_exposure_id, facility_id, counterparty_id, as_of_date, exposure_type_id, drawn_amount, committed_amount, undrawn_amount, currency_code, limit_status_code) VALUES (200537, 8322, 2844, '2025-01-31', 1, 60579187, 97708366, 37129179, 'HKD', 'WITHIN_LIMIT');
INSERT INTO l2.facility_exposure_snapshot (facility_exposure_id, facility_id, counterparty_id, as_of_date, exposure_type_id, drawn_amount, committed_amount, undrawn_amount, currency_code, limit_status_code) VALUES (200538, 8323, 2844, '2024-11-30', 1, 42340292, 54282426, 11942134, 'HKD', 'WITHIN_LIMIT');
INSERT INTO l2.facility_exposure_snapshot (facility_exposure_id, facility_id, counterparty_id, as_of_date, exposure_type_id, drawn_amount, committed_amount, undrawn_amount, currency_code, limit_status_code) VALUES (200539, 8323, 2844, '2024-12-31', 1, 37997698, 54282426, 16284728, 'HKD', 'WITHIN_LIMIT');
INSERT INTO l2.facility_exposure_snapshot (facility_exposure_id, facility_id, counterparty_id, as_of_date, exposure_type_id, drawn_amount, committed_amount, undrawn_amount, currency_code, limit_status_code) VALUES (200540, 8323, 2844, '2025-01-31', 1, 33655104, 54282426, 20627322, 'HKD', 'WITHIN_LIMIT');

-- ────────────────────────────────────────
-- l2.counterparty_rating_observation (18 rows)
-- ────────────────────────────────────────
INSERT INTO l2.counterparty_rating_observation (observation_id, counterparty_id, as_of_date, rating_type, rating_value, rating_grade_id, is_internal_flag, pd_implied, rating_source_id) VALUES (50139, 2842, '2024-11-30', 'INTERNAL', 0, 7, 'Y', '0.027', 1);
INSERT INTO l2.counterparty_rating_observation (observation_id, counterparty_id, as_of_date, rating_type, rating_value, rating_grade_id, is_internal_flag, pd_implied, rating_source_id) VALUES (50140, 2842, '2024-11-30', 'EXTERNAL_MOODYS', 0, 3, 'N', '0.0297', 2);
INSERT INTO l2.counterparty_rating_observation (observation_id, counterparty_id, as_of_date, rating_type, rating_value, rating_grade_id, is_internal_flag, pd_implied, rating_source_id) VALUES (50141, 2842, '2024-12-31', 'INTERNAL', 0, 7, 'Y', '0.033', 1);
INSERT INTO l2.counterparty_rating_observation (observation_id, counterparty_id, as_of_date, rating_type, rating_value, rating_grade_id, is_internal_flag, pd_implied, rating_source_id) VALUES (50142, 2842, '2024-12-31', 'EXTERNAL_MOODYS', 0, 4, 'N', '0.0363', 2);
INSERT INTO l2.counterparty_rating_observation (observation_id, counterparty_id, as_of_date, rating_type, rating_value, rating_grade_id, is_internal_flag, pd_implied, rating_source_id) VALUES (50143, 2842, '2025-01-31', 'INTERNAL', 0, 7, 'Y', '0.03', 1);
INSERT INTO l2.counterparty_rating_observation (observation_id, counterparty_id, as_of_date, rating_type, rating_value, rating_grade_id, is_internal_flag, pd_implied, rating_source_id) VALUES (50144, 2842, '2025-01-31', 'EXTERNAL_MOODYS', 0, 5, 'N', '0.033', 2);
INSERT INTO l2.counterparty_rating_observation (observation_id, counterparty_id, as_of_date, rating_type, rating_value, rating_grade_id, is_internal_flag, pd_implied, rating_source_id) VALUES (50145, 2843, '2024-11-30', 'INTERNAL', 0, 7, 'Y', '0.063', 1);
INSERT INTO l2.counterparty_rating_observation (observation_id, counterparty_id, as_of_date, rating_type, rating_value, rating_grade_id, is_internal_flag, pd_implied, rating_source_id) VALUES (50146, 2843, '2024-11-30', 'EXTERNAL_MOODYS', 0, 3, 'N', '0.0693', 2);
INSERT INTO l2.counterparty_rating_observation (observation_id, counterparty_id, as_of_date, rating_type, rating_value, rating_grade_id, is_internal_flag, pd_implied, rating_source_id) VALUES (50147, 2843, '2024-12-31', 'INTERNAL', 0, 7, 'Y', '0.077', 1);
INSERT INTO l2.counterparty_rating_observation (observation_id, counterparty_id, as_of_date, rating_type, rating_value, rating_grade_id, is_internal_flag, pd_implied, rating_source_id) VALUES (50148, 2843, '2024-12-31', 'EXTERNAL_MOODYS', 0, 4, 'N', '0.0847', 2);
INSERT INTO l2.counterparty_rating_observation (observation_id, counterparty_id, as_of_date, rating_type, rating_value, rating_grade_id, is_internal_flag, pd_implied, rating_source_id) VALUES (50149, 2843, '2025-01-31', 'INTERNAL', 0, 7, 'Y', '0.07', 1);
INSERT INTO l2.counterparty_rating_observation (observation_id, counterparty_id, as_of_date, rating_type, rating_value, rating_grade_id, is_internal_flag, pd_implied, rating_source_id) VALUES (50150, 2843, '2025-01-31', 'EXTERNAL_MOODYS', 0, 5, 'N', '0.077', 2);
INSERT INTO l2.counterparty_rating_observation (observation_id, counterparty_id, as_of_date, rating_type, rating_value, rating_grade_id, is_internal_flag, pd_implied, rating_source_id) VALUES (50151, 2844, '2024-11-30', 'INTERNAL', 0, 6, 'Y', '0.03', 1);
INSERT INTO l2.counterparty_rating_observation (observation_id, counterparty_id, as_of_date, rating_type, rating_value, rating_grade_id, is_internal_flag, pd_implied, rating_source_id) VALUES (50152, 2844, '2024-11-30', 'EXTERNAL_MOODYS', 0, 3, 'N', '0.033', 2);
INSERT INTO l2.counterparty_rating_observation (observation_id, counterparty_id, as_of_date, rating_type, rating_value, rating_grade_id, is_internal_flag, pd_implied, rating_source_id) VALUES (50153, 2844, '2024-12-31', 'INTERNAL', 0, 6, 'Y', '0.024', 1);
INSERT INTO l2.counterparty_rating_observation (observation_id, counterparty_id, as_of_date, rating_type, rating_value, rating_grade_id, is_internal_flag, pd_implied, rating_source_id) VALUES (50154, 2844, '2024-12-31', 'EXTERNAL_MOODYS', 0, 4, 'N', '0.0264', 2);
INSERT INTO l2.counterparty_rating_observation (observation_id, counterparty_id, as_of_date, rating_type, rating_value, rating_grade_id, is_internal_flag, pd_implied, rating_source_id) VALUES (50155, 2844, '2025-01-31', 'INTERNAL', 0, 6, 'Y', '0.0195', 1);
INSERT INTO l2.counterparty_rating_observation (observation_id, counterparty_id, as_of_date, rating_type, rating_value, rating_grade_id, is_internal_flag, pd_implied, rating_source_id) VALUES (50156, 2844, '2025-01-31', 'EXTERNAL_MOODYS', 0, 4, 'N', '0.0215', 2);

-- ────────────────────────────────────────
-- l2.credit_event (3 rows)
-- ────────────────────────────────────────
INSERT INTO l2.credit_event (credit_event_id, counterparty_id, credit_event_type_code, event_date, event_summary, event_status) VALUES (5400, 2842, 4, '2024-11-28', 'Victoria Harbour misses HKD 2.1B bond payment', 'CONFIRMED');
INSERT INTO l2.credit_event (credit_event_id, counterparty_id, credit_event_type_code, event_date, event_summary, event_status) VALUES (5401, 2843, 8, '2024-12-05', 'Cross-default triggered on 3 bank facilities', 'CONFIRMED');
INSERT INTO l2.credit_event (credit_event_id, counterparty_id, credit_event_type_code, event_date, event_summary, event_status) VALUES (5402, 2844, 5, '2025-01-15', 'Restructuring negotiations begin — 18-month standstill proposed', 'CONFIRMED');

-- ────────────────────────────────────────
-- l2.credit_event_facility_link (9 rows)
-- ────────────────────────────────────────
INSERT INTO l2.credit_event_facility_link (link_id, credit_event_id, facility_id) VALUES (300037, 5400, 8315);
INSERT INTO l2.credit_event_facility_link (link_id, credit_event_id, facility_id) VALUES (300038, 5400, 8316);
INSERT INTO l2.credit_event_facility_link (link_id, credit_event_id, facility_id) VALUES (300039, 5400, 8317);
INSERT INTO l2.credit_event_facility_link (link_id, credit_event_id, facility_id) VALUES (300040, 5401, 8318);
INSERT INTO l2.credit_event_facility_link (link_id, credit_event_id, facility_id) VALUES (300041, 5401, 8319);
INSERT INTO l2.credit_event_facility_link (link_id, credit_event_id, facility_id) VALUES (300042, 5401, 8320);
INSERT INTO l2.credit_event_facility_link (link_id, credit_event_id, facility_id) VALUES (300043, 5402, 8321);
INSERT INTO l2.credit_event_facility_link (link_id, credit_event_id, facility_id) VALUES (300044, 5402, 8322);
INSERT INTO l2.credit_event_facility_link (link_id, credit_event_id, facility_id) VALUES (300045, 5402, 8323);

-- ────────────────────────────────────────
-- l2.risk_flag (9 rows)
-- ────────────────────────────────────────
INSERT INTO l2.risk_flag (risk_flag_id, facility_id, counterparty_id, flag_type, flag_code, flag_severity, as_of_date, flag_description) VALUES (8062, 8315, 2842, 'WATCH_LIST', 'DEFAULT_CONTAGION', 'HIGH', '2025-01-31', 'Bond default cascading to bank facilities via cross-default clauses');
INSERT INTO l2.risk_flag (risk_flag_id, facility_id, counterparty_id, flag_type, flag_code, flag_severity, as_of_date, flag_description) VALUES (8063, 8318, 2843, 'WATCH_LIST', 'DEFAULT_CONTAGION', 'HIGH', '2025-01-31', 'Bond default cascading to bank facilities via cross-default clauses');
INSERT INTO l2.risk_flag (risk_flag_id, facility_id, counterparty_id, flag_type, flag_code, flag_severity, as_of_date, flag_description) VALUES (8064, 8321, 2844, 'WATCH_LIST', 'DEFAULT_CONTAGION', 'HIGH', '2025-01-31', 'Bond default cascading to bank facilities via cross-default clauses');
INSERT INTO l2.risk_flag (risk_flag_id, facility_id, counterparty_id, flag_type, flag_code, flag_severity, as_of_date, flag_description) VALUES (8065, 8315, 2842, 'WATCH_LIST', 'RESTRUCTURING_RISK', 'HIGH', '2025-01-31', 'Active restructuring negotiations — recovery rate uncertain');
INSERT INTO l2.risk_flag (risk_flag_id, facility_id, counterparty_id, flag_type, flag_code, flag_severity, as_of_date, flag_description) VALUES (8066, 8318, 2843, 'WATCH_LIST', 'RESTRUCTURING_RISK', 'HIGH', '2025-01-31', 'Active restructuring negotiations — recovery rate uncertain');
INSERT INTO l2.risk_flag (risk_flag_id, facility_id, counterparty_id, flag_type, flag_code, flag_severity, as_of_date, flag_description) VALUES (8067, 8321, 2844, 'WATCH_LIST', 'RESTRUCTURING_RISK', 'HIGH', '2025-01-31', 'Active restructuring negotiations — recovery rate uncertain');
INSERT INTO l2.risk_flag (risk_flag_id, facility_id, counterparty_id, flag_type, flag_code, flag_severity, as_of_date, flag_description) VALUES (8068, 8315, 2842, 'CONCENTRATION', 'GEOGRAPHIC_CONCENTRATION', 'MEDIUM', '2025-01-31', '3 HK property developers with correlated default risk');
INSERT INTO l2.risk_flag (risk_flag_id, facility_id, counterparty_id, flag_type, flag_code, flag_severity, as_of_date, flag_description) VALUES (8069, 8318, 2843, 'CONCENTRATION', 'GEOGRAPHIC_CONCENTRATION', 'MEDIUM', '2025-01-31', '3 HK property developers with correlated default risk');
INSERT INTO l2.risk_flag (risk_flag_id, facility_id, counterparty_id, flag_type, flag_code, flag_severity, as_of_date, flag_description) VALUES (8070, 8321, 2844, 'CONCENTRATION', 'GEOGRAPHIC_CONCENTRATION', 'MEDIUM', '2025-01-31', '3 HK property developers with correlated default risk');


-- ═════════════════════════════════════════════════════════════════
-- Scenario S39: German Auto Product Mix Shift
-- 3 German automakers pivot to EV financing — $2.3B in facilities require FR2590 reclassification
-- Generated: 2026-03-10T04:28:27.431Z
-- ═════════════════════════════════════════════════════════════════

SET search_path TO l1, l2, public;

-- ────────────────────────────────────────
-- l1.counterparty (4 rows)
-- ────────────────────────────────────────
INSERT INTO l1.counterparty (counterparty_id, legal_name, counterparty_type, country_code, entity_type_code, industry_id, basel_asset_class, basel_risk_grade, call_report_counterparty_type, external_rating_fitch, external_rating_moodys, external_rating_sp, fr2590_counterparty_type, internal_risk_rating, is_affiliated, is_central_counterparty, is_financial_institution, is_insider, is_multilateral_dev_bank, is_parent_flag, is_public_sector_entity, is_regulated_entity, is_sovereign, lei_code, lgd_unsecured, pd_annual, regulatory_counterparty_type, y14_obligor_type, effective_start_date, effective_end_date, is_current_flag) VALUES (2845, 'Bayerische Elektrofahrzeug AG', 'CORPORATE', 'DE', 'CORP', 5, 'CORPORATE', '3', 'C&I_FOREIGN', 'A-', 'A2', 'A', 'NON_FINANCIAL', '3', 'N', 'N', 'N', 'N', 'N', 'N', 'N', 'N', 'N', '391200M5LST1MHMIGAVD', 0.42, 0.0025, 'CORPORATE', 'LARGE_CORPORATE', '2020-01-01', NULL, 'Y');
INSERT INTO l1.counterparty (counterparty_id, legal_name, counterparty_type, country_code, entity_type_code, industry_id, basel_asset_class, basel_risk_grade, call_report_counterparty_type, external_rating_fitch, external_rating_moodys, external_rating_sp, fr2590_counterparty_type, internal_risk_rating, is_affiliated, is_central_counterparty, is_financial_institution, is_insider, is_multilateral_dev_bank, is_parent_flag, is_public_sector_entity, is_regulated_entity, is_sovereign, lei_code, lgd_unsecured, pd_annual, regulatory_counterparty_type, y14_obligor_type, effective_start_date, effective_end_date, is_current_flag) VALUES (2846, 'Rhein-Ruhr Automotive Components GmbH', 'CORPORATE', 'DE', 'CORP', 5, 'CORPORATE', '5', 'C&I_FOREIGN', 'BBB+', 'Baa1', 'BBB+', 'NON_FINANCIAL', '5', 'N', 'N', 'N', 'N', 'N', 'N', 'N', 'N', 'N', '391200ME2Y17BRAFUI6M', 0.45, 0.0059, 'CORPORATE', 'LARGE_CORPORATE', '2020-01-01', NULL, 'Y');
INSERT INTO l1.counterparty (counterparty_id, legal_name, counterparty_type, country_code, entity_type_code, industry_id, basel_asset_class, basel_risk_grade, call_report_counterparty_type, external_rating_fitch, external_rating_moodys, external_rating_sp, fr2590_counterparty_type, internal_risk_rating, is_affiliated, is_central_counterparty, is_financial_institution, is_insider, is_multilateral_dev_bank, is_parent_flag, is_public_sector_entity, is_regulated_entity, is_sovereign, lei_code, lgd_unsecured, pd_annual, regulatory_counterparty_type, y14_obligor_type, effective_start_date, effective_end_date, is_current_flag) VALUES (2847, 'Stuttgart Precision Engineering AG', 'CORPORATE', 'DE', 'CORP', 5, 'CORPORATE', '4', 'C&I_FOREIGN', 'A', 'A3', 'A-', 'NON_FINANCIAL', '3', 'N', 'N', 'N', 'N', 'N', 'N', 'N', 'N', 'N', '391200NG1NRBUS53ULAA', 0.42, 0.0013, 'CORPORATE', 'LARGE_CORPORATE', '2020-01-01', NULL, 'Y');
INSERT INTO l1.counterparty (counterparty_id, legal_name, counterparty_type, country_code, entity_type_code, industry_id, basel_asset_class, basel_risk_grade, call_report_counterparty_type, external_rating_fitch, external_rating_moodys, external_rating_sp, fr2590_counterparty_type, internal_risk_rating, is_affiliated, is_central_counterparty, is_financial_institution, is_insider, is_multilateral_dev_bank, is_parent_flag, is_public_sector_entity, is_regulated_entity, is_sovereign, lei_code, lgd_unsecured, pd_annual, regulatory_counterparty_type, y14_obligor_type, effective_start_date, effective_end_date, is_current_flag) VALUES (2848, 'Saxony Battery Materials GmbH', 'CORPORATE', 'DE', 'CORP', 9, 'CORPORATE', '5', 'C&I_FOREIGN', 'BBB-', 'Ba1', 'BB+', 'NON_FINANCIAL', '6', 'N', 'N', 'N', 'N', 'N', 'Y', 'N', 'N', 'N', '391200DMWC6XJWPX319E', 0.48, 0.011, 'CORPORATE', 'MIDDLE_MARKET', '2020-01-01', NULL, 'Y');

-- ────────────────────────────────────────
-- l1.credit_agreement_master (4 rows)
-- ────────────────────────────────────────
INSERT INTO l1.credit_agreement_master (credit_agreement_id, borrower_counterparty_id, lender_legal_entity_id, agreement_type, status_code, agreement_reference, currency_code, origination_date, maturity_date, effective_start_date, effective_end_date, is_current_flag) VALUES (2305, 2845, 9, 'SYNDICATED', 'ACTIVE', 'CA-2024-02305-EUR', 'EUR', '2024-06-20', '2030-06-20', '2024-01-01', NULL, 'Y');
INSERT INTO l1.credit_agreement_master (credit_agreement_id, borrower_counterparty_id, lender_legal_entity_id, agreement_type, status_code, agreement_reference, currency_code, origination_date, maturity_date, effective_start_date, effective_end_date, is_current_flag) VALUES (2306, 2846, 1, 'SYNDICATED', 'ACTIVE', 'CA-2020-02306-EUR', 'EUR', '2020-08-02', '2026-08-02', '2024-01-01', NULL, 'Y');
INSERT INTO l1.credit_agreement_master (credit_agreement_id, borrower_counterparty_id, lender_legal_entity_id, agreement_type, status_code, agreement_reference, currency_code, origination_date, maturity_date, effective_start_date, effective_end_date, is_current_flag) VALUES (2307, 2847, 9, 'SYNDICATED', 'ACTIVE', 'CA-2020-02307-EUR', 'EUR', '2020-04-11', '2025-04-11', '2024-01-01', NULL, 'Y');
INSERT INTO l1.credit_agreement_master (credit_agreement_id, borrower_counterparty_id, lender_legal_entity_id, agreement_type, status_code, agreement_reference, currency_code, origination_date, maturity_date, effective_start_date, effective_end_date, is_current_flag) VALUES (2308, 2848, 2, 'SYNDICATED', 'ACTIVE', 'CA-2024-02308-EUR', 'EUR', '2024-04-06', '2029-04-06', '2024-01-01', NULL, 'Y');

-- ────────────────────────────────────────
-- l1.facility_master (12 rows)
-- ────────────────────────────────────────
INSERT INTO l1.facility_master (facility_id, credit_agreement_id, counterparty_id, facility_name, facility_type, facility_status, committed_facility_amt, currency_code, origination_date, maturity_date, portfolio_id, industry_code, lob_segment_id, product_node_id, rate_index_id, ledger_account_id, product_id, region_code, interest_rate_type, interest_rate_reference, interest_rate_spread_bps, all_in_rate_pct, day_count_convention, amortization_type, revolving_flag, active_flag, facility_reference, payment_frequency, effective_start_date, effective_end_date, is_current_flag) VALUES (8324, 2305, 2845, 'Bayerische — EUR Revolver 2025-A', 'REVOLVING_CREDIT', 'ACTIVE', 910933037, 'EUR', '2020-03-08', '2025-03-08', 3, 'IND', 108, 9, 1, 2, 5, 'EMEA', 'FLOATING', 'EURIBOR', 203, 4.78, 'ACT/360', 'BULLET', 'Y', 'Y', 'FAC-2020-08324-A', 'QUARTERLY', '2024-01-01', NULL, 'Y');
INSERT INTO l1.facility_master (facility_id, credit_agreement_id, counterparty_id, facility_name, facility_type, facility_status, committed_facility_amt, currency_code, origination_date, maturity_date, portfolio_id, industry_code, lob_segment_id, product_node_id, rate_index_id, ledger_account_id, product_id, region_code, interest_rate_type, interest_rate_reference, interest_rate_spread_bps, all_in_rate_pct, day_count_convention, amortization_type, revolving_flag, active_flag, facility_reference, payment_frequency, effective_start_date, effective_end_date, is_current_flag) VALUES (8325, 2305, 2845, 'Bayerische — EUR Term Loan 2025-B', 'TERM_LOAN', 'ACTIVE', 1366399556, 'EUR', '2020-03-08', '2025-03-08', 6, 'IND', 109, 5, 1, 5, 3, 'EMEA', 'FLOATING', 'EURIBOR', 203, 5.26, 'ACT/360', 'AMORTIZING', 'N', 'Y', 'FAC-2020-08325-B', 'MONTHLY', '2024-01-01', NULL, 'Y');
INSERT INTO l1.facility_master (facility_id, credit_agreement_id, counterparty_id, facility_name, facility_type, facility_status, committed_facility_amt, currency_code, origination_date, maturity_date, portfolio_id, industry_code, lob_segment_id, product_node_id, rate_index_id, ledger_account_id, product_id, region_code, interest_rate_type, interest_rate_reference, interest_rate_spread_bps, all_in_rate_pct, day_count_convention, amortization_type, revolving_flag, active_flag, facility_reference, payment_frequency, effective_start_date, effective_end_date, is_current_flag) VALUES (8326, 2305, 2845, 'Bayerische — EUR L/C 2025-C', 'LETTER_OF_CREDIT', 'ACTIVE', 759110864, 'EUR', '2020-03-08', '2025-03-08', 1, 'IND', 110, 9, 5, 6, 3, 'EMEA', 'FIXED', 'EURIBOR', 203, 5.64, 'ACT/360', 'BULLET', 'N', 'Y', 'FAC-2020-08326-C', 'MONTHLY', '2024-01-01', NULL, 'Y');
INSERT INTO l1.facility_master (facility_id, credit_agreement_id, counterparty_id, facility_name, facility_type, facility_status, committed_facility_amt, currency_code, origination_date, maturity_date, portfolio_id, industry_code, lob_segment_id, product_node_id, rate_index_id, ledger_account_id, product_id, region_code, interest_rate_type, interest_rate_reference, interest_rate_spread_bps, all_in_rate_pct, day_count_convention, amortization_type, revolving_flag, active_flag, facility_reference, payment_frequency, effective_start_date, effective_end_date, is_current_flag) VALUES (8327, 2306, 2846, 'Rhein-Ruhr — EUR Revolver 2029-A', 'REVOLVING_CREDIT', 'ACTIVE', 143820485, 'EUR', '2023-07-13', '2029-07-13', 5, 'IND', 111, 8, 2, 2, 4, 'EMEA', 'FLOATING', 'EURIBOR', 299, 6.75, 'ACT/360', 'BULLET', 'Y', 'Y', 'FAC-2023-08327-A', 'MONTHLY', '2024-01-01', NULL, 'Y');
INSERT INTO l1.facility_master (facility_id, credit_agreement_id, counterparty_id, facility_name, facility_type, facility_status, committed_facility_amt, currency_code, origination_date, maturity_date, portfolio_id, industry_code, lob_segment_id, product_node_id, rate_index_id, ledger_account_id, product_id, region_code, interest_rate_type, interest_rate_reference, interest_rate_spread_bps, all_in_rate_pct, day_count_convention, amortization_type, revolving_flag, active_flag, facility_reference, payment_frequency, effective_start_date, effective_end_date, is_current_flag) VALUES (8328, 2306, 2846, 'Rhein-Ruhr — EUR Term Loan 2029-B', 'TERM_LOAN', 'ACTIVE', 215730727, 'EUR', '2023-07-13', '2029-07-13', 5, 'IND', 112, 9, 3, 8, 5, 'EMEA', 'FLOATING', 'EURIBOR', 299, 5.65, 'ACT/360', 'BULLET', 'N', 'Y', 'FAC-2023-08328-B', 'QUARTERLY', '2024-01-01', NULL, 'Y');
INSERT INTO l1.facility_master (facility_id, credit_agreement_id, counterparty_id, facility_name, facility_type, facility_status, committed_facility_amt, currency_code, origination_date, maturity_date, portfolio_id, industry_code, lob_segment_id, product_node_id, rate_index_id, ledger_account_id, product_id, region_code, interest_rate_type, interest_rate_reference, interest_rate_spread_bps, all_in_rate_pct, day_count_convention, amortization_type, revolving_flag, active_flag, facility_reference, payment_frequency, effective_start_date, effective_end_date, is_current_flag) VALUES (8329, 2306, 2846, 'Rhein-Ruhr — EUR L/C 2029-C', 'LETTER_OF_CREDIT', 'ACTIVE', 119850404, 'EUR', '2023-07-13', '2029-07-13', 6, 'IND', 113, 8, 1, 4, 4, 'EMEA', 'FLOATING', 'EURIBOR', 299, 5.57, 'ACT/365', 'AMORTIZING', 'N', 'Y', 'FAC-2023-08329-C', 'QUARTERLY', '2024-01-01', NULL, 'Y');
INSERT INTO l1.facility_master (facility_id, credit_agreement_id, counterparty_id, facility_name, facility_type, facility_status, committed_facility_amt, currency_code, origination_date, maturity_date, portfolio_id, industry_code, lob_segment_id, product_node_id, rate_index_id, ledger_account_id, product_id, region_code, interest_rate_type, interest_rate_reference, interest_rate_spread_bps, all_in_rate_pct, day_count_convention, amortization_type, revolving_flag, active_flag, facility_reference, payment_frequency, effective_start_date, effective_end_date, is_current_flag) VALUES (8330, 2307, 2847, 'Stuttgart — EUR Revolver 2027-A', 'REVOLVING_CREDIT', 'ACTIVE', 65101838, 'EUR', '2021-01-28', '2027-01-28', 5, 'IND', 114, 3, 1, 3, 5, 'EMEA', 'FLOATING', 'EURIBOR', 162, 4.96, 'ACT/360', 'BULLET', 'Y', 'Y', 'FAC-2021-08330-A', 'QUARTERLY', '2024-01-01', NULL, 'Y');
INSERT INTO l1.facility_master (facility_id, credit_agreement_id, counterparty_id, facility_name, facility_type, facility_status, committed_facility_amt, currency_code, origination_date, maturity_date, portfolio_id, industry_code, lob_segment_id, product_node_id, rate_index_id, ledger_account_id, product_id, region_code, interest_rate_type, interest_rate_reference, interest_rate_spread_bps, all_in_rate_pct, day_count_convention, amortization_type, revolving_flag, active_flag, facility_reference, payment_frequency, effective_start_date, effective_end_date, is_current_flag) VALUES (8331, 2307, 2847, 'Stuttgart — EUR Term Loan 2027-B', 'TERM_LOAN', 'ACTIVE', 97652757, 'EUR', '2021-01-28', '2027-01-28', 5, 'IND', 115, 6, 2, 7, 1, 'EMEA', 'FLOATING', 'EURIBOR', 162, 5.41, 'ACT/360', 'AMORTIZING', 'N', 'Y', 'FAC-2021-08331-B', 'QUARTERLY', '2024-01-01', NULL, 'Y');
INSERT INTO l1.facility_master (facility_id, credit_agreement_id, counterparty_id, facility_name, facility_type, facility_status, committed_facility_amt, currency_code, origination_date, maturity_date, portfolio_id, industry_code, lob_segment_id, product_node_id, rate_index_id, ledger_account_id, product_id, region_code, interest_rate_type, interest_rate_reference, interest_rate_spread_bps, all_in_rate_pct, day_count_convention, amortization_type, revolving_flag, active_flag, facility_reference, payment_frequency, effective_start_date, effective_end_date, is_current_flag) VALUES (8332, 2307, 2847, 'Stuttgart — EUR L/C 2027-C', 'LETTER_OF_CREDIT', 'ACTIVE', 54251532, 'EUR', '2021-01-28', '2027-01-28', 3, 'IND', 116, 10, 5, 4, 4, 'EMEA', 'FLOATING', 'EURIBOR', 162, 5.26, 'ACT/365', 'BULLET', 'N', 'Y', 'FAC-2021-08332-C', 'QUARTERLY', '2024-01-01', NULL, 'Y');
INSERT INTO l1.facility_master (facility_id, credit_agreement_id, counterparty_id, facility_name, facility_type, facility_status, committed_facility_amt, currency_code, origination_date, maturity_date, portfolio_id, industry_code, lob_segment_id, product_node_id, rate_index_id, ledger_account_id, product_id, region_code, interest_rate_type, interest_rate_reference, interest_rate_spread_bps, all_in_rate_pct, day_count_convention, amortization_type, revolving_flag, active_flag, facility_reference, payment_frequency, effective_start_date, effective_end_date, is_current_flag) VALUES (8333, 2308, 2848, 'Saxony — EUR Revolver 2029-A', 'REVOLVING_CREDIT', 'ACTIVE', 18318446, 'EUR', '2024-08-08', '2029-08-08', 2, 'MAT', 117, 9, 5, 3, 1, 'EMEA', 'FLOATING', 'EURIBOR', 483, 8.15, 'ACT/360', 'BULLET', 'Y', 'Y', 'FAC-2024-08333-A', 'QUARTERLY', '2024-01-01', NULL, 'Y');
INSERT INTO l1.facility_master (facility_id, credit_agreement_id, counterparty_id, facility_name, facility_type, facility_status, committed_facility_amt, currency_code, origination_date, maturity_date, portfolio_id, industry_code, lob_segment_id, product_node_id, rate_index_id, ledger_account_id, product_id, region_code, interest_rate_type, interest_rate_reference, interest_rate_spread_bps, all_in_rate_pct, day_count_convention, amortization_type, revolving_flag, active_flag, facility_reference, payment_frequency, effective_start_date, effective_end_date, is_current_flag) VALUES (8334, 2308, 2848, 'Saxony — EUR Term Loan 2029-B', 'TERM_LOAN', 'ACTIVE', 27477670, 'EUR', '2024-08-08', '2029-08-08', 10, 'MAT', 118, 7, 1, 2, 1, 'EMEA', 'FLOATING', 'EURIBOR', 483, 8.54, 'ACT/360', 'AMORTIZING', 'N', 'Y', 'FAC-2024-08334-B', 'QUARTERLY', '2024-01-01', NULL, 'Y');
INSERT INTO l1.facility_master (facility_id, credit_agreement_id, counterparty_id, facility_name, facility_type, facility_status, committed_facility_amt, currency_code, origination_date, maturity_date, portfolio_id, industry_code, lob_segment_id, product_node_id, rate_index_id, ledger_account_id, product_id, region_code, interest_rate_type, interest_rate_reference, interest_rate_spread_bps, all_in_rate_pct, day_count_convention, amortization_type, revolving_flag, active_flag, facility_reference, payment_frequency, effective_start_date, effective_end_date, is_current_flag) VALUES (8335, 2308, 2848, 'Saxony — EUR L/C 2029-C', 'LETTER_OF_CREDIT', 'ACTIVE', 15265372, 'EUR', '2024-08-08', '2029-08-08', 9, 'MAT', 119, 6, 5, 4, 2, 'EMEA', 'FLOATING', 'EURIBOR', 483, 8.41, 'ACT/360', 'AMORTIZING', 'N', 'Y', 'FAC-2024-08335-C', 'MONTHLY', '2024-01-01', NULL, 'Y');

-- ────────────────────────────────────────
-- l1.facility_lender_allocation (12 rows)
-- ────────────────────────────────────────
INSERT INTO l1.facility_lender_allocation (lender_allocation_id, facility_id, legal_entity_id, allocation_role, bank_share_pct, is_current_flag, effective_start_date, effective_end_date) VALUES (100181, 8324, 2, 'LEAD_ARRANGER', 1, 'Y', '2020-03-08', NULL);
INSERT INTO l1.facility_lender_allocation (lender_allocation_id, facility_id, legal_entity_id, allocation_role, bank_share_pct, is_current_flag, effective_start_date, effective_end_date) VALUES (100182, 8325, 5, 'LEAD_ARRANGER', 1, 'Y', '2020-03-08', NULL);
INSERT INTO l1.facility_lender_allocation (lender_allocation_id, facility_id, legal_entity_id, allocation_role, bank_share_pct, is_current_flag, effective_start_date, effective_end_date) VALUES (100183, 8326, 1, 'LEAD_ARRANGER', 1, 'Y', '2020-03-08', NULL);
INSERT INTO l1.facility_lender_allocation (lender_allocation_id, facility_id, legal_entity_id, allocation_role, bank_share_pct, is_current_flag, effective_start_date, effective_end_date) VALUES (100184, 8327, 2, 'LEAD_ARRANGER', 1, 'Y', '2023-07-13', NULL);
INSERT INTO l1.facility_lender_allocation (lender_allocation_id, facility_id, legal_entity_id, allocation_role, bank_share_pct, is_current_flag, effective_start_date, effective_end_date) VALUES (100185, 8328, 1, 'LEAD_ARRANGER', 1, 'Y', '2023-07-13', NULL);
INSERT INTO l1.facility_lender_allocation (lender_allocation_id, facility_id, legal_entity_id, allocation_role, bank_share_pct, is_current_flag, effective_start_date, effective_end_date) VALUES (100186, 8329, 4, 'LEAD_ARRANGER', 1, 'Y', '2023-07-13', NULL);
INSERT INTO l1.facility_lender_allocation (lender_allocation_id, facility_id, legal_entity_id, allocation_role, bank_share_pct, is_current_flag, effective_start_date, effective_end_date) VALUES (100187, 8330, 3, 'LEAD_ARRANGER', 1, 'Y', '2021-01-28', NULL);
INSERT INTO l1.facility_lender_allocation (lender_allocation_id, facility_id, legal_entity_id, allocation_role, bank_share_pct, is_current_flag, effective_start_date, effective_end_date) VALUES (100188, 8331, 1, 'LEAD_ARRANGER', 1, 'Y', '2021-01-28', NULL);
INSERT INTO l1.facility_lender_allocation (lender_allocation_id, facility_id, legal_entity_id, allocation_role, bank_share_pct, is_current_flag, effective_start_date, effective_end_date) VALUES (100189, 8332, 4, 'LEAD_ARRANGER', 1, 'Y', '2021-01-28', NULL);
INSERT INTO l1.facility_lender_allocation (lender_allocation_id, facility_id, legal_entity_id, allocation_role, bank_share_pct, is_current_flag, effective_start_date, effective_end_date) VALUES (100190, 8333, 3, 'LEAD_ARRANGER', 1, 'Y', '2024-08-08', NULL);
INSERT INTO l1.facility_lender_allocation (lender_allocation_id, facility_id, legal_entity_id, allocation_role, bank_share_pct, is_current_flag, effective_start_date, effective_end_date) VALUES (100191, 8334, 2, 'LEAD_ARRANGER', 1, 'Y', '2024-08-08', NULL);
INSERT INTO l1.facility_lender_allocation (lender_allocation_id, facility_id, legal_entity_id, allocation_role, bank_share_pct, is_current_flag, effective_start_date, effective_end_date) VALUES (100192, 8335, 4, 'LEAD_ARRANGER', 1, 'Y', '2024-08-08', NULL);

-- ────────────────────────────────────────
-- l2.facility_exposure_snapshot (36 rows)
-- ────────────────────────────────────────
INSERT INTO l2.facility_exposure_snapshot (facility_exposure_id, facility_id, counterparty_id, as_of_date, exposure_type_id, drawn_amount, committed_amount, undrawn_amount, currency_code, limit_status_code) VALUES (200541, 8324, 2845, '2024-11-30', 1, 455466519, 910933037, 455466518, 'EUR', 'WITHIN_LIMIT');
INSERT INTO l2.facility_exposure_snapshot (facility_exposure_id, facility_id, counterparty_id, as_of_date, exposure_type_id, drawn_amount, committed_amount, undrawn_amount, currency_code, limit_status_code) VALUES (200542, 8324, 2845, '2024-12-31', 1, 501013170, 910933037, 409919867, 'EUR', 'WITHIN_LIMIT');
INSERT INTO l2.facility_exposure_snapshot (facility_exposure_id, facility_id, counterparty_id, as_of_date, exposure_type_id, drawn_amount, committed_amount, undrawn_amount, currency_code, limit_status_code) VALUES (200543, 8324, 2845, '2025-01-31', 1, 528341161, 910933037, 382591876, 'EUR', 'WITHIN_LIMIT');
INSERT INTO l2.facility_exposure_snapshot (facility_exposure_id, facility_id, counterparty_id, as_of_date, exposure_type_id, drawn_amount, committed_amount, undrawn_amount, currency_code, limit_status_code) VALUES (200544, 8325, 2845, '2024-11-30', 1, 683199778, 1366399556, 683199778, 'EUR', 'WITHIN_LIMIT');
INSERT INTO l2.facility_exposure_snapshot (facility_exposure_id, facility_id, counterparty_id, as_of_date, exposure_type_id, drawn_amount, committed_amount, undrawn_amount, currency_code, limit_status_code) VALUES (200545, 8325, 2845, '2024-12-31', 1, 751519756, 1366399556, 614879800, 'EUR', 'WITHIN_LIMIT');
INSERT INTO l2.facility_exposure_snapshot (facility_exposure_id, facility_id, counterparty_id, as_of_date, exposure_type_id, drawn_amount, committed_amount, undrawn_amount, currency_code, limit_status_code) VALUES (200546, 8325, 2845, '2025-01-31', 1, 792511742, 1366399556, 573887814, 'EUR', 'WITHIN_LIMIT');
INSERT INTO l2.facility_exposure_snapshot (facility_exposure_id, facility_id, counterparty_id, as_of_date, exposure_type_id, drawn_amount, committed_amount, undrawn_amount, currency_code, limit_status_code) VALUES (200547, 8326, 2845, '2024-11-30', 1, 379555432, 759110864, 379555432, 'EUR', 'WITHIN_LIMIT');
INSERT INTO l2.facility_exposure_snapshot (facility_exposure_id, facility_id, counterparty_id, as_of_date, exposure_type_id, drawn_amount, committed_amount, undrawn_amount, currency_code, limit_status_code) VALUES (200548, 8326, 2845, '2024-12-31', 1, 417510975, 759110864, 341599889, 'EUR', 'WITHIN_LIMIT');
INSERT INTO l2.facility_exposure_snapshot (facility_exposure_id, facility_id, counterparty_id, as_of_date, exposure_type_id, drawn_amount, committed_amount, undrawn_amount, currency_code, limit_status_code) VALUES (200549, 8326, 2845, '2025-01-31', 1, 440284301, 759110864, 318826563, 'EUR', 'WITHIN_LIMIT');
INSERT INTO l2.facility_exposure_snapshot (facility_exposure_id, facility_id, counterparty_id, as_of_date, exposure_type_id, drawn_amount, committed_amount, undrawn_amount, currency_code, limit_status_code) VALUES (200550, 8327, 2846, '2024-11-30', 1, 83415881, 143820485, 60404604, 'EUR', 'WITHIN_LIMIT');
INSERT INTO l2.facility_exposure_snapshot (facility_exposure_id, facility_id, counterparty_id, as_of_date, exposure_type_id, drawn_amount, committed_amount, undrawn_amount, currency_code, limit_status_code) VALUES (200551, 8327, 2846, '2024-12-31', 1, 87730496, 143820485, 56089989, 'EUR', 'WITHIN_LIMIT');
INSERT INTO l2.facility_exposure_snapshot (facility_exposure_id, facility_id, counterparty_id, as_of_date, exposure_type_id, drawn_amount, committed_amount, undrawn_amount, currency_code, limit_status_code) VALUES (200552, 8327, 2846, '2025-01-31', 1, 86292291, 143820485, 57528194, 'EUR', 'WITHIN_LIMIT');
INSERT INTO l2.facility_exposure_snapshot (facility_exposure_id, facility_id, counterparty_id, as_of_date, exposure_type_id, drawn_amount, committed_amount, undrawn_amount, currency_code, limit_status_code) VALUES (200553, 8328, 2846, '2024-11-30', 1, 125123822, 215730727, 90606905, 'EUR', 'WITHIN_LIMIT');
INSERT INTO l2.facility_exposure_snapshot (facility_exposure_id, facility_id, counterparty_id, as_of_date, exposure_type_id, drawn_amount, committed_amount, undrawn_amount, currency_code, limit_status_code) VALUES (200554, 8328, 2846, '2024-12-31', 1, 131595743, 215730727, 84134984, 'EUR', 'WITHIN_LIMIT');
INSERT INTO l2.facility_exposure_snapshot (facility_exposure_id, facility_id, counterparty_id, as_of_date, exposure_type_id, drawn_amount, committed_amount, undrawn_amount, currency_code, limit_status_code) VALUES (200555, 8328, 2846, '2025-01-31', 1, 129438436, 215730727, 86292291, 'EUR', 'WITHIN_LIMIT');
INSERT INTO l2.facility_exposure_snapshot (facility_exposure_id, facility_id, counterparty_id, as_of_date, exposure_type_id, drawn_amount, committed_amount, undrawn_amount, currency_code, limit_status_code) VALUES (200556, 8329, 2846, '2024-11-30', 1, 69513234, 119850404, 50337170, 'EUR', 'WITHIN_LIMIT');
INSERT INTO l2.facility_exposure_snapshot (facility_exposure_id, facility_id, counterparty_id, as_of_date, exposure_type_id, drawn_amount, committed_amount, undrawn_amount, currency_code, limit_status_code) VALUES (200557, 8329, 2846, '2024-12-31', 1, 73108746, 119850404, 46741658, 'EUR', 'WITHIN_LIMIT');
INSERT INTO l2.facility_exposure_snapshot (facility_exposure_id, facility_id, counterparty_id, as_of_date, exposure_type_id, drawn_amount, committed_amount, undrawn_amount, currency_code, limit_status_code) VALUES (200558, 8329, 2846, '2025-01-31', 1, 71910242, 119850404, 47940162, 'EUR', 'WITHIN_LIMIT');
INSERT INTO l2.facility_exposure_snapshot (facility_exposure_id, facility_id, counterparty_id, as_of_date, exposure_type_id, drawn_amount, committed_amount, undrawn_amount, currency_code, limit_status_code) VALUES (200559, 8330, 2847, '2024-11-30', 1, 32550919, 65101838, 32550919, 'EUR', 'WITHIN_LIMIT');
INSERT INTO l2.facility_exposure_snapshot (facility_exposure_id, facility_id, counterparty_id, as_of_date, exposure_type_id, drawn_amount, committed_amount, undrawn_amount, currency_code, limit_status_code) VALUES (200560, 8330, 2847, '2024-12-31', 1, 35806011, 65101838, 29295827, 'EUR', 'WITHIN_LIMIT');
INSERT INTO l2.facility_exposure_snapshot (facility_exposure_id, facility_id, counterparty_id, as_of_date, exposure_type_id, drawn_amount, committed_amount, undrawn_amount, currency_code, limit_status_code) VALUES (200561, 8330, 2847, '2025-01-31', 1, 37759066, 65101838, 27342772, 'EUR', 'WITHIN_LIMIT');
INSERT INTO l2.facility_exposure_snapshot (facility_exposure_id, facility_id, counterparty_id, as_of_date, exposure_type_id, drawn_amount, committed_amount, undrawn_amount, currency_code, limit_status_code) VALUES (200562, 8331, 2847, '2024-11-30', 1, 48826379, 97652757, 48826378, 'EUR', 'WITHIN_LIMIT');
INSERT INTO l2.facility_exposure_snapshot (facility_exposure_id, facility_id, counterparty_id, as_of_date, exposure_type_id, drawn_amount, committed_amount, undrawn_amount, currency_code, limit_status_code) VALUES (200563, 8331, 2847, '2024-12-31', 1, 53709016, 97652757, 43943741, 'EUR', 'WITHIN_LIMIT');
INSERT INTO l2.facility_exposure_snapshot (facility_exposure_id, facility_id, counterparty_id, as_of_date, exposure_type_id, drawn_amount, committed_amount, undrawn_amount, currency_code, limit_status_code) VALUES (200564, 8331, 2847, '2025-01-31', 1, 56638599, 97652757, 41014158, 'EUR', 'WITHIN_LIMIT');
INSERT INTO l2.facility_exposure_snapshot (facility_exposure_id, facility_id, counterparty_id, as_of_date, exposure_type_id, drawn_amount, committed_amount, undrawn_amount, currency_code, limit_status_code) VALUES (200565, 8332, 2847, '2024-11-30', 1, 27125766, 54251532, 27125766, 'EUR', 'WITHIN_LIMIT');
INSERT INTO l2.facility_exposure_snapshot (facility_exposure_id, facility_id, counterparty_id, as_of_date, exposure_type_id, drawn_amount, committed_amount, undrawn_amount, currency_code, limit_status_code) VALUES (200566, 8332, 2847, '2024-12-31', 1, 29838343, 54251532, 24413189, 'EUR', 'WITHIN_LIMIT');
INSERT INTO l2.facility_exposure_snapshot (facility_exposure_id, facility_id, counterparty_id, as_of_date, exposure_type_id, drawn_amount, committed_amount, undrawn_amount, currency_code, limit_status_code) VALUES (200567, 8332, 2847, '2025-01-31', 1, 31465889, 54251532, 22785643, 'EUR', 'WITHIN_LIMIT');
INSERT INTO l2.facility_exposure_snapshot (facility_exposure_id, facility_id, counterparty_id, as_of_date, exposure_type_id, drawn_amount, committed_amount, undrawn_amount, currency_code, limit_status_code) VALUES (200568, 8333, 2848, '2024-11-30', 1, 6961009, 18318446, 11357437, 'EUR', 'WITHIN_LIMIT');
INSERT INTO l2.facility_exposure_snapshot (facility_exposure_id, facility_id, counterparty_id, as_of_date, exposure_type_id, drawn_amount, committed_amount, undrawn_amount, currency_code, limit_status_code) VALUES (200569, 8333, 2848, '2024-12-31', 1, 7693747, 18318446, 10624699, 'EUR', 'WITHIN_LIMIT');
INSERT INTO l2.facility_exposure_snapshot (facility_exposure_id, facility_id, counterparty_id, as_of_date, exposure_type_id, drawn_amount, committed_amount, undrawn_amount, currency_code, limit_status_code) VALUES (200570, 8333, 2848, '2025-01-31', 1, 8243301, 18318446, 10075145, 'EUR', 'WITHIN_LIMIT');
INSERT INTO l2.facility_exposure_snapshot (facility_exposure_id, facility_id, counterparty_id, as_of_date, exposure_type_id, drawn_amount, committed_amount, undrawn_amount, currency_code, limit_status_code) VALUES (200571, 8334, 2848, '2024-11-30', 1, 10441515, 27477670, 17036155, 'EUR', 'WITHIN_LIMIT');
INSERT INTO l2.facility_exposure_snapshot (facility_exposure_id, facility_id, counterparty_id, as_of_date, exposure_type_id, drawn_amount, committed_amount, undrawn_amount, currency_code, limit_status_code) VALUES (200572, 8334, 2848, '2024-12-31', 1, 11540621, 27477670, 15937049, 'EUR', 'WITHIN_LIMIT');
INSERT INTO l2.facility_exposure_snapshot (facility_exposure_id, facility_id, counterparty_id, as_of_date, exposure_type_id, drawn_amount, committed_amount, undrawn_amount, currency_code, limit_status_code) VALUES (200573, 8334, 2848, '2025-01-31', 1, 12364952, 27477670, 15112718, 'EUR', 'WITHIN_LIMIT');
INSERT INTO l2.facility_exposure_snapshot (facility_exposure_id, facility_id, counterparty_id, as_of_date, exposure_type_id, drawn_amount, committed_amount, undrawn_amount, currency_code, limit_status_code) VALUES (200574, 8335, 2848, '2024-11-30', 1, 5800841, 15265372, 9464531, 'EUR', 'WITHIN_LIMIT');
INSERT INTO l2.facility_exposure_snapshot (facility_exposure_id, facility_id, counterparty_id, as_of_date, exposure_type_id, drawn_amount, committed_amount, undrawn_amount, currency_code, limit_status_code) VALUES (200575, 8335, 2848, '2024-12-31', 1, 6411456, 15265372, 8853916, 'EUR', 'WITHIN_LIMIT');
INSERT INTO l2.facility_exposure_snapshot (facility_exposure_id, facility_id, counterparty_id, as_of_date, exposure_type_id, drawn_amount, committed_amount, undrawn_amount, currency_code, limit_status_code) VALUES (200576, 8335, 2848, '2025-01-31', 1, 6869417, 15265372, 8395955, 'EUR', 'WITHIN_LIMIT');

-- ────────────────────────────────────────
-- l2.risk_flag (8 rows)
-- ────────────────────────────────────────
INSERT INTO l2.risk_flag (risk_flag_id, facility_id, counterparty_id, flag_type, flag_code, flag_severity, as_of_date, flag_description) VALUES (8071, 8324, 2845, 'CONCENTRATION', 'PRODUCT_MIX_SHIFT', 'MEDIUM', '2025-01-31', 'Auto sector product mix shifting — 40% now supply chain finance vs 10% prior');
INSERT INTO l2.risk_flag (risk_flag_id, facility_id, counterparty_id, flag_type, flag_code, flag_severity, as_of_date, flag_description) VALUES (8072, 8327, 2846, 'CONCENTRATION', 'PRODUCT_MIX_SHIFT', 'MEDIUM', '2025-01-31', 'Auto sector product mix shifting — 40% now supply chain finance vs 10% prior');
INSERT INTO l2.risk_flag (risk_flag_id, facility_id, counterparty_id, flag_type, flag_code, flag_severity, as_of_date, flag_description) VALUES (8073, 8330, 2847, 'CONCENTRATION', 'PRODUCT_MIX_SHIFT', 'MEDIUM', '2025-01-31', 'Auto sector product mix shifting — 40% now supply chain finance vs 10% prior');
INSERT INTO l2.risk_flag (risk_flag_id, facility_id, counterparty_id, flag_type, flag_code, flag_severity, as_of_date, flag_description) VALUES (8074, 8333, 2848, 'CONCENTRATION', 'PRODUCT_MIX_SHIFT', 'MEDIUM', '2025-01-31', 'Auto sector product mix shifting — 40% now supply chain finance vs 10% prior');
INSERT INTO l2.risk_flag (risk_flag_id, facility_id, counterparty_id, flag_type, flag_code, flag_severity, as_of_date, flag_description) VALUES (8075, 8324, 2845, 'CONCENTRATION', 'FR2590_RECLASSIFICATION', 'MEDIUM', '2025-01-31', '$2.3B in facilities require FR2590 category reclassification');
INSERT INTO l2.risk_flag (risk_flag_id, facility_id, counterparty_id, flag_type, flag_code, flag_severity, as_of_date, flag_description) VALUES (8076, 8327, 2846, 'CONCENTRATION', 'FR2590_RECLASSIFICATION', 'MEDIUM', '2025-01-31', '$2.3B in facilities require FR2590 category reclassification');
INSERT INTO l2.risk_flag (risk_flag_id, facility_id, counterparty_id, flag_type, flag_code, flag_severity, as_of_date, flag_description) VALUES (8077, 8330, 2847, 'CONCENTRATION', 'FR2590_RECLASSIFICATION', 'MEDIUM', '2025-01-31', '$2.3B in facilities require FR2590 category reclassification');
INSERT INTO l2.risk_flag (risk_flag_id, facility_id, counterparty_id, flag_type, flag_code, flag_severity, as_of_date, flag_description) VALUES (8078, 8333, 2848, 'CONCENTRATION', 'FR2590_RECLASSIFICATION', 'MEDIUM', '2025-01-31', '$2.3B in facilities require FR2590 category reclassification');


-- ═════════════════════════════════════════════════════════════════
-- Scenario S40: Australia Mining Stress Test
-- China demand shock stress test: iron ore -50%, coal -35% — Australia mining losses breach $500M buffer
-- Generated: 2026-03-10T04:28:27.431Z
-- ═════════════════════════════════════════════════════════════════

SET search_path TO l1, l2, public;

-- ────────────────────────────────────────
-- l1.counterparty (5 rows)
-- ────────────────────────────────────────
INSERT INTO l1.counterparty (counterparty_id, legal_name, counterparty_type, country_code, entity_type_code, industry_id, basel_asset_class, basel_risk_grade, call_report_counterparty_type, external_rating_fitch, external_rating_moodys, external_rating_sp, fr2590_counterparty_type, internal_risk_rating, is_affiliated, is_central_counterparty, is_financial_institution, is_insider, is_multilateral_dev_bank, is_parent_flag, is_public_sector_entity, is_regulated_entity, is_sovereign, lei_code, lgd_unsecured, pd_annual, regulatory_counterparty_type, y14_obligor_type, effective_start_date, effective_end_date, is_current_flag) VALUES (2849, 'Pilbara Iron Resources Pty Ltd', 'CORPORATE', 'AU', 'CORP', 9, 'CORPORATE', '4', 'C&I_FOREIGN', 'BBB', 'Baa1', 'BBB+', 'NON_FINANCIAL', '4', 'N', 'N', 'N', 'N', 'N', 'Y', 'N', 'N', 'N', '969500D20EEJVEV533BT', 0.45, 0.0056, 'CORPORATE', 'LARGE_CORPORATE', '2020-01-01', NULL, 'Y');
INSERT INTO l1.counterparty (counterparty_id, legal_name, counterparty_type, country_code, entity_type_code, industry_id, basel_asset_class, basel_risk_grade, call_report_counterparty_type, external_rating_fitch, external_rating_moodys, external_rating_sp, fr2590_counterparty_type, internal_risk_rating, is_affiliated, is_central_counterparty, is_financial_institution, is_insider, is_multilateral_dev_bank, is_parent_flag, is_public_sector_entity, is_regulated_entity, is_sovereign, lei_code, lgd_unsecured, pd_annual, regulatory_counterparty_type, y14_obligor_type, effective_start_date, effective_end_date, is_current_flag) VALUES (2850, 'Queensland Coal Holdings Ltd.', 'CORPORATE', 'AU', 'CORP', 9, 'CORPORATE', '6', 'C&I_FOREIGN', 'BBB-', 'Baa3', 'BBB-', 'NON_FINANCIAL', '6', 'N', 'N', 'N', 'N', 'N', 'N', 'N', 'N', 'N', '969500Y5NF81K7E8H10X', 0.48, 0.0076, 'CORPORATE', 'LARGE_CORPORATE', '2020-01-01', NULL, 'Y');
INSERT INTO l1.counterparty (counterparty_id, legal_name, counterparty_type, country_code, entity_type_code, industry_id, basel_asset_class, basel_risk_grade, call_report_counterparty_type, external_rating_fitch, external_rating_moodys, external_rating_sp, fr2590_counterparty_type, internal_risk_rating, is_affiliated, is_central_counterparty, is_financial_institution, is_insider, is_multilateral_dev_bank, is_parent_flag, is_public_sector_entity, is_regulated_entity, is_sovereign, lei_code, lgd_unsecured, pd_annual, regulatory_counterparty_type, y14_obligor_type, effective_start_date, effective_end_date, is_current_flag) VALUES (2851, 'Western Gold Mining Corp.', 'CORPORATE', 'AU', 'CORP', 9, 'CORPORATE', '7', 'C&I_FOREIGN', 'BB', 'Ba3', 'BB', 'NON_FINANCIAL', '6', 'N', 'N', 'N', 'N', 'N', 'Y', 'N', 'N', 'N', '9695000FYU8CGQDEA4K8', 0.55, 0.0173, 'CORPORATE', 'LARGE_CORPORATE', '2020-01-01', NULL, 'Y');
INSERT INTO l1.counterparty (counterparty_id, legal_name, counterparty_type, country_code, entity_type_code, industry_id, basel_asset_class, basel_risk_grade, call_report_counterparty_type, external_rating_fitch, external_rating_moodys, external_rating_sp, fr2590_counterparty_type, internal_risk_rating, is_affiliated, is_central_counterparty, is_financial_institution, is_insider, is_multilateral_dev_bank, is_parent_flag, is_public_sector_entity, is_regulated_entity, is_sovereign, lei_code, lgd_unsecured, pd_annual, regulatory_counterparty_type, y14_obligor_type, effective_start_date, effective_end_date, is_current_flag) VALUES (2852, 'Tasmania Mineral Processing Pty Ltd', 'CORPORATE', 'AU', 'CORP', 9, 'CORPORATE', '5', 'C&I_FOREIGN', 'BBB-', 'Baa3', 'BBB-', 'NON_FINANCIAL', '5', 'N', 'N', 'N', 'N', 'N', 'Y', 'N', 'N', 'N', '969500EPWNJ4MSEN5CIE', 0.48, 0.0103, 'CORPORATE', 'MIDDLE_MARKET', '2020-01-01', NULL, 'Y');
INSERT INTO l1.counterparty (counterparty_id, legal_name, counterparty_type, country_code, entity_type_code, industry_id, basel_asset_class, basel_risk_grade, call_report_counterparty_type, external_rating_fitch, external_rating_moodys, external_rating_sp, fr2590_counterparty_type, internal_risk_rating, is_affiliated, is_central_counterparty, is_financial_institution, is_insider, is_multilateral_dev_bank, is_parent_flag, is_public_sector_entity, is_regulated_entity, is_sovereign, lei_code, lgd_unsecured, pd_annual, regulatory_counterparty_type, y14_obligor_type, effective_start_date, effective_end_date, is_current_flag) VALUES (2853, 'Northern Territory Bauxite Ltd.', 'CORPORATE', 'AU', 'CORP', 9, 'CORPORATE', '5', 'C&I_FOREIGN', 'BBB+', 'Baa2', 'BBB+', 'NON_FINANCIAL', '4', 'N', 'N', 'N', 'N', 'N', 'N', 'N', 'N', 'N', '969500J2LLKTRCQHSGRT', 0.45, 0.0049, 'CORPORATE', 'LARGE_CORPORATE', '2020-01-01', NULL, 'Y');

-- ────────────────────────────────────────
-- l1.credit_agreement_master (5 rows)
-- ────────────────────────────────────────
INSERT INTO l1.credit_agreement_master (credit_agreement_id, borrower_counterparty_id, lender_legal_entity_id, agreement_type, status_code, agreement_reference, currency_code, origination_date, maturity_date, effective_start_date, effective_end_date, is_current_flag) VALUES (2309, 2849, 6, 'SYNDICATED', 'ACTIVE', 'CA-2023-02309-AUD', 'AUD', '2023-04-15', '2027-04-15', '2024-01-01', NULL, 'Y');
INSERT INTO l1.credit_agreement_master (credit_agreement_id, borrower_counterparty_id, lender_legal_entity_id, agreement_type, status_code, agreement_reference, currency_code, origination_date, maturity_date, effective_start_date, effective_end_date, is_current_flag) VALUES (2310, 2850, 5, 'SYNDICATED', 'ACTIVE', 'CA-2022-02310-AUD', 'AUD', '2022-11-18', '2026-11-18', '2024-01-01', NULL, 'Y');
INSERT INTO l1.credit_agreement_master (credit_agreement_id, borrower_counterparty_id, lender_legal_entity_id, agreement_type, status_code, agreement_reference, currency_code, origination_date, maturity_date, effective_start_date, effective_end_date, is_current_flag) VALUES (2311, 2851, 7, 'SYNDICATED', 'ACTIVE', 'CA-2024-02311-AUD', 'AUD', '2024-01-21', '2029-01-21', '2024-01-01', NULL, 'Y');
INSERT INTO l1.credit_agreement_master (credit_agreement_id, borrower_counterparty_id, lender_legal_entity_id, agreement_type, status_code, agreement_reference, currency_code, origination_date, maturity_date, effective_start_date, effective_end_date, is_current_flag) VALUES (2312, 2852, 12, 'SYNDICATED', 'ACTIVE', 'CA-2020-02312-AUD', 'AUD', '2020-12-12', '2025-12-12', '2024-01-01', NULL, 'Y');
INSERT INTO l1.credit_agreement_master (credit_agreement_id, borrower_counterparty_id, lender_legal_entity_id, agreement_type, status_code, agreement_reference, currency_code, origination_date, maturity_date, effective_start_date, effective_end_date, is_current_flag) VALUES (2313, 2853, 11, 'SYNDICATED', 'ACTIVE', 'CA-2021-02313-AUD', 'AUD', '2021-07-02', '2026-07-02', '2024-01-01', NULL, 'Y');

-- ────────────────────────────────────────
-- l1.facility_master (10 rows)
-- ────────────────────────────────────────
INSERT INTO l1.facility_master (facility_id, credit_agreement_id, counterparty_id, facility_name, facility_type, facility_status, committed_facility_amt, currency_code, origination_date, maturity_date, portfolio_id, industry_code, lob_segment_id, product_node_id, rate_index_id, ledger_account_id, product_id, region_code, interest_rate_type, interest_rate_reference, interest_rate_spread_bps, all_in_rate_pct, day_count_convention, amortization_type, revolving_flag, active_flag, facility_reference, payment_frequency, effective_start_date, effective_end_date, is_current_flag) VALUES (8336, 2309, 2849, 'Pilbara — AUD Revolver 2030-A', 'REVOLVING_CREDIT', 'ACTIVE', 607371188, 'AUD', '2024-08-05', '2030-08-05', 1, 'MAT', 120, 5, 5, 6, 4, 'APAC', 'FLOATING', 'BBSW', 302, 6.08, 'ACT/365', 'BULLET', 'Y', 'Y', 'FAC-2024-08336-A', 'MONTHLY', '2024-01-01', NULL, 'Y');
INSERT INTO l1.facility_master (facility_id, credit_agreement_id, counterparty_id, facility_name, facility_type, facility_status, committed_facility_amt, currency_code, origination_date, maturity_date, portfolio_id, industry_code, lob_segment_id, product_node_id, rate_index_id, ledger_account_id, product_id, region_code, interest_rate_type, interest_rate_reference, interest_rate_spread_bps, all_in_rate_pct, day_count_convention, amortization_type, revolving_flag, active_flag, facility_reference, payment_frequency, effective_start_date, effective_end_date, is_current_flag) VALUES (8337, 2309, 2849, 'Pilbara — AUD Term Loan 2030-B', 'TERM_LOAN', 'ACTIVE', 911056782, 'AUD', '2024-08-05', '2030-08-05', 1, 'MAT', 121, 10, 4, 7, 3, 'APAC', 'FLOATING', 'BBSW', 302, 6.23, 'ACT/360', 'BULLET', 'N', 'Y', 'FAC-2024-08337-B', 'QUARTERLY', '2024-01-01', NULL, 'Y');
INSERT INTO l1.facility_master (facility_id, credit_agreement_id, counterparty_id, facility_name, facility_type, facility_status, committed_facility_amt, currency_code, origination_date, maturity_date, portfolio_id, industry_code, lob_segment_id, product_node_id, rate_index_id, ledger_account_id, product_id, region_code, interest_rate_type, interest_rate_reference, interest_rate_spread_bps, all_in_rate_pct, day_count_convention, amortization_type, revolving_flag, active_flag, facility_reference, payment_frequency, effective_start_date, effective_end_date, is_current_flag) VALUES (8338, 2310, 2850, 'Queensland — AUD Revolver 2028-A', 'REVOLVING_CREDIT', 'ACTIVE', 785272052, 'AUD', '2023-05-24', '2028-05-24', 9, 'MAT', 122, 8, 2, 4, 3, 'APAC', 'FLOATING', 'BBSW', 464, 7.97, 'ACT/360', 'BULLET', 'Y', 'Y', 'FAC-2023-08338-A', 'QUARTERLY', '2024-01-01', NULL, 'Y');
INSERT INTO l1.facility_master (facility_id, credit_agreement_id, counterparty_id, facility_name, facility_type, facility_status, committed_facility_amt, currency_code, origination_date, maturity_date, portfolio_id, industry_code, lob_segment_id, product_node_id, rate_index_id, ledger_account_id, product_id, region_code, interest_rate_type, interest_rate_reference, interest_rate_spread_bps, all_in_rate_pct, day_count_convention, amortization_type, revolving_flag, active_flag, facility_reference, payment_frequency, effective_start_date, effective_end_date, is_current_flag) VALUES (8339, 2310, 2850, 'Queensland — AUD Term Loan 2028-B', 'TERM_LOAN', 'ACTIVE', 1177908077, 'AUD', '2023-05-24', '2028-05-24', 9, 'MAT', 123, 4, 1, 2, 4, 'APAC', 'FIXED', 'BBSW', 464, 7.27, 'ACT/365', 'AMORTIZING', 'N', 'Y', 'FAC-2023-08339-B', 'MONTHLY', '2024-01-01', NULL, 'Y');
INSERT INTO l1.facility_master (facility_id, credit_agreement_id, counterparty_id, facility_name, facility_type, facility_status, committed_facility_amt, currency_code, origination_date, maturity_date, portfolio_id, industry_code, lob_segment_id, product_node_id, rate_index_id, ledger_account_id, product_id, region_code, interest_rate_type, interest_rate_reference, interest_rate_spread_bps, all_in_rate_pct, day_count_convention, amortization_type, revolving_flag, active_flag, facility_reference, payment_frequency, effective_start_date, effective_end_date, is_current_flag) VALUES (8340, 2311, 2851, 'Western — AUD Revolver 2028-A', 'REVOLVING_CREDIT', 'ACTIVE', 189538106, 'AUD', '2023-03-09', '2028-03-09', 2, 'MAT', 124, 9, 2, 7, 5, 'APAC', 'FLOATING', 'BBSW', 1003, 12.69, 'ACT/365', 'BULLET', 'Y', 'Y', 'FAC-2023-08340-A', 'QUARTERLY', '2024-01-01', NULL, 'Y');
INSERT INTO l1.facility_master (facility_id, credit_agreement_id, counterparty_id, facility_name, facility_type, facility_status, committed_facility_amt, currency_code, origination_date, maturity_date, portfolio_id, industry_code, lob_segment_id, product_node_id, rate_index_id, ledger_account_id, product_id, region_code, interest_rate_type, interest_rate_reference, interest_rate_spread_bps, all_in_rate_pct, day_count_convention, amortization_type, revolving_flag, active_flag, facility_reference, payment_frequency, effective_start_date, effective_end_date, is_current_flag) VALUES (8341, 2311, 2851, 'Western — AUD Term Loan 2028-B', 'TERM_LOAN', 'ACTIVE', 284307158, 'AUD', '2023-03-09', '2028-03-09', 10, 'MAT', 125, 9, 4, 8, 1, 'APAC', 'FIXED', 'BBSW', 1003, 13, 'ACT/365', 'AMORTIZING', 'N', 'Y', 'FAC-2023-08341-B', 'QUARTERLY', '2024-01-01', NULL, 'Y');
INSERT INTO l1.facility_master (facility_id, credit_agreement_id, counterparty_id, facility_name, facility_type, facility_status, committed_facility_amt, currency_code, origination_date, maturity_date, portfolio_id, industry_code, lob_segment_id, product_node_id, rate_index_id, ledger_account_id, product_id, region_code, interest_rate_type, interest_rate_reference, interest_rate_spread_bps, all_in_rate_pct, day_count_convention, amortization_type, revolving_flag, active_flag, facility_reference, payment_frequency, effective_start_date, effective_end_date, is_current_flag) VALUES (8342, 2312, 2852, 'Tasmania — AUD Revolver 2028-A', 'REVOLVING_CREDIT', 'ACTIVE', 10795627, 'AUD', '2024-02-27', '2028-02-27', 10, 'MAT', 126, 7, 1, 1, 5, 'APAC', 'FLOATING', 'BBSW', 458, 8.37, 'ACT/365', 'BULLET', 'Y', 'Y', 'FAC-2024-08342-A', 'QUARTERLY', '2024-01-01', NULL, 'Y');
INSERT INTO l1.facility_master (facility_id, credit_agreement_id, counterparty_id, facility_name, facility_type, facility_status, committed_facility_amt, currency_code, origination_date, maturity_date, portfolio_id, industry_code, lob_segment_id, product_node_id, rate_index_id, ledger_account_id, product_id, region_code, interest_rate_type, interest_rate_reference, interest_rate_spread_bps, all_in_rate_pct, day_count_convention, amortization_type, revolving_flag, active_flag, facility_reference, payment_frequency, effective_start_date, effective_end_date, is_current_flag) VALUES (8343, 2312, 2852, 'Tasmania — AUD Term Loan 2028-B', 'TERM_LOAN', 'ACTIVE', 16193441, 'AUD', '2024-02-27', '2028-02-27', 9, 'MAT', 127, 2, 2, 5, 2, 'APAC', 'FLOATING', 'BBSW', 458, 7.68, 'ACT/365', 'BULLET', 'N', 'Y', 'FAC-2024-08343-B', 'QUARTERLY', '2024-01-01', NULL, 'Y');
INSERT INTO l1.facility_master (facility_id, credit_agreement_id, counterparty_id, facility_name, facility_type, facility_status, committed_facility_amt, currency_code, origination_date, maturity_date, portfolio_id, industry_code, lob_segment_id, product_node_id, rate_index_id, ledger_account_id, product_id, region_code, interest_rate_type, interest_rate_reference, interest_rate_spread_bps, all_in_rate_pct, day_count_convention, amortization_type, revolving_flag, active_flag, facility_reference, payment_frequency, effective_start_date, effective_end_date, is_current_flag) VALUES (8344, 2313, 2853, 'Northern — AUD Revolver 2027-A', 'REVOLVING_CREDIT', 'ACTIVE', 166875292, 'AUD', '2022-09-21', '2027-09-21', 3, 'MAT', 128, 7, 5, 6, 1, 'APAC', 'FLOATING', 'BBSW', 305, 6.69, 'ACT/365', 'BULLET', 'Y', 'Y', 'FAC-2022-08344-A', 'QUARTERLY', '2024-01-01', NULL, 'Y');
INSERT INTO l1.facility_master (facility_id, credit_agreement_id, counterparty_id, facility_name, facility_type, facility_status, committed_facility_amt, currency_code, origination_date, maturity_date, portfolio_id, industry_code, lob_segment_id, product_node_id, rate_index_id, ledger_account_id, product_id, region_code, interest_rate_type, interest_rate_reference, interest_rate_spread_bps, all_in_rate_pct, day_count_convention, amortization_type, revolving_flag, active_flag, facility_reference, payment_frequency, effective_start_date, effective_end_date, is_current_flag) VALUES (8345, 2313, 2853, 'Northern — AUD Term Loan 2027-B', 'TERM_LOAN', 'ACTIVE', 250312939, 'AUD', '2022-09-21', '2027-09-21', 6, 'MAT', 129, 4, 1, 2, 5, 'APAC', 'FLOATING', 'BBSW', 305, 7.03, 'ACT/365', 'BULLET', 'N', 'Y', 'FAC-2022-08345-B', 'QUARTERLY', '2024-01-01', NULL, 'Y');

-- ────────────────────────────────────────
-- l1.facility_lender_allocation (10 rows)
-- ────────────────────────────────────────
INSERT INTO l1.facility_lender_allocation (lender_allocation_id, facility_id, legal_entity_id, allocation_role, bank_share_pct, is_current_flag, effective_start_date, effective_end_date) VALUES (100193, 8336, 1, 'LEAD_ARRANGER', 1, 'Y', '2024-08-05', NULL);
INSERT INTO l1.facility_lender_allocation (lender_allocation_id, facility_id, legal_entity_id, allocation_role, bank_share_pct, is_current_flag, effective_start_date, effective_end_date) VALUES (100194, 8337, 1, 'LEAD_ARRANGER', 1, 'Y', '2024-08-05', NULL);
INSERT INTO l1.facility_lender_allocation (lender_allocation_id, facility_id, legal_entity_id, allocation_role, bank_share_pct, is_current_flag, effective_start_date, effective_end_date) VALUES (100195, 8338, 4, 'LEAD_ARRANGER', 1, 'Y', '2023-05-24', NULL);
INSERT INTO l1.facility_lender_allocation (lender_allocation_id, facility_id, legal_entity_id, allocation_role, bank_share_pct, is_current_flag, effective_start_date, effective_end_date) VALUES (100196, 8339, 2, 'LEAD_ARRANGER', 1, 'Y', '2023-05-24', NULL);
INSERT INTO l1.facility_lender_allocation (lender_allocation_id, facility_id, legal_entity_id, allocation_role, bank_share_pct, is_current_flag, effective_start_date, effective_end_date) VALUES (100197, 8340, 1, 'LEAD_ARRANGER', 1, 'Y', '2023-03-09', NULL);
INSERT INTO l1.facility_lender_allocation (lender_allocation_id, facility_id, legal_entity_id, allocation_role, bank_share_pct, is_current_flag, effective_start_date, effective_end_date) VALUES (100198, 8341, 1, 'LEAD_ARRANGER', 1, 'Y', '2023-03-09', NULL);
INSERT INTO l1.facility_lender_allocation (lender_allocation_id, facility_id, legal_entity_id, allocation_role, bank_share_pct, is_current_flag, effective_start_date, effective_end_date) VALUES (100199, 8342, 1, 'LEAD_ARRANGER', 1, 'Y', '2024-02-27', NULL);
INSERT INTO l1.facility_lender_allocation (lender_allocation_id, facility_id, legal_entity_id, allocation_role, bank_share_pct, is_current_flag, effective_start_date, effective_end_date) VALUES (100200, 8343, 5, 'LEAD_ARRANGER', 1, 'Y', '2024-02-27', NULL);
INSERT INTO l1.facility_lender_allocation (lender_allocation_id, facility_id, legal_entity_id, allocation_role, bank_share_pct, is_current_flag, effective_start_date, effective_end_date) VALUES (100201, 8344, 1, 'LEAD_ARRANGER', 1, 'Y', '2022-09-21', NULL);
INSERT INTO l1.facility_lender_allocation (lender_allocation_id, facility_id, legal_entity_id, allocation_role, bank_share_pct, is_current_flag, effective_start_date, effective_end_date) VALUES (100202, 8345, 2, 'LEAD_ARRANGER', 1, 'Y', '2022-09-21', NULL);

-- ────────────────────────────────────────
-- l2.facility_exposure_snapshot (30 rows)
-- ────────────────────────────────────────
INSERT INTO l2.facility_exposure_snapshot (facility_exposure_id, facility_id, counterparty_id, as_of_date, exposure_type_id, drawn_amount, committed_amount, undrawn_amount, currency_code, limit_status_code) VALUES (200577, 8336, 2849, '2024-11-30', 1, 473749527, 607371188, 133621661, 'AUD', 'WITHIN_LIMIT');
INSERT INTO l2.facility_exposure_snapshot (facility_exposure_id, facility_id, counterparty_id, as_of_date, exposure_type_id, drawn_amount, committed_amount, undrawn_amount, currency_code, limit_status_code) VALUES (200578, 8336, 2849, '2024-12-31', 1, 425159832, 607371188, 182211356, 'AUD', 'WITHIN_LIMIT');
INSERT INTO l2.facility_exposure_snapshot (facility_exposure_id, facility_id, counterparty_id, as_of_date, exposure_type_id, drawn_amount, committed_amount, undrawn_amount, currency_code, limit_status_code) VALUES (200579, 8336, 2849, '2025-01-31', 1, 376570137, 607371188, 230801051, 'AUD', 'WITHIN_LIMIT');
INSERT INTO l2.facility_exposure_snapshot (facility_exposure_id, facility_id, counterparty_id, as_of_date, exposure_type_id, drawn_amount, committed_amount, undrawn_amount, currency_code, limit_status_code) VALUES (200580, 8337, 2849, '2024-11-30', 1, 710624290, 911056782, 200432492, 'AUD', 'WITHIN_LIMIT');
INSERT INTO l2.facility_exposure_snapshot (facility_exposure_id, facility_id, counterparty_id, as_of_date, exposure_type_id, drawn_amount, committed_amount, undrawn_amount, currency_code, limit_status_code) VALUES (200581, 8337, 2849, '2024-12-31', 1, 637739747, 911056782, 273317035, 'AUD', 'WITHIN_LIMIT');
INSERT INTO l2.facility_exposure_snapshot (facility_exposure_id, facility_id, counterparty_id, as_of_date, exposure_type_id, drawn_amount, committed_amount, undrawn_amount, currency_code, limit_status_code) VALUES (200582, 8337, 2849, '2025-01-31', 1, 564855205, 911056782, 346201577, 'AUD', 'WITHIN_LIMIT');
INSERT INTO l2.facility_exposure_snapshot (facility_exposure_id, facility_id, counterparty_id, as_of_date, exposure_type_id, drawn_amount, committed_amount, undrawn_amount, currency_code, limit_status_code) VALUES (200583, 8338, 2850, '2024-11-30', 1, 628217642, 785272052, 157054410, 'AUD', 'WITHIN_LIMIT');
INSERT INTO l2.facility_exposure_snapshot (facility_exposure_id, facility_id, counterparty_id, as_of_date, exposure_type_id, drawn_amount, committed_amount, undrawn_amount, currency_code, limit_status_code) VALUES (200584, 8338, 2850, '2024-12-31', 1, 667481244, 785272052, 117790808, 'AUD', 'WITHIN_LIMIT');
INSERT INTO l2.facility_exposure_snapshot (facility_exposure_id, facility_id, counterparty_id, as_of_date, exposure_type_id, drawn_amount, committed_amount, undrawn_amount, currency_code, limit_status_code) VALUES (200585, 8338, 2850, '2025-01-31', 1, 643923083, 785272052, 141348969, 'AUD', 'WITHIN_LIMIT');
INSERT INTO l2.facility_exposure_snapshot (facility_exposure_id, facility_id, counterparty_id, as_of_date, exposure_type_id, drawn_amount, committed_amount, undrawn_amount, currency_code, limit_status_code) VALUES (200586, 8339, 2850, '2024-11-30', 1, 942326462, 1177908077, 235581615, 'AUD', 'WITHIN_LIMIT');
INSERT INTO l2.facility_exposure_snapshot (facility_exposure_id, facility_id, counterparty_id, as_of_date, exposure_type_id, drawn_amount, committed_amount, undrawn_amount, currency_code, limit_status_code) VALUES (200587, 8339, 2850, '2024-12-31', 1, 1001221865, 1177908077, 176686212, 'AUD', 'WITHIN_LIMIT');
INSERT INTO l2.facility_exposure_snapshot (facility_exposure_id, facility_id, counterparty_id, as_of_date, exposure_type_id, drawn_amount, committed_amount, undrawn_amount, currency_code, limit_status_code) VALUES (200588, 8339, 2850, '2025-01-31', 1, 965884623, 1177908077, 212023454, 'AUD', 'WITHIN_LIMIT');
INSERT INTO l2.facility_exposure_snapshot (facility_exposure_id, facility_id, counterparty_id, as_of_date, exposure_type_id, drawn_amount, committed_amount, undrawn_amount, currency_code, limit_status_code) VALUES (200589, 8340, 2851, '2024-11-30', 1, 147839723, 189538106, 41698383, 'AUD', 'WITHIN_LIMIT');
INSERT INTO l2.facility_exposure_snapshot (facility_exposure_id, facility_id, counterparty_id, as_of_date, exposure_type_id, drawn_amount, committed_amount, undrawn_amount, currency_code, limit_status_code) VALUES (200590, 8340, 2851, '2024-12-31', 1, 132676674, 189538106, 56861432, 'AUD', 'WITHIN_LIMIT');
INSERT INTO l2.facility_exposure_snapshot (facility_exposure_id, facility_id, counterparty_id, as_of_date, exposure_type_id, drawn_amount, committed_amount, undrawn_amount, currency_code, limit_status_code) VALUES (200591, 8340, 2851, '2025-01-31', 1, 117513626, 189538106, 72024480, 'AUD', 'WITHIN_LIMIT');
INSERT INTO l2.facility_exposure_snapshot (facility_exposure_id, facility_id, counterparty_id, as_of_date, exposure_type_id, drawn_amount, committed_amount, undrawn_amount, currency_code, limit_status_code) VALUES (200592, 8341, 2851, '2024-11-30', 1, 221759583, 284307158, 62547575, 'AUD', 'WITHIN_LIMIT');
INSERT INTO l2.facility_exposure_snapshot (facility_exposure_id, facility_id, counterparty_id, as_of_date, exposure_type_id, drawn_amount, committed_amount, undrawn_amount, currency_code, limit_status_code) VALUES (200593, 8341, 2851, '2024-12-31', 1, 199015011, 284307158, 85292147, 'AUD', 'WITHIN_LIMIT');
INSERT INTO l2.facility_exposure_snapshot (facility_exposure_id, facility_id, counterparty_id, as_of_date, exposure_type_id, drawn_amount, committed_amount, undrawn_amount, currency_code, limit_status_code) VALUES (200594, 8341, 2851, '2025-01-31', 1, 176270438, 284307158, 108036720, 'AUD', 'WITHIN_LIMIT');
INSERT INTO l2.facility_exposure_snapshot (facility_exposure_id, facility_id, counterparty_id, as_of_date, exposure_type_id, drawn_amount, committed_amount, undrawn_amount, currency_code, limit_status_code) VALUES (200595, 8342, 2852, '2024-11-30', 1, 8636502, 10795627, 2159125, 'AUD', 'WITHIN_LIMIT');
INSERT INTO l2.facility_exposure_snapshot (facility_exposure_id, facility_id, counterparty_id, as_of_date, exposure_type_id, drawn_amount, committed_amount, undrawn_amount, currency_code, limit_status_code) VALUES (200596, 8342, 2852, '2024-12-31', 1, 9176283, 10795627, 1619344, 'AUD', 'WITHIN_LIMIT');
INSERT INTO l2.facility_exposure_snapshot (facility_exposure_id, facility_id, counterparty_id, as_of_date, exposure_type_id, drawn_amount, committed_amount, undrawn_amount, currency_code, limit_status_code) VALUES (200597, 8342, 2852, '2025-01-31', 1, 8852414, 10795627, 1943213, 'AUD', 'WITHIN_LIMIT');
INSERT INTO l2.facility_exposure_snapshot (facility_exposure_id, facility_id, counterparty_id, as_of_date, exposure_type_id, drawn_amount, committed_amount, undrawn_amount, currency_code, limit_status_code) VALUES (200598, 8343, 2852, '2024-11-30', 1, 12954753, 16193441, 3238688, 'AUD', 'WITHIN_LIMIT');
INSERT INTO l2.facility_exposure_snapshot (facility_exposure_id, facility_id, counterparty_id, as_of_date, exposure_type_id, drawn_amount, committed_amount, undrawn_amount, currency_code, limit_status_code) VALUES (200599, 8343, 2852, '2024-12-31', 1, 13764425, 16193441, 2429016, 'AUD', 'WITHIN_LIMIT');
INSERT INTO l2.facility_exposure_snapshot (facility_exposure_id, facility_id, counterparty_id, as_of_date, exposure_type_id, drawn_amount, committed_amount, undrawn_amount, currency_code, limit_status_code) VALUES (200600, 8343, 2852, '2025-01-31', 1, 13278622, 16193441, 2914819, 'AUD', 'WITHIN_LIMIT');
INSERT INTO l2.facility_exposure_snapshot (facility_exposure_id, facility_id, counterparty_id, as_of_date, exposure_type_id, drawn_amount, committed_amount, undrawn_amount, currency_code, limit_status_code) VALUES (200601, 8344, 2853, '2024-11-30', 1, 130162728, 166875292, 36712564, 'AUD', 'WITHIN_LIMIT');
INSERT INTO l2.facility_exposure_snapshot (facility_exposure_id, facility_id, counterparty_id, as_of_date, exposure_type_id, drawn_amount, committed_amount, undrawn_amount, currency_code, limit_status_code) VALUES (200602, 8344, 2853, '2024-12-31', 1, 116812704, 166875292, 50062588, 'AUD', 'WITHIN_LIMIT');
INSERT INTO l2.facility_exposure_snapshot (facility_exposure_id, facility_id, counterparty_id, as_of_date, exposure_type_id, drawn_amount, committed_amount, undrawn_amount, currency_code, limit_status_code) VALUES (200603, 8344, 2853, '2025-01-31', 1, 103462681, 166875292, 63412611, 'AUD', 'WITHIN_LIMIT');
INSERT INTO l2.facility_exposure_snapshot (facility_exposure_id, facility_id, counterparty_id, as_of_date, exposure_type_id, drawn_amount, committed_amount, undrawn_amount, currency_code, limit_status_code) VALUES (200604, 8345, 2853, '2024-11-30', 1, 195244092, 250312939, 55068847, 'AUD', 'WITHIN_LIMIT');
INSERT INTO l2.facility_exposure_snapshot (facility_exposure_id, facility_id, counterparty_id, as_of_date, exposure_type_id, drawn_amount, committed_amount, undrawn_amount, currency_code, limit_status_code) VALUES (200605, 8345, 2853, '2024-12-31', 1, 175219057, 250312939, 75093882, 'AUD', 'WITHIN_LIMIT');
INSERT INTO l2.facility_exposure_snapshot (facility_exposure_id, facility_id, counterparty_id, as_of_date, exposure_type_id, drawn_amount, committed_amount, undrawn_amount, currency_code, limit_status_code) VALUES (200606, 8345, 2853, '2025-01-31', 1, 155194022, 250312939, 95118917, 'AUD', 'WITHIN_LIMIT');

-- ────────────────────────────────────────
-- l2.risk_flag (15 rows)
-- ────────────────────────────────────────
INSERT INTO l2.risk_flag (risk_flag_id, facility_id, counterparty_id, flag_type, flag_code, flag_severity, as_of_date, flag_description) VALUES (8079, 8336, 2849, 'WATCH_LIST', 'STRESS_TEST_BREACH', 'HIGH', '2025-01-31', 'China demand shock — mining sector stress losses exceed $500M buffer');
INSERT INTO l2.risk_flag (risk_flag_id, facility_id, counterparty_id, flag_type, flag_code, flag_severity, as_of_date, flag_description) VALUES (8080, 8338, 2850, 'WATCH_LIST', 'STRESS_TEST_BREACH', 'HIGH', '2025-01-31', 'China demand shock — mining sector stress losses exceed $500M buffer');
INSERT INTO l2.risk_flag (risk_flag_id, facility_id, counterparty_id, flag_type, flag_code, flag_severity, as_of_date, flag_description) VALUES (8081, 8340, 2851, 'WATCH_LIST', 'STRESS_TEST_BREACH', 'HIGH', '2025-01-31', 'China demand shock — mining sector stress losses exceed $500M buffer');
INSERT INTO l2.risk_flag (risk_flag_id, facility_id, counterparty_id, flag_type, flag_code, flag_severity, as_of_date, flag_description) VALUES (8082, 8342, 2852, 'WATCH_LIST', 'STRESS_TEST_BREACH', 'HIGH', '2025-01-31', 'China demand shock — mining sector stress losses exceed $500M buffer');
INSERT INTO l2.risk_flag (risk_flag_id, facility_id, counterparty_id, flag_type, flag_code, flag_severity, as_of_date, flag_description) VALUES (8083, 8344, 2853, 'WATCH_LIST', 'STRESS_TEST_BREACH', 'HIGH', '2025-01-31', 'China demand shock — mining sector stress losses exceed $500M buffer');
INSERT INTO l2.risk_flag (risk_flag_id, facility_id, counterparty_id, flag_type, flag_code, flag_severity, as_of_date, flag_description) VALUES (8084, 8336, 2849, 'WATCH_LIST', 'COMMODITY_PRICE_SENSITIVITY', 'HIGH', '2025-01-31', 'Iron ore -50% and coal -35% scenarios show severe P&L impact');
INSERT INTO l2.risk_flag (risk_flag_id, facility_id, counterparty_id, flag_type, flag_code, flag_severity, as_of_date, flag_description) VALUES (8085, 8338, 2850, 'WATCH_LIST', 'COMMODITY_PRICE_SENSITIVITY', 'HIGH', '2025-01-31', 'Iron ore -50% and coal -35% scenarios show severe P&L impact');
INSERT INTO l2.risk_flag (risk_flag_id, facility_id, counterparty_id, flag_type, flag_code, flag_severity, as_of_date, flag_description) VALUES (8086, 8340, 2851, 'WATCH_LIST', 'COMMODITY_PRICE_SENSITIVITY', 'HIGH', '2025-01-31', 'Iron ore -50% and coal -35% scenarios show severe P&L impact');
INSERT INTO l2.risk_flag (risk_flag_id, facility_id, counterparty_id, flag_type, flag_code, flag_severity, as_of_date, flag_description) VALUES (8087, 8342, 2852, 'WATCH_LIST', 'COMMODITY_PRICE_SENSITIVITY', 'HIGH', '2025-01-31', 'Iron ore -50% and coal -35% scenarios show severe P&L impact');
INSERT INTO l2.risk_flag (risk_flag_id, facility_id, counterparty_id, flag_type, flag_code, flag_severity, as_of_date, flag_description) VALUES (8088, 8344, 2853, 'WATCH_LIST', 'COMMODITY_PRICE_SENSITIVITY', 'HIGH', '2025-01-31', 'Iron ore -50% and coal -35% scenarios show severe P&L impact');
INSERT INTO l2.risk_flag (risk_flag_id, facility_id, counterparty_id, flag_type, flag_code, flag_severity, as_of_date, flag_description) VALUES (8089, 8336, 2849, 'CONCENTRATION', 'COUNTRY_CONCENTRATION', 'MEDIUM', '2025-01-31', '5 Australian mining names with correlated commodity exposure');
INSERT INTO l2.risk_flag (risk_flag_id, facility_id, counterparty_id, flag_type, flag_code, flag_severity, as_of_date, flag_description) VALUES (8090, 8338, 2850, 'CONCENTRATION', 'COUNTRY_CONCENTRATION', 'MEDIUM', '2025-01-31', '5 Australian mining names with correlated commodity exposure');
INSERT INTO l2.risk_flag (risk_flag_id, facility_id, counterparty_id, flag_type, flag_code, flag_severity, as_of_date, flag_description) VALUES (8091, 8340, 2851, 'CONCENTRATION', 'COUNTRY_CONCENTRATION', 'MEDIUM', '2025-01-31', '5 Australian mining names with correlated commodity exposure');
INSERT INTO l2.risk_flag (risk_flag_id, facility_id, counterparty_id, flag_type, flag_code, flag_severity, as_of_date, flag_description) VALUES (8092, 8342, 2852, 'CONCENTRATION', 'COUNTRY_CONCENTRATION', 'MEDIUM', '2025-01-31', '5 Australian mining names with correlated commodity exposure');
INSERT INTO l2.risk_flag (risk_flag_id, facility_id, counterparty_id, flag_type, flag_code, flag_severity, as_of_date, flag_description) VALUES (8093, 8344, 2853, 'CONCENTRATION', 'COUNTRY_CONCENTRATION', 'MEDIUM', '2025-01-31', '5 Australian mining names with correlated commodity exposure');

-- ────────────────────────────────────────
-- l2.stress_test_result (1 rows)
-- ────────────────────────────────────────
INSERT INTO l2.stress_test_result (result_id, scenario_id, as_of_date, loss_amount, result_status, result_description) VALUES (5133, 3, '2025-01-31', NULL, NULL, 'Stress test: China Demand Shock - Commodity Collapse — Australia Mining Stress Test');


-- ═════════════════════════════════════════════════════════════════
-- Scenario S41: Energy Transition Green Lending
-- 5 renewable energy firms onboard with $1.8B commitments — green lending pipeline surge with ESG data gaps
-- Generated: 2026-03-10T04:28:27.431Z
-- ═════════════════════════════════════════════════════════════════

SET search_path TO l1, l2, public;

-- ────────────────────────────────────────
-- l1.counterparty (5 rows)
-- ────────────────────────────────────────
INSERT INTO l1.counterparty (counterparty_id, legal_name, counterparty_type, country_code, entity_type_code, industry_id, basel_asset_class, basel_risk_grade, call_report_counterparty_type, external_rating_fitch, external_rating_moodys, external_rating_sp, fr2590_counterparty_type, internal_risk_rating, is_affiliated, is_central_counterparty, is_financial_institution, is_insider, is_multilateral_dev_bank, is_parent_flag, is_public_sector_entity, is_regulated_entity, is_sovereign, lei_code, lgd_unsecured, pd_annual, regulatory_counterparty_type, y14_obligor_type, effective_start_date, effective_end_date, is_current_flag) VALUES (2854, 'Atlantic Offshore Wind Partners LP', 'CORPORATE', 'US', 'CORP', 9, 'CORPORATE', '5', 'C&I_DOMESTIC', 'BBB', 'Baa2', 'BBB+', 'NON_FINANCIAL', '5', 'N', 'N', 'N', 'N', 'N', 'N', 'N', 'N', 'N', '52990006TVEOT6OIIDZI', 0.45, 0.0044, 'CORPORATE', 'LARGE_CORPORATE', '2020-01-01', NULL, 'Y');
INSERT INTO l1.counterparty (counterparty_id, legal_name, counterparty_type, country_code, entity_type_code, industry_id, basel_asset_class, basel_risk_grade, call_report_counterparty_type, external_rating_fitch, external_rating_moodys, external_rating_sp, fr2590_counterparty_type, internal_risk_rating, is_affiliated, is_central_counterparty, is_financial_institution, is_insider, is_multilateral_dev_bank, is_parent_flag, is_public_sector_entity, is_regulated_entity, is_sovereign, lei_code, lgd_unsecured, pd_annual, regulatory_counterparty_type, y14_obligor_type, effective_start_date, effective_end_date, is_current_flag) VALUES (2855, 'Nordic Solar Energy Holding AB', 'CORPORATE', 'GB', 'CORP', 9, 'CORPORATE', '3', 'C&I_FOREIGN', 'A', 'A2', 'A', 'NON_FINANCIAL', '4', 'N', 'N', 'N', 'N', 'N', 'Y', 'N', 'N', 'N', '213800JGNUDS160E1GNU', 0.42, 0.0022, 'CORPORATE', 'LARGE_CORPORATE', '2020-01-01', NULL, 'Y');
INSERT INTO l1.counterparty (counterparty_id, legal_name, counterparty_type, country_code, entity_type_code, industry_id, basel_asset_class, basel_risk_grade, call_report_counterparty_type, external_rating_fitch, external_rating_moodys, external_rating_sp, fr2590_counterparty_type, internal_risk_rating, is_affiliated, is_central_counterparty, is_financial_institution, is_insider, is_multilateral_dev_bank, is_parent_flag, is_public_sector_entity, is_regulated_entity, is_sovereign, lei_code, lgd_unsecured, pd_annual, regulatory_counterparty_type, y14_obligor_type, effective_start_date, effective_end_date, is_current_flag) VALUES (2856, 'Sahara Green Hydrogen SA', 'CORPORATE', 'FR', 'CORP', 4, 'CORPORATE', '5', 'C&I_FOREIGN', 'BB+', 'Baa3', 'BBB-', 'NON_FINANCIAL', '5', 'N', 'N', 'N', 'N', 'N', 'N', 'N', 'N', 'N', '96950043JOZYYXD9JOM0', 0.48, 0.0094, 'CORPORATE', 'LARGE_CORPORATE', '2020-01-01', NULL, 'Y');
INSERT INTO l1.counterparty (counterparty_id, legal_name, counterparty_type, country_code, entity_type_code, industry_id, basel_asset_class, basel_risk_grade, call_report_counterparty_type, external_rating_fitch, external_rating_moodys, external_rating_sp, fr2590_counterparty_type, internal_risk_rating, is_affiliated, is_central_counterparty, is_financial_institution, is_insider, is_multilateral_dev_bank, is_parent_flag, is_public_sector_entity, is_regulated_entity, is_sovereign, lei_code, lgd_unsecured, pd_annual, regulatory_counterparty_type, y14_obligor_type, effective_start_date, effective_end_date, is_current_flag) VALUES (2857, 'Chile Lithium Battery Corp.', 'CORPORATE', 'BR', 'CORP', 9, 'CORPORATE', '5', 'C&I_FOREIGN', 'BB+', 'Ba1', 'BBB-', 'NON_FINANCIAL', '5', 'N', 'N', 'N', 'N', 'N', 'N', 'N', 'N', 'N', '529900CHCDV3MF64VY2Z', 0.48, 0.0083, 'CORPORATE', 'MIDDLE_MARKET', '2020-01-01', NULL, 'Y');
INSERT INTO l1.counterparty (counterparty_id, legal_name, counterparty_type, country_code, entity_type_code, industry_id, basel_asset_class, basel_risk_grade, call_report_counterparty_type, external_rating_fitch, external_rating_moodys, external_rating_sp, fr2590_counterparty_type, internal_risk_rating, is_affiliated, is_central_counterparty, is_financial_institution, is_insider, is_multilateral_dev_bank, is_parent_flag, is_public_sector_entity, is_regulated_entity, is_sovereign, lei_code, lgd_unsecured, pd_annual, regulatory_counterparty_type, y14_obligor_type, effective_start_date, effective_end_date, is_current_flag) VALUES (2858, 'Rajasthan Solar Farm Pvt Ltd', 'CORPORATE', 'IN', 'CORP', 9, 'CORPORATE', '7', 'C&I_FOREIGN', 'BB-', 'Ba3', 'BB', 'NON_FINANCIAL', '6', 'N', 'N', 'N', 'N', 'N', 'Y', 'N', 'N', 'N', '529900QT82BMASXRIFL7', 0.55, 0.0171, 'CORPORATE', 'MIDDLE_MARKET', '2020-01-01', NULL, 'Y');

-- ────────────────────────────────────────
-- l1.credit_agreement_master (5 rows)
-- ────────────────────────────────────────
INSERT INTO l1.credit_agreement_master (credit_agreement_id, borrower_counterparty_id, lender_legal_entity_id, agreement_type, status_code, agreement_reference, currency_code, origination_date, maturity_date, effective_start_date, effective_end_date, is_current_flag) VALUES (2314, 2854, 2, 'SYNDICATED', 'ACTIVE', 'CA-2020-02314-USD', 'USD', '2020-04-14', '2024-04-14', '2024-01-01', NULL, 'Y');
INSERT INTO l1.credit_agreement_master (credit_agreement_id, borrower_counterparty_id, lender_legal_entity_id, agreement_type, status_code, agreement_reference, currency_code, origination_date, maturity_date, effective_start_date, effective_end_date, is_current_flag) VALUES (2315, 2855, 5, 'SYNDICATED', 'ACTIVE', 'CA-2024-02315-GBP', 'GBP', '2024-02-04', '2028-02-04', '2024-01-01', NULL, 'Y');
INSERT INTO l1.credit_agreement_master (credit_agreement_id, borrower_counterparty_id, lender_legal_entity_id, agreement_type, status_code, agreement_reference, currency_code, origination_date, maturity_date, effective_start_date, effective_end_date, is_current_flag) VALUES (2316, 2856, 5, 'SYNDICATED', 'ACTIVE', 'CA-2022-02316-EUR', 'EUR', '2022-04-17', '2028-04-17', '2024-01-01', NULL, 'Y');
INSERT INTO l1.credit_agreement_master (credit_agreement_id, borrower_counterparty_id, lender_legal_entity_id, agreement_type, status_code, agreement_reference, currency_code, origination_date, maturity_date, effective_start_date, effective_end_date, is_current_flag) VALUES (2317, 2857, 12, 'SYNDICATED', 'ACTIVE', 'CA-2023-02317-BRL', 'BRL', '2023-07-03', '2027-07-03', '2024-01-01', NULL, 'Y');
INSERT INTO l1.credit_agreement_master (credit_agreement_id, borrower_counterparty_id, lender_legal_entity_id, agreement_type, status_code, agreement_reference, currency_code, origination_date, maturity_date, effective_start_date, effective_end_date, is_current_flag) VALUES (2318, 2858, 1, 'BILATERAL', 'ACTIVE', 'CA-2021-02318-INR', 'INR', '2021-03-24', '2026-03-24', '2024-01-01', NULL, 'Y');

-- ────────────────────────────────────────
-- l1.facility_master (10 rows)
-- ────────────────────────────────────────
INSERT INTO l1.facility_master (facility_id, credit_agreement_id, counterparty_id, facility_name, facility_type, facility_status, committed_facility_amt, currency_code, origination_date, maturity_date, portfolio_id, industry_code, lob_segment_id, product_node_id, rate_index_id, ledger_account_id, product_id, region_code, interest_rate_type, interest_rate_reference, interest_rate_spread_bps, all_in_rate_pct, day_count_convention, amortization_type, revolving_flag, active_flag, facility_reference, payment_frequency, effective_start_date, effective_end_date, is_current_flag) VALUES (8346, 2314, 2854, 'Atlantic — USD Revolver 2028-A', 'REVOLVING_CREDIT', 'ACTIVE', 1756994432, 'USD', '2024-04-19', '2028-04-19', 5, 'MAT', 130, 9, 1, 8, 4, 'AMER', 'FLOATING', 'SOFR', 303, 6.55, 'ACT/360', 'BULLET', 'Y', 'Y', 'FAC-2024-08346-A', 'QUARTERLY', '2024-01-01', NULL, 'Y');
INSERT INTO l1.facility_master (facility_id, credit_agreement_id, counterparty_id, facility_name, facility_type, facility_status, committed_facility_amt, currency_code, origination_date, maturity_date, portfolio_id, industry_code, lob_segment_id, product_node_id, rate_index_id, ledger_account_id, product_id, region_code, interest_rate_type, interest_rate_reference, interest_rate_spread_bps, all_in_rate_pct, day_count_convention, amortization_type, revolving_flag, active_flag, facility_reference, payment_frequency, effective_start_date, effective_end_date, is_current_flag) VALUES (8347, 2314, 2854, 'Atlantic — USD Term Loan 2028-B', 'TERM_LOAN', 'ACTIVE', 2635491649, 'USD', '2024-04-19', '2028-04-19', 5, 'MAT', 131, 5, 3, 8, 1, 'AMER', 'FIXED', 'SOFR', 303, 6.26, 'ACT/360', 'BULLET', 'N', 'Y', 'FAC-2024-08347-B', 'QUARTERLY', '2024-01-01', NULL, 'Y');
INSERT INTO l1.facility_master (facility_id, credit_agreement_id, counterparty_id, facility_name, facility_type, facility_status, committed_facility_amt, currency_code, origination_date, maturity_date, portfolio_id, industry_code, lob_segment_id, product_node_id, rate_index_id, ledger_account_id, product_id, region_code, interest_rate_type, interest_rate_reference, interest_rate_spread_bps, all_in_rate_pct, day_count_convention, amortization_type, revolving_flag, active_flag, facility_reference, payment_frequency, effective_start_date, effective_end_date, is_current_flag) VALUES (8348, 2315, 2855, 'Nordic — GBP Revolver 2026-A', 'REVOLVING_CREDIT', 'ACTIVE', 127570540, 'GBP', '2021-09-21', '2026-09-21', 6, 'MAT', 132, 6, 1, 7, 2, 'EMEA', 'FLOATING', 'SONIA', 163, 4.38, 'ACT/360', 'BULLET', 'Y', 'Y', 'FAC-2021-08348-A', 'MONTHLY', '2024-01-01', NULL, 'Y');
INSERT INTO l1.facility_master (facility_id, credit_agreement_id, counterparty_id, facility_name, facility_type, facility_status, committed_facility_amt, currency_code, origination_date, maturity_date, portfolio_id, industry_code, lob_segment_id, product_node_id, rate_index_id, ledger_account_id, product_id, region_code, interest_rate_type, interest_rate_reference, interest_rate_spread_bps, all_in_rate_pct, day_count_convention, amortization_type, revolving_flag, active_flag, facility_reference, payment_frequency, effective_start_date, effective_end_date, is_current_flag) VALUES (8349, 2315, 2855, 'Nordic — GBP Term Loan 2026-B', 'TERM_LOAN', 'ACTIVE', 191355809, 'GBP', '2021-09-21', '2026-09-21', 1, 'MAT', 133, 9, 5, 7, 5, 'EMEA', 'FLOATING', 'SONIA', 163, 4.21, 'ACT/365', 'BULLET', 'N', 'Y', 'FAC-2021-08349-B', 'QUARTERLY', '2024-01-01', NULL, 'Y');
INSERT INTO l1.facility_master (facility_id, credit_agreement_id, counterparty_id, facility_name, facility_type, facility_status, committed_facility_amt, currency_code, origination_date, maturity_date, portfolio_id, industry_code, lob_segment_id, product_node_id, rate_index_id, ledger_account_id, product_id, region_code, interest_rate_type, interest_rate_reference, interest_rate_spread_bps, all_in_rate_pct, day_count_convention, amortization_type, revolving_flag, active_flag, facility_reference, payment_frequency, effective_start_date, effective_end_date, is_current_flag) VALUES (8350, 2316, 2856, 'Sahara — EUR Revolver 2029-A', 'REVOLVING_CREDIT', 'ACTIVE', 139365014, 'EUR', '2024-06-13', '2029-06-13', 10, 'ENR', 134, 1, 5, 2, 2, 'EMEA', 'FLOATING', 'EURIBOR', 453, 7.69, 'ACT/365', 'BULLET', 'Y', 'Y', 'FAC-2024-08350-A', 'MONTHLY', '2024-01-01', NULL, 'Y');
INSERT INTO l1.facility_master (facility_id, credit_agreement_id, counterparty_id, facility_name, facility_type, facility_status, committed_facility_amt, currency_code, origination_date, maturity_date, portfolio_id, industry_code, lob_segment_id, product_node_id, rate_index_id, ledger_account_id, product_id, region_code, interest_rate_type, interest_rate_reference, interest_rate_spread_bps, all_in_rate_pct, day_count_convention, amortization_type, revolving_flag, active_flag, facility_reference, payment_frequency, effective_start_date, effective_end_date, is_current_flag) VALUES (8351, 2316, 2856, 'Sahara — EUR Term Loan 2029-B', 'TERM_LOAN', 'ACTIVE', 209047522, 'EUR', '2024-06-13', '2029-06-13', 2, 'ENR', 135, 7, 3, 2, 5, 'EMEA', 'FIXED', 'EURIBOR', 453, 7.45, 'ACT/360', 'BULLET', 'N', 'Y', 'FAC-2024-08351-B', 'QUARTERLY', '2024-01-01', NULL, 'Y');
INSERT INTO l1.facility_master (facility_id, credit_agreement_id, counterparty_id, facility_name, facility_type, facility_status, committed_facility_amt, currency_code, origination_date, maturity_date, portfolio_id, industry_code, lob_segment_id, product_node_id, rate_index_id, ledger_account_id, product_id, region_code, interest_rate_type, interest_rate_reference, interest_rate_spread_bps, all_in_rate_pct, day_count_convention, amortization_type, revolving_flag, active_flag, facility_reference, payment_frequency, effective_start_date, effective_end_date, is_current_flag) VALUES (8352, 2317, 2857, 'Chile — BRL Revolver 2024-A', 'REVOLVING_CREDIT', 'ACTIVE', 8462392, 'BRL', '2020-08-25', '2024-08-25', 2, 'MAT', 136, 5, 4, 6, 5, 'AMER', 'FLOATING', 'SOFR', 446, 7.07, 'ACT/360', 'BULLET', 'Y', 'Y', 'FAC-2020-08352-A', 'QUARTERLY', '2024-01-01', NULL, 'Y');
INSERT INTO l1.facility_master (facility_id, credit_agreement_id, counterparty_id, facility_name, facility_type, facility_status, committed_facility_amt, currency_code, origination_date, maturity_date, portfolio_id, industry_code, lob_segment_id, product_node_id, rate_index_id, ledger_account_id, product_id, region_code, interest_rate_type, interest_rate_reference, interest_rate_spread_bps, all_in_rate_pct, day_count_convention, amortization_type, revolving_flag, active_flag, facility_reference, payment_frequency, effective_start_date, effective_end_date, is_current_flag) VALUES (8353, 2317, 2857, 'Chile — BRL Term Loan 2024-B', 'TERM_LOAN', 'ACTIVE', 12693589, 'BRL', '2020-08-25', '2024-08-25', 9, 'MAT', 137, 6, 4, 3, 3, 'AMER', 'FIXED', 'SOFR', 446, 8.32, 'ACT/360', 'AMORTIZING', 'N', 'Y', 'FAC-2020-08353-B', 'QUARTERLY', '2024-01-01', NULL, 'Y');
INSERT INTO l1.facility_master (facility_id, credit_agreement_id, counterparty_id, facility_name, facility_type, facility_status, committed_facility_amt, currency_code, origination_date, maturity_date, portfolio_id, industry_code, lob_segment_id, product_node_id, rate_index_id, ledger_account_id, product_id, region_code, interest_rate_type, interest_rate_reference, interest_rate_spread_bps, all_in_rate_pct, day_count_convention, amortization_type, revolving_flag, active_flag, facility_reference, payment_frequency, effective_start_date, effective_end_date, is_current_flag) VALUES (8354, 2318, 2858, 'Rajasthan — INR Revolver 2026-A', 'REVOLVING_CREDIT', 'ACTIVE', 34176351, 'INR', '2021-06-06', '2026-06-06', 10, 'MAT', 138, 6, 3, 4, 3, 'APAC', 'FLOATING', 'SOFR', 985, 13.61, 'ACT/360', 'BULLET', 'Y', 'Y', 'FAC-2021-08354-A', 'QUARTERLY', '2024-01-01', NULL, 'Y');
INSERT INTO l1.facility_master (facility_id, credit_agreement_id, counterparty_id, facility_name, facility_type, facility_status, committed_facility_amt, currency_code, origination_date, maturity_date, portfolio_id, industry_code, lob_segment_id, product_node_id, rate_index_id, ledger_account_id, product_id, region_code, interest_rate_type, interest_rate_reference, interest_rate_spread_bps, all_in_rate_pct, day_count_convention, amortization_type, revolving_flag, active_flag, facility_reference, payment_frequency, effective_start_date, effective_end_date, is_current_flag) VALUES (8355, 2318, 2858, 'Rajasthan — INR Term Loan 2026-B', 'TERM_LOAN', 'ACTIVE', 51264527, 'INR', '2021-06-06', '2026-06-06', 9, 'MAT', 139, 5, 1, 7, 5, 'APAC', 'FLOATING', 'SOFR', 985, 13.79, 'ACT/360', 'AMORTIZING', 'N', 'Y', 'FAC-2021-08355-B', 'QUARTERLY', '2024-01-01', NULL, 'Y');

-- ────────────────────────────────────────
-- l1.facility_lender_allocation (10 rows)
-- ────────────────────────────────────────
INSERT INTO l1.facility_lender_allocation (lender_allocation_id, facility_id, legal_entity_id, allocation_role, bank_share_pct, is_current_flag, effective_start_date, effective_end_date) VALUES (100203, 8346, 1, 'LEAD_ARRANGER', 1, 'Y', '2024-04-19', NULL);
INSERT INTO l1.facility_lender_allocation (lender_allocation_id, facility_id, legal_entity_id, allocation_role, bank_share_pct, is_current_flag, effective_start_date, effective_end_date) VALUES (100204, 8347, 1, 'LEAD_ARRANGER', 1, 'Y', '2024-04-19', NULL);
INSERT INTO l1.facility_lender_allocation (lender_allocation_id, facility_id, legal_entity_id, allocation_role, bank_share_pct, is_current_flag, effective_start_date, effective_end_date) VALUES (100205, 8348, 1, 'LEAD_ARRANGER', 1, 'Y', '2021-09-21', NULL);
INSERT INTO l1.facility_lender_allocation (lender_allocation_id, facility_id, legal_entity_id, allocation_role, bank_share_pct, is_current_flag, effective_start_date, effective_end_date) VALUES (100206, 8349, 1, 'LEAD_ARRANGER', 1, 'Y', '2021-09-21', NULL);
INSERT INTO l1.facility_lender_allocation (lender_allocation_id, facility_id, legal_entity_id, allocation_role, bank_share_pct, is_current_flag, effective_start_date, effective_end_date) VALUES (100207, 8350, 2, 'LEAD_ARRANGER', 1, 'Y', '2024-06-13', NULL);
INSERT INTO l1.facility_lender_allocation (lender_allocation_id, facility_id, legal_entity_id, allocation_role, bank_share_pct, is_current_flag, effective_start_date, effective_end_date) VALUES (100208, 8351, 2, 'LEAD_ARRANGER', 1, 'Y', '2024-06-13', NULL);
INSERT INTO l1.facility_lender_allocation (lender_allocation_id, facility_id, legal_entity_id, allocation_role, bank_share_pct, is_current_flag, effective_start_date, effective_end_date) VALUES (100209, 8352, 1, 'LEAD_ARRANGER', 1, 'Y', '2020-08-25', NULL);
INSERT INTO l1.facility_lender_allocation (lender_allocation_id, facility_id, legal_entity_id, allocation_role, bank_share_pct, is_current_flag, effective_start_date, effective_end_date) VALUES (100210, 8353, 3, 'LEAD_ARRANGER', 1, 'Y', '2020-08-25', NULL);
INSERT INTO l1.facility_lender_allocation (lender_allocation_id, facility_id, legal_entity_id, allocation_role, bank_share_pct, is_current_flag, effective_start_date, effective_end_date) VALUES (100211, 8354, 4, 'LEAD_ARRANGER', 1, 'Y', '2021-06-06', NULL);
INSERT INTO l1.facility_lender_allocation (lender_allocation_id, facility_id, legal_entity_id, allocation_role, bank_share_pct, is_current_flag, effective_start_date, effective_end_date) VALUES (100212, 8355, 1, 'LEAD_ARRANGER', 1, 'Y', '2021-06-06', NULL);

-- ────────────────────────────────────────
-- l2.facility_exposure_snapshot (30 rows)
-- ────────────────────────────────────────
INSERT INTO l2.facility_exposure_snapshot (facility_exposure_id, facility_id, counterparty_id, as_of_date, exposure_type_id, drawn_amount, committed_amount, undrawn_amount, currency_code, limit_status_code) VALUES (200607, 8346, 2854, '2024-11-30', 1, 667657884, 1756994432, 1089336548, 'USD', 'WITHIN_LIMIT');
INSERT INTO l2.facility_exposure_snapshot (facility_exposure_id, facility_id, counterparty_id, as_of_date, exposure_type_id, drawn_amount, committed_amount, undrawn_amount, currency_code, limit_status_code) VALUES (200608, 8346, 2854, '2024-12-31', 1, 737937661, 1756994432, 1019056771, 'USD', 'WITHIN_LIMIT');
INSERT INTO l2.facility_exposure_snapshot (facility_exposure_id, facility_id, counterparty_id, as_of_date, exposure_type_id, drawn_amount, committed_amount, undrawn_amount, currency_code, limit_status_code) VALUES (200609, 8346, 2854, '2025-01-31', 1, 790647494, 1756994432, 966346938, 'USD', 'WITHIN_LIMIT');
INSERT INTO l2.facility_exposure_snapshot (facility_exposure_id, facility_id, counterparty_id, as_of_date, exposure_type_id, drawn_amount, committed_amount, undrawn_amount, currency_code, limit_status_code) VALUES (200610, 8347, 2854, '2024-11-30', 1, 1001486827, 2635491649, 1634004822, 'USD', 'WITHIN_LIMIT');
INSERT INTO l2.facility_exposure_snapshot (facility_exposure_id, facility_id, counterparty_id, as_of_date, exposure_type_id, drawn_amount, committed_amount, undrawn_amount, currency_code, limit_status_code) VALUES (200611, 8347, 2854, '2024-12-31', 1, 1106906493, 2635491649, 1528585156, 'USD', 'WITHIN_LIMIT');
INSERT INTO l2.facility_exposure_snapshot (facility_exposure_id, facility_id, counterparty_id, as_of_date, exposure_type_id, drawn_amount, committed_amount, undrawn_amount, currency_code, limit_status_code) VALUES (200612, 8347, 2854, '2025-01-31', 1, 1185971242, 2635491649, 1449520407, 'USD', 'WITHIN_LIMIT');
INSERT INTO l2.facility_exposure_snapshot (facility_exposure_id, facility_id, counterparty_id, as_of_date, exposure_type_id, drawn_amount, committed_amount, undrawn_amount, currency_code, limit_status_code) VALUES (200613, 8348, 2855, '2024-11-30', 1, 63785270, 127570540, 63785270, 'GBP', 'WITHIN_LIMIT');
INSERT INTO l2.facility_exposure_snapshot (facility_exposure_id, facility_id, counterparty_id, as_of_date, exposure_type_id, drawn_amount, committed_amount, undrawn_amount, currency_code, limit_status_code) VALUES (200614, 8348, 2855, '2024-12-31', 1, 70163797, 127570540, 57406743, 'GBP', 'WITHIN_LIMIT');
INSERT INTO l2.facility_exposure_snapshot (facility_exposure_id, facility_id, counterparty_id, as_of_date, exposure_type_id, drawn_amount, committed_amount, undrawn_amount, currency_code, limit_status_code) VALUES (200615, 8348, 2855, '2025-01-31', 1, 73990913, 127570540, 53579627, 'GBP', 'WITHIN_LIMIT');
INSERT INTO l2.facility_exposure_snapshot (facility_exposure_id, facility_id, counterparty_id, as_of_date, exposure_type_id, drawn_amount, committed_amount, undrawn_amount, currency_code, limit_status_code) VALUES (200616, 8349, 2855, '2024-11-30', 1, 95677905, 191355809, 95677904, 'GBP', 'WITHIN_LIMIT');
INSERT INTO l2.facility_exposure_snapshot (facility_exposure_id, facility_id, counterparty_id, as_of_date, exposure_type_id, drawn_amount, committed_amount, undrawn_amount, currency_code, limit_status_code) VALUES (200617, 8349, 2855, '2024-12-31', 1, 105245695, 191355809, 86110114, 'GBP', 'WITHIN_LIMIT');
INSERT INTO l2.facility_exposure_snapshot (facility_exposure_id, facility_id, counterparty_id, as_of_date, exposure_type_id, drawn_amount, committed_amount, undrawn_amount, currency_code, limit_status_code) VALUES (200618, 8349, 2855, '2025-01-31', 1, 110986369, 191355809, 80369440, 'GBP', 'WITHIN_LIMIT');
INSERT INTO l2.facility_exposure_snapshot (facility_exposure_id, facility_id, counterparty_id, as_of_date, exposure_type_id, drawn_amount, committed_amount, undrawn_amount, currency_code, limit_status_code) VALUES (200619, 8350, 2856, '2024-11-30', 1, 52958705, 139365014, 86406309, 'EUR', 'WITHIN_LIMIT');
INSERT INTO l2.facility_exposure_snapshot (facility_exposure_id, facility_id, counterparty_id, as_of_date, exposure_type_id, drawn_amount, committed_amount, undrawn_amount, currency_code, limit_status_code) VALUES (200620, 8350, 2856, '2024-12-31', 1, 58533306, 139365014, 80831708, 'EUR', 'WITHIN_LIMIT');
INSERT INTO l2.facility_exposure_snapshot (facility_exposure_id, facility_id, counterparty_id, as_of_date, exposure_type_id, drawn_amount, committed_amount, undrawn_amount, currency_code, limit_status_code) VALUES (200621, 8350, 2856, '2025-01-31', 1, 62714256, 139365014, 76650758, 'EUR', 'WITHIN_LIMIT');
INSERT INTO l2.facility_exposure_snapshot (facility_exposure_id, facility_id, counterparty_id, as_of_date, exposure_type_id, drawn_amount, committed_amount, undrawn_amount, currency_code, limit_status_code) VALUES (200622, 8351, 2856, '2024-11-30', 1, 79438058, 209047522, 129609464, 'EUR', 'WITHIN_LIMIT');
INSERT INTO l2.facility_exposure_snapshot (facility_exposure_id, facility_id, counterparty_id, as_of_date, exposure_type_id, drawn_amount, committed_amount, undrawn_amount, currency_code, limit_status_code) VALUES (200623, 8351, 2856, '2024-12-31', 1, 87799959, 209047522, 121247563, 'EUR', 'WITHIN_LIMIT');
INSERT INTO l2.facility_exposure_snapshot (facility_exposure_id, facility_id, counterparty_id, as_of_date, exposure_type_id, drawn_amount, committed_amount, undrawn_amount, currency_code, limit_status_code) VALUES (200624, 8351, 2856, '2025-01-31', 1, 94071385, 209047522, 114976137, 'EUR', 'WITHIN_LIMIT');
INSERT INTO l2.facility_exposure_snapshot (facility_exposure_id, facility_id, counterparty_id, as_of_date, exposure_type_id, drawn_amount, committed_amount, undrawn_amount, currency_code, limit_status_code) VALUES (200625, 8352, 2857, '2024-11-30', 1, 3215709, 8462392, 5246683, 'BRL', 'WITHIN_LIMIT');
INSERT INTO l2.facility_exposure_snapshot (facility_exposure_id, facility_id, counterparty_id, as_of_date, exposure_type_id, drawn_amount, committed_amount, undrawn_amount, currency_code, limit_status_code) VALUES (200626, 8352, 2857, '2024-12-31', 1, 3554205, 8462392, 4908187, 'BRL', 'WITHIN_LIMIT');
INSERT INTO l2.facility_exposure_snapshot (facility_exposure_id, facility_id, counterparty_id, as_of_date, exposure_type_id, drawn_amount, committed_amount, undrawn_amount, currency_code, limit_status_code) VALUES (200627, 8352, 2857, '2025-01-31', 1, 3808076, 8462392, 4654316, 'BRL', 'WITHIN_LIMIT');
INSERT INTO l2.facility_exposure_snapshot (facility_exposure_id, facility_id, counterparty_id, as_of_date, exposure_type_id, drawn_amount, committed_amount, undrawn_amount, currency_code, limit_status_code) VALUES (200628, 8353, 2857, '2024-11-30', 1, 4823564, 12693589, 7870025, 'BRL', 'WITHIN_LIMIT');
INSERT INTO l2.facility_exposure_snapshot (facility_exposure_id, facility_id, counterparty_id, as_of_date, exposure_type_id, drawn_amount, committed_amount, undrawn_amount, currency_code, limit_status_code) VALUES (200629, 8353, 2857, '2024-12-31', 1, 5331307, 12693589, 7362282, 'BRL', 'WITHIN_LIMIT');
INSERT INTO l2.facility_exposure_snapshot (facility_exposure_id, facility_id, counterparty_id, as_of_date, exposure_type_id, drawn_amount, committed_amount, undrawn_amount, currency_code, limit_status_code) VALUES (200630, 8353, 2857, '2025-01-31', 1, 5712115, 12693589, 6981474, 'BRL', 'WITHIN_LIMIT');
INSERT INTO l2.facility_exposure_snapshot (facility_exposure_id, facility_id, counterparty_id, as_of_date, exposure_type_id, drawn_amount, committed_amount, undrawn_amount, currency_code, limit_status_code) VALUES (200631, 8354, 2858, '2024-11-30', 1, 12987013, 34176351, 21189338, 'INR', 'WITHIN_LIMIT');
INSERT INTO l2.facility_exposure_snapshot (facility_exposure_id, facility_id, counterparty_id, as_of_date, exposure_type_id, drawn_amount, committed_amount, undrawn_amount, currency_code, limit_status_code) VALUES (200632, 8354, 2858, '2024-12-31', 1, 14354067, 34176351, 19822284, 'INR', 'WITHIN_LIMIT');
INSERT INTO l2.facility_exposure_snapshot (facility_exposure_id, facility_id, counterparty_id, as_of_date, exposure_type_id, drawn_amount, committed_amount, undrawn_amount, currency_code, limit_status_code) VALUES (200633, 8354, 2858, '2025-01-31', 1, 15379358, 34176351, 18796993, 'INR', 'WITHIN_LIMIT');
INSERT INTO l2.facility_exposure_snapshot (facility_exposure_id, facility_id, counterparty_id, as_of_date, exposure_type_id, drawn_amount, committed_amount, undrawn_amount, currency_code, limit_status_code) VALUES (200634, 8355, 2858, '2024-11-30', 1, 19480520, 51264527, 31784007, 'INR', 'WITHIN_LIMIT');
INSERT INTO l2.facility_exposure_snapshot (facility_exposure_id, facility_id, counterparty_id, as_of_date, exposure_type_id, drawn_amount, committed_amount, undrawn_amount, currency_code, limit_status_code) VALUES (200635, 8355, 2858, '2024-12-31', 1, 21531101, 51264527, 29733426, 'INR', 'WITHIN_LIMIT');
INSERT INTO l2.facility_exposure_snapshot (facility_exposure_id, facility_id, counterparty_id, as_of_date, exposure_type_id, drawn_amount, committed_amount, undrawn_amount, currency_code, limit_status_code) VALUES (200636, 8355, 2858, '2025-01-31', 1, 23069037, 51264527, 28195490, 'INR', 'WITHIN_LIMIT');

-- ────────────────────────────────────────
-- l2.risk_flag (15 rows)
-- ────────────────────────────────────────
INSERT INTO l2.risk_flag (risk_flag_id, facility_id, counterparty_id, flag_type, flag_code, flag_severity, as_of_date, flag_description) VALUES (8094, 8346, 2854, 'CONCENTRATION', 'PIPELINE_CONCENTRATION', 'MEDIUM', '2025-01-31', '$1.8B green lending pipeline — 5 new relationships in 90 days');
INSERT INTO l2.risk_flag (risk_flag_id, facility_id, counterparty_id, flag_type, flag_code, flag_severity, as_of_date, flag_description) VALUES (8095, 8348, 2855, 'CONCENTRATION', 'PIPELINE_CONCENTRATION', 'MEDIUM', '2025-01-31', '$1.8B green lending pipeline — 5 new relationships in 90 days');
INSERT INTO l2.risk_flag (risk_flag_id, facility_id, counterparty_id, flag_type, flag_code, flag_severity, as_of_date, flag_description) VALUES (8096, 8350, 2856, 'CONCENTRATION', 'PIPELINE_CONCENTRATION', 'MEDIUM', '2025-01-31', '$1.8B green lending pipeline — 5 new relationships in 90 days');
INSERT INTO l2.risk_flag (risk_flag_id, facility_id, counterparty_id, flag_type, flag_code, flag_severity, as_of_date, flag_description) VALUES (8097, 8352, 2857, 'CONCENTRATION', 'PIPELINE_CONCENTRATION', 'MEDIUM', '2025-01-31', '$1.8B green lending pipeline — 5 new relationships in 90 days');
INSERT INTO l2.risk_flag (risk_flag_id, facility_id, counterparty_id, flag_type, flag_code, flag_severity, as_of_date, flag_description) VALUES (8098, 8354, 2858, 'CONCENTRATION', 'PIPELINE_CONCENTRATION', 'MEDIUM', '2025-01-31', '$1.8B green lending pipeline — 5 new relationships in 90 days');
INSERT INTO l2.risk_flag (risk_flag_id, facility_id, counterparty_id, flag_type, flag_code, flag_severity, as_of_date, flag_description) VALUES (8099, 8346, 2854, 'CONCENTRATION', 'DATA_QUALITY_LOW', 'MEDIUM', '2025-01-31', 'ESG scoring frameworks incomplete — 3 counterparties missing sustainability metrics');
INSERT INTO l2.risk_flag (risk_flag_id, facility_id, counterparty_id, flag_type, flag_code, flag_severity, as_of_date, flag_description) VALUES (8100, 8348, 2855, 'CONCENTRATION', 'DATA_QUALITY_LOW', 'MEDIUM', '2025-01-31', 'ESG scoring frameworks incomplete — 3 counterparties missing sustainability metrics');
INSERT INTO l2.risk_flag (risk_flag_id, facility_id, counterparty_id, flag_type, flag_code, flag_severity, as_of_date, flag_description) VALUES (8101, 8350, 2856, 'CONCENTRATION', 'DATA_QUALITY_LOW', 'MEDIUM', '2025-01-31', 'ESG scoring frameworks incomplete — 3 counterparties missing sustainability metrics');
INSERT INTO l2.risk_flag (risk_flag_id, facility_id, counterparty_id, flag_type, flag_code, flag_severity, as_of_date, flag_description) VALUES (8102, 8352, 2857, 'CONCENTRATION', 'DATA_QUALITY_LOW', 'MEDIUM', '2025-01-31', 'ESG scoring frameworks incomplete — 3 counterparties missing sustainability metrics');
INSERT INTO l2.risk_flag (risk_flag_id, facility_id, counterparty_id, flag_type, flag_code, flag_severity, as_of_date, flag_description) VALUES (8103, 8354, 2858, 'CONCENTRATION', 'DATA_QUALITY_LOW', 'MEDIUM', '2025-01-31', 'ESG scoring frameworks incomplete — 3 counterparties missing sustainability metrics');
INSERT INTO l2.risk_flag (risk_flag_id, facility_id, counterparty_id, flag_type, flag_code, flag_severity, as_of_date, flag_description) VALUES (8104, 8346, 2854, 'CONCENTRATION', 'RAPID_ONBOARDING', 'LOW', '2025-01-31', 'Green lending growth target driving accelerated onboarding');
INSERT INTO l2.risk_flag (risk_flag_id, facility_id, counterparty_id, flag_type, flag_code, flag_severity, as_of_date, flag_description) VALUES (8105, 8348, 2855, 'CONCENTRATION', 'RAPID_ONBOARDING', 'LOW', '2025-01-31', 'Green lending growth target driving accelerated onboarding');
INSERT INTO l2.risk_flag (risk_flag_id, facility_id, counterparty_id, flag_type, flag_code, flag_severity, as_of_date, flag_description) VALUES (8106, 8350, 2856, 'CONCENTRATION', 'RAPID_ONBOARDING', 'LOW', '2025-01-31', 'Green lending growth target driving accelerated onboarding');
INSERT INTO l2.risk_flag (risk_flag_id, facility_id, counterparty_id, flag_type, flag_code, flag_severity, as_of_date, flag_description) VALUES (8107, 8352, 2857, 'CONCENTRATION', 'RAPID_ONBOARDING', 'LOW', '2025-01-31', 'Green lending growth target driving accelerated onboarding');
INSERT INTO l2.risk_flag (risk_flag_id, facility_id, counterparty_id, flag_type, flag_code, flag_severity, as_of_date, flag_description) VALUES (8108, 8354, 2858, 'CONCENTRATION', 'RAPID_ONBOARDING', 'LOW', '2025-01-31', 'Green lending growth target driving accelerated onboarding');

-- ────────────────────────────────────────
-- l2.deal_pipeline_fact (10 rows)
-- ────────────────────────────────────────
INSERT INTO l2.deal_pipeline_fact (pipeline_id, counterparty_id, facility_id, as_of_date, pipeline_stage, proposed_amount, expected_close_date) VALUES (5270, 2854, 8346, '2025-01-31', 'ORIGINATION', 1756994432, '2025-01-31');
INSERT INTO l2.deal_pipeline_fact (pipeline_id, counterparty_id, facility_id, as_of_date, pipeline_stage, proposed_amount, expected_close_date) VALUES (5271, 2854, 8347, '2025-01-31', 'UNDERWRITING', 2635491649, '2025-01-31');
INSERT INTO l2.deal_pipeline_fact (pipeline_id, counterparty_id, facility_id, as_of_date, pipeline_stage, proposed_amount, expected_close_date) VALUES (5272, 2855, 8348, '2025-01-31', 'APPROVED', 127570540, '2025-01-31');
INSERT INTO l2.deal_pipeline_fact (pipeline_id, counterparty_id, facility_id, as_of_date, pipeline_stage, proposed_amount, expected_close_date) VALUES (5273, 2855, 8349, '2025-01-31', 'CLOSING', 191355809, '2025-01-31');
INSERT INTO l2.deal_pipeline_fact (pipeline_id, counterparty_id, facility_id, as_of_date, pipeline_stage, proposed_amount, expected_close_date) VALUES (5274, 2856, 8350, '2025-01-31', 'ORIGINATION', 139365014, '2025-01-31');
INSERT INTO l2.deal_pipeline_fact (pipeline_id, counterparty_id, facility_id, as_of_date, pipeline_stage, proposed_amount, expected_close_date) VALUES (5275, 2856, 8351, '2025-01-31', 'UNDERWRITING', 209047522, '2025-01-31');
INSERT INTO l2.deal_pipeline_fact (pipeline_id, counterparty_id, facility_id, as_of_date, pipeline_stage, proposed_amount, expected_close_date) VALUES (5276, 2857, 8352, '2025-01-31', 'APPROVED', 8462392, '2025-01-31');
INSERT INTO l2.deal_pipeline_fact (pipeline_id, counterparty_id, facility_id, as_of_date, pipeline_stage, proposed_amount, expected_close_date) VALUES (5277, 2857, 8353, '2025-01-31', 'CLOSING', 12693589, '2025-01-31');
INSERT INTO l2.deal_pipeline_fact (pipeline_id, counterparty_id, facility_id, as_of_date, pipeline_stage, proposed_amount, expected_close_date) VALUES (5278, 2858, 8354, '2025-01-31', 'ORIGINATION', 34176351, '2025-01-31');
INSERT INTO l2.deal_pipeline_fact (pipeline_id, counterparty_id, facility_id, as_of_date, pipeline_stage, proposed_amount, expected_close_date) VALUES (5279, 2858, 8355, '2025-01-31', 'UNDERWRITING', 51264527, '2025-01-31');


-- ═════════════════════════════════════════════════════════════════
-- Scenario S42: Swiss PE Portfolio Leverage
-- 3 Swiss PE funds face NAV compression — leverage ratios approaching covenants on $1.6B exposure
-- Generated: 2026-03-10T04:28:27.432Z
-- ═════════════════════════════════════════════════════════════════

SET search_path TO l1, l2, public;

-- ────────────────────────────────────────
-- l1.counterparty (3 rows)
-- ────────────────────────────────────────
INSERT INTO l1.counterparty (counterparty_id, legal_name, counterparty_type, country_code, entity_type_code, industry_id, basel_asset_class, basel_risk_grade, call_report_counterparty_type, external_rating_fitch, external_rating_moodys, external_rating_sp, fr2590_counterparty_type, internal_risk_rating, is_affiliated, is_central_counterparty, is_financial_institution, is_insider, is_multilateral_dev_bank, is_parent_flag, is_public_sector_entity, is_regulated_entity, is_sovereign, lei_code, lgd_unsecured, pd_annual, regulatory_counterparty_type, y14_obligor_type, effective_start_date, effective_end_date, is_current_flag) VALUES (2859, 'Zurich Capital Partners Fund III AG', 'CORPORATE', 'CH', 'CORP', 1, 'CORPORATE', '4', 'C&I_FOREIGN', 'BBB+', 'Baa2', 'BBB', 'NON_FINANCIAL', '4', 'N', 'N', 'N', 'N', 'N', 'N', 'N', 'N', 'N', '506700JBLQ8726ELTHDE', 0.45, 0.0054, 'CORPORATE', 'LARGE_CORPORATE', '2020-01-01', NULL, 'Y');
INSERT INTO l1.counterparty (counterparty_id, legal_name, counterparty_type, country_code, entity_type_code, industry_id, basel_asset_class, basel_risk_grade, call_report_counterparty_type, external_rating_fitch, external_rating_moodys, external_rating_sp, fr2590_counterparty_type, internal_risk_rating, is_affiliated, is_central_counterparty, is_financial_institution, is_insider, is_multilateral_dev_bank, is_parent_flag, is_public_sector_entity, is_regulated_entity, is_sovereign, lei_code, lgd_unsecured, pd_annual, regulatory_counterparty_type, y14_obligor_type, effective_start_date, effective_end_date, is_current_flag) VALUES (2860, 'Geneva Growth Equity AG', 'CORPORATE', 'CH', 'CORP', 1, 'CORPORATE', '6', 'C&I_FOREIGN', 'BBB-', 'Ba1', 'BB+', 'NON_FINANCIAL', '5', 'N', 'N', 'N', 'N', 'N', 'N', 'N', 'N', 'N', '506700G8W4JXGQWHXD6R', 0.48, 0.0082, 'CORPORATE', 'LARGE_CORPORATE', '2020-01-01', NULL, 'Y');
INSERT INTO l1.counterparty (counterparty_id, legal_name, counterparty_type, country_code, entity_type_code, industry_id, basel_asset_class, basel_risk_grade, call_report_counterparty_type, external_rating_fitch, external_rating_moodys, external_rating_sp, fr2590_counterparty_type, internal_risk_rating, is_affiliated, is_central_counterparty, is_financial_institution, is_insider, is_multilateral_dev_bank, is_parent_flag, is_public_sector_entity, is_regulated_entity, is_sovereign, lei_code, lgd_unsecured, pd_annual, regulatory_counterparty_type, y14_obligor_type, effective_start_date, effective_end_date, is_current_flag) VALUES (2861, 'Bern Mezzanine Credit Fund Sàrl', 'CORPORATE', 'CH', 'CORP', 1, 'CORPORATE', '6', 'C&I_FOREIGN', 'BB-', 'Ba3', 'BB-', 'NON_FINANCIAL', '6', 'N', 'N', 'N', 'N', 'N', 'Y', 'N', 'N', 'N', '506700P3HTTL9N8AL74I', 0.55, 0.0231, 'CORPORATE', 'LARGE_CORPORATE', '2020-01-01', NULL, 'Y');

-- ────────────────────────────────────────
-- l1.credit_agreement_master (3 rows)
-- ────────────────────────────────────────
INSERT INTO l1.credit_agreement_master (credit_agreement_id, borrower_counterparty_id, lender_legal_entity_id, agreement_type, status_code, agreement_reference, currency_code, origination_date, maturity_date, effective_start_date, effective_end_date, is_current_flag) VALUES (2319, 2859, 12, 'SYNDICATED', 'ACTIVE', 'CA-2021-02319-CHF', 'CHF', '2021-04-15', '2027-04-15', '2024-01-01', NULL, 'Y');
INSERT INTO l1.credit_agreement_master (credit_agreement_id, borrower_counterparty_id, lender_legal_entity_id, agreement_type, status_code, agreement_reference, currency_code, origination_date, maturity_date, effective_start_date, effective_end_date, is_current_flag) VALUES (2320, 2860, 8, 'SYNDICATED', 'ACTIVE', 'CA-2020-02320-CHF', 'CHF', '2020-02-05', '2024-02-05', '2024-01-01', NULL, 'Y');
INSERT INTO l1.credit_agreement_master (credit_agreement_id, borrower_counterparty_id, lender_legal_entity_id, agreement_type, status_code, agreement_reference, currency_code, origination_date, maturity_date, effective_start_date, effective_end_date, is_current_flag) VALUES (2321, 2861, 8, 'SYNDICATED', 'ACTIVE', 'CA-2021-02321-CHF', 'CHF', '2021-04-13', '2026-04-13', '2024-01-01', NULL, 'Y');

-- ────────────────────────────────────────
-- l1.facility_master (9 rows)
-- ────────────────────────────────────────
INSERT INTO l1.facility_master (facility_id, credit_agreement_id, counterparty_id, facility_name, facility_type, facility_status, committed_facility_amt, currency_code, origination_date, maturity_date, portfolio_id, industry_code, lob_segment_id, product_node_id, rate_index_id, ledger_account_id, product_id, region_code, interest_rate_type, interest_rate_reference, interest_rate_spread_bps, all_in_rate_pct, day_count_convention, amortization_type, revolving_flag, active_flag, facility_reference, payment_frequency, effective_start_date, effective_end_date, is_current_flag) VALUES (8356, 2319, 2859, 'Zurich — CHF Revolver 2026-A', 'REVOLVING_CREDIT', 'ACTIVE', 506101497, 'CHF', '2021-11-13', '2026-11-13', 3, 'FIN', 140, 5, 2, 5, 4, 'EMEA', 'FLOATING', 'SARON', 285, 6.49, 'ACT/365', 'BULLET', 'Y', 'Y', 'FAC-2021-08356-A', 'QUARTERLY', '2024-01-01', NULL, 'Y');
INSERT INTO l1.facility_master (facility_id, credit_agreement_id, counterparty_id, facility_name, facility_type, facility_status, committed_facility_amt, currency_code, origination_date, maturity_date, portfolio_id, industry_code, lob_segment_id, product_node_id, rate_index_id, ledger_account_id, product_id, region_code, interest_rate_type, interest_rate_reference, interest_rate_spread_bps, all_in_rate_pct, day_count_convention, amortization_type, revolving_flag, active_flag, facility_reference, payment_frequency, effective_start_date, effective_end_date, is_current_flag) VALUES (8357, 2319, 2859, 'Zurich — CHF Term Loan 2026-B', 'TERM_LOAN', 'ACTIVE', 759152246, 'CHF', '2021-11-13', '2026-11-13', 3, 'FIN', 141, 9, 5, 1, 4, 'EMEA', 'FLOATING', 'SARON', 285, 6.78, 'ACT/360', 'AMORTIZING', 'N', 'Y', 'FAC-2021-08357-B', 'QUARTERLY', '2024-01-01', NULL, 'Y');
INSERT INTO l1.facility_master (facility_id, credit_agreement_id, counterparty_id, facility_name, facility_type, facility_status, committed_facility_amt, currency_code, origination_date, maturity_date, portfolio_id, industry_code, lob_segment_id, product_node_id, rate_index_id, ledger_account_id, product_id, region_code, interest_rate_type, interest_rate_reference, interest_rate_spread_bps, all_in_rate_pct, day_count_convention, amortization_type, revolving_flag, active_flag, facility_reference, payment_frequency, effective_start_date, effective_end_date, is_current_flag) VALUES (8358, 2319, 2859, 'Zurich — CHF L/C 2026-C', 'LETTER_OF_CREDIT', 'ACTIVE', 421751248, 'CHF', '2021-11-13', '2026-11-13', 1, 'FIN', 142, 10, 2, 7, 2, 'EMEA', 'FLOATING', 'SARON', 285, 5.71, 'ACT/360', 'AMORTIZING', 'N', 'Y', 'FAC-2021-08358-C', 'MONTHLY', '2024-01-01', NULL, 'Y');
INSERT INTO l1.facility_master (facility_id, credit_agreement_id, counterparty_id, facility_name, facility_type, facility_status, committed_facility_amt, currency_code, origination_date, maturity_date, portfolio_id, industry_code, lob_segment_id, product_node_id, rate_index_id, ledger_account_id, product_id, region_code, interest_rate_type, interest_rate_reference, interest_rate_spread_bps, all_in_rate_pct, day_count_convention, amortization_type, revolving_flag, active_flag, facility_reference, payment_frequency, effective_start_date, effective_end_date, is_current_flag) VALUES (8359, 2320, 2860, 'Geneva — CHF Revolver 2029-A', 'REVOLVING_CREDIT', 'ACTIVE', 81585529, 'CHF', '2024-07-16', '2029-07-16', 2, 'FIN', 143, 7, 2, 3, 2, 'EMEA', 'FLOATING', 'SARON', 449, 8.27, 'ACT/360', 'BULLET', 'Y', 'Y', 'FAC-2024-08359-A', 'MONTHLY', '2024-01-01', NULL, 'Y');
INSERT INTO l1.facility_master (facility_id, credit_agreement_id, counterparty_id, facility_name, facility_type, facility_status, committed_facility_amt, currency_code, origination_date, maturity_date, portfolio_id, industry_code, lob_segment_id, product_node_id, rate_index_id, ledger_account_id, product_id, region_code, interest_rate_type, interest_rate_reference, interest_rate_spread_bps, all_in_rate_pct, day_count_convention, amortization_type, revolving_flag, active_flag, facility_reference, payment_frequency, effective_start_date, effective_end_date, is_current_flag) VALUES (8360, 2320, 2860, 'Geneva — CHF Term Loan 2029-B', 'TERM_LOAN', 'ACTIVE', 122378293, 'CHF', '2024-07-16', '2029-07-16', 2, 'FIN', 144, 3, 4, 2, 4, 'EMEA', 'FLOATING', 'SARON', 449, 7.9, 'ACT/360', 'BULLET', 'N', 'Y', 'FAC-2024-08360-B', 'MONTHLY', '2024-01-01', NULL, 'Y');
INSERT INTO l1.facility_master (facility_id, credit_agreement_id, counterparty_id, facility_name, facility_type, facility_status, committed_facility_amt, currency_code, origination_date, maturity_date, portfolio_id, industry_code, lob_segment_id, product_node_id, rate_index_id, ledger_account_id, product_id, region_code, interest_rate_type, interest_rate_reference, interest_rate_spread_bps, all_in_rate_pct, day_count_convention, amortization_type, revolving_flag, active_flag, facility_reference, payment_frequency, effective_start_date, effective_end_date, is_current_flag) VALUES (8361, 2320, 2860, 'Geneva — CHF L/C 2029-C', 'LETTER_OF_CREDIT', 'ACTIVE', 67987941, 'CHF', '2024-07-16', '2029-07-16', 9, 'FIN', 145, 5, 4, 1, 4, 'EMEA', 'FLOATING', 'SARON', 449, 8.2, 'ACT/360', 'AMORTIZING', 'N', 'Y', 'FAC-2024-08361-C', 'MONTHLY', '2024-01-01', NULL, 'Y');
INSERT INTO l1.facility_master (facility_id, credit_agreement_id, counterparty_id, facility_name, facility_type, facility_status, committed_facility_amt, currency_code, origination_date, maturity_date, portfolio_id, industry_code, lob_segment_id, product_node_id, rate_index_id, ledger_account_id, product_id, region_code, interest_rate_type, interest_rate_reference, interest_rate_spread_bps, all_in_rate_pct, day_count_convention, amortization_type, revolving_flag, active_flag, facility_reference, payment_frequency, effective_start_date, effective_end_date, is_current_flag) VALUES (8362, 2321, 2861, 'Bern — CHF Revolver 2029-A', 'REVOLVING_CREDIT', 'ACTIVE', 31733009, 'CHF', '2024-02-14', '2029-02-14', 2, 'FIN', 146, 8, 2, 6, 5, 'EMEA', 'FLOATING', 'SARON', 986, 13.04, 'ACT/360', 'BULLET', 'Y', 'Y', 'FAC-2024-08362-A', 'QUARTERLY', '2024-01-01', NULL, 'Y');
INSERT INTO l1.facility_master (facility_id, credit_agreement_id, counterparty_id, facility_name, facility_type, facility_status, committed_facility_amt, currency_code, origination_date, maturity_date, portfolio_id, industry_code, lob_segment_id, product_node_id, rate_index_id, ledger_account_id, product_id, region_code, interest_rate_type, interest_rate_reference, interest_rate_spread_bps, all_in_rate_pct, day_count_convention, amortization_type, revolving_flag, active_flag, facility_reference, payment_frequency, effective_start_date, effective_end_date, is_current_flag) VALUES (8363, 2321, 2861, 'Bern — CHF Term Loan 2029-B', 'TERM_LOAN', 'ACTIVE', 47599513, 'CHF', '2024-02-14', '2029-02-14', 9, 'FIN', 147, 8, 1, 4, 5, 'EMEA', 'FLOATING', 'SARON', 986, 13.8, 'ACT/360', 'BULLET', 'N', 'Y', 'FAC-2024-08363-B', 'QUARTERLY', '2024-01-01', NULL, 'Y');
INSERT INTO l1.facility_master (facility_id, credit_agreement_id, counterparty_id, facility_name, facility_type, facility_status, committed_facility_amt, currency_code, origination_date, maturity_date, portfolio_id, industry_code, lob_segment_id, product_node_id, rate_index_id, ledger_account_id, product_id, region_code, interest_rate_type, interest_rate_reference, interest_rate_spread_bps, all_in_rate_pct, day_count_convention, amortization_type, revolving_flag, active_flag, facility_reference, payment_frequency, effective_start_date, effective_end_date, is_current_flag) VALUES (8364, 2321, 2861, 'Bern — CHF L/C 2029-C', 'LETTER_OF_CREDIT', 'ACTIVE', 26444174, 'CHF', '2024-02-14', '2029-02-14', 10, 'FIN', 148, 6, 5, 4, 5, 'EMEA', 'FLOATING', 'SARON', 986, 13.18, 'ACT/360', 'BULLET', 'N', 'Y', 'FAC-2024-08364-C', 'QUARTERLY', '2024-01-01', NULL, 'Y');

-- ────────────────────────────────────────
-- l1.facility_lender_allocation (9 rows)
-- ────────────────────────────────────────
INSERT INTO l1.facility_lender_allocation (lender_allocation_id, facility_id, legal_entity_id, allocation_role, bank_share_pct, is_current_flag, effective_start_date, effective_end_date) VALUES (100213, 8356, 5, 'LEAD_ARRANGER', 1, 'Y', '2021-11-13', NULL);
INSERT INTO l1.facility_lender_allocation (lender_allocation_id, facility_id, legal_entity_id, allocation_role, bank_share_pct, is_current_flag, effective_start_date, effective_end_date) VALUES (100214, 8357, 1, 'LEAD_ARRANGER', 1, 'Y', '2021-11-13', NULL);
INSERT INTO l1.facility_lender_allocation (lender_allocation_id, facility_id, legal_entity_id, allocation_role, bank_share_pct, is_current_flag, effective_start_date, effective_end_date) VALUES (100215, 8358, 1, 'LEAD_ARRANGER', 1, 'Y', '2021-11-13', NULL);
INSERT INTO l1.facility_lender_allocation (lender_allocation_id, facility_id, legal_entity_id, allocation_role, bank_share_pct, is_current_flag, effective_start_date, effective_end_date) VALUES (100216, 8359, 3, 'LEAD_ARRANGER', 1, 'Y', '2024-07-16', NULL);
INSERT INTO l1.facility_lender_allocation (lender_allocation_id, facility_id, legal_entity_id, allocation_role, bank_share_pct, is_current_flag, effective_start_date, effective_end_date) VALUES (100217, 8360, 2, 'LEAD_ARRANGER', 1, 'Y', '2024-07-16', NULL);
INSERT INTO l1.facility_lender_allocation (lender_allocation_id, facility_id, legal_entity_id, allocation_role, bank_share_pct, is_current_flag, effective_start_date, effective_end_date) VALUES (100218, 8361, 1, 'LEAD_ARRANGER', 1, 'Y', '2024-07-16', NULL);
INSERT INTO l1.facility_lender_allocation (lender_allocation_id, facility_id, legal_entity_id, allocation_role, bank_share_pct, is_current_flag, effective_start_date, effective_end_date) VALUES (100219, 8362, 1, 'LEAD_ARRANGER', 1, 'Y', '2024-02-14', NULL);
INSERT INTO l1.facility_lender_allocation (lender_allocation_id, facility_id, legal_entity_id, allocation_role, bank_share_pct, is_current_flag, effective_start_date, effective_end_date) VALUES (100220, 8363, 4, 'LEAD_ARRANGER', 1, 'Y', '2024-02-14', NULL);
INSERT INTO l1.facility_lender_allocation (lender_allocation_id, facility_id, legal_entity_id, allocation_role, bank_share_pct, is_current_flag, effective_start_date, effective_end_date) VALUES (100221, 8364, 4, 'LEAD_ARRANGER', 1, 'Y', '2024-02-14', NULL);

-- ────────────────────────────────────────
-- l2.facility_exposure_snapshot (27 rows)
-- ────────────────────────────────────────
INSERT INTO l2.facility_exposure_snapshot (facility_exposure_id, facility_id, counterparty_id, as_of_date, exposure_type_id, drawn_amount, committed_amount, undrawn_amount, currency_code, limit_status_code) VALUES (200637, 8356, 2859, '2024-11-30', 1, 404881198, 506101497, 101220299, 'CHF', 'WITHIN_LIMIT');
INSERT INTO l2.facility_exposure_snapshot (facility_exposure_id, facility_id, counterparty_id, as_of_date, exposure_type_id, drawn_amount, committed_amount, undrawn_amount, currency_code, limit_status_code) VALUES (200638, 8356, 2859, '2024-12-31', 1, 430186272, 506101497, 75915225, 'CHF', 'WITHIN_LIMIT');
INSERT INTO l2.facility_exposure_snapshot (facility_exposure_id, facility_id, counterparty_id, as_of_date, exposure_type_id, drawn_amount, committed_amount, undrawn_amount, currency_code, limit_status_code) VALUES (200639, 8356, 2859, '2025-01-31', 1, 415003228, 506101497, 91098269, 'CHF', 'WITHIN_LIMIT');
INSERT INTO l2.facility_exposure_snapshot (facility_exposure_id, facility_id, counterparty_id, as_of_date, exposure_type_id, drawn_amount, committed_amount, undrawn_amount, currency_code, limit_status_code) VALUES (200640, 8357, 2859, '2024-11-30', 1, 607321797, 759152246, 151830449, 'CHF', 'WITHIN_LIMIT');
INSERT INTO l2.facility_exposure_snapshot (facility_exposure_id, facility_id, counterparty_id, as_of_date, exposure_type_id, drawn_amount, committed_amount, undrawn_amount, currency_code, limit_status_code) VALUES (200641, 8357, 2859, '2024-12-31', 1, 645279409, 759152246, 113872837, 'CHF', 'WITHIN_LIMIT');
INSERT INTO l2.facility_exposure_snapshot (facility_exposure_id, facility_id, counterparty_id, as_of_date, exposure_type_id, drawn_amount, committed_amount, undrawn_amount, currency_code, limit_status_code) VALUES (200642, 8357, 2859, '2025-01-31', 1, 622504842, 759152246, 136647404, 'CHF', 'WITHIN_LIMIT');
INSERT INTO l2.facility_exposure_snapshot (facility_exposure_id, facility_id, counterparty_id, as_of_date, exposure_type_id, drawn_amount, committed_amount, undrawn_amount, currency_code, limit_status_code) VALUES (200643, 8358, 2859, '2024-11-30', 1, 337400998, 421751248, 84350250, 'CHF', 'WITHIN_LIMIT');
INSERT INTO l2.facility_exposure_snapshot (facility_exposure_id, facility_id, counterparty_id, as_of_date, exposure_type_id, drawn_amount, committed_amount, undrawn_amount, currency_code, limit_status_code) VALUES (200644, 8358, 2859, '2024-12-31', 1, 358488561, 421751248, 63262687, 'CHF', 'WITHIN_LIMIT');
INSERT INTO l2.facility_exposure_snapshot (facility_exposure_id, facility_id, counterparty_id, as_of_date, exposure_type_id, drawn_amount, committed_amount, undrawn_amount, currency_code, limit_status_code) VALUES (200645, 8358, 2859, '2025-01-31', 1, 345836023, 421751248, 75915225, 'CHF', 'WITHIN_LIMIT');
INSERT INTO l2.facility_exposure_snapshot (facility_exposure_id, facility_id, counterparty_id, as_of_date, exposure_type_id, drawn_amount, committed_amount, undrawn_amount, currency_code, limit_status_code) VALUES (200646, 8359, 2860, '2024-11-30', 1, 63636713, 81585529, 17948816, 'CHF', 'WITHIN_LIMIT');
INSERT INTO l2.facility_exposure_snapshot (facility_exposure_id, facility_id, counterparty_id, as_of_date, exposure_type_id, drawn_amount, committed_amount, undrawn_amount, currency_code, limit_status_code) VALUES (200647, 8359, 2860, '2024-12-31', 1, 57109870, 81585529, 24475659, 'CHF', 'WITHIN_LIMIT');
INSERT INTO l2.facility_exposure_snapshot (facility_exposure_id, facility_id, counterparty_id, as_of_date, exposure_type_id, drawn_amount, committed_amount, undrawn_amount, currency_code, limit_status_code) VALUES (200648, 8359, 2860, '2025-01-31', 1, 50583028, 81585529, 31002501, 'CHF', 'WITHIN_LIMIT');
INSERT INTO l2.facility_exposure_snapshot (facility_exposure_id, facility_id, counterparty_id, as_of_date, exposure_type_id, drawn_amount, committed_amount, undrawn_amount, currency_code, limit_status_code) VALUES (200649, 8360, 2860, '2024-11-30', 1, 95455069, 122378293, 26923224, 'CHF', 'WITHIN_LIMIT');
INSERT INTO l2.facility_exposure_snapshot (facility_exposure_id, facility_id, counterparty_id, as_of_date, exposure_type_id, drawn_amount, committed_amount, undrawn_amount, currency_code, limit_status_code) VALUES (200650, 8360, 2860, '2024-12-31', 1, 85664805, 122378293, 36713488, 'CHF', 'WITHIN_LIMIT');
INSERT INTO l2.facility_exposure_snapshot (facility_exposure_id, facility_id, counterparty_id, as_of_date, exposure_type_id, drawn_amount, committed_amount, undrawn_amount, currency_code, limit_status_code) VALUES (200651, 8360, 2860, '2025-01-31', 1, 75874542, 122378293, 46503751, 'CHF', 'WITHIN_LIMIT');
INSERT INTO l2.facility_exposure_snapshot (facility_exposure_id, facility_id, counterparty_id, as_of_date, exposure_type_id, drawn_amount, committed_amount, undrawn_amount, currency_code, limit_status_code) VALUES (200652, 8361, 2860, '2024-11-30', 1, 53030594, 67987941, 14957347, 'CHF', 'WITHIN_LIMIT');
INSERT INTO l2.facility_exposure_snapshot (facility_exposure_id, facility_id, counterparty_id, as_of_date, exposure_type_id, drawn_amount, committed_amount, undrawn_amount, currency_code, limit_status_code) VALUES (200653, 8361, 2860, '2024-12-31', 1, 47591559, 67987941, 20396382, 'CHF', 'WITHIN_LIMIT');
INSERT INTO l2.facility_exposure_snapshot (facility_exposure_id, facility_id, counterparty_id, as_of_date, exposure_type_id, drawn_amount, committed_amount, undrawn_amount, currency_code, limit_status_code) VALUES (200654, 8361, 2860, '2025-01-31', 1, 42152523, 67987941, 25835418, 'CHF', 'WITHIN_LIMIT');
INSERT INTO l2.facility_exposure_snapshot (facility_exposure_id, facility_id, counterparty_id, as_of_date, exposure_type_id, drawn_amount, committed_amount, undrawn_amount, currency_code, limit_status_code) VALUES (200655, 8362, 2861, '2024-11-30', 1, 25386407, 31733009, 6346602, 'CHF', 'WITHIN_LIMIT');
INSERT INTO l2.facility_exposure_snapshot (facility_exposure_id, facility_id, counterparty_id, as_of_date, exposure_type_id, drawn_amount, committed_amount, undrawn_amount, currency_code, limit_status_code) VALUES (200656, 8362, 2861, '2024-12-31', 1, 26973058, 31733009, 4759951, 'CHF', 'WITHIN_LIMIT');
INSERT INTO l2.facility_exposure_snapshot (facility_exposure_id, facility_id, counterparty_id, as_of_date, exposure_type_id, drawn_amount, committed_amount, undrawn_amount, currency_code, limit_status_code) VALUES (200657, 8362, 2861, '2025-01-31', 1, 26021067, 31733009, 5711942, 'CHF', 'WITHIN_LIMIT');
INSERT INTO l2.facility_exposure_snapshot (facility_exposure_id, facility_id, counterparty_id, as_of_date, exposure_type_id, drawn_amount, committed_amount, undrawn_amount, currency_code, limit_status_code) VALUES (200658, 8363, 2861, '2024-11-30', 1, 38079610, 47599513, 9519903, 'CHF', 'WITHIN_LIMIT');
INSERT INTO l2.facility_exposure_snapshot (facility_exposure_id, facility_id, counterparty_id, as_of_date, exposure_type_id, drawn_amount, committed_amount, undrawn_amount, currency_code, limit_status_code) VALUES (200659, 8363, 2861, '2024-12-31', 1, 40459586, 47599513, 7139927, 'CHF', 'WITHIN_LIMIT');
INSERT INTO l2.facility_exposure_snapshot (facility_exposure_id, facility_id, counterparty_id, as_of_date, exposure_type_id, drawn_amount, committed_amount, undrawn_amount, currency_code, limit_status_code) VALUES (200660, 8363, 2861, '2025-01-31', 1, 39031601, 47599513, 8567912, 'CHF', 'WITHIN_LIMIT');
INSERT INTO l2.facility_exposure_snapshot (facility_exposure_id, facility_id, counterparty_id, as_of_date, exposure_type_id, drawn_amount, committed_amount, undrawn_amount, currency_code, limit_status_code) VALUES (200661, 8364, 2861, '2024-11-30', 1, 21155339, 26444174, 5288835, 'CHF', 'WITHIN_LIMIT');
INSERT INTO l2.facility_exposure_snapshot (facility_exposure_id, facility_id, counterparty_id, as_of_date, exposure_type_id, drawn_amount, committed_amount, undrawn_amount, currency_code, limit_status_code) VALUES (200662, 8364, 2861, '2024-12-31', 1, 22477548, 26444174, 3966626, 'CHF', 'WITHIN_LIMIT');
INSERT INTO l2.facility_exposure_snapshot (facility_exposure_id, facility_id, counterparty_id, as_of_date, exposure_type_id, drawn_amount, committed_amount, undrawn_amount, currency_code, limit_status_code) VALUES (200663, 8364, 2861, '2025-01-31', 1, 21684223, 26444174, 4759951, 'CHF', 'WITHIN_LIMIT');

-- ────────────────────────────────────────
-- l2.credit_event (1 rows)
-- ────────────────────────────────────────
INSERT INTO l2.credit_event (credit_event_id, counterparty_id, credit_event_type_code, event_date, event_summary, event_status) VALUES (5403, 2859, 4, '2024-12-15', 'Quarterly leverage covenant test — all 3 funds within 5% of breach', 'CONFIRMED');

-- ────────────────────────────────────────
-- l2.credit_event_facility_link (3 rows)
-- ────────────────────────────────────────
INSERT INTO l2.credit_event_facility_link (link_id, credit_event_id, facility_id) VALUES (300046, 5403, 8356);
INSERT INTO l2.credit_event_facility_link (link_id, credit_event_id, facility_id) VALUES (300047, 5403, 8357);
INSERT INTO l2.credit_event_facility_link (link_id, credit_event_id, facility_id) VALUES (300048, 5403, 8358);

-- ────────────────────────────────────────
-- l2.risk_flag (6 rows)
-- ────────────────────────────────────────
INSERT INTO l2.risk_flag (risk_flag_id, facility_id, counterparty_id, flag_type, flag_code, flag_severity, as_of_date, flag_description) VALUES (8109, 8356, 2859, 'WATCH_LIST', 'LEVERAGE_EXCESSIVE', 'HIGH', '2025-01-31', 'PE fund leverage ratios within 5% of covenant limits');
INSERT INTO l2.risk_flag (risk_flag_id, facility_id, counterparty_id, flag_type, flag_code, flag_severity, as_of_date, flag_description) VALUES (8110, 8359, 2860, 'WATCH_LIST', 'LEVERAGE_EXCESSIVE', 'HIGH', '2025-01-31', 'PE fund leverage ratios within 5% of covenant limits');
INSERT INTO l2.risk_flag (risk_flag_id, facility_id, counterparty_id, flag_type, flag_code, flag_severity, as_of_date, flag_description) VALUES (8111, 8362, 2861, 'WATCH_LIST', 'LEVERAGE_EXCESSIVE', 'HIGH', '2025-01-31', 'PE fund leverage ratios within 5% of covenant limits');
INSERT INTO l2.risk_flag (risk_flag_id, facility_id, counterparty_id, flag_type, flag_code, flag_severity, as_of_date, flag_description) VALUES (8112, 8356, 2859, 'CONCENTRATION', 'NAV_COMPRESSION', 'MEDIUM', '2025-01-31', 'Fund NAVs declining 10-15% from rate-driven valuation adjustments');
INSERT INTO l2.risk_flag (risk_flag_id, facility_id, counterparty_id, flag_type, flag_code, flag_severity, as_of_date, flag_description) VALUES (8113, 8359, 2860, 'CONCENTRATION', 'NAV_COMPRESSION', 'MEDIUM', '2025-01-31', 'Fund NAVs declining 10-15% from rate-driven valuation adjustments');
INSERT INTO l2.risk_flag (risk_flag_id, facility_id, counterparty_id, flag_type, flag_code, flag_severity, as_of_date, flag_description) VALUES (8114, 8362, 2861, 'CONCENTRATION', 'NAV_COMPRESSION', 'MEDIUM', '2025-01-31', 'Fund NAVs declining 10-15% from rate-driven valuation adjustments');


-- ═════════════════════════════════════════════════════════════════
-- Scenario S43: Canada Oil Sands Rating Migration
-- Carbon regulation triggers 4 rating downgrades in Canadian oil sands within 45 days
-- Generated: 2026-03-10T04:28:27.432Z
-- ═════════════════════════════════════════════════════════════════

SET search_path TO l1, l2, public;

-- ────────────────────────────────────────
-- l1.counterparty (4 rows)
-- ────────────────────────────────────────
INSERT INTO l1.counterparty (counterparty_id, legal_name, counterparty_type, country_code, entity_type_code, industry_id, basel_asset_class, basel_risk_grade, call_report_counterparty_type, external_rating_fitch, external_rating_moodys, external_rating_sp, fr2590_counterparty_type, internal_risk_rating, is_affiliated, is_central_counterparty, is_financial_institution, is_insider, is_multilateral_dev_bank, is_parent_flag, is_public_sector_entity, is_regulated_entity, is_sovereign, lei_code, lgd_unsecured, pd_annual, regulatory_counterparty_type, y14_obligor_type, effective_start_date, effective_end_date, is_current_flag) VALUES (2862, 'Athabasca Heavy Oil Corp.', 'CORPORATE', 'CA', 'CORP', 4, 'CORPORATE', '5', 'C&I_FOREIGN', 'BBB-', 'Baa3', 'BBB-', 'NON_FINANCIAL', '5', 'N', 'N', 'N', 'N', 'N', 'N', 'N', 'N', 'N', '529900LN0SAYH1ERNGSH', 0.48, 0.0088, 'CORPORATE', 'LARGE_CORPORATE', '2020-01-01', NULL, 'Y');
INSERT INTO l1.counterparty (counterparty_id, legal_name, counterparty_type, country_code, entity_type_code, industry_id, basel_asset_class, basel_risk_grade, call_report_counterparty_type, external_rating_fitch, external_rating_moodys, external_rating_sp, fr2590_counterparty_type, internal_risk_rating, is_affiliated, is_central_counterparty, is_financial_institution, is_insider, is_multilateral_dev_bank, is_parent_flag, is_public_sector_entity, is_regulated_entity, is_sovereign, lei_code, lgd_unsecured, pd_annual, regulatory_counterparty_type, y14_obligor_type, effective_start_date, effective_end_date, is_current_flag) VALUES (2863, 'Fort McMurray Extraction Ltd.', 'CORPORATE', 'CA', 'CORP', 4, 'CORPORATE', '7', 'C&I_FOREIGN', 'BB-', 'Ba2', 'BB-', 'NON_FINANCIAL', '6', 'N', 'N', 'N', 'N', 'N', 'Y', 'N', 'N', 'N', '5299000QXB4PKSIWDQEI', 0.55, 0.0221, 'CORPORATE', 'LARGE_CORPORATE', '2020-01-01', NULL, 'Y');
INSERT INTO l1.counterparty (counterparty_id, legal_name, counterparty_type, country_code, entity_type_code, industry_id, basel_asset_class, basel_risk_grade, call_report_counterparty_type, external_rating_fitch, external_rating_moodys, external_rating_sp, fr2590_counterparty_type, internal_risk_rating, is_affiliated, is_central_counterparty, is_financial_institution, is_insider, is_multilateral_dev_bank, is_parent_flag, is_public_sector_entity, is_regulated_entity, is_sovereign, lei_code, lgd_unsecured, pd_annual, regulatory_counterparty_type, y14_obligor_type, effective_start_date, effective_end_date, is_current_flag) VALUES (2864, 'Peace River Bitumen Holdings Inc.', 'CORPORATE', 'CA', 'CORP', 4, 'CORPORATE', '5', 'C&I_FOREIGN', 'BB+', 'Ba1', 'BBB-', 'NON_FINANCIAL', '6', 'N', 'N', 'N', 'N', 'N', 'N', 'N', 'N', 'N', '529900JW1GQKL0K61BX7', 0.48, 0.0107, 'CORPORATE', 'LARGE_CORPORATE', '2020-01-01', NULL, 'Y');
INSERT INTO l1.counterparty (counterparty_id, legal_name, counterparty_type, country_code, entity_type_code, industry_id, basel_asset_class, basel_risk_grade, call_report_counterparty_type, external_rating_fitch, external_rating_moodys, external_rating_sp, fr2590_counterparty_type, internal_risk_rating, is_affiliated, is_central_counterparty, is_financial_institution, is_insider, is_multilateral_dev_bank, is_parent_flag, is_public_sector_entity, is_regulated_entity, is_sovereign, lei_code, lgd_unsecured, pd_annual, regulatory_counterparty_type, y14_obligor_type, effective_start_date, effective_end_date, is_current_flag) VALUES (2865, 'Saskatchewan Pipeline Services Corp.', 'CORPORATE', 'CA', 'CORP', 4, 'CORPORATE', '5', 'C&I_FOREIGN', 'BBB+', 'Baa1', 'BBB', 'NON_FINANCIAL', '4', 'N', 'N', 'N', 'N', 'N', 'N', 'N', 'N', 'N', '529900MV0W866SEE857M', 0.45, 0.0051, 'CORPORATE', 'MIDDLE_MARKET', '2020-01-01', NULL, 'Y');

-- ────────────────────────────────────────
-- l1.credit_agreement_master (4 rows)
-- ────────────────────────────────────────
INSERT INTO l1.credit_agreement_master (credit_agreement_id, borrower_counterparty_id, lender_legal_entity_id, agreement_type, status_code, agreement_reference, currency_code, origination_date, maturity_date, effective_start_date, effective_end_date, is_current_flag) VALUES (2322, 2862, 12, 'SYNDICATED', 'ACTIVE', 'CA-2020-02322-CAD', 'CAD', '2020-12-23', '2025-12-23', '2024-01-01', NULL, 'Y');
INSERT INTO l1.credit_agreement_master (credit_agreement_id, borrower_counterparty_id, lender_legal_entity_id, agreement_type, status_code, agreement_reference, currency_code, origination_date, maturity_date, effective_start_date, effective_end_date, is_current_flag) VALUES (2323, 2863, 1, 'SYNDICATED', 'ACTIVE', 'CA-2020-02323-CAD', 'CAD', '2020-12-18', '2025-12-18', '2024-01-01', NULL, 'Y');
INSERT INTO l1.credit_agreement_master (credit_agreement_id, borrower_counterparty_id, lender_legal_entity_id, agreement_type, status_code, agreement_reference, currency_code, origination_date, maturity_date, effective_start_date, effective_end_date, is_current_flag) VALUES (2324, 2864, 5, 'SYNDICATED', 'ACTIVE', 'CA-2023-02324-CAD', 'CAD', '2023-03-27', '2029-03-27', '2024-01-01', NULL, 'Y');
INSERT INTO l1.credit_agreement_master (credit_agreement_id, borrower_counterparty_id, lender_legal_entity_id, agreement_type, status_code, agreement_reference, currency_code, origination_date, maturity_date, effective_start_date, effective_end_date, is_current_flag) VALUES (2325, 2865, 1, 'BILATERAL', 'ACTIVE', 'CA-2021-02325-CAD', 'CAD', '2021-11-09', '2025-11-09', '2024-01-01', NULL, 'Y');

-- ────────────────────────────────────────
-- l1.facility_master (8 rows)
-- ────────────────────────────────────────
INSERT INTO l1.facility_master (facility_id, credit_agreement_id, counterparty_id, facility_name, facility_type, facility_status, committed_facility_amt, currency_code, origination_date, maturity_date, portfolio_id, industry_code, lob_segment_id, product_node_id, rate_index_id, ledger_account_id, product_id, region_code, interest_rate_type, interest_rate_reference, interest_rate_spread_bps, all_in_rate_pct, day_count_convention, amortization_type, revolving_flag, active_flag, facility_reference, payment_frequency, effective_start_date, effective_end_date, is_current_flag) VALUES (8365, 2322, 2862, 'Athabasca — CAD Revolver 2026-A', 'REVOLVING_CREDIT', 'ACTIVE', 1220238138, 'CAD', '2020-12-09', '2026-12-09', 2, 'ENR', 149, 1, 1, 4, 5, 'AMER', 'FLOATING', 'CORRA', 440, 6.91, 'ACT/360', 'BULLET', 'Y', 'Y', 'FAC-2020-08365-A', 'QUARTERLY', '2024-01-01', NULL, 'Y');
INSERT INTO l1.facility_master (facility_id, credit_agreement_id, counterparty_id, facility_name, facility_type, facility_status, committed_facility_amt, currency_code, origination_date, maturity_date, portfolio_id, industry_code, lob_segment_id, product_node_id, rate_index_id, ledger_account_id, product_id, region_code, interest_rate_type, interest_rate_reference, interest_rate_spread_bps, all_in_rate_pct, day_count_convention, amortization_type, revolving_flag, active_flag, facility_reference, payment_frequency, effective_start_date, effective_end_date, is_current_flag) VALUES (8366, 2322, 2862, 'Athabasca — CAD Term Loan 2026-B', 'TERM_LOAN', 'ACTIVE', 1830357208, 'CAD', '2020-12-09', '2026-12-09', 2, 'ENR', 150, 4, 5, 7, 5, 'AMER', 'FLOATING', 'CORRA', 440, 8.31, 'ACT/365', 'BULLET', 'N', 'Y', 'FAC-2020-08366-B', 'QUARTERLY', '2024-01-01', NULL, 'Y');
INSERT INTO l1.facility_master (facility_id, credit_agreement_id, counterparty_id, facility_name, facility_type, facility_status, committed_facility_amt, currency_code, origination_date, maturity_date, portfolio_id, industry_code, lob_segment_id, product_node_id, rate_index_id, ledger_account_id, product_id, region_code, interest_rate_type, interest_rate_reference, interest_rate_spread_bps, all_in_rate_pct, day_count_convention, amortization_type, revolving_flag, active_flag, facility_reference, payment_frequency, effective_start_date, effective_end_date, is_current_flag) VALUES (8367, 2323, 2863, 'Fort — CAD Revolver 2026-A', 'REVOLVING_CREDIT', 'ACTIVE', 144821346, 'CAD', '2022-05-26', '2026-05-26', 9, 'ENR', 151, 8, 2, 5, 3, 'AMER', 'FLOATING', 'CORRA', 1005, 12.56, 'ACT/360', 'BULLET', 'Y', 'Y', 'FAC-2022-08367-A', 'MONTHLY', '2024-01-01', NULL, 'Y');
INSERT INTO l1.facility_master (facility_id, credit_agreement_id, counterparty_id, facility_name, facility_type, facility_status, committed_facility_amt, currency_code, origination_date, maturity_date, portfolio_id, industry_code, lob_segment_id, product_node_id, rate_index_id, ledger_account_id, product_id, region_code, interest_rate_type, interest_rate_reference, interest_rate_spread_bps, all_in_rate_pct, day_count_convention, amortization_type, revolving_flag, active_flag, facility_reference, payment_frequency, effective_start_date, effective_end_date, is_current_flag) VALUES (8368, 2323, 2863, 'Fort — CAD Term Loan 2026-B', 'TERM_LOAN', 'ACTIVE', 217232018, 'CAD', '2022-05-26', '2026-05-26', 9, 'ENR', 152, 6, 4, 4, 3, 'AMER', 'FIXED', 'CORRA', 1005, 12.85, 'ACT/360', 'AMORTIZING', 'N', 'Y', 'FAC-2022-08368-B', 'QUARTERLY', '2024-01-01', NULL, 'Y');
INSERT INTO l1.facility_master (facility_id, credit_agreement_id, counterparty_id, facility_name, facility_type, facility_status, committed_facility_amt, currency_code, origination_date, maturity_date, portfolio_id, industry_code, lob_segment_id, product_node_id, rate_index_id, ledger_account_id, product_id, region_code, interest_rate_type, interest_rate_reference, interest_rate_spread_bps, all_in_rate_pct, day_count_convention, amortization_type, revolving_flag, active_flag, facility_reference, payment_frequency, effective_start_date, effective_end_date, is_current_flag) VALUES (8369, 2324, 2864, 'Peace — CAD Revolver 2026-A', 'REVOLVING_CREDIT', 'ACTIVE', 99424365, 'CAD', '2022-03-15', '2026-03-15', 9, 'ENR', 153, 6, 3, 4, 1, 'AMER', 'FLOATING', 'CORRA', 469, 7.64, 'ACT/360', 'BULLET', 'Y', 'Y', 'FAC-2022-08369-A', 'MONTHLY', '2024-01-01', NULL, 'Y');
INSERT INTO l1.facility_master (facility_id, credit_agreement_id, counterparty_id, facility_name, facility_type, facility_status, committed_facility_amt, currency_code, origination_date, maturity_date, portfolio_id, industry_code, lob_segment_id, product_node_id, rate_index_id, ledger_account_id, product_id, region_code, interest_rate_type, interest_rate_reference, interest_rate_spread_bps, all_in_rate_pct, day_count_convention, amortization_type, revolving_flag, active_flag, facility_reference, payment_frequency, effective_start_date, effective_end_date, is_current_flag) VALUES (8370, 2324, 2864, 'Peace — CAD Term Loan 2026-B', 'TERM_LOAN', 'ACTIVE', 149136547, 'CAD', '2022-03-15', '2026-03-15', 10, 'ENR', 154, 8, 4, 5, 3, 'AMER', 'FLOATING', 'CORRA', 469, 7.98, 'ACT/365', 'AMORTIZING', 'N', 'Y', 'FAC-2022-08370-B', 'QUARTERLY', '2024-01-01', NULL, 'Y');
INSERT INTO l1.facility_master (facility_id, credit_agreement_id, counterparty_id, facility_name, facility_type, facility_status, committed_facility_amt, currency_code, origination_date, maturity_date, portfolio_id, industry_code, lob_segment_id, product_node_id, rate_index_id, ledger_account_id, product_id, region_code, interest_rate_type, interest_rate_reference, interest_rate_spread_bps, all_in_rate_pct, day_count_convention, amortization_type, revolving_flag, active_flag, facility_reference, payment_frequency, effective_start_date, effective_end_date, is_current_flag) VALUES (8371, 2325, 2865, 'Saskatchewan — CAD Revolver 2027-A', 'REVOLVING_CREDIT', 'ACTIVE', 22455139, 'CAD', '2021-02-05', '2027-02-05', 3, 'ENR', 155, 5, 4, 7, 5, 'AMER', 'FLOATING', 'CORRA', 299, 6.78, 'ACT/365', 'BULLET', 'Y', 'Y', 'FAC-2021-08371-A', 'MONTHLY', '2024-01-01', NULL, 'Y');
INSERT INTO l1.facility_master (facility_id, credit_agreement_id, counterparty_id, facility_name, facility_type, facility_status, committed_facility_amt, currency_code, origination_date, maturity_date, portfolio_id, industry_code, lob_segment_id, product_node_id, rate_index_id, ledger_account_id, product_id, region_code, interest_rate_type, interest_rate_reference, interest_rate_spread_bps, all_in_rate_pct, day_count_convention, amortization_type, revolving_flag, active_flag, facility_reference, payment_frequency, effective_start_date, effective_end_date, is_current_flag) VALUES (8372, 2325, 2865, 'Saskatchewan — CAD Term Loan 2027-B', 'TERM_LOAN', 'ACTIVE', 33682708, 'CAD', '2021-02-05', '2027-02-05', 1, 'ENR', 156, 9, 3, 4, 5, 'AMER', 'FIXED', 'CORRA', 299, 5.53, 'ACT/360', 'BULLET', 'N', 'Y', 'FAC-2021-08372-B', 'QUARTERLY', '2024-01-01', NULL, 'Y');

-- ────────────────────────────────────────
-- l1.facility_lender_allocation (8 rows)
-- ────────────────────────────────────────
INSERT INTO l1.facility_lender_allocation (lender_allocation_id, facility_id, legal_entity_id, allocation_role, bank_share_pct, is_current_flag, effective_start_date, effective_end_date) VALUES (100222, 8365, 4, 'LEAD_ARRANGER', 1, 'Y', '2020-12-09', NULL);
INSERT INTO l1.facility_lender_allocation (lender_allocation_id, facility_id, legal_entity_id, allocation_role, bank_share_pct, is_current_flag, effective_start_date, effective_end_date) VALUES (100223, 8366, 1, 'LEAD_ARRANGER', 1, 'Y', '2020-12-09', NULL);
INSERT INTO l1.facility_lender_allocation (lender_allocation_id, facility_id, legal_entity_id, allocation_role, bank_share_pct, is_current_flag, effective_start_date, effective_end_date) VALUES (100224, 8367, 5, 'LEAD_ARRANGER', 1, 'Y', '2022-05-26', NULL);
INSERT INTO l1.facility_lender_allocation (lender_allocation_id, facility_id, legal_entity_id, allocation_role, bank_share_pct, is_current_flag, effective_start_date, effective_end_date) VALUES (100225, 8368, 4, 'LEAD_ARRANGER', 1, 'Y', '2022-05-26', NULL);
INSERT INTO l1.facility_lender_allocation (lender_allocation_id, facility_id, legal_entity_id, allocation_role, bank_share_pct, is_current_flag, effective_start_date, effective_end_date) VALUES (100226, 8369, 4, 'LEAD_ARRANGER', 1, 'Y', '2022-03-15', NULL);
INSERT INTO l1.facility_lender_allocation (lender_allocation_id, facility_id, legal_entity_id, allocation_role, bank_share_pct, is_current_flag, effective_start_date, effective_end_date) VALUES (100227, 8370, 5, 'LEAD_ARRANGER', 1, 'Y', '2022-03-15', NULL);
INSERT INTO l1.facility_lender_allocation (lender_allocation_id, facility_id, legal_entity_id, allocation_role, bank_share_pct, is_current_flag, effective_start_date, effective_end_date) VALUES (100228, 8371, 1, 'LEAD_ARRANGER', 1, 'Y', '2021-02-05', NULL);
INSERT INTO l1.facility_lender_allocation (lender_allocation_id, facility_id, legal_entity_id, allocation_role, bank_share_pct, is_current_flag, effective_start_date, effective_end_date) VALUES (100229, 8372, 4, 'LEAD_ARRANGER', 1, 'Y', '2021-02-05', NULL);

-- ────────────────────────────────────────
-- l2.facility_exposure_snapshot (24 rows)
-- ────────────────────────────────────────
INSERT INTO l2.facility_exposure_snapshot (facility_exposure_id, facility_id, counterparty_id, as_of_date, exposure_type_id, drawn_amount, committed_amount, undrawn_amount, currency_code, limit_status_code) VALUES (200664, 8365, 2862, '2024-11-30', 1, 976190510, 1220238138, 244047628, 'CAD', 'WITHIN_LIMIT');
INSERT INTO l2.facility_exposure_snapshot (facility_exposure_id, facility_id, counterparty_id, as_of_date, exposure_type_id, drawn_amount, committed_amount, undrawn_amount, currency_code, limit_status_code) VALUES (200665, 8365, 2862, '2024-12-31', 1, 1037202417, 1220238138, 183035721, 'CAD', 'WITHIN_LIMIT');
INSERT INTO l2.facility_exposure_snapshot (facility_exposure_id, facility_id, counterparty_id, as_of_date, exposure_type_id, drawn_amount, committed_amount, undrawn_amount, currency_code, limit_status_code) VALUES (200666, 8365, 2862, '2025-01-31', 1, 1000595273, 1220238138, 219642865, 'CAD', 'WITHIN_LIMIT');
INSERT INTO l2.facility_exposure_snapshot (facility_exposure_id, facility_id, counterparty_id, as_of_date, exposure_type_id, drawn_amount, committed_amount, undrawn_amount, currency_code, limit_status_code) VALUES (200667, 8366, 2862, '2024-11-30', 1, 1464285766, 1830357208, 366071442, 'CAD', 'WITHIN_LIMIT');
INSERT INTO l2.facility_exposure_snapshot (facility_exposure_id, facility_id, counterparty_id, as_of_date, exposure_type_id, drawn_amount, committed_amount, undrawn_amount, currency_code, limit_status_code) VALUES (200668, 8366, 2862, '2024-12-31', 1, 1555803627, 1830357208, 274553581, 'CAD', 'WITHIN_LIMIT');
INSERT INTO l2.facility_exposure_snapshot (facility_exposure_id, facility_id, counterparty_id, as_of_date, exposure_type_id, drawn_amount, committed_amount, undrawn_amount, currency_code, limit_status_code) VALUES (200669, 8366, 2862, '2025-01-31', 1, 1500892911, 1830357208, 329464297, 'CAD', 'WITHIN_LIMIT');
INSERT INTO l2.facility_exposure_snapshot (facility_exposure_id, facility_id, counterparty_id, as_of_date, exposure_type_id, drawn_amount, committed_amount, undrawn_amount, currency_code, limit_status_code) VALUES (200670, 8367, 2863, '2024-11-30', 1, 112960650, 144821346, 31860696, 'CAD', 'WITHIN_LIMIT');
INSERT INTO l2.facility_exposure_snapshot (facility_exposure_id, facility_id, counterparty_id, as_of_date, exposure_type_id, drawn_amount, committed_amount, undrawn_amount, currency_code, limit_status_code) VALUES (200671, 8367, 2863, '2024-12-31', 1, 101374942, 144821346, 43446404, 'CAD', 'WITHIN_LIMIT');
INSERT INTO l2.facility_exposure_snapshot (facility_exposure_id, facility_id, counterparty_id, as_of_date, exposure_type_id, drawn_amount, committed_amount, undrawn_amount, currency_code, limit_status_code) VALUES (200672, 8367, 2863, '2025-01-31', 1, 89789235, 144821346, 55032111, 'CAD', 'WITHIN_LIMIT');
INSERT INTO l2.facility_exposure_snapshot (facility_exposure_id, facility_id, counterparty_id, as_of_date, exposure_type_id, drawn_amount, committed_amount, undrawn_amount, currency_code, limit_status_code) VALUES (200673, 8368, 2863, '2024-11-30', 1, 169440974, 217232018, 47791044, 'CAD', 'WITHIN_LIMIT');
INSERT INTO l2.facility_exposure_snapshot (facility_exposure_id, facility_id, counterparty_id, as_of_date, exposure_type_id, drawn_amount, committed_amount, undrawn_amount, currency_code, limit_status_code) VALUES (200674, 8368, 2863, '2024-12-31', 1, 152062413, 217232018, 65169605, 'CAD', 'WITHIN_LIMIT');
INSERT INTO l2.facility_exposure_snapshot (facility_exposure_id, facility_id, counterparty_id, as_of_date, exposure_type_id, drawn_amount, committed_amount, undrawn_amount, currency_code, limit_status_code) VALUES (200675, 8368, 2863, '2025-01-31', 1, 134683851, 217232018, 82548167, 'CAD', 'WITHIN_LIMIT');
INSERT INTO l2.facility_exposure_snapshot (facility_exposure_id, facility_id, counterparty_id, as_of_date, exposure_type_id, drawn_amount, committed_amount, undrawn_amount, currency_code, limit_status_code) VALUES (200676, 8369, 2864, '2024-11-30', 1, 79539492, 99424365, 19884873, 'CAD', 'WITHIN_LIMIT');
INSERT INTO l2.facility_exposure_snapshot (facility_exposure_id, facility_id, counterparty_id, as_of_date, exposure_type_id, drawn_amount, committed_amount, undrawn_amount, currency_code, limit_status_code) VALUES (200677, 8369, 2864, '2024-12-31', 1, 84510710, 99424365, 14913655, 'CAD', 'WITHIN_LIMIT');
INSERT INTO l2.facility_exposure_snapshot (facility_exposure_id, facility_id, counterparty_id, as_of_date, exposure_type_id, drawn_amount, committed_amount, undrawn_amount, currency_code, limit_status_code) VALUES (200678, 8369, 2864, '2025-01-31', 1, 81527979, 99424365, 17896386, 'CAD', 'WITHIN_LIMIT');
INSERT INTO l2.facility_exposure_snapshot (facility_exposure_id, facility_id, counterparty_id, as_of_date, exposure_type_id, drawn_amount, committed_amount, undrawn_amount, currency_code, limit_status_code) VALUES (200679, 8370, 2864, '2024-11-30', 1, 119309238, 149136547, 29827309, 'CAD', 'WITHIN_LIMIT');
INSERT INTO l2.facility_exposure_snapshot (facility_exposure_id, facility_id, counterparty_id, as_of_date, exposure_type_id, drawn_amount, committed_amount, undrawn_amount, currency_code, limit_status_code) VALUES (200680, 8370, 2864, '2024-12-31', 1, 126766065, 149136547, 22370482, 'CAD', 'WITHIN_LIMIT');
INSERT INTO l2.facility_exposure_snapshot (facility_exposure_id, facility_id, counterparty_id, as_of_date, exposure_type_id, drawn_amount, committed_amount, undrawn_amount, currency_code, limit_status_code) VALUES (200681, 8370, 2864, '2025-01-31', 1, 122291969, 149136547, 26844578, 'CAD', 'WITHIN_LIMIT');
INSERT INTO l2.facility_exposure_snapshot (facility_exposure_id, facility_id, counterparty_id, as_of_date, exposure_type_id, drawn_amount, committed_amount, undrawn_amount, currency_code, limit_status_code) VALUES (200682, 8371, 2865, '2024-11-30', 1, 17515008, 22455139, 4940131, 'CAD', 'WITHIN_LIMIT');
INSERT INTO l2.facility_exposure_snapshot (facility_exposure_id, facility_id, counterparty_id, as_of_date, exposure_type_id, drawn_amount, committed_amount, undrawn_amount, currency_code, limit_status_code) VALUES (200683, 8371, 2865, '2024-12-31', 1, 15718597, 22455139, 6736542, 'CAD', 'WITHIN_LIMIT');
INSERT INTO l2.facility_exposure_snapshot (facility_exposure_id, facility_id, counterparty_id, as_of_date, exposure_type_id, drawn_amount, committed_amount, undrawn_amount, currency_code, limit_status_code) VALUES (200684, 8371, 2865, '2025-01-31', 1, 13922186, 22455139, 8532953, 'CAD', 'WITHIN_LIMIT');
INSERT INTO l2.facility_exposure_snapshot (facility_exposure_id, facility_id, counterparty_id, as_of_date, exposure_type_id, drawn_amount, committed_amount, undrawn_amount, currency_code, limit_status_code) VALUES (200685, 8372, 2865, '2024-11-30', 1, 26272512, 33682708, 7410196, 'CAD', 'WITHIN_LIMIT');
INSERT INTO l2.facility_exposure_snapshot (facility_exposure_id, facility_id, counterparty_id, as_of_date, exposure_type_id, drawn_amount, committed_amount, undrawn_amount, currency_code, limit_status_code) VALUES (200686, 8372, 2865, '2024-12-31', 1, 23577896, 33682708, 10104812, 'CAD', 'WITHIN_LIMIT');
INSERT INTO l2.facility_exposure_snapshot (facility_exposure_id, facility_id, counterparty_id, as_of_date, exposure_type_id, drawn_amount, committed_amount, undrawn_amount, currency_code, limit_status_code) VALUES (200687, 8372, 2865, '2025-01-31', 1, 20883279, 33682708, 12799429, 'CAD', 'WITHIN_LIMIT');

-- ────────────────────────────────────────
-- l2.counterparty_rating_observation (24 rows)
-- ────────────────────────────────────────
INSERT INTO l2.counterparty_rating_observation (observation_id, counterparty_id, as_of_date, rating_type, rating_value, rating_grade_id, is_internal_flag, pd_implied, rating_source_id) VALUES (50157, 2862, '2024-11-30', 'INTERNAL', 0, 5, 'Y', '0.0126', 1);
INSERT INTO l2.counterparty_rating_observation (observation_id, counterparty_id, as_of_date, rating_type, rating_value, rating_grade_id, is_internal_flag, pd_implied, rating_source_id) VALUES (50158, 2862, '2024-11-30', 'EXTERNAL_MOODYS', 0, 3, 'N', '0.0139', 2);
INSERT INTO l2.counterparty_rating_observation (observation_id, counterparty_id, as_of_date, rating_type, rating_value, rating_grade_id, is_internal_flag, pd_implied, rating_source_id) VALUES (50159, 2862, '2024-12-31', 'INTERNAL', 0, 5, 'Y', '0.0154', 1);
INSERT INTO l2.counterparty_rating_observation (observation_id, counterparty_id, as_of_date, rating_type, rating_value, rating_grade_id, is_internal_flag, pd_implied, rating_source_id) VALUES (50160, 2862, '2024-12-31', 'EXTERNAL_MOODYS', 0, 4, 'N', '0.0169', 2);
INSERT INTO l2.counterparty_rating_observation (observation_id, counterparty_id, as_of_date, rating_type, rating_value, rating_grade_id, is_internal_flag, pd_implied, rating_source_id) VALUES (50161, 2862, '2025-01-31', 'INTERNAL', 0, 5, 'Y', '0.014', 1);
INSERT INTO l2.counterparty_rating_observation (observation_id, counterparty_id, as_of_date, rating_type, rating_value, rating_grade_id, is_internal_flag, pd_implied, rating_source_id) VALUES (50162, 2862, '2025-01-31', 'EXTERNAL_MOODYS', 0, 5, 'N', '0.0154', 2);
INSERT INTO l2.counterparty_rating_observation (observation_id, counterparty_id, as_of_date, rating_type, rating_value, rating_grade_id, is_internal_flag, pd_implied, rating_source_id) VALUES (50163, 2863, '2024-11-30', 'INTERNAL', 0, 6, 'Y', '0.03', 1);
INSERT INTO l2.counterparty_rating_observation (observation_id, counterparty_id, as_of_date, rating_type, rating_value, rating_grade_id, is_internal_flag, pd_implied, rating_source_id) VALUES (50164, 2863, '2024-11-30', 'EXTERNAL_MOODYS', 0, 3, 'N', '0.033', 2);
INSERT INTO l2.counterparty_rating_observation (observation_id, counterparty_id, as_of_date, rating_type, rating_value, rating_grade_id, is_internal_flag, pd_implied, rating_source_id) VALUES (50165, 2863, '2024-12-31', 'INTERNAL', 0, 6, 'Y', '0.024', 1);
INSERT INTO l2.counterparty_rating_observation (observation_id, counterparty_id, as_of_date, rating_type, rating_value, rating_grade_id, is_internal_flag, pd_implied, rating_source_id) VALUES (50166, 2863, '2024-12-31', 'EXTERNAL_MOODYS', 0, 4, 'N', '0.0264', 2);
INSERT INTO l2.counterparty_rating_observation (observation_id, counterparty_id, as_of_date, rating_type, rating_value, rating_grade_id, is_internal_flag, pd_implied, rating_source_id) VALUES (50167, 2863, '2025-01-31', 'INTERNAL', 0, 6, 'Y', '0.0195', 1);
INSERT INTO l2.counterparty_rating_observation (observation_id, counterparty_id, as_of_date, rating_type, rating_value, rating_grade_id, is_internal_flag, pd_implied, rating_source_id) VALUES (50168, 2863, '2025-01-31', 'EXTERNAL_MOODYS', 0, 4, 'N', '0.0215', 2);
INSERT INTO l2.counterparty_rating_observation (observation_id, counterparty_id, as_of_date, rating_type, rating_value, rating_grade_id, is_internal_flag, pd_implied, rating_source_id) VALUES (50169, 2864, '2024-11-30', 'INTERNAL', 0, 6, 'Y', '0.0126', 1);
INSERT INTO l2.counterparty_rating_observation (observation_id, counterparty_id, as_of_date, rating_type, rating_value, rating_grade_id, is_internal_flag, pd_implied, rating_source_id) VALUES (50170, 2864, '2024-11-30', 'EXTERNAL_MOODYS', 0, 3, 'N', '0.0139', 2);
INSERT INTO l2.counterparty_rating_observation (observation_id, counterparty_id, as_of_date, rating_type, rating_value, rating_grade_id, is_internal_flag, pd_implied, rating_source_id) VALUES (50171, 2864, '2024-12-31', 'INTERNAL', 0, 6, 'Y', '0.0154', 1);
INSERT INTO l2.counterparty_rating_observation (observation_id, counterparty_id, as_of_date, rating_type, rating_value, rating_grade_id, is_internal_flag, pd_implied, rating_source_id) VALUES (50172, 2864, '2024-12-31', 'EXTERNAL_MOODYS', 0, 4, 'N', '0.0169', 2);
INSERT INTO l2.counterparty_rating_observation (observation_id, counterparty_id, as_of_date, rating_type, rating_value, rating_grade_id, is_internal_flag, pd_implied, rating_source_id) VALUES (50173, 2864, '2025-01-31', 'INTERNAL', 0, 6, 'Y', '0.014', 1);
INSERT INTO l2.counterparty_rating_observation (observation_id, counterparty_id, as_of_date, rating_type, rating_value, rating_grade_id, is_internal_flag, pd_implied, rating_source_id) VALUES (50174, 2864, '2025-01-31', 'EXTERNAL_MOODYS', 0, 5, 'N', '0.0154', 2);
INSERT INTO l2.counterparty_rating_observation (observation_id, counterparty_id, as_of_date, rating_type, rating_value, rating_grade_id, is_internal_flag, pd_implied, rating_source_id) VALUES (50175, 2865, '2024-11-30', 'INTERNAL', 0, 4, 'Y', '0.006', 1);
INSERT INTO l2.counterparty_rating_observation (observation_id, counterparty_id, as_of_date, rating_type, rating_value, rating_grade_id, is_internal_flag, pd_implied, rating_source_id) VALUES (50176, 2865, '2024-11-30', 'EXTERNAL_MOODYS', 0, 3, 'N', '0.0066', 2);
INSERT INTO l2.counterparty_rating_observation (observation_id, counterparty_id, as_of_date, rating_type, rating_value, rating_grade_id, is_internal_flag, pd_implied, rating_source_id) VALUES (50177, 2865, '2024-12-31', 'INTERNAL', 0, 4, 'Y', '0.0048', 1);
INSERT INTO l2.counterparty_rating_observation (observation_id, counterparty_id, as_of_date, rating_type, rating_value, rating_grade_id, is_internal_flag, pd_implied, rating_source_id) VALUES (50178, 2865, '2024-12-31', 'EXTERNAL_MOODYS', 0, 4, 'N', '0.0053', 2);
INSERT INTO l2.counterparty_rating_observation (observation_id, counterparty_id, as_of_date, rating_type, rating_value, rating_grade_id, is_internal_flag, pd_implied, rating_source_id) VALUES (50179, 2865, '2025-01-31', 'INTERNAL', 0, 4, 'Y', '0.0039', 1);
INSERT INTO l2.counterparty_rating_observation (observation_id, counterparty_id, as_of_date, rating_type, rating_value, rating_grade_id, is_internal_flag, pd_implied, rating_source_id) VALUES (50180, 2865, '2025-01-31', 'EXTERNAL_MOODYS', 0, 4, 'N', '0.0043', 2);

-- ────────────────────────────────────────
-- l2.credit_event (1 rows)
-- ────────────────────────────────────────
INSERT INTO l2.credit_event (credit_event_id, counterparty_id, credit_event_type_code, event_date, event_summary, event_status) VALUES (5404, 2862, 10, '2024-12-01', 'Moody''s downgrades 4 oil sands producers citing carbon regulation risk', 'CONFIRMED');

-- ────────────────────────────────────────
-- l2.credit_event_facility_link (2 rows)
-- ────────────────────────────────────────
INSERT INTO l2.credit_event_facility_link (link_id, credit_event_id, facility_id) VALUES (300049, 5404, 8365);
INSERT INTO l2.credit_event_facility_link (link_id, credit_event_id, facility_id) VALUES (300050, 5404, 8366);

-- ────────────────────────────────────────
-- l2.risk_flag (12 rows)
-- ────────────────────────────────────────
INSERT INTO l2.risk_flag (risk_flag_id, facility_id, counterparty_id, flag_type, flag_code, flag_severity, as_of_date, flag_description) VALUES (8115, 8365, 2862, 'WATCH_LIST', 'RATING_MIGRATION_ADVERSE', 'HIGH', '2025-01-31', '4 coordinated downgrades in 45-day window');
INSERT INTO l2.risk_flag (risk_flag_id, facility_id, counterparty_id, flag_type, flag_code, flag_severity, as_of_date, flag_description) VALUES (8116, 8367, 2863, 'WATCH_LIST', 'RATING_MIGRATION_ADVERSE', 'HIGH', '2025-01-31', '4 coordinated downgrades in 45-day window');
INSERT INTO l2.risk_flag (risk_flag_id, facility_id, counterparty_id, flag_type, flag_code, flag_severity, as_of_date, flag_description) VALUES (8117, 8369, 2864, 'WATCH_LIST', 'RATING_MIGRATION_ADVERSE', 'HIGH', '2025-01-31', '4 coordinated downgrades in 45-day window');
INSERT INTO l2.risk_flag (risk_flag_id, facility_id, counterparty_id, flag_type, flag_code, flag_severity, as_of_date, flag_description) VALUES (8118, 8371, 2865, 'WATCH_LIST', 'RATING_MIGRATION_ADVERSE', 'HIGH', '2025-01-31', '4 coordinated downgrades in 45-day window');
INSERT INTO l2.risk_flag (risk_flag_id, facility_id, counterparty_id, flag_type, flag_code, flag_severity, as_of_date, flag_description) VALUES (8119, 8365, 2862, 'WATCH_LIST', 'ESG_REGULATORY_RISK', 'HIGH', '2025-01-31', 'Carbon emission regulations tightening — stranded asset risk');
INSERT INTO l2.risk_flag (risk_flag_id, facility_id, counterparty_id, flag_type, flag_code, flag_severity, as_of_date, flag_description) VALUES (8120, 8367, 2863, 'WATCH_LIST', 'ESG_REGULATORY_RISK', 'HIGH', '2025-01-31', 'Carbon emission regulations tightening — stranded asset risk');
INSERT INTO l2.risk_flag (risk_flag_id, facility_id, counterparty_id, flag_type, flag_code, flag_severity, as_of_date, flag_description) VALUES (8121, 8369, 2864, 'WATCH_LIST', 'ESG_REGULATORY_RISK', 'HIGH', '2025-01-31', 'Carbon emission regulations tightening — stranded asset risk');
INSERT INTO l2.risk_flag (risk_flag_id, facility_id, counterparty_id, flag_type, flag_code, flag_severity, as_of_date, flag_description) VALUES (8122, 8371, 2865, 'WATCH_LIST', 'ESG_REGULATORY_RISK', 'HIGH', '2025-01-31', 'Carbon emission regulations tightening — stranded asset risk');
INSERT INTO l2.risk_flag (risk_flag_id, facility_id, counterparty_id, flag_type, flag_code, flag_severity, as_of_date, flag_description) VALUES (8123, 8365, 2862, 'CONCENTRATION', 'SECTOR_CONCENTRATION', 'MEDIUM', '2025-01-31', 'Oil sands sub-sector concentration exceeds policy threshold');
INSERT INTO l2.risk_flag (risk_flag_id, facility_id, counterparty_id, flag_type, flag_code, flag_severity, as_of_date, flag_description) VALUES (8124, 8367, 2863, 'CONCENTRATION', 'SECTOR_CONCENTRATION', 'MEDIUM', '2025-01-31', 'Oil sands sub-sector concentration exceeds policy threshold');
INSERT INTO l2.risk_flag (risk_flag_id, facility_id, counterparty_id, flag_type, flag_code, flag_severity, as_of_date, flag_description) VALUES (8125, 8369, 2864, 'CONCENTRATION', 'SECTOR_CONCENTRATION', 'MEDIUM', '2025-01-31', 'Oil sands sub-sector concentration exceeds policy threshold');
INSERT INTO l2.risk_flag (risk_flag_id, facility_id, counterparty_id, flag_type, flag_code, flag_severity, as_of_date, flag_description) VALUES (8126, 8371, 2865, 'CONCENTRATION', 'SECTOR_CONCENTRATION', 'MEDIUM', '2025-01-31', 'Oil sands sub-sector concentration exceeds policy threshold');


-- ═════════════════════════════════════════════════════════════════
-- Scenario S44: US Regional Bank Contagion
-- 3 US regional banks face deposit outflows — $900M interbank exposure with cross-default linkage
-- Generated: 2026-03-10T04:28:27.432Z
-- ═════════════════════════════════════════════════════════════════

SET search_path TO l1, l2, public;

-- ────────────────────────────────────────
-- l1.counterparty (3 rows)
-- ────────────────────────────────────────
INSERT INTO l1.counterparty (counterparty_id, legal_name, counterparty_type, country_code, entity_type_code, industry_id, basel_asset_class, basel_risk_grade, call_report_counterparty_type, external_rating_fitch, external_rating_moodys, external_rating_sp, fr2590_counterparty_type, internal_risk_rating, is_affiliated, is_central_counterparty, is_financial_institution, is_insider, is_multilateral_dev_bank, is_parent_flag, is_public_sector_entity, is_regulated_entity, is_sovereign, lei_code, lgd_unsecured, pd_annual, regulatory_counterparty_type, y14_obligor_type, effective_start_date, effective_end_date, is_current_flag) VALUES (2866, 'First Pacific Valley Bancorp', 'CORPORATE', 'US', 'CORP', 1, 'CORPORATE', '5', 'C&I_DOMESTIC', 'BBB', 'Baa2', 'BBB+', 'NON_FINANCIAL', '4', 'N', 'N', 'N', 'N', 'N', 'N', 'N', 'N', 'N', '529900346UPMB6JBS65U', 0.45, 0.004, 'CORPORATE', 'LARGE_CORPORATE', '2020-01-01', NULL, 'Y');
INSERT INTO l1.counterparty (counterparty_id, legal_name, counterparty_type, country_code, entity_type_code, industry_id, basel_asset_class, basel_risk_grade, call_report_counterparty_type, external_rating_fitch, external_rating_moodys, external_rating_sp, fr2590_counterparty_type, internal_risk_rating, is_affiliated, is_central_counterparty, is_financial_institution, is_insider, is_multilateral_dev_bank, is_parent_flag, is_public_sector_entity, is_regulated_entity, is_sovereign, lei_code, lgd_unsecured, pd_annual, regulatory_counterparty_type, y14_obligor_type, effective_start_date, effective_end_date, is_current_flag) VALUES (2867, 'Great Plains National Bank', 'CORPORATE', 'US', 'CORP', 1, 'CORPORATE', '6', 'C&I_DOMESTIC', 'BB+', 'Baa3', 'BBB-', 'NON_FINANCIAL', '5', 'N', 'N', 'N', 'N', 'N', 'Y', 'N', 'N', 'N', '529900GZAJFQM6VDC90B', 0.48, 0.0107, 'CORPORATE', 'LARGE_CORPORATE', '2020-01-01', NULL, 'Y');
INSERT INTO l1.counterparty (counterparty_id, legal_name, counterparty_type, country_code, entity_type_code, industry_id, basel_asset_class, basel_risk_grade, call_report_counterparty_type, external_rating_fitch, external_rating_moodys, external_rating_sp, fr2590_counterparty_type, internal_risk_rating, is_affiliated, is_central_counterparty, is_financial_institution, is_insider, is_multilateral_dev_bank, is_parent_flag, is_public_sector_entity, is_regulated_entity, is_sovereign, lei_code, lgd_unsecured, pd_annual, regulatory_counterparty_type, y14_obligor_type, effective_start_date, effective_end_date, is_current_flag) VALUES (2868, 'Southeastern Community Bancshares Inc.', 'CORPORATE', 'US', 'CORP', 1, 'CORPORATE', '5', 'C&I_DOMESTIC', 'BB+', 'Ba1', 'BB+', 'NON_FINANCIAL', '6', 'N', 'N', 'N', 'N', 'N', 'Y', 'N', 'N', 'N', '5299004B80LHLLFNLEWN', 0.48, 0.0096, 'CORPORATE', 'MIDDLE_MARKET', '2020-01-01', NULL, 'Y');

-- ────────────────────────────────────────
-- l1.credit_agreement_master (3 rows)
-- ────────────────────────────────────────
INSERT INTO l1.credit_agreement_master (credit_agreement_id, borrower_counterparty_id, lender_legal_entity_id, agreement_type, status_code, agreement_reference, currency_code, origination_date, maturity_date, effective_start_date, effective_end_date, is_current_flag) VALUES (2326, 2866, 11, 'SYNDICATED', 'ACTIVE', 'CA-2022-02326-USD', 'USD', '2022-02-10', '2028-02-10', '2024-01-01', NULL, 'Y');
INSERT INTO l1.credit_agreement_master (credit_agreement_id, borrower_counterparty_id, lender_legal_entity_id, agreement_type, status_code, agreement_reference, currency_code, origination_date, maturity_date, effective_start_date, effective_end_date, is_current_flag) VALUES (2327, 2867, 1, 'SYNDICATED', 'ACTIVE', 'CA-2022-02327-USD', 'USD', '2022-03-05', '2028-03-05', '2024-01-01', NULL, 'Y');
INSERT INTO l1.credit_agreement_master (credit_agreement_id, borrower_counterparty_id, lender_legal_entity_id, agreement_type, status_code, agreement_reference, currency_code, origination_date, maturity_date, effective_start_date, effective_end_date, is_current_flag) VALUES (2328, 2868, 9, 'BILATERAL', 'ACTIVE', 'CA-2021-02328-USD', 'USD', '2021-06-13', '2026-06-13', '2024-01-01', NULL, 'Y');

-- ────────────────────────────────────────
-- l1.facility_master (9 rows)
-- ────────────────────────────────────────
INSERT INTO l1.facility_master (facility_id, credit_agreement_id, counterparty_id, facility_name, facility_type, facility_status, committed_facility_amt, currency_code, origination_date, maturity_date, portfolio_id, industry_code, lob_segment_id, product_node_id, rate_index_id, ledger_account_id, product_id, region_code, interest_rate_type, interest_rate_reference, interest_rate_spread_bps, all_in_rate_pct, day_count_convention, amortization_type, revolving_flag, active_flag, facility_reference, payment_frequency, effective_start_date, effective_end_date, is_current_flag) VALUES (8373, 2326, 2866, 'First — USD Revolver 2024-A', 'REVOLVING_CREDIT', 'ACTIVE', 85012896, 'USD', '2020-02-05', '2024-02-05', 1, 'FIN', 157, 2, 2, 2, 5, 'AMER', 'FLOATING', 'SOFR', 298, 6.03, 'ACT/360', 'BULLET', 'Y', 'Y', 'FAC-2020-08373-A', 'QUARTERLY', '2024-01-01', NULL, 'Y');
INSERT INTO l1.facility_master (facility_id, credit_agreement_id, counterparty_id, facility_name, facility_type, facility_status, committed_facility_amt, currency_code, origination_date, maturity_date, portfolio_id, industry_code, lob_segment_id, product_node_id, rate_index_id, ledger_account_id, product_id, region_code, interest_rate_type, interest_rate_reference, interest_rate_spread_bps, all_in_rate_pct, day_count_convention, amortization_type, revolving_flag, active_flag, facility_reference, payment_frequency, effective_start_date, effective_end_date, is_current_flag) VALUES (8374, 2326, 2866, 'First — USD Term Loan 2024-B', 'TERM_LOAN', 'ACTIVE', 127519344, 'USD', '2020-02-05', '2024-02-05', 6, 'FIN', 158, 6, 3, 4, 5, 'AMER', 'FLOATING', 'SOFR', 298, 5.55, 'ACT/360', 'AMORTIZING', 'N', 'Y', 'FAC-2020-08374-B', 'MONTHLY', '2024-01-01', NULL, 'Y');
INSERT INTO l1.facility_master (facility_id, credit_agreement_id, counterparty_id, facility_name, facility_type, facility_status, committed_facility_amt, currency_code, origination_date, maturity_date, portfolio_id, industry_code, lob_segment_id, product_node_id, rate_index_id, ledger_account_id, product_id, region_code, interest_rate_type, interest_rate_reference, interest_rate_spread_bps, all_in_rate_pct, day_count_convention, amortization_type, revolving_flag, active_flag, facility_reference, payment_frequency, effective_start_date, effective_end_date, is_current_flag) VALUES (8375, 2326, 2866, 'First — USD L/C 2024-C', 'LETTER_OF_CREDIT', 'ACTIVE', 70844080, 'USD', '2020-02-05', '2024-02-05', 1, 'FIN', 159, 6, 1, 6, 5, 'AMER', 'FLOATING', 'SOFR', 298, 6.02, 'ACT/360', 'BULLET', 'N', 'Y', 'FAC-2020-08375-C', 'MONTHLY', '2024-01-01', NULL, 'Y');
INSERT INTO l1.facility_master (facility_id, credit_agreement_id, counterparty_id, facility_name, facility_type, facility_status, committed_facility_amt, currency_code, origination_date, maturity_date, portfolio_id, industry_code, lob_segment_id, product_node_id, rate_index_id, ledger_account_id, product_id, region_code, interest_rate_type, interest_rate_reference, interest_rate_spread_bps, all_in_rate_pct, day_count_convention, amortization_type, revolving_flag, active_flag, facility_reference, payment_frequency, effective_start_date, effective_end_date, is_current_flag) VALUES (8376, 2327, 2867, 'Great — USD Revolver 2026-A', 'REVOLVING_CREDIT', 'ACTIVE', 62474942, 'USD', '2020-04-02', '2026-04-02', 2, 'FIN', 160, 8, 5, 7, 1, 'AMER', 'FLOATING', 'SOFR', 475, 7.79, 'ACT/360', 'BULLET', 'Y', 'Y', 'FAC-2020-08376-A', 'QUARTERLY', '2024-01-01', NULL, 'Y');
INSERT INTO l1.facility_master (facility_id, credit_agreement_id, counterparty_id, facility_name, facility_type, facility_status, committed_facility_amt, currency_code, origination_date, maturity_date, portfolio_id, industry_code, lob_segment_id, product_node_id, rate_index_id, ledger_account_id, product_id, region_code, interest_rate_type, interest_rate_reference, interest_rate_spread_bps, all_in_rate_pct, day_count_convention, amortization_type, revolving_flag, active_flag, facility_reference, payment_frequency, effective_start_date, effective_end_date, is_current_flag) VALUES (8377, 2327, 2867, 'Great — USD Term Loan 2026-B', 'TERM_LOAN', 'ACTIVE', 93712413, 'USD', '2020-04-02', '2026-04-02', 2, 'FIN', 161, 2, 1, 6, 4, 'AMER', 'FIXED', 'SOFR', 475, 8.5, 'ACT/360', 'BULLET', 'N', 'Y', 'FAC-2020-08377-B', 'MONTHLY', '2024-01-01', NULL, 'Y');
INSERT INTO l1.facility_master (facility_id, credit_agreement_id, counterparty_id, facility_name, facility_type, facility_status, committed_facility_amt, currency_code, origination_date, maturity_date, portfolio_id, industry_code, lob_segment_id, product_node_id, rate_index_id, ledger_account_id, product_id, region_code, interest_rate_type, interest_rate_reference, interest_rate_spread_bps, all_in_rate_pct, day_count_convention, amortization_type, revolving_flag, active_flag, facility_reference, payment_frequency, effective_start_date, effective_end_date, is_current_flag) VALUES (8378, 2327, 2867, 'Great — USD L/C 2026-C', 'LETTER_OF_CREDIT', 'ACTIVE', 52062452, 'USD', '2020-04-02', '2026-04-02', 9, 'FIN', 162, 4, 2, 5, 1, 'AMER', 'FIXED', 'SOFR', 475, 7.77, 'ACT/360', 'BULLET', 'N', 'Y', 'FAC-2020-08378-C', 'MONTHLY', '2024-01-01', NULL, 'Y');
INSERT INTO l1.facility_master (facility_id, credit_agreement_id, counterparty_id, facility_name, facility_type, facility_status, committed_facility_amt, currency_code, origination_date, maturity_date, portfolio_id, industry_code, lob_segment_id, product_node_id, rate_index_id, ledger_account_id, product_id, region_code, interest_rate_type, interest_rate_reference, interest_rate_spread_bps, all_in_rate_pct, day_count_convention, amortization_type, revolving_flag, active_flag, facility_reference, payment_frequency, effective_start_date, effective_end_date, is_current_flag) VALUES (8379, 2328, 2868, 'Southeastern — USD Revolver 2024-A', 'REVOLVING_CREDIT', 'ACTIVE', 28337927, 'USD', '2020-10-22', '2024-10-22', 10, 'FIN', 163, 1, 2, 2, 1, 'AMER', 'FLOATING', 'SOFR', 490, 8.87, 'ACT/360', 'BULLET', 'Y', 'Y', 'FAC-2020-08379-A', 'MONTHLY', '2024-01-01', NULL, 'Y');
INSERT INTO l1.facility_master (facility_id, credit_agreement_id, counterparty_id, facility_name, facility_type, facility_status, committed_facility_amt, currency_code, origination_date, maturity_date, portfolio_id, industry_code, lob_segment_id, product_node_id, rate_index_id, ledger_account_id, product_id, region_code, interest_rate_type, interest_rate_reference, interest_rate_spread_bps, all_in_rate_pct, day_count_convention, amortization_type, revolving_flag, active_flag, facility_reference, payment_frequency, effective_start_date, effective_end_date, is_current_flag) VALUES (8380, 2328, 2868, 'Southeastern — USD Term Loan 2024-B', 'TERM_LOAN', 'ACTIVE', 42506891, 'USD', '2020-10-22', '2024-10-22', 10, 'FIN', 164, 5, 2, 1, 4, 'AMER', 'FLOATING', 'SOFR', 490, 7.6, 'ACT/360', 'BULLET', 'N', 'Y', 'FAC-2020-08380-B', 'MONTHLY', '2024-01-01', NULL, 'Y');
INSERT INTO l1.facility_master (facility_id, credit_agreement_id, counterparty_id, facility_name, facility_type, facility_status, committed_facility_amt, currency_code, origination_date, maturity_date, portfolio_id, industry_code, lob_segment_id, product_node_id, rate_index_id, ledger_account_id, product_id, region_code, interest_rate_type, interest_rate_reference, interest_rate_spread_bps, all_in_rate_pct, day_count_convention, amortization_type, revolving_flag, active_flag, facility_reference, payment_frequency, effective_start_date, effective_end_date, is_current_flag) VALUES (8381, 2328, 2868, 'Southeastern — USD L/C 2024-C', 'LETTER_OF_CREDIT', 'ACTIVE', 23614939, 'USD', '2020-10-22', '2024-10-22', 2, 'FIN', 165, 10, 5, 7, 3, 'AMER', 'FLOATING', 'SOFR', 490, 7.81, 'ACT/365', 'BULLET', 'N', 'Y', 'FAC-2020-08381-C', 'MONTHLY', '2024-01-01', NULL, 'Y');

-- ────────────────────────────────────────
-- l1.facility_lender_allocation (9 rows)
-- ────────────────────────────────────────
INSERT INTO l1.facility_lender_allocation (lender_allocation_id, facility_id, legal_entity_id, allocation_role, bank_share_pct, is_current_flag, effective_start_date, effective_end_date) VALUES (100230, 8373, 2, 'LEAD_ARRANGER', 1, 'Y', '2020-02-05', NULL);
INSERT INTO l1.facility_lender_allocation (lender_allocation_id, facility_id, legal_entity_id, allocation_role, bank_share_pct, is_current_flag, effective_start_date, effective_end_date) VALUES (100231, 8374, 4, 'LEAD_ARRANGER', 1, 'Y', '2020-02-05', NULL);
INSERT INTO l1.facility_lender_allocation (lender_allocation_id, facility_id, legal_entity_id, allocation_role, bank_share_pct, is_current_flag, effective_start_date, effective_end_date) VALUES (100232, 8375, 1, 'LEAD_ARRANGER', 1, 'Y', '2020-02-05', NULL);
INSERT INTO l1.facility_lender_allocation (lender_allocation_id, facility_id, legal_entity_id, allocation_role, bank_share_pct, is_current_flag, effective_start_date, effective_end_date) VALUES (100233, 8376, 1, 'LEAD_ARRANGER', 1, 'Y', '2020-04-02', NULL);
INSERT INTO l1.facility_lender_allocation (lender_allocation_id, facility_id, legal_entity_id, allocation_role, bank_share_pct, is_current_flag, effective_start_date, effective_end_date) VALUES (100234, 8377, 1, 'LEAD_ARRANGER', 1, 'Y', '2020-04-02', NULL);
INSERT INTO l1.facility_lender_allocation (lender_allocation_id, facility_id, legal_entity_id, allocation_role, bank_share_pct, is_current_flag, effective_start_date, effective_end_date) VALUES (100235, 8378, 5, 'LEAD_ARRANGER', 1, 'Y', '2020-04-02', NULL);
INSERT INTO l1.facility_lender_allocation (lender_allocation_id, facility_id, legal_entity_id, allocation_role, bank_share_pct, is_current_flag, effective_start_date, effective_end_date) VALUES (100236, 8379, 2, 'LEAD_ARRANGER', 1, 'Y', '2020-10-22', NULL);
INSERT INTO l1.facility_lender_allocation (lender_allocation_id, facility_id, legal_entity_id, allocation_role, bank_share_pct, is_current_flag, effective_start_date, effective_end_date) VALUES (100237, 8380, 1, 'LEAD_ARRANGER', 1, 'Y', '2020-10-22', NULL);
INSERT INTO l1.facility_lender_allocation (lender_allocation_id, facility_id, legal_entity_id, allocation_role, bank_share_pct, is_current_flag, effective_start_date, effective_end_date) VALUES (100238, 8381, 1, 'LEAD_ARRANGER', 1, 'Y', '2020-10-22', NULL);

-- ────────────────────────────────────────
-- l2.facility_exposure_snapshot (27 rows)
-- ────────────────────────────────────────
INSERT INTO l2.facility_exposure_snapshot (facility_exposure_id, facility_id, counterparty_id, as_of_date, exposure_type_id, drawn_amount, committed_amount, undrawn_amount, currency_code, limit_status_code) VALUES (200688, 8373, 2866, '2024-11-30', 1, 68010317, 85012896, 17002579, 'USD', 'WITHIN_LIMIT');
INSERT INTO l2.facility_exposure_snapshot (facility_exposure_id, facility_id, counterparty_id, as_of_date, exposure_type_id, drawn_amount, committed_amount, undrawn_amount, currency_code, limit_status_code) VALUES (200689, 8373, 2866, '2024-12-31', 1, 72260962, 85012896, 12751934, 'USD', 'WITHIN_LIMIT');
INSERT INTO l2.facility_exposure_snapshot (facility_exposure_id, facility_id, counterparty_id, as_of_date, exposure_type_id, drawn_amount, committed_amount, undrawn_amount, currency_code, limit_status_code) VALUES (200690, 8373, 2866, '2025-01-31', 1, 69710575, 85012896, 15302321, 'USD', 'WITHIN_LIMIT');
INSERT INTO l2.facility_exposure_snapshot (facility_exposure_id, facility_id, counterparty_id, as_of_date, exposure_type_id, drawn_amount, committed_amount, undrawn_amount, currency_code, limit_status_code) VALUES (200691, 8374, 2866, '2024-11-30', 1, 102015475, 127519344, 25503869, 'USD', 'WITHIN_LIMIT');
INSERT INTO l2.facility_exposure_snapshot (facility_exposure_id, facility_id, counterparty_id, as_of_date, exposure_type_id, drawn_amount, committed_amount, undrawn_amount, currency_code, limit_status_code) VALUES (200692, 8374, 2866, '2024-12-31', 1, 108391442, 127519344, 19127902, 'USD', 'WITHIN_LIMIT');
INSERT INTO l2.facility_exposure_snapshot (facility_exposure_id, facility_id, counterparty_id, as_of_date, exposure_type_id, drawn_amount, committed_amount, undrawn_amount, currency_code, limit_status_code) VALUES (200693, 8374, 2866, '2025-01-31', 1, 104565862, 127519344, 22953482, 'USD', 'WITHIN_LIMIT');
INSERT INTO l2.facility_exposure_snapshot (facility_exposure_id, facility_id, counterparty_id, as_of_date, exposure_type_id, drawn_amount, committed_amount, undrawn_amount, currency_code, limit_status_code) VALUES (200694, 8375, 2866, '2024-11-30', 1, 56675264, 70844080, 14168816, 'USD', 'WITHIN_LIMIT');
INSERT INTO l2.facility_exposure_snapshot (facility_exposure_id, facility_id, counterparty_id, as_of_date, exposure_type_id, drawn_amount, committed_amount, undrawn_amount, currency_code, limit_status_code) VALUES (200695, 8375, 2866, '2024-12-31', 1, 60217468, 70844080, 10626612, 'USD', 'WITHIN_LIMIT');
INSERT INTO l2.facility_exposure_snapshot (facility_exposure_id, facility_id, counterparty_id, as_of_date, exposure_type_id, drawn_amount, committed_amount, undrawn_amount, currency_code, limit_status_code) VALUES (200696, 8375, 2866, '2025-01-31', 1, 58092146, 70844080, 12751934, 'USD', 'WITHIN_LIMIT');
INSERT INTO l2.facility_exposure_snapshot (facility_exposure_id, facility_id, counterparty_id, as_of_date, exposure_type_id, drawn_amount, committed_amount, undrawn_amount, currency_code, limit_status_code) VALUES (200697, 8376, 2867, '2024-11-30', 1, 49979954, 62474942, 12494988, 'USD', 'WITHIN_LIMIT');
INSERT INTO l2.facility_exposure_snapshot (facility_exposure_id, facility_id, counterparty_id, as_of_date, exposure_type_id, drawn_amount, committed_amount, undrawn_amount, currency_code, limit_status_code) VALUES (200698, 8376, 2867, '2024-12-31', 1, 53103701, 62474942, 9371241, 'USD', 'WITHIN_LIMIT');
INSERT INTO l2.facility_exposure_snapshot (facility_exposure_id, facility_id, counterparty_id, as_of_date, exposure_type_id, drawn_amount, committed_amount, undrawn_amount, currency_code, limit_status_code) VALUES (200699, 8376, 2867, '2025-01-31', 1, 51229452, 62474942, 11245490, 'USD', 'WITHIN_LIMIT');
INSERT INTO l2.facility_exposure_snapshot (facility_exposure_id, facility_id, counterparty_id, as_of_date, exposure_type_id, drawn_amount, committed_amount, undrawn_amount, currency_code, limit_status_code) VALUES (200700, 8377, 2867, '2024-11-30', 1, 74969930, 93712413, 18742483, 'USD', 'WITHIN_LIMIT');
INSERT INTO l2.facility_exposure_snapshot (facility_exposure_id, facility_id, counterparty_id, as_of_date, exposure_type_id, drawn_amount, committed_amount, undrawn_amount, currency_code, limit_status_code) VALUES (200701, 8377, 2867, '2024-12-31', 1, 79655551, 93712413, 14056862, 'USD', 'WITHIN_LIMIT');
INSERT INTO l2.facility_exposure_snapshot (facility_exposure_id, facility_id, counterparty_id, as_of_date, exposure_type_id, drawn_amount, committed_amount, undrawn_amount, currency_code, limit_status_code) VALUES (200702, 8377, 2867, '2025-01-31', 1, 76844179, 93712413, 16868234, 'USD', 'WITHIN_LIMIT');
INSERT INTO l2.facility_exposure_snapshot (facility_exposure_id, facility_id, counterparty_id, as_of_date, exposure_type_id, drawn_amount, committed_amount, undrawn_amount, currency_code, limit_status_code) VALUES (200703, 8378, 2867, '2024-11-30', 1, 41649962, 52062452, 10412490, 'USD', 'WITHIN_LIMIT');
INSERT INTO l2.facility_exposure_snapshot (facility_exposure_id, facility_id, counterparty_id, as_of_date, exposure_type_id, drawn_amount, committed_amount, undrawn_amount, currency_code, limit_status_code) VALUES (200704, 8378, 2867, '2024-12-31', 1, 44253084, 52062452, 7809368, 'USD', 'WITHIN_LIMIT');
INSERT INTO l2.facility_exposure_snapshot (facility_exposure_id, facility_id, counterparty_id, as_of_date, exposure_type_id, drawn_amount, committed_amount, undrawn_amount, currency_code, limit_status_code) VALUES (200705, 8378, 2867, '2025-01-31', 1, 42691211, 52062452, 9371241, 'USD', 'WITHIN_LIMIT');
INSERT INTO l2.facility_exposure_snapshot (facility_exposure_id, facility_id, counterparty_id, as_of_date, exposure_type_id, drawn_amount, committed_amount, undrawn_amount, currency_code, limit_status_code) VALUES (200706, 8379, 2868, '2024-11-30', 1, 22103583, 28337927, 6234344, 'USD', 'WITHIN_LIMIT');
INSERT INTO l2.facility_exposure_snapshot (facility_exposure_id, facility_id, counterparty_id, as_of_date, exposure_type_id, drawn_amount, committed_amount, undrawn_amount, currency_code, limit_status_code) VALUES (200707, 8379, 2868, '2024-12-31', 1, 19836549, 28337927, 8501378, 'USD', 'WITHIN_LIMIT');
INSERT INTO l2.facility_exposure_snapshot (facility_exposure_id, facility_id, counterparty_id, as_of_date, exposure_type_id, drawn_amount, committed_amount, undrawn_amount, currency_code, limit_status_code) VALUES (200708, 8379, 2868, '2025-01-31', 1, 17569515, 28337927, 10768412, 'USD', 'WITHIN_LIMIT');
INSERT INTO l2.facility_exposure_snapshot (facility_exposure_id, facility_id, counterparty_id, as_of_date, exposure_type_id, drawn_amount, committed_amount, undrawn_amount, currency_code, limit_status_code) VALUES (200709, 8380, 2868, '2024-11-30', 1, 33155375, 42506891, 9351516, 'USD', 'WITHIN_LIMIT');
INSERT INTO l2.facility_exposure_snapshot (facility_exposure_id, facility_id, counterparty_id, as_of_date, exposure_type_id, drawn_amount, committed_amount, undrawn_amount, currency_code, limit_status_code) VALUES (200710, 8380, 2868, '2024-12-31', 1, 29754824, 42506891, 12752067, 'USD', 'WITHIN_LIMIT');
INSERT INTO l2.facility_exposure_snapshot (facility_exposure_id, facility_id, counterparty_id, as_of_date, exposure_type_id, drawn_amount, committed_amount, undrawn_amount, currency_code, limit_status_code) VALUES (200711, 8380, 2868, '2025-01-31', 1, 26354272, 42506891, 16152619, 'USD', 'WITHIN_LIMIT');
INSERT INTO l2.facility_exposure_snapshot (facility_exposure_id, facility_id, counterparty_id, as_of_date, exposure_type_id, drawn_amount, committed_amount, undrawn_amount, currency_code, limit_status_code) VALUES (200712, 8381, 2868, '2024-11-30', 1, 18419652, 23614939, 5195287, 'USD', 'WITHIN_LIMIT');
INSERT INTO l2.facility_exposure_snapshot (facility_exposure_id, facility_id, counterparty_id, as_of_date, exposure_type_id, drawn_amount, committed_amount, undrawn_amount, currency_code, limit_status_code) VALUES (200713, 8381, 2868, '2024-12-31', 1, 16530457, 23614939, 7084482, 'USD', 'WITHIN_LIMIT');
INSERT INTO l2.facility_exposure_snapshot (facility_exposure_id, facility_id, counterparty_id, as_of_date, exposure_type_id, drawn_amount, committed_amount, undrawn_amount, currency_code, limit_status_code) VALUES (200714, 8381, 2868, '2025-01-31', 1, 14641262, 23614939, 8973677, 'USD', 'WITHIN_LIMIT');

-- ────────────────────────────────────────
-- l2.counterparty_rating_observation (18 rows)
-- ────────────────────────────────────────
INSERT INTO l2.counterparty_rating_observation (observation_id, counterparty_id, as_of_date, rating_type, rating_value, rating_grade_id, is_internal_flag, pd_implied, rating_source_id) VALUES (50181, 2866, '2024-11-30', 'INTERNAL', 0, 4, 'Y', '0.0054', 1);
INSERT INTO l2.counterparty_rating_observation (observation_id, counterparty_id, as_of_date, rating_type, rating_value, rating_grade_id, is_internal_flag, pd_implied, rating_source_id) VALUES (50182, 2866, '2024-11-30', 'EXTERNAL_MOODYS', 0, 3, 'N', '0.0059', 2);
INSERT INTO l2.counterparty_rating_observation (observation_id, counterparty_id, as_of_date, rating_type, rating_value, rating_grade_id, is_internal_flag, pd_implied, rating_source_id) VALUES (50183, 2866, '2024-12-31', 'INTERNAL', 0, 4, 'Y', '0.0066', 1);
INSERT INTO l2.counterparty_rating_observation (observation_id, counterparty_id, as_of_date, rating_type, rating_value, rating_grade_id, is_internal_flag, pd_implied, rating_source_id) VALUES (50184, 2866, '2024-12-31', 'EXTERNAL_MOODYS', 0, 4, 'N', '0.0073', 2);
INSERT INTO l2.counterparty_rating_observation (observation_id, counterparty_id, as_of_date, rating_type, rating_value, rating_grade_id, is_internal_flag, pd_implied, rating_source_id) VALUES (50185, 2866, '2025-01-31', 'INTERNAL', 0, 4, 'Y', '0.006', 1);
INSERT INTO l2.counterparty_rating_observation (observation_id, counterparty_id, as_of_date, rating_type, rating_value, rating_grade_id, is_internal_flag, pd_implied, rating_source_id) VALUES (50186, 2866, '2025-01-31', 'EXTERNAL_MOODYS', 0, 5, 'N', '0.0066', 2);
INSERT INTO l2.counterparty_rating_observation (observation_id, counterparty_id, as_of_date, rating_type, rating_value, rating_grade_id, is_internal_flag, pd_implied, rating_source_id) VALUES (50187, 2867, '2024-11-30', 'INTERNAL', 0, 5, 'Y', '0.0126', 1);
INSERT INTO l2.counterparty_rating_observation (observation_id, counterparty_id, as_of_date, rating_type, rating_value, rating_grade_id, is_internal_flag, pd_implied, rating_source_id) VALUES (50188, 2867, '2024-11-30', 'EXTERNAL_MOODYS', 0, 3, 'N', '0.0139', 2);
INSERT INTO l2.counterparty_rating_observation (observation_id, counterparty_id, as_of_date, rating_type, rating_value, rating_grade_id, is_internal_flag, pd_implied, rating_source_id) VALUES (50189, 2867, '2024-12-31', 'INTERNAL', 0, 5, 'Y', '0.0154', 1);
INSERT INTO l2.counterparty_rating_observation (observation_id, counterparty_id, as_of_date, rating_type, rating_value, rating_grade_id, is_internal_flag, pd_implied, rating_source_id) VALUES (50190, 2867, '2024-12-31', 'EXTERNAL_MOODYS', 0, 4, 'N', '0.0169', 2);
INSERT INTO l2.counterparty_rating_observation (observation_id, counterparty_id, as_of_date, rating_type, rating_value, rating_grade_id, is_internal_flag, pd_implied, rating_source_id) VALUES (50191, 2867, '2025-01-31', 'INTERNAL', 0, 5, 'Y', '0.014', 1);
INSERT INTO l2.counterparty_rating_observation (observation_id, counterparty_id, as_of_date, rating_type, rating_value, rating_grade_id, is_internal_flag, pd_implied, rating_source_id) VALUES (50192, 2867, '2025-01-31', 'EXTERNAL_MOODYS', 0, 5, 'N', '0.0154', 2);
INSERT INTO l2.counterparty_rating_observation (observation_id, counterparty_id, as_of_date, rating_type, rating_value, rating_grade_id, is_internal_flag, pd_implied, rating_source_id) VALUES (50193, 2868, '2024-11-30', 'INTERNAL', 0, 6, 'Y', '0.014', 1);
INSERT INTO l2.counterparty_rating_observation (observation_id, counterparty_id, as_of_date, rating_type, rating_value, rating_grade_id, is_internal_flag, pd_implied, rating_source_id) VALUES (50194, 2868, '2024-11-30', 'EXTERNAL_MOODYS', 0, 3, 'N', '0.0154', 2);
INSERT INTO l2.counterparty_rating_observation (observation_id, counterparty_id, as_of_date, rating_type, rating_value, rating_grade_id, is_internal_flag, pd_implied, rating_source_id) VALUES (50195, 2868, '2024-12-31', 'INTERNAL', 0, 6, 'Y', '0.0112', 1);
INSERT INTO l2.counterparty_rating_observation (observation_id, counterparty_id, as_of_date, rating_type, rating_value, rating_grade_id, is_internal_flag, pd_implied, rating_source_id) VALUES (50196, 2868, '2024-12-31', 'EXTERNAL_MOODYS', 0, 4, 'N', '0.0123', 2);
INSERT INTO l2.counterparty_rating_observation (observation_id, counterparty_id, as_of_date, rating_type, rating_value, rating_grade_id, is_internal_flag, pd_implied, rating_source_id) VALUES (50197, 2868, '2025-01-31', 'INTERNAL', 0, 6, 'Y', '0.0091', 1);
INSERT INTO l2.counterparty_rating_observation (observation_id, counterparty_id, as_of_date, rating_type, rating_value, rating_grade_id, is_internal_flag, pd_implied, rating_source_id) VALUES (50198, 2868, '2025-01-31', 'EXTERNAL_MOODYS', 0, 4, 'N', '0.01', 2);

-- ────────────────────────────────────────
-- l2.credit_event (2 rows)
-- ────────────────────────────────────────
INSERT INTO l2.credit_event (credit_event_id, counterparty_id, credit_event_type_code, event_date, event_summary, event_status) VALUES (5405, 2866, 10, '2024-12-08', 'Moody''s places 3 regional banks on review for downgrade', 'CONFIRMED');
INSERT INTO l2.credit_event (credit_event_id, counterparty_id, credit_event_type_code, event_date, event_summary, event_status) VALUES (5406, 2867, 8, '2025-01-05', 'First Pacific triggers cross-default after failing to meet capital ratio', 'CONFIRMED');

-- ────────────────────────────────────────
-- l2.credit_event_facility_link (6 rows)
-- ────────────────────────────────────────
INSERT INTO l2.credit_event_facility_link (link_id, credit_event_id, facility_id) VALUES (300051, 5405, 8373);
INSERT INTO l2.credit_event_facility_link (link_id, credit_event_id, facility_id) VALUES (300052, 5405, 8374);
INSERT INTO l2.credit_event_facility_link (link_id, credit_event_id, facility_id) VALUES (300053, 5405, 8375);
INSERT INTO l2.credit_event_facility_link (link_id, credit_event_id, facility_id) VALUES (300054, 5406, 8376);
INSERT INTO l2.credit_event_facility_link (link_id, credit_event_id, facility_id) VALUES (300055, 5406, 8377);
INSERT INTO l2.credit_event_facility_link (link_id, credit_event_id, facility_id) VALUES (300056, 5406, 8378);

-- ────────────────────────────────────────
-- l2.risk_flag (9 rows)
-- ────────────────────────────────────────
INSERT INTO l2.risk_flag (risk_flag_id, facility_id, counterparty_id, flag_type, flag_code, flag_severity, as_of_date, flag_description) VALUES (8127, 8373, 2866, 'WATCH_LIST', 'COUNTERPARTY_CONCENTRATION', 'HIGH', '2025-01-31', '3 correlated FI exposures totaling $900M in unsecured lines');
INSERT INTO l2.risk_flag (risk_flag_id, facility_id, counterparty_id, flag_type, flag_code, flag_severity, as_of_date, flag_description) VALUES (8128, 8376, 2867, 'WATCH_LIST', 'COUNTERPARTY_CONCENTRATION', 'HIGH', '2025-01-31', '3 correlated FI exposures totaling $900M in unsecured lines');
INSERT INTO l2.risk_flag (risk_flag_id, facility_id, counterparty_id, flag_type, flag_code, flag_severity, as_of_date, flag_description) VALUES (8129, 8379, 2868, 'WATCH_LIST', 'COUNTERPARTY_CONCENTRATION', 'HIGH', '2025-01-31', '3 correlated FI exposures totaling $900M in unsecured lines');
INSERT INTO l2.risk_flag (risk_flag_id, facility_id, counterparty_id, flag_type, flag_code, flag_severity, as_of_date, flag_description) VALUES (8130, 8373, 2866, 'WATCH_LIST', 'DEPOSIT_OUTFLOW_RISK', 'HIGH', '2025-01-31', 'Regional bank deposit outflows exceeding 15% of total deposits');
INSERT INTO l2.risk_flag (risk_flag_id, facility_id, counterparty_id, flag_type, flag_code, flag_severity, as_of_date, flag_description) VALUES (8131, 8376, 2867, 'WATCH_LIST', 'DEPOSIT_OUTFLOW_RISK', 'HIGH', '2025-01-31', 'Regional bank deposit outflows exceeding 15% of total deposits');
INSERT INTO l2.risk_flag (risk_flag_id, facility_id, counterparty_id, flag_type, flag_code, flag_severity, as_of_date, flag_description) VALUES (8132, 8379, 2868, 'WATCH_LIST', 'DEPOSIT_OUTFLOW_RISK', 'HIGH', '2025-01-31', 'Regional bank deposit outflows exceeding 15% of total deposits');
INSERT INTO l2.risk_flag (risk_flag_id, facility_id, counterparty_id, flag_type, flag_code, flag_severity, as_of_date, flag_description) VALUES (8133, 8373, 2866, 'WATCH_LIST', 'CROSS_DEFAULT_RISK', 'HIGH', '2025-01-31', 'Cross-default provisions link 3 regional bank exposures');
INSERT INTO l2.risk_flag (risk_flag_id, facility_id, counterparty_id, flag_type, flag_code, flag_severity, as_of_date, flag_description) VALUES (8134, 8376, 2867, 'WATCH_LIST', 'CROSS_DEFAULT_RISK', 'HIGH', '2025-01-31', 'Cross-default provisions link 3 regional bank exposures');
INSERT INTO l2.risk_flag (risk_flag_id, facility_id, counterparty_id, flag_type, flag_code, flag_severity, as_of_date, flag_description) VALUES (8135, 8379, 2868, 'WATCH_LIST', 'CROSS_DEFAULT_RISK', 'HIGH', '2025-01-31', 'Cross-default provisions link 3 regional bank exposures');


-- ═════════════════════════════════════════════════════════════════
-- Scenario S45: Mexico Infrastructure Syndication
-- Bank holds $700M in $3.5B Mexico metro syndication — political risk threatens contract renegotiation
-- Generated: 2026-03-10T04:28:27.432Z
-- ═════════════════════════════════════════════════════════════════

SET search_path TO l1, l2, public;

-- ────────────────────────────────────────
-- l1.counterparty (3 rows)
-- ────────────────────────────────────────
INSERT INTO l1.counterparty (counterparty_id, legal_name, counterparty_type, country_code, entity_type_code, industry_id, basel_asset_class, basel_risk_grade, call_report_counterparty_type, external_rating_fitch, external_rating_moodys, external_rating_sp, fr2590_counterparty_type, internal_risk_rating, is_affiliated, is_central_counterparty, is_financial_institution, is_insider, is_multilateral_dev_bank, is_parent_flag, is_public_sector_entity, is_regulated_entity, is_sovereign, lei_code, lgd_unsecured, pd_annual, regulatory_counterparty_type, y14_obligor_type, effective_start_date, effective_end_date, is_current_flag) VALUES (2869, 'Mexico City Transit Authority', 'CORPORATE', 'MX', 'CORP', 8, 'CORPORATE', '6', 'C&I_FOREIGN', 'BB+', 'Baa3', 'BB+', 'NON_FINANCIAL', '5', 'N', 'N', 'N', 'N', 'N', 'N', 'N', 'N', 'N', '529900M4MPLEEB7RQ3DB', 0.48, 0.0083, 'CORPORATE', 'LARGE_CORPORATE', '2020-01-01', NULL, 'Y');
INSERT INTO l1.counterparty (counterparty_id, legal_name, counterparty_type, country_code, entity_type_code, industry_id, basel_asset_class, basel_risk_grade, call_report_counterparty_type, external_rating_fitch, external_rating_moodys, external_rating_sp, fr2590_counterparty_type, internal_risk_rating, is_affiliated, is_central_counterparty, is_financial_institution, is_insider, is_multilateral_dev_bank, is_parent_flag, is_public_sector_entity, is_regulated_entity, is_sovereign, lei_code, lgd_unsecured, pd_annual, regulatory_counterparty_type, y14_obligor_type, effective_start_date, effective_end_date, is_current_flag) VALUES (2870, 'Constructora Nacional de México SA de CV', 'CORPORATE', 'MX', 'CORP', 5, 'CORPORATE', '7', 'C&I_FOREIGN', 'BB', 'Ba2', 'BB-', 'NON_FINANCIAL', '7', 'N', 'N', 'N', 'N', 'N', 'Y', 'N', 'N', 'N', '52990060XF5YCWT3R4C5', 0.55, 0.0256, 'CORPORATE', 'LARGE_CORPORATE', '2020-01-01', NULL, 'Y');
INSERT INTO l1.counterparty (counterparty_id, legal_name, counterparty_type, country_code, entity_type_code, industry_id, basel_asset_class, basel_risk_grade, call_report_counterparty_type, external_rating_fitch, external_rating_moodys, external_rating_sp, fr2590_counterparty_type, internal_risk_rating, is_affiliated, is_central_counterparty, is_financial_institution, is_insider, is_multilateral_dev_bank, is_parent_flag, is_public_sector_entity, is_regulated_entity, is_sovereign, lei_code, lgd_unsecured, pd_annual, regulatory_counterparty_type, y14_obligor_type, effective_start_date, effective_end_date, is_current_flag) VALUES (2871, 'Puebla Engineering Services SA de CV', 'CORPORATE', 'MX', 'CORP', 5, 'CORPORATE', '5', 'C&I_FOREIGN', 'BB+', 'Ba1', 'BB+', 'NON_FINANCIAL', '6', 'N', 'N', 'N', 'N', 'N', 'N', 'N', 'N', 'N', '529900KA3VZJJUGCW8D3', 0.48, 0.0116, 'CORPORATE', 'MIDDLE_MARKET', '2020-01-01', NULL, 'Y');

-- ────────────────────────────────────────
-- l1.credit_agreement_master (3 rows)
-- ────────────────────────────────────────
INSERT INTO l1.credit_agreement_master (credit_agreement_id, borrower_counterparty_id, lender_legal_entity_id, agreement_type, status_code, agreement_reference, currency_code, origination_date, maturity_date, effective_start_date, effective_end_date, is_current_flag) VALUES (2329, 2869, 8, 'SYNDICATED', 'ACTIVE', 'CA-2024-02329-MXN', 'MXN', '2024-11-02', '2030-11-02', '2024-01-01', NULL, 'Y');
INSERT INTO l1.credit_agreement_master (credit_agreement_id, borrower_counterparty_id, lender_legal_entity_id, agreement_type, status_code, agreement_reference, currency_code, origination_date, maturity_date, effective_start_date, effective_end_date, is_current_flag) VALUES (2330, 2870, 5, 'SYNDICATED', 'ACTIVE', 'CA-2024-02330-MXN', 'MXN', '2024-04-27', '2029-04-27', '2024-01-01', NULL, 'Y');
INSERT INTO l1.credit_agreement_master (credit_agreement_id, borrower_counterparty_id, lender_legal_entity_id, agreement_type, status_code, agreement_reference, currency_code, origination_date, maturity_date, effective_start_date, effective_end_date, is_current_flag) VALUES (2331, 2871, 12, 'SYNDICATED', 'ACTIVE', 'CA-2022-02331-MXN', 'MXN', '2022-04-08', '2026-04-08', '2024-01-01', NULL, 'Y');

-- ────────────────────────────────────────
-- l1.facility_master (6 rows)
-- ────────────────────────────────────────
INSERT INTO l1.facility_master (facility_id, credit_agreement_id, counterparty_id, facility_name, facility_type, facility_status, committed_facility_amt, currency_code, origination_date, maturity_date, portfolio_id, industry_code, lob_segment_id, product_node_id, rate_index_id, ledger_account_id, product_id, region_code, interest_rate_type, interest_rate_reference, interest_rate_spread_bps, all_in_rate_pct, day_count_convention, amortization_type, revolving_flag, active_flag, facility_reference, payment_frequency, effective_start_date, effective_end_date, is_current_flag) VALUES (8382, 2329, 2869, 'Mexico — MXN Revolver 2026-A', 'REVOLVING_CREDIT', 'ACTIVE', 439053481, 'MXN', '2020-11-28', '2026-11-28', 9, 'UTL', 166, 4, 3, 4, 2, 'AMER', 'FLOATING', 'SOFR', 457, 7.79, 'ACT/365', 'BULLET', 'Y', 'Y', 'FAC-2020-08382-A', 'MONTHLY', '2024-01-01', NULL, 'Y');
INSERT INTO l1.facility_master (facility_id, credit_agreement_id, counterparty_id, facility_name, facility_type, facility_status, committed_facility_amt, currency_code, origination_date, maturity_date, portfolio_id, industry_code, lob_segment_id, product_node_id, rate_index_id, ledger_account_id, product_id, region_code, interest_rate_type, interest_rate_reference, interest_rate_spread_bps, all_in_rate_pct, day_count_convention, amortization_type, revolving_flag, active_flag, facility_reference, payment_frequency, effective_start_date, effective_end_date, is_current_flag) VALUES (8383, 2329, 2869, 'Mexico — MXN Term Loan 2026-B', 'TERM_LOAN', 'ACTIVE', 658580221, 'MXN', '2020-11-28', '2026-11-28', 10, 'UTL', 167, 4, 2, 4, 1, 'AMER', 'FLOATING', 'SOFR', 457, 7.47, 'ACT/365', 'AMORTIZING', 'N', 'Y', 'FAC-2020-08383-B', 'MONTHLY', '2024-01-01', NULL, 'Y');
INSERT INTO l1.facility_master (facility_id, credit_agreement_id, counterparty_id, facility_name, facility_type, facility_status, committed_facility_amt, currency_code, origination_date, maturity_date, portfolio_id, industry_code, lob_segment_id, product_node_id, rate_index_id, ledger_account_id, product_id, region_code, interest_rate_type, interest_rate_reference, interest_rate_spread_bps, all_in_rate_pct, day_count_convention, amortization_type, revolving_flag, active_flag, facility_reference, payment_frequency, effective_start_date, effective_end_date, is_current_flag) VALUES (8384, 2330, 2870, 'Constructora — MXN Revolver 2027-A', 'REVOLVING_CREDIT', 'ACTIVE', 48168642, 'MXN', '2021-02-23', '2027-02-23', 2, 'IND', 168, 1, 5, 5, 4, 'AMER', 'FLOATING', 'SOFR', 983, 12.83, 'ACT/360', 'BULLET', 'Y', 'Y', 'FAC-2021-08384-A', 'QUARTERLY', '2024-01-01', NULL, 'Y');
INSERT INTO l1.facility_master (facility_id, credit_agreement_id, counterparty_id, facility_name, facility_type, facility_status, committed_facility_amt, currency_code, origination_date, maturity_date, portfolio_id, industry_code, lob_segment_id, product_node_id, rate_index_id, ledger_account_id, product_id, region_code, interest_rate_type, interest_rate_reference, interest_rate_spread_bps, all_in_rate_pct, day_count_convention, amortization_type, revolving_flag, active_flag, facility_reference, payment_frequency, effective_start_date, effective_end_date, is_current_flag) VALUES (8385, 2330, 2870, 'Constructora — MXN Term Loan 2027-B', 'TERM_LOAN', 'ACTIVE', 72252964, 'MXN', '2021-02-23', '2027-02-23', 2, 'IND', 169, 3, 3, 3, 1, 'AMER', 'FLOATING', 'SOFR', 983, 13.06, 'ACT/365', 'BULLET', 'N', 'Y', 'FAC-2021-08385-B', 'QUARTERLY', '2024-01-01', NULL, 'Y');
INSERT INTO l1.facility_master (facility_id, credit_agreement_id, counterparty_id, facility_name, facility_type, facility_status, committed_facility_amt, currency_code, origination_date, maturity_date, portfolio_id, industry_code, lob_segment_id, product_node_id, rate_index_id, ledger_account_id, product_id, region_code, interest_rate_type, interest_rate_reference, interest_rate_spread_bps, all_in_rate_pct, day_count_convention, amortization_type, revolving_flag, active_flag, facility_reference, payment_frequency, effective_start_date, effective_end_date, is_current_flag) VALUES (8386, 2331, 2871, 'Puebla — MXN Revolver 2027-A', 'REVOLVING_CREDIT', 'ACTIVE', 22241108, 'MXN', '2022-10-13', '2027-10-13', 10, 'IND', 170, 7, 5, 5, 1, 'AMER', 'FLOATING', 'SOFR', 480, 8.15, 'ACT/365', 'BULLET', 'Y', 'Y', 'FAC-2022-08386-A', 'QUARTERLY', '2024-01-01', NULL, 'Y');
INSERT INTO l1.facility_master (facility_id, credit_agreement_id, counterparty_id, facility_name, facility_type, facility_status, committed_facility_amt, currency_code, origination_date, maturity_date, portfolio_id, industry_code, lob_segment_id, product_node_id, rate_index_id, ledger_account_id, product_id, region_code, interest_rate_type, interest_rate_reference, interest_rate_spread_bps, all_in_rate_pct, day_count_convention, amortization_type, revolving_flag, active_flag, facility_reference, payment_frequency, effective_start_date, effective_end_date, is_current_flag) VALUES (8387, 2331, 2871, 'Puebla — MXN Term Loan 2027-B', 'TERM_LOAN', 'ACTIVE', 33361663, 'MXN', '2022-10-13', '2027-10-13', 9, 'IND', 171, 3, 4, 8, 1, 'AMER', 'FLOATING', 'SOFR', 480, 8.06, 'ACT/365', 'AMORTIZING', 'N', 'Y', 'FAC-2022-08387-B', 'QUARTERLY', '2024-01-01', NULL, 'Y');

-- ────────────────────────────────────────
-- l1.counterparty_hierarchy (3 rows)
-- ────────────────────────────────────────
INSERT INTO l1.counterparty_hierarchy (counterparty_id, as_of_date, immediate_parent_id, ultimate_parent_id, ownership_pct) VALUES (2869, '2025-01-31', 2869, 2869, 100);
INSERT INTO l1.counterparty_hierarchy (counterparty_id, as_of_date, immediate_parent_id, ultimate_parent_id, ownership_pct) VALUES (2870, '2025-01-31', 2869, 2869, 60);
INSERT INTO l1.counterparty_hierarchy (counterparty_id, as_of_date, immediate_parent_id, ultimate_parent_id, ownership_pct) VALUES (2871, '2025-01-31', 2869, 2869, 75);

-- ────────────────────────────────────────
-- l1.facility_lender_allocation (6 rows)
-- ────────────────────────────────────────
INSERT INTO l1.facility_lender_allocation (lender_allocation_id, facility_id, legal_entity_id, allocation_role, bank_share_pct, is_current_flag, effective_start_date, effective_end_date) VALUES (100239, 8382, 4, 'LEAD_ARRANGER', 1, 'Y', '2020-11-28', NULL);
INSERT INTO l1.facility_lender_allocation (lender_allocation_id, facility_id, legal_entity_id, allocation_role, bank_share_pct, is_current_flag, effective_start_date, effective_end_date) VALUES (100240, 8383, 4, 'LEAD_ARRANGER', 1, 'Y', '2020-11-28', NULL);
INSERT INTO l1.facility_lender_allocation (lender_allocation_id, facility_id, legal_entity_id, allocation_role, bank_share_pct, is_current_flag, effective_start_date, effective_end_date) VALUES (100241, 8384, 5, 'LEAD_ARRANGER', 1, 'Y', '2021-02-23', NULL);
INSERT INTO l1.facility_lender_allocation (lender_allocation_id, facility_id, legal_entity_id, allocation_role, bank_share_pct, is_current_flag, effective_start_date, effective_end_date) VALUES (100242, 8385, 3, 'LEAD_ARRANGER', 1, 'Y', '2021-02-23', NULL);
INSERT INTO l1.facility_lender_allocation (lender_allocation_id, facility_id, legal_entity_id, allocation_role, bank_share_pct, is_current_flag, effective_start_date, effective_end_date) VALUES (100243, 8386, 5, 'LEAD_ARRANGER', 1, 'Y', '2022-10-13', NULL);
INSERT INTO l1.facility_lender_allocation (lender_allocation_id, facility_id, legal_entity_id, allocation_role, bank_share_pct, is_current_flag, effective_start_date, effective_end_date) VALUES (100244, 8387, 1, 'LEAD_ARRANGER', 1, 'Y', '2022-10-13', NULL);

-- ────────────────────────────────────────
-- l2.facility_exposure_snapshot (18 rows)
-- ────────────────────────────────────────
INSERT INTO l2.facility_exposure_snapshot (facility_exposure_id, facility_id, counterparty_id, as_of_date, exposure_type_id, drawn_amount, committed_amount, undrawn_amount, currency_code, limit_status_code) VALUES (200715, 8382, 2869, '2024-11-30', 1, 342461715, 439053481, 96591766, 'MXN', 'WITHIN_LIMIT');
INSERT INTO l2.facility_exposure_snapshot (facility_exposure_id, facility_id, counterparty_id, as_of_date, exposure_type_id, drawn_amount, committed_amount, undrawn_amount, currency_code, limit_status_code) VALUES (200716, 8382, 2869, '2024-12-31', 1, 307337437, 439053481, 131716044, 'MXN', 'WITHIN_LIMIT');
INSERT INTO l2.facility_exposure_snapshot (facility_exposure_id, facility_id, counterparty_id, as_of_date, exposure_type_id, drawn_amount, committed_amount, undrawn_amount, currency_code, limit_status_code) VALUES (200717, 8382, 2869, '2025-01-31', 1, 272213158, 439053481, 166840323, 'MXN', 'WITHIN_LIMIT');
INSERT INTO l2.facility_exposure_snapshot (facility_exposure_id, facility_id, counterparty_id, as_of_date, exposure_type_id, drawn_amount, committed_amount, undrawn_amount, currency_code, limit_status_code) VALUES (200718, 8383, 2869, '2024-11-30', 1, 513692572, 658580221, 144887649, 'MXN', 'WITHIN_LIMIT');
INSERT INTO l2.facility_exposure_snapshot (facility_exposure_id, facility_id, counterparty_id, as_of_date, exposure_type_id, drawn_amount, committed_amount, undrawn_amount, currency_code, limit_status_code) VALUES (200719, 8383, 2869, '2024-12-31', 1, 461006155, 658580221, 197574066, 'MXN', 'WITHIN_LIMIT');
INSERT INTO l2.facility_exposure_snapshot (facility_exposure_id, facility_id, counterparty_id, as_of_date, exposure_type_id, drawn_amount, committed_amount, undrawn_amount, currency_code, limit_status_code) VALUES (200720, 8383, 2869, '2025-01-31', 1, 408319737, 658580221, 250260484, 'MXN', 'WITHIN_LIMIT');
INSERT INTO l2.facility_exposure_snapshot (facility_exposure_id, facility_id, counterparty_id, as_of_date, exposure_type_id, drawn_amount, committed_amount, undrawn_amount, currency_code, limit_status_code) VALUES (200721, 8384, 2870, '2024-11-30', 1, 37571541, 48168642, 10597101, 'MXN', 'WITHIN_LIMIT');
INSERT INTO l2.facility_exposure_snapshot (facility_exposure_id, facility_id, counterparty_id, as_of_date, exposure_type_id, drawn_amount, committed_amount, undrawn_amount, currency_code, limit_status_code) VALUES (200722, 8384, 2870, '2024-12-31', 1, 33718049, 48168642, 14450593, 'MXN', 'WITHIN_LIMIT');
INSERT INTO l2.facility_exposure_snapshot (facility_exposure_id, facility_id, counterparty_id, as_of_date, exposure_type_id, drawn_amount, committed_amount, undrawn_amount, currency_code, limit_status_code) VALUES (200723, 8384, 2870, '2025-01-31', 1, 29864558, 48168642, 18304084, 'MXN', 'WITHIN_LIMIT');
INSERT INTO l2.facility_exposure_snapshot (facility_exposure_id, facility_id, counterparty_id, as_of_date, exposure_type_id, drawn_amount, committed_amount, undrawn_amount, currency_code, limit_status_code) VALUES (200724, 8385, 2870, '2024-11-30', 1, 56357312, 72252964, 15895652, 'MXN', 'WITHIN_LIMIT');
INSERT INTO l2.facility_exposure_snapshot (facility_exposure_id, facility_id, counterparty_id, as_of_date, exposure_type_id, drawn_amount, committed_amount, undrawn_amount, currency_code, limit_status_code) VALUES (200725, 8385, 2870, '2024-12-31', 1, 50577075, 72252964, 21675889, 'MXN', 'WITHIN_LIMIT');
INSERT INTO l2.facility_exposure_snapshot (facility_exposure_id, facility_id, counterparty_id, as_of_date, exposure_type_id, drawn_amount, committed_amount, undrawn_amount, currency_code, limit_status_code) VALUES (200726, 8385, 2870, '2025-01-31', 1, 44796838, 72252964, 27456126, 'MXN', 'WITHIN_LIMIT');
INSERT INTO l2.facility_exposure_snapshot (facility_exposure_id, facility_id, counterparty_id, as_of_date, exposure_type_id, drawn_amount, committed_amount, undrawn_amount, currency_code, limit_status_code) VALUES (200727, 8386, 2871, '2024-11-30', 1, 12899843, 22241108, 9341265, 'MXN', 'WITHIN_LIMIT');
INSERT INTO l2.facility_exposure_snapshot (facility_exposure_id, facility_id, counterparty_id, as_of_date, exposure_type_id, drawn_amount, committed_amount, undrawn_amount, currency_code, limit_status_code) VALUES (200728, 8386, 2871, '2024-12-31', 1, 13567076, 22241108, 8674032, 'MXN', 'WITHIN_LIMIT');
INSERT INTO l2.facility_exposure_snapshot (facility_exposure_id, facility_id, counterparty_id, as_of_date, exposure_type_id, drawn_amount, committed_amount, undrawn_amount, currency_code, limit_status_code) VALUES (200729, 8386, 2871, '2025-01-31', 1, 13344665, 22241108, 8896443, 'MXN', 'WITHIN_LIMIT');
INSERT INTO l2.facility_exposure_snapshot (facility_exposure_id, facility_id, counterparty_id, as_of_date, exposure_type_id, drawn_amount, committed_amount, undrawn_amount, currency_code, limit_status_code) VALUES (200730, 8387, 2871, '2024-11-30', 1, 19349765, 33361663, 14011898, 'MXN', 'WITHIN_LIMIT');
INSERT INTO l2.facility_exposure_snapshot (facility_exposure_id, facility_id, counterparty_id, as_of_date, exposure_type_id, drawn_amount, committed_amount, undrawn_amount, currency_code, limit_status_code) VALUES (200731, 8387, 2871, '2024-12-31', 1, 20350614, 33361663, 13011049, 'MXN', 'WITHIN_LIMIT');
INSERT INTO l2.facility_exposure_snapshot (facility_exposure_id, facility_id, counterparty_id, as_of_date, exposure_type_id, drawn_amount, committed_amount, undrawn_amount, currency_code, limit_status_code) VALUES (200732, 8387, 2871, '2025-01-31', 1, 20016998, 33361663, 13344665, 'MXN', 'WITHIN_LIMIT');

-- ────────────────────────────────────────
-- l2.exposure_counterparty_attribution (18 rows)
-- ────────────────────────────────────────
INSERT INTO l2.exposure_counterparty_attribution (attribution_id, counterparty_id, facility_id, as_of_date, exposure_type_id, counterparty_role_code, attributed_exposure_usd, attribution_pct) VALUES (400019, 2869, 8382, '2025-01-31', 1, 'BORROWER', 175621392, 40);
INSERT INTO l2.exposure_counterparty_attribution (attribution_id, counterparty_id, facility_id, as_of_date, exposure_type_id, counterparty_role_code, attributed_exposure_usd, attribution_pct) VALUES (400020, 2869, 8383, '2025-01-31', 1, 'BORROWER', 263432088, 40);
INSERT INTO l2.exposure_counterparty_attribution (attribution_id, counterparty_id, facility_id, as_of_date, exposure_type_id, counterparty_role_code, attributed_exposure_usd, attribution_pct) VALUES (400021, 2869, 8384, '2025-01-31', 1, 'BORROWER', 19267457, 40);
INSERT INTO l2.exposure_counterparty_attribution (attribution_id, counterparty_id, facility_id, as_of_date, exposure_type_id, counterparty_role_code, attributed_exposure_usd, attribution_pct) VALUES (400022, 2869, 8385, '2025-01-31', 1, 'BORROWER', 28901186, 40);
INSERT INTO l2.exposure_counterparty_attribution (attribution_id, counterparty_id, facility_id, as_of_date, exposure_type_id, counterparty_role_code, attributed_exposure_usd, attribution_pct) VALUES (400023, 2869, 8386, '2025-01-31', 1, 'BORROWER', 8896443, 40);
INSERT INTO l2.exposure_counterparty_attribution (attribution_id, counterparty_id, facility_id, as_of_date, exposure_type_id, counterparty_role_code, attributed_exposure_usd, attribution_pct) VALUES (400024, 2869, 8387, '2025-01-31', 1, 'BORROWER', 13344665, 40);
INSERT INTO l2.exposure_counterparty_attribution (attribution_id, counterparty_id, facility_id, as_of_date, exposure_type_id, counterparty_role_code, attributed_exposure_usd, attribution_pct) VALUES (400025, 2870, 8382, '2025-01-31', 1, 'GUARANTOR', 131716044, 30);
INSERT INTO l2.exposure_counterparty_attribution (attribution_id, counterparty_id, facility_id, as_of_date, exposure_type_id, counterparty_role_code, attributed_exposure_usd, attribution_pct) VALUES (400026, 2870, 8383, '2025-01-31', 1, 'GUARANTOR', 197574066, 30);
INSERT INTO l2.exposure_counterparty_attribution (attribution_id, counterparty_id, facility_id, as_of_date, exposure_type_id, counterparty_role_code, attributed_exposure_usd, attribution_pct) VALUES (400027, 2870, 8384, '2025-01-31', 1, 'GUARANTOR', 14450593, 30);
INSERT INTO l2.exposure_counterparty_attribution (attribution_id, counterparty_id, facility_id, as_of_date, exposure_type_id, counterparty_role_code, attributed_exposure_usd, attribution_pct) VALUES (400028, 2870, 8385, '2025-01-31', 1, 'GUARANTOR', 21675889, 30);
INSERT INTO l2.exposure_counterparty_attribution (attribution_id, counterparty_id, facility_id, as_of_date, exposure_type_id, counterparty_role_code, attributed_exposure_usd, attribution_pct) VALUES (400029, 2870, 8386, '2025-01-31', 1, 'GUARANTOR', 6672332, 30);
INSERT INTO l2.exposure_counterparty_attribution (attribution_id, counterparty_id, facility_id, as_of_date, exposure_type_id, counterparty_role_code, attributed_exposure_usd, attribution_pct) VALUES (400030, 2870, 8387, '2025-01-31', 1, 'GUARANTOR', 10008499, 30);
INSERT INTO l2.exposure_counterparty_attribution (attribution_id, counterparty_id, facility_id, as_of_date, exposure_type_id, counterparty_role_code, attributed_exposure_usd, attribution_pct) VALUES (400031, 2871, 8382, '2025-01-31', 1, 'PARTICIPANT', 131716044, 30);
INSERT INTO l2.exposure_counterparty_attribution (attribution_id, counterparty_id, facility_id, as_of_date, exposure_type_id, counterparty_role_code, attributed_exposure_usd, attribution_pct) VALUES (400032, 2871, 8383, '2025-01-31', 1, 'PARTICIPANT', 197574066, 30);
INSERT INTO l2.exposure_counterparty_attribution (attribution_id, counterparty_id, facility_id, as_of_date, exposure_type_id, counterparty_role_code, attributed_exposure_usd, attribution_pct) VALUES (400033, 2871, 8384, '2025-01-31', 1, 'PARTICIPANT', 14450593, 30);
INSERT INTO l2.exposure_counterparty_attribution (attribution_id, counterparty_id, facility_id, as_of_date, exposure_type_id, counterparty_role_code, attributed_exposure_usd, attribution_pct) VALUES (400034, 2871, 8385, '2025-01-31', 1, 'PARTICIPANT', 21675889, 30);
INSERT INTO l2.exposure_counterparty_attribution (attribution_id, counterparty_id, facility_id, as_of_date, exposure_type_id, counterparty_role_code, attributed_exposure_usd, attribution_pct) VALUES (400035, 2871, 8386, '2025-01-31', 1, 'PARTICIPANT', 6672332, 30);
INSERT INTO l2.exposure_counterparty_attribution (attribution_id, counterparty_id, facility_id, as_of_date, exposure_type_id, counterparty_role_code, attributed_exposure_usd, attribution_pct) VALUES (400036, 2871, 8387, '2025-01-31', 1, 'PARTICIPANT', 10008499, 30);

-- ────────────────────────────────────────
-- l2.credit_event (1 rows)
-- ────────────────────────────────────────
INSERT INTO l2.credit_event (credit_event_id, counterparty_id, credit_event_type_code, event_date, event_summary, event_status) VALUES (5407, 2869, 5, '2024-12-28', 'Syndicate requests standstill pending political clarity on contract terms', 'CONFIRMED');

-- ────────────────────────────────────────
-- l2.credit_event_facility_link (2 rows)
-- ────────────────────────────────────────
INSERT INTO l2.credit_event_facility_link (link_id, credit_event_id, facility_id) VALUES (300057, 5407, 8382);
INSERT INTO l2.credit_event_facility_link (link_id, credit_event_id, facility_id) VALUES (300058, 5407, 8383);

-- ────────────────────────────────────────
-- l2.risk_flag (9 rows)
-- ────────────────────────────────────────
INSERT INTO l2.risk_flag (risk_flag_id, facility_id, counterparty_id, flag_type, flag_code, flag_severity, as_of_date, flag_description) VALUES (8136, 8382, 2869, 'WATCH_LIST', 'POLITICAL_RISK', 'HIGH', '2025-01-31', 'Incoming administration threatens infrastructure contract renegotiation');
INSERT INTO l2.risk_flag (risk_flag_id, facility_id, counterparty_id, flag_type, flag_code, flag_severity, as_of_date, flag_description) VALUES (8137, 8384, 2870, 'WATCH_LIST', 'POLITICAL_RISK', 'HIGH', '2025-01-31', 'Incoming administration threatens infrastructure contract renegotiation');
INSERT INTO l2.risk_flag (risk_flag_id, facility_id, counterparty_id, flag_type, flag_code, flag_severity, as_of_date, flag_description) VALUES (8138, 8386, 2871, 'WATCH_LIST', 'POLITICAL_RISK', 'HIGH', '2025-01-31', 'Incoming administration threatens infrastructure contract renegotiation');
INSERT INTO l2.risk_flag (risk_flag_id, facility_id, counterparty_id, flag_type, flag_code, flag_severity, as_of_date, flag_description) VALUES (8139, 8382, 2869, 'CONCENTRATION', 'SYNDICATED_CONCENTRATION', 'MEDIUM', '2025-01-31', '20% hold in $3.5B facility — limited secondary market exit');
INSERT INTO l2.risk_flag (risk_flag_id, facility_id, counterparty_id, flag_type, flag_code, flag_severity, as_of_date, flag_description) VALUES (8140, 8384, 2870, 'CONCENTRATION', 'SYNDICATED_CONCENTRATION', 'MEDIUM', '2025-01-31', '20% hold in $3.5B facility — limited secondary market exit');
INSERT INTO l2.risk_flag (risk_flag_id, facility_id, counterparty_id, flag_type, flag_code, flag_severity, as_of_date, flag_description) VALUES (8141, 8386, 2871, 'CONCENTRATION', 'SYNDICATED_CONCENTRATION', 'MEDIUM', '2025-01-31', '20% hold in $3.5B facility — limited secondary market exit');
INSERT INTO l2.risk_flag (risk_flag_id, facility_id, counterparty_id, flag_type, flag_code, flag_severity, as_of_date, flag_description) VALUES (8142, 8382, 2869, 'CONCENTRATION', 'CONSTRUCTION_DELAY', 'MEDIUM', '2025-01-31', 'Environmental permits delayed 6+ months');
INSERT INTO l2.risk_flag (risk_flag_id, facility_id, counterparty_id, flag_type, flag_code, flag_severity, as_of_date, flag_description) VALUES (8143, 8384, 2870, 'CONCENTRATION', 'CONSTRUCTION_DELAY', 'MEDIUM', '2025-01-31', 'Environmental permits delayed 6+ months');
INSERT INTO l2.risk_flag (risk_flag_id, facility_id, counterparty_id, flag_type, flag_code, flag_severity, as_of_date, flag_description) VALUES (8144, 8386, 2871, 'CONCENTRATION', 'CONSTRUCTION_DELAY', 'MEDIUM', '2025-01-31', 'Environmental permits delayed 6+ months');


-- ═════════════════════════════════════════════════════════════════
-- Scenario S46: UK Commercial Property Maturity Wall
-- 6 UK commercial property borrowers face £2.8B maturity wall with compressed valuations and rate shock
-- Generated: 2026-03-10T04:28:27.433Z
-- ═════════════════════════════════════════════════════════════════

SET search_path TO l1, l2, public;

-- ────────────────────────────────────────
-- l1.counterparty (6 rows)
-- ────────────────────────────────────────
INSERT INTO l1.counterparty (counterparty_id, legal_name, counterparty_type, country_code, entity_type_code, industry_id, basel_asset_class, basel_risk_grade, call_report_counterparty_type, external_rating_fitch, external_rating_moodys, external_rating_sp, fr2590_counterparty_type, internal_risk_rating, is_affiliated, is_central_counterparty, is_financial_institution, is_insider, is_multilateral_dev_bank, is_parent_flag, is_public_sector_entity, is_regulated_entity, is_sovereign, lei_code, lgd_unsecured, pd_annual, regulatory_counterparty_type, y14_obligor_type, effective_start_date, effective_end_date, is_current_flag) VALUES (2872, 'Canary Wharf Office Holdings plc', 'RE_TRUST', 'GB', 'RE', 10, 'CRE', '5', 'CRE_NONFARM', 'BBB', 'Baa2', 'BBB', 'NON_FINANCIAL', '5', 'N', 'N', 'N', 'N', 'N', 'N', 'N', 'N', 'N', '213800AFO9YHN812QSCC', 0.45, 0.0046, 'CRE', 'CRE', '2020-01-01', NULL, 'Y');
INSERT INTO l1.counterparty (counterparty_id, legal_name, counterparty_type, country_code, entity_type_code, industry_id, basel_asset_class, basel_risk_grade, call_report_counterparty_type, external_rating_fitch, external_rating_moodys, external_rating_sp, fr2590_counterparty_type, internal_risk_rating, is_affiliated, is_central_counterparty, is_financial_institution, is_insider, is_multilateral_dev_bank, is_parent_flag, is_public_sector_entity, is_regulated_entity, is_sovereign, lei_code, lgd_unsecured, pd_annual, regulatory_counterparty_type, y14_obligor_type, effective_start_date, effective_end_date, is_current_flag) VALUES (2873, 'Manchester Industrial Estates Ltd.', 'RE_TRUST', 'GB', 'RE', 10, 'CRE', '5', 'CRE_NONFARM', 'BBB-', 'Baa3', 'BBB-', 'NON_FINANCIAL', '5', 'N', 'N', 'N', 'N', 'N', 'Y', 'N', 'N', 'N', '213800KH29PM3QFVRDLH', 0.48, 0.0112, 'CRE', 'CRE', '2020-01-01', NULL, 'Y');
INSERT INTO l1.counterparty (counterparty_id, legal_name, counterparty_type, country_code, entity_type_code, industry_id, basel_asset_class, basel_risk_grade, call_report_counterparty_type, external_rating_fitch, external_rating_moodys, external_rating_sp, fr2590_counterparty_type, internal_risk_rating, is_affiliated, is_central_counterparty, is_financial_institution, is_insider, is_multilateral_dev_bank, is_parent_flag, is_public_sector_entity, is_regulated_entity, is_sovereign, lei_code, lgd_unsecured, pd_annual, regulatory_counterparty_type, y14_obligor_type, effective_start_date, effective_end_date, is_current_flag) VALUES (2874, 'Edinburgh Retail Parks plc', 'RE_TRUST', 'GB', 'RE', 10, 'CRE', '6', 'CRE_NONFARM', 'BB-', 'Ba3', 'BB-', 'NON_FINANCIAL', '7', 'N', 'N', 'N', 'N', 'N', 'N', 'N', 'N', 'N', '213800HNPDHT0QS84B1B', 0.55, 0.0253, 'CRE', 'CRE', '2020-01-01', NULL, 'Y');
INSERT INTO l1.counterparty (counterparty_id, legal_name, counterparty_type, country_code, entity_type_code, industry_id, basel_asset_class, basel_risk_grade, call_report_counterparty_type, external_rating_fitch, external_rating_moodys, external_rating_sp, fr2590_counterparty_type, internal_risk_rating, is_affiliated, is_central_counterparty, is_financial_institution, is_insider, is_multilateral_dev_bank, is_parent_flag, is_public_sector_entity, is_regulated_entity, is_sovereign, lei_code, lgd_unsecured, pd_annual, regulatory_counterparty_type, y14_obligor_type, effective_start_date, effective_end_date, is_current_flag) VALUES (2875, 'Birmingham Mixed-Use Properties Ltd.', 'RE_TRUST', 'GB', 'RE', 10, 'CRE', '6', 'CRE_NONFARM', 'BB+', 'Ba1', 'BB+', 'NON_FINANCIAL', '6', 'N', 'N', 'N', 'N', 'N', 'Y', 'N', 'N', 'N', '213800TJUSQH0L9VN3YL', 0.48, 0.0076, 'CRE', 'MIDDLE_MARKET', '2020-01-01', NULL, 'Y');
INSERT INTO l1.counterparty (counterparty_id, legal_name, counterparty_type, country_code, entity_type_code, industry_id, basel_asset_class, basel_risk_grade, call_report_counterparty_type, external_rating_fitch, external_rating_moodys, external_rating_sp, fr2590_counterparty_type, internal_risk_rating, is_affiliated, is_central_counterparty, is_financial_institution, is_insider, is_multilateral_dev_bank, is_parent_flag, is_public_sector_entity, is_regulated_entity, is_sovereign, lei_code, lgd_unsecured, pd_annual, regulatory_counterparty_type, y14_obligor_type, effective_start_date, effective_end_date, is_current_flag) VALUES (2876, 'Bristol Logistics Warehouse REIT plc', 'RE_TRUST', 'GB', 'RE', 10, 'CRE', '5', 'CRE_NONFARM', 'BBB+', 'Baa2', 'BBB+', 'NON_FINANCIAL', '4', 'N', 'N', 'N', 'N', 'N', 'N', 'N', 'N', 'N', '213800U66B97VVTHFBGD', 0.45, 0.0042, 'CRE', 'CRE', '2020-01-01', NULL, 'Y');
INSERT INTO l1.counterparty (counterparty_id, legal_name, counterparty_type, country_code, entity_type_code, industry_id, basel_asset_class, basel_risk_grade, call_report_counterparty_type, external_rating_fitch, external_rating_moodys, external_rating_sp, fr2590_counterparty_type, internal_risk_rating, is_affiliated, is_central_counterparty, is_financial_institution, is_insider, is_multilateral_dev_bank, is_parent_flag, is_public_sector_entity, is_regulated_entity, is_sovereign, lei_code, lgd_unsecured, pd_annual, regulatory_counterparty_type, y14_obligor_type, effective_start_date, effective_end_date, is_current_flag) VALUES (2877, 'Leeds Student Housing Partners LLP', 'RE_TRUST', 'GB', 'RE', 10, 'CRE', '6', 'CRE_NONFARM', 'BBB-', 'Baa3', 'BB+', 'NON_FINANCIAL', '6', 'N', 'N', 'N', 'N', 'N', 'Y', 'N', 'N', 'N', '213800IF8NDFP32S2O5K', 0.48, 0.0107, 'CRE', 'MIDDLE_MARKET', '2020-01-01', NULL, 'Y');

-- ────────────────────────────────────────
-- l1.credit_agreement_master (6 rows)
-- ────────────────────────────────────────
INSERT INTO l1.credit_agreement_master (credit_agreement_id, borrower_counterparty_id, lender_legal_entity_id, agreement_type, status_code, agreement_reference, currency_code, origination_date, maturity_date, effective_start_date, effective_end_date, is_current_flag) VALUES (2332, 2872, 5, 'SYNDICATED', 'ACTIVE', 'CA-2021-02332-GBP', 'GBP', '2021-12-08', '2027-12-08', '2024-01-01', NULL, 'Y');
INSERT INTO l1.credit_agreement_master (credit_agreement_id, borrower_counterparty_id, lender_legal_entity_id, agreement_type, status_code, agreement_reference, currency_code, origination_date, maturity_date, effective_start_date, effective_end_date, is_current_flag) VALUES (2333, 2873, 12, 'SYNDICATED', 'ACTIVE', 'CA-2020-02333-GBP', 'GBP', '2020-06-10', '2026-06-10', '2024-01-01', NULL, 'Y');
INSERT INTO l1.credit_agreement_master (credit_agreement_id, borrower_counterparty_id, lender_legal_entity_id, agreement_type, status_code, agreement_reference, currency_code, origination_date, maturity_date, effective_start_date, effective_end_date, is_current_flag) VALUES (2334, 2874, 4, 'SYNDICATED', 'ACTIVE', 'CA-2024-02334-GBP', 'GBP', '2024-12-14', '2028-12-14', '2024-01-01', NULL, 'Y');
INSERT INTO l1.credit_agreement_master (credit_agreement_id, borrower_counterparty_id, lender_legal_entity_id, agreement_type, status_code, agreement_reference, currency_code, origination_date, maturity_date, effective_start_date, effective_end_date, is_current_flag) VALUES (2335, 2875, 9, 'SYNDICATED', 'ACTIVE', 'CA-2021-02335-GBP', 'GBP', '2021-10-13', '2025-10-13', '2024-01-01', NULL, 'Y');
INSERT INTO l1.credit_agreement_master (credit_agreement_id, borrower_counterparty_id, lender_legal_entity_id, agreement_type, status_code, agreement_reference, currency_code, origination_date, maturity_date, effective_start_date, effective_end_date, is_current_flag) VALUES (2336, 2876, 8, 'SYNDICATED', 'ACTIVE', 'CA-2020-02336-GBP', 'GBP', '2020-12-26', '2026-12-26', '2024-01-01', NULL, 'Y');
INSERT INTO l1.credit_agreement_master (credit_agreement_id, borrower_counterparty_id, lender_legal_entity_id, agreement_type, status_code, agreement_reference, currency_code, origination_date, maturity_date, effective_start_date, effective_end_date, is_current_flag) VALUES (2337, 2877, 11, 'BILATERAL', 'ACTIVE', 'CA-2024-02337-GBP', 'GBP', '2024-07-22', '2029-07-22', '2024-01-01', NULL, 'Y');

-- ────────────────────────────────────────
-- l1.facility_master (12 rows)
-- ────────────────────────────────────────
INSERT INTO l1.facility_master (facility_id, credit_agreement_id, counterparty_id, facility_name, facility_type, facility_status, committed_facility_amt, currency_code, origination_date, maturity_date, portfolio_id, industry_code, lob_segment_id, product_node_id, rate_index_id, ledger_account_id, product_id, region_code, interest_rate_type, interest_rate_reference, interest_rate_spread_bps, all_in_rate_pct, day_count_convention, amortization_type, revolving_flag, active_flag, facility_reference, payment_frequency, effective_start_date, effective_end_date, is_current_flag) VALUES (8388, 2332, 2872, 'Canary — GBP Revolver 2027-A', 'REVOLVING_CREDIT', 'ACTIVE', 1483466856, 'GBP', '2023-12-28', '2027-12-28', 1, 'RE', 172, 5, 3, 3, 1, 'EMEA', 'FLOATING', 'SONIA', 289, 6.84, 'ACT/365', 'BULLET', 'Y', 'Y', 'FAC-2023-08388-A', 'QUARTERLY', '2024-01-01', NULL, 'Y');
INSERT INTO l1.facility_master (facility_id, credit_agreement_id, counterparty_id, facility_name, facility_type, facility_status, committed_facility_amt, currency_code, origination_date, maturity_date, portfolio_id, industry_code, lob_segment_id, product_node_id, rate_index_id, ledger_account_id, product_id, region_code, interest_rate_type, interest_rate_reference, interest_rate_spread_bps, all_in_rate_pct, day_count_convention, amortization_type, revolving_flag, active_flag, facility_reference, payment_frequency, effective_start_date, effective_end_date, is_current_flag) VALUES (8389, 2332, 2872, 'Canary — GBP Term Loan 2027-B', 'TERM_LOAN', 'ACTIVE', 2225200284, 'GBP', '2023-12-28', '2027-12-28', 3, 'RE', 173, 3, 4, 6, 2, 'EMEA', 'FIXED', 'SONIA', 289, 5.46, 'ACT/365', 'BULLET', 'N', 'Y', 'FAC-2023-08389-B', 'MONTHLY', '2024-01-01', NULL, 'Y');
INSERT INTO l1.facility_master (facility_id, credit_agreement_id, counterparty_id, facility_name, facility_type, facility_status, committed_facility_amt, currency_code, origination_date, maturity_date, portfolio_id, industry_code, lob_segment_id, product_node_id, rate_index_id, ledger_account_id, product_id, region_code, interest_rate_type, interest_rate_reference, interest_rate_spread_bps, all_in_rate_pct, day_count_convention, amortization_type, revolving_flag, active_flag, facility_reference, payment_frequency, effective_start_date, effective_end_date, is_current_flag) VALUES (8390, 2333, 2873, 'Manchester — GBP Revolver 2028-A', 'REVOLVING_CREDIT', 'ACTIVE', 107591898, 'GBP', '2024-02-12', '2028-02-12', 2, 'RE', 174, 7, 3, 7, 1, 'EMEA', 'FLOATING', 'SONIA', 459, 7.74, 'ACT/360', 'BULLET', 'Y', 'Y', 'FAC-2024-08390-A', 'QUARTERLY', '2024-01-01', NULL, 'Y');
INSERT INTO l1.facility_master (facility_id, credit_agreement_id, counterparty_id, facility_name, facility_type, facility_status, committed_facility_amt, currency_code, origination_date, maturity_date, portfolio_id, industry_code, lob_segment_id, product_node_id, rate_index_id, ledger_account_id, product_id, region_code, interest_rate_type, interest_rate_reference, interest_rate_spread_bps, all_in_rate_pct, day_count_convention, amortization_type, revolving_flag, active_flag, facility_reference, payment_frequency, effective_start_date, effective_end_date, is_current_flag) VALUES (8391, 2333, 2873, 'Manchester — GBP Term Loan 2028-B', 'TERM_LOAN', 'ACTIVE', 161387847, 'GBP', '2024-02-12', '2028-02-12', 9, 'RE', 175, 6, 5, 4, 1, 'EMEA', 'FLOATING', 'SONIA', 459, 7.53, 'ACT/365', 'AMORTIZING', 'N', 'Y', 'FAC-2024-08391-B', 'MONTHLY', '2024-01-01', NULL, 'Y');
INSERT INTO l1.facility_master (facility_id, credit_agreement_id, counterparty_id, facility_name, facility_type, facility_status, committed_facility_amt, currency_code, origination_date, maturity_date, portfolio_id, industry_code, lob_segment_id, product_node_id, rate_index_id, ledger_account_id, product_id, region_code, interest_rate_type, interest_rate_reference, interest_rate_spread_bps, all_in_rate_pct, day_count_convention, amortization_type, revolving_flag, active_flag, facility_reference, payment_frequency, effective_start_date, effective_end_date, is_current_flag) VALUES (8392, 2334, 2874, 'Edinburgh — GBP Revolver 2025-A', 'REVOLVING_CREDIT', 'ACTIVE', 62876246, 'GBP', '2021-01-17', '2025-01-17', 9, 'RE', 176, 7, 2, 1, 3, 'EMEA', 'FLOATING', 'SONIA', 986, 13.01, 'ACT/360', 'BULLET', 'Y', 'Y', 'FAC-2021-08392-A', 'QUARTERLY', '2024-01-01', NULL, 'Y');
INSERT INTO l1.facility_master (facility_id, credit_agreement_id, counterparty_id, facility_name, facility_type, facility_status, committed_facility_amt, currency_code, origination_date, maturity_date, portfolio_id, industry_code, lob_segment_id, product_node_id, rate_index_id, ledger_account_id, product_id, region_code, interest_rate_type, interest_rate_reference, interest_rate_spread_bps, all_in_rate_pct, day_count_convention, amortization_type, revolving_flag, active_flag, facility_reference, payment_frequency, effective_start_date, effective_end_date, is_current_flag) VALUES (8393, 2334, 2874, 'Edinburgh — GBP Term Loan 2025-B', 'TERM_LOAN', 'ACTIVE', 94314370, 'GBP', '2021-01-17', '2025-01-17', 2, 'RE', 177, 2, 1, 8, 3, 'EMEA', 'FIXED', 'SONIA', 986, 13.43, 'ACT/360', 'AMORTIZING', 'N', 'Y', 'FAC-2021-08393-B', 'QUARTERLY', '2024-01-01', NULL, 'Y');
INSERT INTO l1.facility_master (facility_id, credit_agreement_id, counterparty_id, facility_name, facility_type, facility_status, committed_facility_amt, currency_code, origination_date, maturity_date, portfolio_id, industry_code, lob_segment_id, product_node_id, rate_index_id, ledger_account_id, product_id, region_code, interest_rate_type, interest_rate_reference, interest_rate_spread_bps, all_in_rate_pct, day_count_convention, amortization_type, revolving_flag, active_flag, facility_reference, payment_frequency, effective_start_date, effective_end_date, is_current_flag) VALUES (8394, 2335, 2875, 'Birmingham — GBP Revolver 2027-A', 'REVOLVING_CREDIT', 'ACTIVE', 35011526, 'GBP', '2023-06-01', '2027-06-01', 10, 'RE', 178, 3, 4, 3, 3, 'EMEA', 'FLOATING', 'SONIA', 445, 7.66, 'ACT/365', 'BULLET', 'Y', 'Y', 'FAC-2023-08394-A', 'QUARTERLY', '2024-01-01', NULL, 'Y');
INSERT INTO l1.facility_master (facility_id, credit_agreement_id, counterparty_id, facility_name, facility_type, facility_status, committed_facility_amt, currency_code, origination_date, maturity_date, portfolio_id, industry_code, lob_segment_id, product_node_id, rate_index_id, ledger_account_id, product_id, region_code, interest_rate_type, interest_rate_reference, interest_rate_spread_bps, all_in_rate_pct, day_count_convention, amortization_type, revolving_flag, active_flag, facility_reference, payment_frequency, effective_start_date, effective_end_date, is_current_flag) VALUES (8395, 2335, 2875, 'Birmingham — GBP Term Loan 2027-B', 'TERM_LOAN', 'ACTIVE', 52517288, 'GBP', '2023-06-01', '2027-06-01', 10, 'RE', 179, 7, 1, 4, 4, 'EMEA', 'FIXED', 'SONIA', 445, 8.23, 'ACT/360', 'AMORTIZING', 'N', 'Y', 'FAC-2023-08395-B', 'QUARTERLY', '2024-01-01', NULL, 'Y');
INSERT INTO l1.facility_master (facility_id, credit_agreement_id, counterparty_id, facility_name, facility_type, facility_status, committed_facility_amt, currency_code, origination_date, maturity_date, portfolio_id, industry_code, lob_segment_id, product_node_id, rate_index_id, ledger_account_id, product_id, region_code, interest_rate_type, interest_rate_reference, interest_rate_spread_bps, all_in_rate_pct, day_count_convention, amortization_type, revolving_flag, active_flag, facility_reference, payment_frequency, effective_start_date, effective_end_date, is_current_flag) VALUES (8396, 2336, 2876, 'Bristol — GBP Revolver 2026-A', 'REVOLVING_CREDIT', 'ACTIVE', 149785184, 'GBP', '2021-07-20', '2026-07-20', 3, 'RE', 180, 5, 3, 7, 4, 'EMEA', 'FLOATING', 'SONIA', 282, 6.66, 'ACT/365', 'BULLET', 'Y', 'Y', 'FAC-2021-08396-A', 'QUARTERLY', '2024-01-01', NULL, 'Y');
INSERT INTO l1.facility_master (facility_id, credit_agreement_id, counterparty_id, facility_name, facility_type, facility_status, committed_facility_amt, currency_code, origination_date, maturity_date, portfolio_id, industry_code, lob_segment_id, product_node_id, rate_index_id, ledger_account_id, product_id, region_code, interest_rate_type, interest_rate_reference, interest_rate_spread_bps, all_in_rate_pct, day_count_convention, amortization_type, revolving_flag, active_flag, facility_reference, payment_frequency, effective_start_date, effective_end_date, is_current_flag) VALUES (8397, 2336, 2876, 'Bristol — GBP Term Loan 2026-B', 'TERM_LOAN', 'ACTIVE', 224677775, 'GBP', '2021-07-20', '2026-07-20', 1, 'RE', 181, 2, 4, 7, 5, 'EMEA', 'FLOATING', 'SONIA', 282, 6.29, 'ACT/365', 'AMORTIZING', 'N', 'Y', 'FAC-2021-08397-B', 'QUARTERLY', '2024-01-01', NULL, 'Y');
INSERT INTO l1.facility_master (facility_id, credit_agreement_id, counterparty_id, facility_name, facility_type, facility_status, committed_facility_amt, currency_code, origination_date, maturity_date, portfolio_id, industry_code, lob_segment_id, product_node_id, rate_index_id, ledger_account_id, product_id, region_code, interest_rate_type, interest_rate_reference, interest_rate_spread_bps, all_in_rate_pct, day_count_convention, amortization_type, revolving_flag, active_flag, facility_reference, payment_frequency, effective_start_date, effective_end_date, is_current_flag) VALUES (8398, 2337, 2877, 'Leeds — GBP Revolver 2024-A', 'REVOLVING_CREDIT', 'ACTIVE', 14918040, 'GBP', '2020-02-10', '2024-02-10', 10, 'RE', 182, 8, 2, 2, 5, 'EMEA', 'FLOATING', 'SONIA', 451, 7.92, 'ACT/360', 'BULLET', 'Y', 'Y', 'FAC-2020-08398-A', 'MONTHLY', '2024-01-01', NULL, 'Y');
INSERT INTO l1.facility_master (facility_id, credit_agreement_id, counterparty_id, facility_name, facility_type, facility_status, committed_facility_amt, currency_code, origination_date, maturity_date, portfolio_id, industry_code, lob_segment_id, product_node_id, rate_index_id, ledger_account_id, product_id, region_code, interest_rate_type, interest_rate_reference, interest_rate_spread_bps, all_in_rate_pct, day_count_convention, amortization_type, revolving_flag, active_flag, facility_reference, payment_frequency, effective_start_date, effective_end_date, is_current_flag) VALUES (8399, 2337, 2877, 'Leeds — GBP Term Loan 2024-B', 'TERM_LOAN', 'ACTIVE', 22377061, 'GBP', '2020-02-10', '2024-02-10', 10, 'RE', 183, 7, 3, 7, 2, 'EMEA', 'FLOATING', 'SONIA', 451, 7.44, 'ACT/365', 'BULLET', 'N', 'Y', 'FAC-2020-08399-B', 'QUARTERLY', '2024-01-01', NULL, 'Y');

-- ────────────────────────────────────────
-- l1.facility_lender_allocation (12 rows)
-- ────────────────────────────────────────
INSERT INTO l1.facility_lender_allocation (lender_allocation_id, facility_id, legal_entity_id, allocation_role, bank_share_pct, is_current_flag, effective_start_date, effective_end_date) VALUES (100245, 8388, 3, 'LEAD_ARRANGER', 1, 'Y', '2023-12-28', NULL);
INSERT INTO l1.facility_lender_allocation (lender_allocation_id, facility_id, legal_entity_id, allocation_role, bank_share_pct, is_current_flag, effective_start_date, effective_end_date) VALUES (100246, 8389, 1, 'LEAD_ARRANGER', 1, 'Y', '2023-12-28', NULL);
INSERT INTO l1.facility_lender_allocation (lender_allocation_id, facility_id, legal_entity_id, allocation_role, bank_share_pct, is_current_flag, effective_start_date, effective_end_date) VALUES (100247, 8390, 1, 'LEAD_ARRANGER', 1, 'Y', '2024-02-12', NULL);
INSERT INTO l1.facility_lender_allocation (lender_allocation_id, facility_id, legal_entity_id, allocation_role, bank_share_pct, is_current_flag, effective_start_date, effective_end_date) VALUES (100248, 8391, 4, 'LEAD_ARRANGER', 1, 'Y', '2024-02-12', NULL);
INSERT INTO l1.facility_lender_allocation (lender_allocation_id, facility_id, legal_entity_id, allocation_role, bank_share_pct, is_current_flag, effective_start_date, effective_end_date) VALUES (100249, 8392, 1, 'LEAD_ARRANGER', 1, 'Y', '2021-01-17', NULL);
INSERT INTO l1.facility_lender_allocation (lender_allocation_id, facility_id, legal_entity_id, allocation_role, bank_share_pct, is_current_flag, effective_start_date, effective_end_date) VALUES (100250, 8393, 1, 'LEAD_ARRANGER', 1, 'Y', '2021-01-17', NULL);
INSERT INTO l1.facility_lender_allocation (lender_allocation_id, facility_id, legal_entity_id, allocation_role, bank_share_pct, is_current_flag, effective_start_date, effective_end_date) VALUES (100251, 8394, 3, 'LEAD_ARRANGER', 1, 'Y', '2023-06-01', NULL);
INSERT INTO l1.facility_lender_allocation (lender_allocation_id, facility_id, legal_entity_id, allocation_role, bank_share_pct, is_current_flag, effective_start_date, effective_end_date) VALUES (100252, 8395, 4, 'LEAD_ARRANGER', 1, 'Y', '2023-06-01', NULL);
INSERT INTO l1.facility_lender_allocation (lender_allocation_id, facility_id, legal_entity_id, allocation_role, bank_share_pct, is_current_flag, effective_start_date, effective_end_date) VALUES (100253, 8396, 1, 'LEAD_ARRANGER', 1, 'Y', '2021-07-20', NULL);
INSERT INTO l1.facility_lender_allocation (lender_allocation_id, facility_id, legal_entity_id, allocation_role, bank_share_pct, is_current_flag, effective_start_date, effective_end_date) VALUES (100254, 8397, 1, 'LEAD_ARRANGER', 1, 'Y', '2021-07-20', NULL);
INSERT INTO l1.facility_lender_allocation (lender_allocation_id, facility_id, legal_entity_id, allocation_role, bank_share_pct, is_current_flag, effective_start_date, effective_end_date) VALUES (100255, 8398, 2, 'LEAD_ARRANGER', 1, 'Y', '2020-02-10', NULL);
INSERT INTO l1.facility_lender_allocation (lender_allocation_id, facility_id, legal_entity_id, allocation_role, bank_share_pct, is_current_flag, effective_start_date, effective_end_date) VALUES (100256, 8399, 1, 'LEAD_ARRANGER', 1, 'Y', '2020-02-10', NULL);

-- ────────────────────────────────────────
-- l2.facility_exposure_snapshot (36 rows)
-- ────────────────────────────────────────
INSERT INTO l2.facility_exposure_snapshot (facility_exposure_id, facility_id, counterparty_id, as_of_date, exposure_type_id, drawn_amount, committed_amount, undrawn_amount, currency_code, limit_status_code) VALUES (200733, 8388, 2872, '2024-11-30', 1, 1157104148, 1483466856, 326362708, 'GBP', 'WITHIN_LIMIT');
INSERT INTO l2.facility_exposure_snapshot (facility_exposure_id, facility_id, counterparty_id, as_of_date, exposure_type_id, drawn_amount, committed_amount, undrawn_amount, currency_code, limit_status_code) VALUES (200734, 8388, 2872, '2024-12-31', 1, 1038426799, 1483466856, 445040057, 'GBP', 'WITHIN_LIMIT');
INSERT INTO l2.facility_exposure_snapshot (facility_exposure_id, facility_id, counterparty_id, as_of_date, exposure_type_id, drawn_amount, committed_amount, undrawn_amount, currency_code, limit_status_code) VALUES (200735, 8388, 2872, '2025-01-31', 1, 919749451, 1483466856, 563717405, 'GBP', 'WITHIN_LIMIT');
INSERT INTO l2.facility_exposure_snapshot (facility_exposure_id, facility_id, counterparty_id, as_of_date, exposure_type_id, drawn_amount, committed_amount, undrawn_amount, currency_code, limit_status_code) VALUES (200736, 8389, 2872, '2024-11-30', 1, 1735656222, 2225200284, 489544062, 'GBP', 'WITHIN_LIMIT');
INSERT INTO l2.facility_exposure_snapshot (facility_exposure_id, facility_id, counterparty_id, as_of_date, exposure_type_id, drawn_amount, committed_amount, undrawn_amount, currency_code, limit_status_code) VALUES (200737, 8389, 2872, '2024-12-31', 1, 1557640199, 2225200284, 667560085, 'GBP', 'WITHIN_LIMIT');
INSERT INTO l2.facility_exposure_snapshot (facility_exposure_id, facility_id, counterparty_id, as_of_date, exposure_type_id, drawn_amount, committed_amount, undrawn_amount, currency_code, limit_status_code) VALUES (200738, 8389, 2872, '2025-01-31', 1, 1379624176, 2225200284, 845576108, 'GBP', 'WITHIN_LIMIT');
INSERT INTO l2.facility_exposure_snapshot (facility_exposure_id, facility_id, counterparty_id, as_of_date, exposure_type_id, drawn_amount, committed_amount, undrawn_amount, currency_code, limit_status_code) VALUES (200739, 8390, 2873, '2024-11-30', 1, 86073518, 107591898, 21518380, 'GBP', 'WITHIN_LIMIT');
INSERT INTO l2.facility_exposure_snapshot (facility_exposure_id, facility_id, counterparty_id, as_of_date, exposure_type_id, drawn_amount, committed_amount, undrawn_amount, currency_code, limit_status_code) VALUES (200740, 8390, 2873, '2024-12-31', 1, 91453113, 107591898, 16138785, 'GBP', 'WITHIN_LIMIT');
INSERT INTO l2.facility_exposure_snapshot (facility_exposure_id, facility_id, counterparty_id, as_of_date, exposure_type_id, drawn_amount, committed_amount, undrawn_amount, currency_code, limit_status_code) VALUES (200741, 8390, 2873, '2025-01-31', 1, 88225356, 107591898, 19366542, 'GBP', 'WITHIN_LIMIT');
INSERT INTO l2.facility_exposure_snapshot (facility_exposure_id, facility_id, counterparty_id, as_of_date, exposure_type_id, drawn_amount, committed_amount, undrawn_amount, currency_code, limit_status_code) VALUES (200742, 8391, 2873, '2024-11-30', 1, 129110278, 161387847, 32277569, 'GBP', 'WITHIN_LIMIT');
INSERT INTO l2.facility_exposure_snapshot (facility_exposure_id, facility_id, counterparty_id, as_of_date, exposure_type_id, drawn_amount, committed_amount, undrawn_amount, currency_code, limit_status_code) VALUES (200743, 8391, 2873, '2024-12-31', 1, 137179670, 161387847, 24208177, 'GBP', 'WITHIN_LIMIT');
INSERT INTO l2.facility_exposure_snapshot (facility_exposure_id, facility_id, counterparty_id, as_of_date, exposure_type_id, drawn_amount, committed_amount, undrawn_amount, currency_code, limit_status_code) VALUES (200744, 8391, 2873, '2025-01-31', 1, 132338035, 161387847, 29049812, 'GBP', 'WITHIN_LIMIT');
INSERT INTO l2.facility_exposure_snapshot (facility_exposure_id, facility_id, counterparty_id, as_of_date, exposure_type_id, drawn_amount, committed_amount, undrawn_amount, currency_code, limit_status_code) VALUES (200745, 8392, 2874, '2024-11-30', 1, 50300997, 62876246, 12575249, 'GBP', 'WITHIN_LIMIT');
INSERT INTO l2.facility_exposure_snapshot (facility_exposure_id, facility_id, counterparty_id, as_of_date, exposure_type_id, drawn_amount, committed_amount, undrawn_amount, currency_code, limit_status_code) VALUES (200746, 8392, 2874, '2024-12-31', 1, 53444809, 62876246, 9431437, 'GBP', 'WITHIN_LIMIT');
INSERT INTO l2.facility_exposure_snapshot (facility_exposure_id, facility_id, counterparty_id, as_of_date, exposure_type_id, drawn_amount, committed_amount, undrawn_amount, currency_code, limit_status_code) VALUES (200747, 8392, 2874, '2025-01-31', 1, 51558522, 62876246, 11317724, 'GBP', 'WITHIN_LIMIT');
INSERT INTO l2.facility_exposure_snapshot (facility_exposure_id, facility_id, counterparty_id, as_of_date, exposure_type_id, drawn_amount, committed_amount, undrawn_amount, currency_code, limit_status_code) VALUES (200748, 8393, 2874, '2024-11-30', 1, 75451496, 94314370, 18862874, 'GBP', 'WITHIN_LIMIT');
INSERT INTO l2.facility_exposure_snapshot (facility_exposure_id, facility_id, counterparty_id, as_of_date, exposure_type_id, drawn_amount, committed_amount, undrawn_amount, currency_code, limit_status_code) VALUES (200749, 8393, 2874, '2024-12-31', 1, 80167215, 94314370, 14147155, 'GBP', 'WITHIN_LIMIT');
INSERT INTO l2.facility_exposure_snapshot (facility_exposure_id, facility_id, counterparty_id, as_of_date, exposure_type_id, drawn_amount, committed_amount, undrawn_amount, currency_code, limit_status_code) VALUES (200750, 8393, 2874, '2025-01-31', 1, 77337783, 94314370, 16976587, 'GBP', 'WITHIN_LIMIT');
INSERT INTO l2.facility_exposure_snapshot (facility_exposure_id, facility_id, counterparty_id, as_of_date, exposure_type_id, drawn_amount, committed_amount, undrawn_amount, currency_code, limit_status_code) VALUES (200751, 8394, 2875, '2024-11-30', 1, 27308990, 35011526, 7702536, 'GBP', 'WITHIN_LIMIT');
INSERT INTO l2.facility_exposure_snapshot (facility_exposure_id, facility_id, counterparty_id, as_of_date, exposure_type_id, drawn_amount, committed_amount, undrawn_amount, currency_code, limit_status_code) VALUES (200752, 8394, 2875, '2024-12-31', 1, 24508068, 35011526, 10503458, 'GBP', 'WITHIN_LIMIT');
INSERT INTO l2.facility_exposure_snapshot (facility_exposure_id, facility_id, counterparty_id, as_of_date, exposure_type_id, drawn_amount, committed_amount, undrawn_amount, currency_code, limit_status_code) VALUES (200753, 8394, 2875, '2025-01-31', 1, 21707146, 35011526, 13304380, 'GBP', 'WITHIN_LIMIT');
INSERT INTO l2.facility_exposure_snapshot (facility_exposure_id, facility_id, counterparty_id, as_of_date, exposure_type_id, drawn_amount, committed_amount, undrawn_amount, currency_code, limit_status_code) VALUES (200754, 8395, 2875, '2024-11-30', 1, 40963485, 52517288, 11553803, 'GBP', 'WITHIN_LIMIT');
INSERT INTO l2.facility_exposure_snapshot (facility_exposure_id, facility_id, counterparty_id, as_of_date, exposure_type_id, drawn_amount, committed_amount, undrawn_amount, currency_code, limit_status_code) VALUES (200755, 8395, 2875, '2024-12-31', 1, 36762102, 52517288, 15755186, 'GBP', 'WITHIN_LIMIT');
INSERT INTO l2.facility_exposure_snapshot (facility_exposure_id, facility_id, counterparty_id, as_of_date, exposure_type_id, drawn_amount, committed_amount, undrawn_amount, currency_code, limit_status_code) VALUES (200756, 8395, 2875, '2025-01-31', 1, 32560719, 52517288, 19956569, 'GBP', 'WITHIN_LIMIT');
INSERT INTO l2.facility_exposure_snapshot (facility_exposure_id, facility_id, counterparty_id, as_of_date, exposure_type_id, drawn_amount, committed_amount, undrawn_amount, currency_code, limit_status_code) VALUES (200757, 8396, 2876, '2024-11-30', 1, 86875407, 149785184, 62909777, 'GBP', 'WITHIN_LIMIT');
INSERT INTO l2.facility_exposure_snapshot (facility_exposure_id, facility_id, counterparty_id, as_of_date, exposure_type_id, drawn_amount, committed_amount, undrawn_amount, currency_code, limit_status_code) VALUES (200758, 8396, 2876, '2024-12-31', 1, 91368962, 149785184, 58416222, 'GBP', 'WITHIN_LIMIT');
INSERT INTO l2.facility_exposure_snapshot (facility_exposure_id, facility_id, counterparty_id, as_of_date, exposure_type_id, drawn_amount, committed_amount, undrawn_amount, currency_code, limit_status_code) VALUES (200759, 8396, 2876, '2025-01-31', 1, 89871110, 149785184, 59914074, 'GBP', 'WITHIN_LIMIT');
INSERT INTO l2.facility_exposure_snapshot (facility_exposure_id, facility_id, counterparty_id, as_of_date, exposure_type_id, drawn_amount, committed_amount, undrawn_amount, currency_code, limit_status_code) VALUES (200760, 8397, 2876, '2024-11-30', 1, 130313109, 224677775, 94364666, 'GBP', 'WITHIN_LIMIT');
INSERT INTO l2.facility_exposure_snapshot (facility_exposure_id, facility_id, counterparty_id, as_of_date, exposure_type_id, drawn_amount, committed_amount, undrawn_amount, currency_code, limit_status_code) VALUES (200761, 8397, 2876, '2024-12-31', 1, 137053443, 224677775, 87624332, 'GBP', 'WITHIN_LIMIT');
INSERT INTO l2.facility_exposure_snapshot (facility_exposure_id, facility_id, counterparty_id, as_of_date, exposure_type_id, drawn_amount, committed_amount, undrawn_amount, currency_code, limit_status_code) VALUES (200762, 8397, 2876, '2025-01-31', 1, 134806665, 224677775, 89871110, 'GBP', 'WITHIN_LIMIT');
INSERT INTO l2.facility_exposure_snapshot (facility_exposure_id, facility_id, counterparty_id, as_of_date, exposure_type_id, drawn_amount, committed_amount, undrawn_amount, currency_code, limit_status_code) VALUES (200763, 8398, 2877, '2024-11-30', 1, 11636071, 14918040, 3281969, 'GBP', 'WITHIN_LIMIT');
INSERT INTO l2.facility_exposure_snapshot (facility_exposure_id, facility_id, counterparty_id, as_of_date, exposure_type_id, drawn_amount, committed_amount, undrawn_amount, currency_code, limit_status_code) VALUES (200764, 8398, 2877, '2024-12-31', 1, 10442628, 14918040, 4475412, 'GBP', 'WITHIN_LIMIT');
INSERT INTO l2.facility_exposure_snapshot (facility_exposure_id, facility_id, counterparty_id, as_of_date, exposure_type_id, drawn_amount, committed_amount, undrawn_amount, currency_code, limit_status_code) VALUES (200765, 8398, 2877, '2025-01-31', 1, 9249185, 14918040, 5668855, 'GBP', 'WITHIN_LIMIT');
INSERT INTO l2.facility_exposure_snapshot (facility_exposure_id, facility_id, counterparty_id, as_of_date, exposure_type_id, drawn_amount, committed_amount, undrawn_amount, currency_code, limit_status_code) VALUES (200766, 8399, 2877, '2024-11-30', 1, 17454108, 22377061, 4922953, 'GBP', 'WITHIN_LIMIT');
INSERT INTO l2.facility_exposure_snapshot (facility_exposure_id, facility_id, counterparty_id, as_of_date, exposure_type_id, drawn_amount, committed_amount, undrawn_amount, currency_code, limit_status_code) VALUES (200767, 8399, 2877, '2024-12-31', 1, 15663943, 22377061, 6713118, 'GBP', 'WITHIN_LIMIT');
INSERT INTO l2.facility_exposure_snapshot (facility_exposure_id, facility_id, counterparty_id, as_of_date, exposure_type_id, drawn_amount, committed_amount, undrawn_amount, currency_code, limit_status_code) VALUES (200768, 8399, 2877, '2025-01-31', 1, 13873778, 22377061, 8503283, 'GBP', 'WITHIN_LIMIT');

-- ────────────────────────────────────────
-- l2.risk_flag (18 rows)
-- ────────────────────────────────────────
INSERT INTO l2.risk_flag (risk_flag_id, facility_id, counterparty_id, flag_type, flag_code, flag_severity, as_of_date, flag_description) VALUES (8145, 8388, 2872, 'WATCH_LIST', 'MATURITY_CONCENTRATION', 'HIGH', '2025-01-31', '£2.8B UK CRE maturities concentrated in Q1 2025');
INSERT INTO l2.risk_flag (risk_flag_id, facility_id, counterparty_id, flag_type, flag_code, flag_severity, as_of_date, flag_description) VALUES (8146, 8390, 2873, 'WATCH_LIST', 'MATURITY_CONCENTRATION', 'HIGH', '2025-01-31', '£2.8B UK CRE maturities concentrated in Q1 2025');
INSERT INTO l2.risk_flag (risk_flag_id, facility_id, counterparty_id, flag_type, flag_code, flag_severity, as_of_date, flag_description) VALUES (8147, 8392, 2874, 'WATCH_LIST', 'MATURITY_CONCENTRATION', 'HIGH', '2025-01-31', '£2.8B UK CRE maturities concentrated in Q1 2025');
INSERT INTO l2.risk_flag (risk_flag_id, facility_id, counterparty_id, flag_type, flag_code, flag_severity, as_of_date, flag_description) VALUES (8148, 8394, 2875, 'WATCH_LIST', 'MATURITY_CONCENTRATION', 'HIGH', '2025-01-31', '£2.8B UK CRE maturities concentrated in Q1 2025');
INSERT INTO l2.risk_flag (risk_flag_id, facility_id, counterparty_id, flag_type, flag_code, flag_severity, as_of_date, flag_description) VALUES (8149, 8396, 2876, 'WATCH_LIST', 'MATURITY_CONCENTRATION', 'HIGH', '2025-01-31', '£2.8B UK CRE maturities concentrated in Q1 2025');
INSERT INTO l2.risk_flag (risk_flag_id, facility_id, counterparty_id, flag_type, flag_code, flag_severity, as_of_date, flag_description) VALUES (8150, 8398, 2877, 'WATCH_LIST', 'MATURITY_CONCENTRATION', 'HIGH', '2025-01-31', '£2.8B UK CRE maturities concentrated in Q1 2025');
INSERT INTO l2.risk_flag (risk_flag_id, facility_id, counterparty_id, flag_type, flag_code, flag_severity, as_of_date, flag_description) VALUES (8151, 8388, 2872, 'WATCH_LIST', 'REFINANCING_RISK', 'HIGH', '2025-01-31', 'Rate shock — refinancing at 300bps higher than original terms');
INSERT INTO l2.risk_flag (risk_flag_id, facility_id, counterparty_id, flag_type, flag_code, flag_severity, as_of_date, flag_description) VALUES (8152, 8390, 2873, 'WATCH_LIST', 'REFINANCING_RISK', 'HIGH', '2025-01-31', 'Rate shock — refinancing at 300bps higher than original terms');
INSERT INTO l2.risk_flag (risk_flag_id, facility_id, counterparty_id, flag_type, flag_code, flag_severity, as_of_date, flag_description) VALUES (8153, 8392, 2874, 'WATCH_LIST', 'REFINANCING_RISK', 'HIGH', '2025-01-31', 'Rate shock — refinancing at 300bps higher than original terms');
INSERT INTO l2.risk_flag (risk_flag_id, facility_id, counterparty_id, flag_type, flag_code, flag_severity, as_of_date, flag_description) VALUES (8154, 8394, 2875, 'WATCH_LIST', 'REFINANCING_RISK', 'HIGH', '2025-01-31', 'Rate shock — refinancing at 300bps higher than original terms');
INSERT INTO l2.risk_flag (risk_flag_id, facility_id, counterparty_id, flag_type, flag_code, flag_severity, as_of_date, flag_description) VALUES (8155, 8396, 2876, 'WATCH_LIST', 'REFINANCING_RISK', 'HIGH', '2025-01-31', 'Rate shock — refinancing at 300bps higher than original terms');
INSERT INTO l2.risk_flag (risk_flag_id, facility_id, counterparty_id, flag_type, flag_code, flag_severity, as_of_date, flag_description) VALUES (8156, 8398, 2877, 'WATCH_LIST', 'REFINANCING_RISK', 'HIGH', '2025-01-31', 'Rate shock — refinancing at 300bps higher than original terms');
INSERT INTO l2.risk_flag (risk_flag_id, facility_id, counterparty_id, flag_type, flag_code, flag_severity, as_of_date, flag_description) VALUES (8157, 8388, 2872, 'CONCENTRATION', 'COLLATERAL_COVERAGE_DECLINE', 'MEDIUM', '2025-01-31', 'UK commercial property values down 15% from peak');
INSERT INTO l2.risk_flag (risk_flag_id, facility_id, counterparty_id, flag_type, flag_code, flag_severity, as_of_date, flag_description) VALUES (8158, 8390, 2873, 'CONCENTRATION', 'COLLATERAL_COVERAGE_DECLINE', 'MEDIUM', '2025-01-31', 'UK commercial property values down 15% from peak');
INSERT INTO l2.risk_flag (risk_flag_id, facility_id, counterparty_id, flag_type, flag_code, flag_severity, as_of_date, flag_description) VALUES (8159, 8392, 2874, 'CONCENTRATION', 'COLLATERAL_COVERAGE_DECLINE', 'MEDIUM', '2025-01-31', 'UK commercial property values down 15% from peak');
INSERT INTO l2.risk_flag (risk_flag_id, facility_id, counterparty_id, flag_type, flag_code, flag_severity, as_of_date, flag_description) VALUES (8160, 8394, 2875, 'CONCENTRATION', 'COLLATERAL_COVERAGE_DECLINE', 'MEDIUM', '2025-01-31', 'UK commercial property values down 15% from peak');
INSERT INTO l2.risk_flag (risk_flag_id, facility_id, counterparty_id, flag_type, flag_code, flag_severity, as_of_date, flag_description) VALUES (8161, 8396, 2876, 'CONCENTRATION', 'COLLATERAL_COVERAGE_DECLINE', 'MEDIUM', '2025-01-31', 'UK commercial property values down 15% from peak');
INSERT INTO l2.risk_flag (risk_flag_id, facility_id, counterparty_id, flag_type, flag_code, flag_severity, as_of_date, flag_description) VALUES (8162, 8398, 2877, 'CONCENTRATION', 'COLLATERAL_COVERAGE_DECLINE', 'MEDIUM', '2025-01-31', 'UK commercial property values down 15% from peak');


-- ═════════════════════════════════════════════════════════════════
-- Scenario S47: Healthcare Portfolio Data Quality
-- Acquired healthcare portfolio reveals pervasive data quality issues — 4 hospitals below 70% threshold
-- Generated: 2026-03-10T04:28:27.433Z
-- ═════════════════════════════════════════════════════════════════

SET search_path TO l1, l2, public;

-- ────────────────────────────────────────
-- l1.counterparty (4 rows)
-- ────────────────────────────────────────
INSERT INTO l1.counterparty (counterparty_id, legal_name, counterparty_type, country_code, entity_type_code, industry_id, basel_asset_class, basel_risk_grade, call_report_counterparty_type, external_rating_fitch, external_rating_moodys, external_rating_sp, fr2590_counterparty_type, internal_risk_rating, is_affiliated, is_central_counterparty, is_financial_institution, is_insider, is_multilateral_dev_bank, is_parent_flag, is_public_sector_entity, is_regulated_entity, is_sovereign, lei_code, lgd_unsecured, pd_annual, regulatory_counterparty_type, y14_obligor_type, effective_start_date, effective_end_date, is_current_flag) VALUES (2878, 'Midwest Regional Health Network Inc.', 'BANK', 'US', 'BANK', 3, 'BANK', '5', 'DEPOSITORY', 'BBB', 'Baa2', 'BBB', 'FINANCIAL', '5', 'N', 'N', 'Y', 'N', 'N', 'N', 'N', 'Y', 'N', '529900M1KFX6PW5LNL6M', 0.45, 0.0043, 'BANK', 'BANK', '2020-01-01', NULL, 'Y');
INSERT INTO l1.counterparty (counterparty_id, legal_name, counterparty_type, country_code, entity_type_code, industry_id, basel_asset_class, basel_risk_grade, call_report_counterparty_type, external_rating_fitch, external_rating_moodys, external_rating_sp, fr2590_counterparty_type, internal_risk_rating, is_affiliated, is_central_counterparty, is_financial_institution, is_insider, is_multilateral_dev_bank, is_parent_flag, is_public_sector_entity, is_regulated_entity, is_sovereign, lei_code, lgd_unsecured, pd_annual, regulatory_counterparty_type, y14_obligor_type, effective_start_date, effective_end_date, is_current_flag) VALUES (2879, 'Southeast Behavioral Health Systems LLC', 'BANK', 'US', 'BANK', 3, 'BANK', '6', 'DEPOSITORY', 'BBB-', 'Baa3', 'BB+', 'FINANCIAL', '6', 'N', 'N', 'Y', 'N', 'N', 'Y', 'N', 'Y', 'N', '5299000TB9395VQDQU18', 0.48, 0.0088, 'BANK', 'BANK', '2020-01-01', NULL, 'Y');
INSERT INTO l1.counterparty (counterparty_id, legal_name, counterparty_type, country_code, entity_type_code, industry_id, basel_asset_class, basel_risk_grade, call_report_counterparty_type, external_rating_fitch, external_rating_moodys, external_rating_sp, fr2590_counterparty_type, internal_risk_rating, is_affiliated, is_central_counterparty, is_financial_institution, is_insider, is_multilateral_dev_bank, is_parent_flag, is_public_sector_entity, is_regulated_entity, is_sovereign, lei_code, lgd_unsecured, pd_annual, regulatory_counterparty_type, y14_obligor_type, effective_start_date, effective_end_date, is_current_flag) VALUES (2880, 'Mountain States Orthopedic Group PC', 'BANK', 'US', 'BANK', 3, 'BANK', '5', 'DEPOSITORY', 'BBB', 'Baa1', 'BBB+', 'FINANCIAL', '5', 'N', 'N', 'Y', 'N', 'N', 'N', 'N', 'Y', 'N', '529900G5N1H3S1M76DQ9', 0.45, 0.0053, 'BANK', 'BANK', '2020-01-01', NULL, 'Y');
INSERT INTO l1.counterparty (counterparty_id, legal_name, counterparty_type, country_code, entity_type_code, industry_id, basel_asset_class, basel_risk_grade, call_report_counterparty_type, external_rating_fitch, external_rating_moodys, external_rating_sp, fr2590_counterparty_type, internal_risk_rating, is_affiliated, is_central_counterparty, is_financial_institution, is_insider, is_multilateral_dev_bank, is_parent_flag, is_public_sector_entity, is_regulated_entity, is_sovereign, lei_code, lgd_unsecured, pd_annual, regulatory_counterparty_type, y14_obligor_type, effective_start_date, effective_end_date, is_current_flag) VALUES (2881, 'Coastal Rehabilitation Centers Inc.', 'BANK', 'US', 'BANK', 3, 'BANK', '6', 'DEPOSITORY', 'BBB-', 'Ba1', 'BBB-', 'FINANCIAL', '6', 'N', 'N', 'Y', 'N', 'N', 'N', 'N', 'Y', 'N', '529900NN4YZJWI5FNEP2', 0.48, 0.0091, 'BANK', 'MIDDLE_MARKET', '2020-01-01', NULL, 'Y');

-- ────────────────────────────────────────
-- l1.credit_agreement_master (4 rows)
-- ────────────────────────────────────────
INSERT INTO l1.credit_agreement_master (credit_agreement_id, borrower_counterparty_id, lender_legal_entity_id, agreement_type, status_code, agreement_reference, currency_code, origination_date, maturity_date, effective_start_date, effective_end_date, is_current_flag) VALUES (2338, 2878, 12, 'SYNDICATED', 'ACTIVE', 'CA-2021-02338-USD', 'USD', '2021-01-27', '2025-01-27', '2024-01-01', NULL, 'Y');
INSERT INTO l1.credit_agreement_master (credit_agreement_id, borrower_counterparty_id, lender_legal_entity_id, agreement_type, status_code, agreement_reference, currency_code, origination_date, maturity_date, effective_start_date, effective_end_date, is_current_flag) VALUES (2339, 2879, 12, 'SYNDICATED', 'ACTIVE', 'CA-2023-02339-USD', 'USD', '2023-09-23', '2029-09-23', '2024-01-01', NULL, 'Y');
INSERT INTO l1.credit_agreement_master (credit_agreement_id, borrower_counterparty_id, lender_legal_entity_id, agreement_type, status_code, agreement_reference, currency_code, origination_date, maturity_date, effective_start_date, effective_end_date, is_current_flag) VALUES (2340, 2880, 3, 'SYNDICATED', 'ACTIVE', 'CA-2021-02340-USD', 'USD', '2021-04-08', '2026-04-08', '2024-01-01', NULL, 'Y');
INSERT INTO l1.credit_agreement_master (credit_agreement_id, borrower_counterparty_id, lender_legal_entity_id, agreement_type, status_code, agreement_reference, currency_code, origination_date, maturity_date, effective_start_date, effective_end_date, is_current_flag) VALUES (2341, 2881, 11, 'BILATERAL', 'ACTIVE', 'CA-2024-02341-USD', 'USD', '2024-04-26', '2028-04-26', '2024-01-01', NULL, 'Y');

-- ────────────────────────────────────────
-- l1.facility_master (8 rows)
-- ────────────────────────────────────────
INSERT INTO l1.facility_master (facility_id, credit_agreement_id, counterparty_id, facility_name, facility_type, facility_status, committed_facility_amt, currency_code, origination_date, maturity_date, portfolio_id, industry_code, lob_segment_id, product_node_id, rate_index_id, ledger_account_id, product_id, region_code, interest_rate_type, interest_rate_reference, interest_rate_spread_bps, all_in_rate_pct, day_count_convention, amortization_type, revolving_flag, active_flag, facility_reference, payment_frequency, effective_start_date, effective_end_date, is_current_flag) VALUES (8400, 2338, 2878, 'Midwest — USD Revolver 2026-A', 'REVOLVING_CREDIT', 'ACTIVE', 1255806821, 'USD', '2021-12-23', '2026-12-23', 5, 'HC', 184, 1, 1, 4, 2, 'AMER', 'FLOATING', 'SOFR', 290, 6.76, 'ACT/360', 'BULLET', 'Y', 'Y', 'FAC-2021-08400-A', 'QUARTERLY', '2024-01-01', NULL, 'Y');
INSERT INTO l1.facility_master (facility_id, credit_agreement_id, counterparty_id, facility_name, facility_type, facility_status, committed_facility_amt, currency_code, origination_date, maturity_date, portfolio_id, industry_code, lob_segment_id, product_node_id, rate_index_id, ledger_account_id, product_id, region_code, interest_rate_type, interest_rate_reference, interest_rate_spread_bps, all_in_rate_pct, day_count_convention, amortization_type, revolving_flag, active_flag, facility_reference, payment_frequency, effective_start_date, effective_end_date, is_current_flag) VALUES (8401, 2338, 2878, 'Midwest — USD Term Loan 2026-B', 'TERM_LOAN', 'ACTIVE', 1883710232, 'USD', '2021-12-23', '2026-12-23', 5, 'HC', 185, 3, 4, 7, 5, 'AMER', 'FLOATING', 'SOFR', 290, 5.42, 'ACT/365', 'AMORTIZING', 'N', 'Y', 'FAC-2021-08401-B', 'QUARTERLY', '2024-01-01', NULL, 'Y');
INSERT INTO l1.facility_master (facility_id, credit_agreement_id, counterparty_id, facility_name, facility_type, facility_status, committed_facility_amt, currency_code, origination_date, maturity_date, portfolio_id, industry_code, lob_segment_id, product_node_id, rate_index_id, ledger_account_id, product_id, region_code, interest_rate_type, interest_rate_reference, interest_rate_spread_bps, all_in_rate_pct, day_count_convention, amortization_type, revolving_flag, active_flag, facility_reference, payment_frequency, effective_start_date, effective_end_date, is_current_flag) VALUES (8402, 2339, 2879, 'Southeast — USD Revolver 2030-A', 'REVOLVING_CREDIT', 'ACTIVE', 168614173, 'USD', '2024-05-21', '2030-05-21', 10, 'HC', 186, 3, 5, 8, 3, 'AMER', 'FLOATING', 'SOFR', 447, 7.9, 'ACT/360', 'BULLET', 'Y', 'Y', 'FAC-2024-08402-A', 'QUARTERLY', '2024-01-01', NULL, 'Y');
INSERT INTO l1.facility_master (facility_id, credit_agreement_id, counterparty_id, facility_name, facility_type, facility_status, committed_facility_amt, currency_code, origination_date, maturity_date, portfolio_id, industry_code, lob_segment_id, product_node_id, rate_index_id, ledger_account_id, product_id, region_code, interest_rate_type, interest_rate_reference, interest_rate_spread_bps, all_in_rate_pct, day_count_convention, amortization_type, revolving_flag, active_flag, facility_reference, payment_frequency, effective_start_date, effective_end_date, is_current_flag) VALUES (8403, 2339, 2879, 'Southeast — USD Term Loan 2030-B', 'TERM_LOAN', 'ACTIVE', 252921259, 'USD', '2024-05-21', '2030-05-21', 10, 'HC', 187, 5, 5, 3, 4, 'AMER', 'FIXED', 'SOFR', 447, 7.02, 'ACT/360', 'BULLET', 'N', 'Y', 'FAC-2024-08403-B', 'QUARTERLY', '2024-01-01', NULL, 'Y');
INSERT INTO l1.facility_master (facility_id, credit_agreement_id, counterparty_id, facility_name, facility_type, facility_status, committed_facility_amt, currency_code, origination_date, maturity_date, portfolio_id, industry_code, lob_segment_id, product_node_id, rate_index_id, ledger_account_id, product_id, region_code, interest_rate_type, interest_rate_reference, interest_rate_spread_bps, all_in_rate_pct, day_count_convention, amortization_type, revolving_flag, active_flag, facility_reference, payment_frequency, effective_start_date, effective_end_date, is_current_flag) VALUES (8404, 2340, 2880, 'Mountain — USD Revolver 2024-A', 'REVOLVING_CREDIT', 'ACTIVE', 180131216, 'USD', '2020-04-10', '2024-04-10', 3, 'HC', 188, 8, 2, 6, 5, 'AMER', 'FLOATING', 'SOFR', 265, 5.87, 'ACT/360', 'BULLET', 'Y', 'Y', 'FAC-2020-08404-A', 'QUARTERLY', '2024-01-01', NULL, 'Y');
INSERT INTO l1.facility_master (facility_id, credit_agreement_id, counterparty_id, facility_name, facility_type, facility_status, committed_facility_amt, currency_code, origination_date, maturity_date, portfolio_id, industry_code, lob_segment_id, product_node_id, rate_index_id, ledger_account_id, product_id, region_code, interest_rate_type, interest_rate_reference, interest_rate_spread_bps, all_in_rate_pct, day_count_convention, amortization_type, revolving_flag, active_flag, facility_reference, payment_frequency, effective_start_date, effective_end_date, is_current_flag) VALUES (8405, 2340, 2880, 'Mountain — USD Term Loan 2024-B', 'TERM_LOAN', 'ACTIVE', 270196824, 'USD', '2020-04-10', '2024-04-10', 3, 'HC', 189, 6, 3, 7, 4, 'AMER', 'FIXED', 'SOFR', 265, 6.43, 'ACT/365', 'BULLET', 'N', 'Y', 'FAC-2020-08405-B', 'QUARTERLY', '2024-01-01', NULL, 'Y');
INSERT INTO l1.facility_master (facility_id, credit_agreement_id, counterparty_id, facility_name, facility_type, facility_status, committed_facility_amt, currency_code, origination_date, maturity_date, portfolio_id, industry_code, lob_segment_id, product_node_id, rate_index_id, ledger_account_id, product_id, region_code, interest_rate_type, interest_rate_reference, interest_rate_spread_bps, all_in_rate_pct, day_count_convention, amortization_type, revolving_flag, active_flag, facility_reference, payment_frequency, effective_start_date, effective_end_date, is_current_flag) VALUES (8406, 2341, 2881, 'Coastal — USD Revolver 2030-A', 'REVOLVING_CREDIT', 'ACTIVE', 8474913, 'USD', '2024-10-24', '2030-10-24', 2, 'HC', 190, 10, 4, 7, 3, 'AMER', 'FLOATING', 'SOFR', 472, 8.24, 'ACT/365', 'BULLET', 'Y', 'Y', 'FAC-2024-08406-A', 'QUARTERLY', '2024-01-01', NULL, 'Y');
INSERT INTO l1.facility_master (facility_id, credit_agreement_id, counterparty_id, facility_name, facility_type, facility_status, committed_facility_amt, currency_code, origination_date, maturity_date, portfolio_id, industry_code, lob_segment_id, product_node_id, rate_index_id, ledger_account_id, product_id, region_code, interest_rate_type, interest_rate_reference, interest_rate_spread_bps, all_in_rate_pct, day_count_convention, amortization_type, revolving_flag, active_flag, facility_reference, payment_frequency, effective_start_date, effective_end_date, is_current_flag) VALUES (8407, 2341, 2881, 'Coastal — USD Term Loan 2030-B', 'TERM_LOAN', 'ACTIVE', 12712370, 'USD', '2024-10-24', '2030-10-24', 2, 'HC', 191, 7, 3, 4, 4, 'AMER', 'FLOATING', 'SOFR', 472, 7.55, 'ACT/365', 'AMORTIZING', 'N', 'Y', 'FAC-2024-08407-B', 'QUARTERLY', '2024-01-01', NULL, 'Y');

-- ────────────────────────────────────────
-- l1.facility_lender_allocation (8 rows)
-- ────────────────────────────────────────
INSERT INTO l1.facility_lender_allocation (lender_allocation_id, facility_id, legal_entity_id, allocation_role, bank_share_pct, is_current_flag, effective_start_date, effective_end_date) VALUES (100257, 8400, 4, 'LEAD_ARRANGER', 1, 'Y', '2021-12-23', NULL);
INSERT INTO l1.facility_lender_allocation (lender_allocation_id, facility_id, legal_entity_id, allocation_role, bank_share_pct, is_current_flag, effective_start_date, effective_end_date) VALUES (100258, 8401, 1, 'LEAD_ARRANGER', 1, 'Y', '2021-12-23', NULL);
INSERT INTO l1.facility_lender_allocation (lender_allocation_id, facility_id, legal_entity_id, allocation_role, bank_share_pct, is_current_flag, effective_start_date, effective_end_date) VALUES (100259, 8402, 1, 'LEAD_ARRANGER', 1, 'Y', '2024-05-21', NULL);
INSERT INTO l1.facility_lender_allocation (lender_allocation_id, facility_id, legal_entity_id, allocation_role, bank_share_pct, is_current_flag, effective_start_date, effective_end_date) VALUES (100260, 8403, 3, 'LEAD_ARRANGER', 1, 'Y', '2024-05-21', NULL);
INSERT INTO l1.facility_lender_allocation (lender_allocation_id, facility_id, legal_entity_id, allocation_role, bank_share_pct, is_current_flag, effective_start_date, effective_end_date) VALUES (100261, 8404, 1, 'LEAD_ARRANGER', 1, 'Y', '2020-04-10', NULL);
INSERT INTO l1.facility_lender_allocation (lender_allocation_id, facility_id, legal_entity_id, allocation_role, bank_share_pct, is_current_flag, effective_start_date, effective_end_date) VALUES (100262, 8405, 1, 'LEAD_ARRANGER', 1, 'Y', '2020-04-10', NULL);
INSERT INTO l1.facility_lender_allocation (lender_allocation_id, facility_id, legal_entity_id, allocation_role, bank_share_pct, is_current_flag, effective_start_date, effective_end_date) VALUES (100263, 8406, 1, 'LEAD_ARRANGER', 1, 'Y', '2024-10-24', NULL);
INSERT INTO l1.facility_lender_allocation (lender_allocation_id, facility_id, legal_entity_id, allocation_role, bank_share_pct, is_current_flag, effective_start_date, effective_end_date) VALUES (100264, 8407, 4, 'LEAD_ARRANGER', 1, 'Y', '2024-10-24', NULL);

-- ────────────────────────────────────────
-- l2.facility_exposure_snapshot (24 rows)
-- ────────────────────────────────────────
INSERT INTO l2.facility_exposure_snapshot (facility_exposure_id, facility_id, counterparty_id, as_of_date, exposure_type_id, drawn_amount, committed_amount, undrawn_amount, currency_code, limit_status_code) VALUES (200769, 8400, 2878, '2024-11-30', 1, 615345342, 1255806821, 640461479, 'USD', 'WITHIN_LIMIT');
INSERT INTO l2.facility_exposure_snapshot (facility_exposure_id, facility_id, counterparty_id, as_of_date, exposure_type_id, drawn_amount, committed_amount, undrawn_amount, currency_code, limit_status_code) VALUES (200770, 8400, 2878, '2024-12-31', 1, 590229206, 1255806821, 665577615, 'USD', 'WITHIN_LIMIT');
INSERT INTO l2.facility_exposure_snapshot (facility_exposure_id, facility_id, counterparty_id, as_of_date, exposure_type_id, drawn_amount, committed_amount, undrawn_amount, currency_code, limit_status_code) VALUES (200771, 8400, 2878, '2025-01-31', 1, 602787274, 1255806821, 653019547, 'USD', 'WITHIN_LIMIT');
INSERT INTO l2.facility_exposure_snapshot (facility_exposure_id, facility_id, counterparty_id, as_of_date, exposure_type_id, drawn_amount, committed_amount, undrawn_amount, currency_code, limit_status_code) VALUES (200772, 8401, 2878, '2024-11-30', 1, 923018014, 1883710232, 960692218, 'USD', 'WITHIN_LIMIT');
INSERT INTO l2.facility_exposure_snapshot (facility_exposure_id, facility_id, counterparty_id, as_of_date, exposure_type_id, drawn_amount, committed_amount, undrawn_amount, currency_code, limit_status_code) VALUES (200773, 8401, 2878, '2024-12-31', 1, 885343809, 1883710232, 998366423, 'USD', 'WITHIN_LIMIT');
INSERT INTO l2.facility_exposure_snapshot (facility_exposure_id, facility_id, counterparty_id, as_of_date, exposure_type_id, drawn_amount, committed_amount, undrawn_amount, currency_code, limit_status_code) VALUES (200774, 8401, 2878, '2025-01-31', 1, 904180911, 1883710232, 979529321, 'USD', 'WITHIN_LIMIT');
INSERT INTO l2.facility_exposure_snapshot (facility_exposure_id, facility_id, counterparty_id, as_of_date, exposure_type_id, drawn_amount, committed_amount, undrawn_amount, currency_code, limit_status_code) VALUES (200775, 8402, 2879, '2024-11-30', 1, 97796220, 168614173, 70817953, 'USD', 'WITHIN_LIMIT');
INSERT INTO l2.facility_exposure_snapshot (facility_exposure_id, facility_id, counterparty_id, as_of_date, exposure_type_id, drawn_amount, committed_amount, undrawn_amount, currency_code, limit_status_code) VALUES (200776, 8402, 2879, '2024-12-31', 1, 102854646, 168614173, 65759527, 'USD', 'WITHIN_LIMIT');
INSERT INTO l2.facility_exposure_snapshot (facility_exposure_id, facility_id, counterparty_id, as_of_date, exposure_type_id, drawn_amount, committed_amount, undrawn_amount, currency_code, limit_status_code) VALUES (200777, 8402, 2879, '2025-01-31', 1, 101168504, 168614173, 67445669, 'USD', 'WITHIN_LIMIT');
INSERT INTO l2.facility_exposure_snapshot (facility_exposure_id, facility_id, counterparty_id, as_of_date, exposure_type_id, drawn_amount, committed_amount, undrawn_amount, currency_code, limit_status_code) VALUES (200778, 8403, 2879, '2024-11-30', 1, 146694330, 252921259, 106226929, 'USD', 'WITHIN_LIMIT');
INSERT INTO l2.facility_exposure_snapshot (facility_exposure_id, facility_id, counterparty_id, as_of_date, exposure_type_id, drawn_amount, committed_amount, undrawn_amount, currency_code, limit_status_code) VALUES (200779, 8403, 2879, '2024-12-31', 1, 154281968, 252921259, 98639291, 'USD', 'WITHIN_LIMIT');
INSERT INTO l2.facility_exposure_snapshot (facility_exposure_id, facility_id, counterparty_id, as_of_date, exposure_type_id, drawn_amount, committed_amount, undrawn_amount, currency_code, limit_status_code) VALUES (200780, 8403, 2879, '2025-01-31', 1, 151752755, 252921259, 101168504, 'USD', 'WITHIN_LIMIT');
INSERT INTO l2.facility_exposure_snapshot (facility_exposure_id, facility_id, counterparty_id, as_of_date, exposure_type_id, drawn_amount, committed_amount, undrawn_amount, currency_code, limit_status_code) VALUES (200781, 8404, 2880, '2024-11-30', 1, 88264296, 180131216, 91866920, 'USD', 'WITHIN_LIMIT');
INSERT INTO l2.facility_exposure_snapshot (facility_exposure_id, facility_id, counterparty_id, as_of_date, exposure_type_id, drawn_amount, committed_amount, undrawn_amount, currency_code, limit_status_code) VALUES (200782, 8404, 2880, '2024-12-31', 1, 84661672, 180131216, 95469544, 'USD', 'WITHIN_LIMIT');
INSERT INTO l2.facility_exposure_snapshot (facility_exposure_id, facility_id, counterparty_id, as_of_date, exposure_type_id, drawn_amount, committed_amount, undrawn_amount, currency_code, limit_status_code) VALUES (200783, 8404, 2880, '2025-01-31', 1, 86462984, 180131216, 93668232, 'USD', 'WITHIN_LIMIT');
INSERT INTO l2.facility_exposure_snapshot (facility_exposure_id, facility_id, counterparty_id, as_of_date, exposure_type_id, drawn_amount, committed_amount, undrawn_amount, currency_code, limit_status_code) VALUES (200784, 8405, 2880, '2024-11-30', 1, 132396444, 270196824, 137800380, 'USD', 'WITHIN_LIMIT');
INSERT INTO l2.facility_exposure_snapshot (facility_exposure_id, facility_id, counterparty_id, as_of_date, exposure_type_id, drawn_amount, committed_amount, undrawn_amount, currency_code, limit_status_code) VALUES (200785, 8405, 2880, '2024-12-31', 1, 126992507, 270196824, 143204317, 'USD', 'WITHIN_LIMIT');
INSERT INTO l2.facility_exposure_snapshot (facility_exposure_id, facility_id, counterparty_id, as_of_date, exposure_type_id, drawn_amount, committed_amount, undrawn_amount, currency_code, limit_status_code) VALUES (200786, 8405, 2880, '2025-01-31', 1, 129694476, 270196824, 140502348, 'USD', 'WITHIN_LIMIT');
INSERT INTO l2.facility_exposure_snapshot (facility_exposure_id, facility_id, counterparty_id, as_of_date, exposure_type_id, drawn_amount, committed_amount, undrawn_amount, currency_code, limit_status_code) VALUES (200787, 8406, 2881, '2024-11-30', 1, 4915450, 8474913, 3559463, 'USD', 'WITHIN_LIMIT');
INSERT INTO l2.facility_exposure_snapshot (facility_exposure_id, facility_id, counterparty_id, as_of_date, exposure_type_id, drawn_amount, committed_amount, undrawn_amount, currency_code, limit_status_code) VALUES (200788, 8406, 2881, '2024-12-31', 1, 5169697, 8474913, 3305216, 'USD', 'WITHIN_LIMIT');
INSERT INTO l2.facility_exposure_snapshot (facility_exposure_id, facility_id, counterparty_id, as_of_date, exposure_type_id, drawn_amount, committed_amount, undrawn_amount, currency_code, limit_status_code) VALUES (200789, 8406, 2881, '2025-01-31', 1, 5084948, 8474913, 3389965, 'USD', 'WITHIN_LIMIT');
INSERT INTO l2.facility_exposure_snapshot (facility_exposure_id, facility_id, counterparty_id, as_of_date, exposure_type_id, drawn_amount, committed_amount, undrawn_amount, currency_code, limit_status_code) VALUES (200790, 8407, 2881, '2024-11-30', 1, 7373175, 12712370, 5339195, 'USD', 'WITHIN_LIMIT');
INSERT INTO l2.facility_exposure_snapshot (facility_exposure_id, facility_id, counterparty_id, as_of_date, exposure_type_id, drawn_amount, committed_amount, undrawn_amount, currency_code, limit_status_code) VALUES (200791, 8407, 2881, '2024-12-31', 1, 7754546, 12712370, 4957824, 'USD', 'WITHIN_LIMIT');
INSERT INTO l2.facility_exposure_snapshot (facility_exposure_id, facility_id, counterparty_id, as_of_date, exposure_type_id, drawn_amount, committed_amount, undrawn_amount, currency_code, limit_status_code) VALUES (200792, 8407, 2881, '2025-01-31', 1, 7627422, 12712370, 5084948, 'USD', 'WITHIN_LIMIT');

-- ────────────────────────────────────────
-- l2.risk_flag (12 rows)
-- ────────────────────────────────────────
INSERT INTO l2.risk_flag (risk_flag_id, facility_id, counterparty_id, flag_type, flag_code, flag_severity, as_of_date, flag_description) VALUES (8163, 8400, 2878, 'WATCH_LIST', 'DATA_QUALITY_LOW', 'HIGH', '2025-01-31', '4 healthcare counterparties below 70% data quality threshold');
INSERT INTO l2.risk_flag (risk_flag_id, facility_id, counterparty_id, flag_type, flag_code, flag_severity, as_of_date, flag_description) VALUES (8164, 8402, 2879, 'WATCH_LIST', 'DATA_QUALITY_LOW', 'HIGH', '2025-01-31', '4 healthcare counterparties below 70% data quality threshold');
INSERT INTO l2.risk_flag (risk_flag_id, facility_id, counterparty_id, flag_type, flag_code, flag_severity, as_of_date, flag_description) VALUES (8165, 8404, 2880, 'WATCH_LIST', 'DATA_QUALITY_LOW', 'HIGH', '2025-01-31', '4 healthcare counterparties below 70% data quality threshold');
INSERT INTO l2.risk_flag (risk_flag_id, facility_id, counterparty_id, flag_type, flag_code, flag_severity, as_of_date, flag_description) VALUES (8166, 8406, 2881, 'WATCH_LIST', 'DATA_QUALITY_LOW', 'HIGH', '2025-01-31', '4 healthcare counterparties below 70% data quality threshold');
INSERT INTO l2.risk_flag (risk_flag_id, facility_id, counterparty_id, flag_type, flag_code, flag_severity, as_of_date, flag_description) VALUES (8167, 8400, 2878, 'WATCH_LIST', 'STALE_FINANCIALS', 'HIGH', '2025-01-31', 'Financial statements older than 18 months for 3 borrowers');
INSERT INTO l2.risk_flag (risk_flag_id, facility_id, counterparty_id, flag_type, flag_code, flag_severity, as_of_date, flag_description) VALUES (8168, 8402, 2879, 'WATCH_LIST', 'STALE_FINANCIALS', 'HIGH', '2025-01-31', 'Financial statements older than 18 months for 3 borrowers');
INSERT INTO l2.risk_flag (risk_flag_id, facility_id, counterparty_id, flag_type, flag_code, flag_severity, as_of_date, flag_description) VALUES (8169, 8404, 2880, 'WATCH_LIST', 'STALE_FINANCIALS', 'HIGH', '2025-01-31', 'Financial statements older than 18 months for 3 borrowers');
INSERT INTO l2.risk_flag (risk_flag_id, facility_id, counterparty_id, flag_type, flag_code, flag_severity, as_of_date, flag_description) VALUES (8170, 8406, 2881, 'WATCH_LIST', 'STALE_FINANCIALS', 'HIGH', '2025-01-31', 'Financial statements older than 18 months for 3 borrowers');
INSERT INTO l2.risk_flag (risk_flag_id, facility_id, counterparty_id, flag_type, flag_code, flag_severity, as_of_date, flag_description) VALUES (8171, 8400, 2878, 'CONCENTRATION', 'MISSING_COLLATERAL_DOCS', 'MEDIUM', '2025-01-31', 'Collateral documentation incomplete for 6 of 8 facilities');
INSERT INTO l2.risk_flag (risk_flag_id, facility_id, counterparty_id, flag_type, flag_code, flag_severity, as_of_date, flag_description) VALUES (8172, 8402, 2879, 'CONCENTRATION', 'MISSING_COLLATERAL_DOCS', 'MEDIUM', '2025-01-31', 'Collateral documentation incomplete for 6 of 8 facilities');
INSERT INTO l2.risk_flag (risk_flag_id, facility_id, counterparty_id, flag_type, flag_code, flag_severity, as_of_date, flag_description) VALUES (8173, 8404, 2880, 'CONCENTRATION', 'MISSING_COLLATERAL_DOCS', 'MEDIUM', '2025-01-31', 'Collateral documentation incomplete for 6 of 8 facilities');
INSERT INTO l2.risk_flag (risk_flag_id, facility_id, counterparty_id, flag_type, flag_code, flag_severity, as_of_date, flag_description) VALUES (8174, 8406, 2881, 'CONCENTRATION', 'MISSING_COLLATERAL_DOCS', 'MEDIUM', '2025-01-31', 'Collateral documentation incomplete for 6 of 8 facilities');


-- ═════════════════════════════════════════════════════════════════
-- Scenario S48: Emerging Market FX Stress
-- Coordinated EM currency crisis — BRL/INR/MXN depreciation creates $780M stress losses across 6 borrowers
-- Generated: 2026-03-10T04:28:27.434Z
-- ═════════════════════════════════════════════════════════════════

SET search_path TO l1, l2, public;

-- ────────────────────────────────────────
-- l1.counterparty (6 rows)
-- ────────────────────────────────────────
INSERT INTO l1.counterparty (counterparty_id, legal_name, counterparty_type, country_code, entity_type_code, industry_id, basel_asset_class, basel_risk_grade, call_report_counterparty_type, external_rating_fitch, external_rating_moodys, external_rating_sp, fr2590_counterparty_type, internal_risk_rating, is_affiliated, is_central_counterparty, is_financial_institution, is_insider, is_multilateral_dev_bank, is_parent_flag, is_public_sector_entity, is_regulated_entity, is_sovereign, lei_code, lgd_unsecured, pd_annual, regulatory_counterparty_type, y14_obligor_type, effective_start_date, effective_end_date, is_current_flag) VALUES (2882, 'Rio Industrial Conglomerate SA', 'CORPORATE', 'BR', 'CORP', 5, 'CORPORATE', '5', 'C&I_FOREIGN', 'BBB-', 'Ba1', 'BBB-', 'NON_FINANCIAL', '5', 'N', 'N', 'N', 'N', 'N', 'Y', 'N', 'N', 'N', '529900Z0HAIEYAVVV4F1', 0.48, 0.0077, 'CORPORATE', 'LARGE_CORPORATE', '2020-01-01', NULL, 'Y');
INSERT INTO l1.counterparty (counterparty_id, legal_name, counterparty_type, country_code, entity_type_code, industry_id, basel_asset_class, basel_risk_grade, call_report_counterparty_type, external_rating_fitch, external_rating_moodys, external_rating_sp, fr2590_counterparty_type, internal_risk_rating, is_affiliated, is_central_counterparty, is_financial_institution, is_insider, is_multilateral_dev_bank, is_parent_flag, is_public_sector_entity, is_regulated_entity, is_sovereign, lei_code, lgd_unsecured, pd_annual, regulatory_counterparty_type, y14_obligor_type, effective_start_date, effective_end_date, is_current_flag) VALUES (2883, 'Mumbai Infrastructure Holdings Ltd.', 'CORPORATE', 'IN', 'CORP', 8, 'CORPORATE', '7', 'C&I_FOREIGN', 'BB-', 'Ba2', 'BB-', 'NON_FINANCIAL', '7', 'N', 'N', 'N', 'N', 'N', 'N', 'N', 'N', 'N', '5299006RZ5OXYXBYYVEC', 0.55, 0.0272, 'CORPORATE', 'LARGE_CORPORATE', '2020-01-01', NULL, 'Y');
INSERT INTO l1.counterparty (counterparty_id, legal_name, counterparty_type, country_code, entity_type_code, industry_id, basel_asset_class, basel_risk_grade, call_report_counterparty_type, external_rating_fitch, external_rating_moodys, external_rating_sp, fr2590_counterparty_type, internal_risk_rating, is_affiliated, is_central_counterparty, is_financial_institution, is_insider, is_multilateral_dev_bank, is_parent_flag, is_public_sector_entity, is_regulated_entity, is_sovereign, lei_code, lgd_unsecured, pd_annual, regulatory_counterparty_type, y14_obligor_type, effective_start_date, effective_end_date, is_current_flag) VALUES (2884, 'Guadalajara Textiles SA de CV', 'CORPORATE', 'MX', 'CORP', 5, 'CORPORATE', '6', 'C&I_FOREIGN', 'BB', 'Ba3', 'BB', 'NON_FINANCIAL', '7', 'N', 'N', 'N', 'N', 'N', 'N', 'N', 'N', 'N', '5299007O78KUQ0QZFC3C', 0.55, 0.0275, 'CORPORATE', 'LARGE_CORPORATE', '2020-01-01', NULL, 'Y');
INSERT INTO l1.counterparty (counterparty_id, legal_name, counterparty_type, country_code, entity_type_code, industry_id, basel_asset_class, basel_risk_grade, call_report_counterparty_type, external_rating_fitch, external_rating_moodys, external_rating_sp, fr2590_counterparty_type, internal_risk_rating, is_affiliated, is_central_counterparty, is_financial_institution, is_insider, is_multilateral_dev_bank, is_parent_flag, is_public_sector_entity, is_regulated_entity, is_sovereign, lei_code, lgd_unsecured, pd_annual, regulatory_counterparty_type, y14_obligor_type, effective_start_date, effective_end_date, is_current_flag) VALUES (2885, 'São Paulo Telecom Holdings SA', 'CORPORATE', 'BR', 'CORP', 8, 'CORPORATE', '6', 'C&I_FOREIGN', 'BB+', 'Ba1', 'BBB-', 'NON_FINANCIAL', '6', 'N', 'N', 'N', 'N', 'N', 'N', 'N', 'N', 'N', '529900UAADQ2PKWMR3IU', 0.48, 0.01, 'CORPORATE', 'LARGE_CORPORATE', '2020-01-01', NULL, 'Y');
INSERT INTO l1.counterparty (counterparty_id, legal_name, counterparty_type, country_code, entity_type_code, industry_id, basel_asset_class, basel_risk_grade, call_report_counterparty_type, external_rating_fitch, external_rating_moodys, external_rating_sp, fr2590_counterparty_type, internal_risk_rating, is_affiliated, is_central_counterparty, is_financial_institution, is_insider, is_multilateral_dev_bank, is_parent_flag, is_public_sector_entity, is_regulated_entity, is_sovereign, lei_code, lgd_unsecured, pd_annual, regulatory_counterparty_type, y14_obligor_type, effective_start_date, effective_end_date, is_current_flag) VALUES (2886, 'Pune Pharmaceutical Ltd.', 'BANK', 'IN', 'BANK', 3, 'BANK', '4', 'DEPOSITORY', 'BBB', 'Baa1', 'BBB', 'FINANCIAL', '4', 'N', 'N', 'Y', 'N', 'N', 'N', 'N', 'Y', 'N', '5299001O56YBEP45JURI', 0.45, 0.0046, 'BANK', 'MIDDLE_MARKET', '2020-01-01', NULL, 'Y');
INSERT INTO l1.counterparty (counterparty_id, legal_name, counterparty_type, country_code, entity_type_code, industry_id, basel_asset_class, basel_risk_grade, call_report_counterparty_type, external_rating_fitch, external_rating_moodys, external_rating_sp, fr2590_counterparty_type, internal_risk_rating, is_affiliated, is_central_counterparty, is_financial_institution, is_insider, is_multilateral_dev_bank, is_parent_flag, is_public_sector_entity, is_regulated_entity, is_sovereign, lei_code, lgd_unsecured, pd_annual, regulatory_counterparty_type, y14_obligor_type, effective_start_date, effective_end_date, is_current_flag) VALUES (2887, 'Monterrey Steel Works SA de CV', 'CORPORATE', 'MX', 'CORP', 5, 'CORPORATE', '5', 'C&I_FOREIGN', 'BB+', 'Baa3', 'BB+', 'NON_FINANCIAL', '5', 'N', 'N', 'N', 'N', 'N', 'Y', 'N', 'N', 'N', '529900N8ZPAE7NQXUZGF', 0.48, 0.0075, 'CORPORATE', 'MIDDLE_MARKET', '2020-01-01', NULL, 'Y');

-- ────────────────────────────────────────
-- l1.credit_agreement_master (6 rows)
-- ────────────────────────────────────────
INSERT INTO l1.credit_agreement_master (credit_agreement_id, borrower_counterparty_id, lender_legal_entity_id, agreement_type, status_code, agreement_reference, currency_code, origination_date, maturity_date, effective_start_date, effective_end_date, is_current_flag) VALUES (2342, 2882, 11, 'SYNDICATED', 'ACTIVE', 'CA-2024-02342-BRL', 'BRL', '2024-09-01', '2029-09-01', '2024-01-01', NULL, 'Y');
INSERT INTO l1.credit_agreement_master (credit_agreement_id, borrower_counterparty_id, lender_legal_entity_id, agreement_type, status_code, agreement_reference, currency_code, origination_date, maturity_date, effective_start_date, effective_end_date, is_current_flag) VALUES (2343, 2883, 11, 'SYNDICATED', 'ACTIVE', 'CA-2020-02343-INR', 'INR', '2020-11-02', '2025-11-02', '2024-01-01', NULL, 'Y');
INSERT INTO l1.credit_agreement_master (credit_agreement_id, borrower_counterparty_id, lender_legal_entity_id, agreement_type, status_code, agreement_reference, currency_code, origination_date, maturity_date, effective_start_date, effective_end_date, is_current_flag) VALUES (2344, 2884, 8, 'SYNDICATED', 'ACTIVE', 'CA-2023-02344-MXN', 'MXN', '2023-07-21', '2027-07-21', '2024-01-01', NULL, 'Y');
INSERT INTO l1.credit_agreement_master (credit_agreement_id, borrower_counterparty_id, lender_legal_entity_id, agreement_type, status_code, agreement_reference, currency_code, origination_date, maturity_date, effective_start_date, effective_end_date, is_current_flag) VALUES (2345, 2885, 7, 'SYNDICATED', 'ACTIVE', 'CA-2020-02345-BRL', 'BRL', '2020-06-20', '2024-06-20', '2024-01-01', NULL, 'Y');
INSERT INTO l1.credit_agreement_master (credit_agreement_id, borrower_counterparty_id, lender_legal_entity_id, agreement_type, status_code, agreement_reference, currency_code, origination_date, maturity_date, effective_start_date, effective_end_date, is_current_flag) VALUES (2346, 2886, 9, 'SYNDICATED', 'ACTIVE', 'CA-2024-02346-INR', 'INR', '2024-11-11', '2030-11-11', '2024-01-01', NULL, 'Y');
INSERT INTO l1.credit_agreement_master (credit_agreement_id, borrower_counterparty_id, lender_legal_entity_id, agreement_type, status_code, agreement_reference, currency_code, origination_date, maturity_date, effective_start_date, effective_end_date, is_current_flag) VALUES (2347, 2887, 7, 'BILATERAL', 'ACTIVE', 'CA-2024-02347-MXN', 'MXN', '2024-01-23', '2029-01-23', '2024-01-01', NULL, 'Y');

-- ────────────────────────────────────────
-- l1.facility_master (12 rows)
-- ────────────────────────────────────────
INSERT INTO l1.facility_master (facility_id, credit_agreement_id, counterparty_id, facility_name, facility_type, facility_status, committed_facility_amt, currency_code, origination_date, maturity_date, portfolio_id, industry_code, lob_segment_id, product_node_id, rate_index_id, ledger_account_id, product_id, region_code, interest_rate_type, interest_rate_reference, interest_rate_spread_bps, all_in_rate_pct, day_count_convention, amortization_type, revolving_flag, active_flag, facility_reference, payment_frequency, effective_start_date, effective_end_date, is_current_flag) VALUES (8408, 2342, 2882, 'Rio — BRL Revolver 2024-A', 'REVOLVING_CREDIT', 'ACTIVE', 1384698026, 'BRL', '2020-06-26', '2024-06-26', 10, 'IND', 192, 8, 1, 2, 3, 'AMER', 'FLOATING', 'SOFR', 454, 8.05, 'ACT/365', 'BULLET', 'Y', 'Y', 'FAC-2020-08408-A', 'QUARTERLY', '2024-01-01', NULL, 'Y');
INSERT INTO l1.facility_master (facility_id, credit_agreement_id, counterparty_id, facility_name, facility_type, facility_status, committed_facility_amt, currency_code, origination_date, maturity_date, portfolio_id, industry_code, lob_segment_id, product_node_id, rate_index_id, ledger_account_id, product_id, region_code, interest_rate_type, interest_rate_reference, interest_rate_spread_bps, all_in_rate_pct, day_count_convention, amortization_type, revolving_flag, active_flag, facility_reference, payment_frequency, effective_start_date, effective_end_date, is_current_flag) VALUES (8409, 2342, 2882, 'Rio — BRL Term Loan 2024-B', 'TERM_LOAN', 'ACTIVE', 2077047038, 'BRL', '2020-06-26', '2024-06-26', 9, 'IND', 193, 6, 5, 7, 5, 'AMER', 'FLOATING', 'SOFR', 454, 8.45, 'ACT/365', 'BULLET', 'N', 'Y', 'FAC-2020-08409-B', 'MONTHLY', '2024-01-01', NULL, 'Y');
INSERT INTO l1.facility_master (facility_id, credit_agreement_id, counterparty_id, facility_name, facility_type, facility_status, committed_facility_amt, currency_code, origination_date, maturity_date, portfolio_id, industry_code, lob_segment_id, product_node_id, rate_index_id, ledger_account_id, product_id, region_code, interest_rate_type, interest_rate_reference, interest_rate_spread_bps, all_in_rate_pct, day_count_convention, amortization_type, revolving_flag, active_flag, facility_reference, payment_frequency, effective_start_date, effective_end_date, is_current_flag) VALUES (8410, 2343, 2883, 'Mumbai — INR Revolver 2026-A', 'REVOLVING_CREDIT', 'ACTIVE', 146300956, 'INR', '2021-09-05', '2026-09-05', 9, 'UTL', 194, 1, 4, 3, 3, 'APAC', 'FLOATING', 'SOFR', 983, 13.8, 'ACT/365', 'BULLET', 'Y', 'Y', 'FAC-2021-08410-A', 'QUARTERLY', '2024-01-01', NULL, 'Y');
INSERT INTO l1.facility_master (facility_id, credit_agreement_id, counterparty_id, facility_name, facility_type, facility_status, committed_facility_amt, currency_code, origination_date, maturity_date, portfolio_id, industry_code, lob_segment_id, product_node_id, rate_index_id, ledger_account_id, product_id, region_code, interest_rate_type, interest_rate_reference, interest_rate_spread_bps, all_in_rate_pct, day_count_convention, amortization_type, revolving_flag, active_flag, facility_reference, payment_frequency, effective_start_date, effective_end_date, is_current_flag) VALUES (8411, 2343, 2883, 'Mumbai — INR Term Loan 2026-B', 'TERM_LOAN', 'ACTIVE', 219451433, 'INR', '2021-09-05', '2026-09-05', 9, 'UTL', 195, 7, 1, 4, 4, 'APAC', 'FIXED', 'SOFR', 983, 12.36, 'ACT/360', 'AMORTIZING', 'N', 'Y', 'FAC-2021-08411-B', 'QUARTERLY', '2024-01-01', NULL, 'Y');
INSERT INTO l1.facility_master (facility_id, credit_agreement_id, counterparty_id, facility_name, facility_type, facility_status, committed_facility_amt, currency_code, origination_date, maturity_date, portfolio_id, industry_code, lob_segment_id, product_node_id, rate_index_id, ledger_account_id, product_id, region_code, interest_rate_type, interest_rate_reference, interest_rate_spread_bps, all_in_rate_pct, day_count_convention, amortization_type, revolving_flag, active_flag, facility_reference, payment_frequency, effective_start_date, effective_end_date, is_current_flag) VALUES (8412, 2344, 2884, 'Guadalajara — MXN Revolver 2029-A', 'REVOLVING_CREDIT', 'ACTIVE', 130860306, 'MXN', '2024-11-24', '2029-11-24', 10, 'IND', 196, 7, 5, 3, 4, 'AMER', 'FLOATING', 'SOFR', 1027, 13.88, 'ACT/365', 'BULLET', 'Y', 'Y', 'FAC-2024-08412-A', 'QUARTERLY', '2024-01-01', NULL, 'Y');
INSERT INTO l1.facility_master (facility_id, credit_agreement_id, counterparty_id, facility_name, facility_type, facility_status, committed_facility_amt, currency_code, origination_date, maturity_date, portfolio_id, industry_code, lob_segment_id, product_node_id, rate_index_id, ledger_account_id, product_id, region_code, interest_rate_type, interest_rate_reference, interest_rate_spread_bps, all_in_rate_pct, day_count_convention, amortization_type, revolving_flag, active_flag, facility_reference, payment_frequency, effective_start_date, effective_end_date, is_current_flag) VALUES (8413, 2344, 2884, 'Guadalajara — MXN Term Loan 2029-B', 'TERM_LOAN', 'ACTIVE', 196290460, 'MXN', '2024-11-24', '2029-11-24', 10, 'IND', 197, 4, 3, 5, 3, 'AMER', 'FLOATING', 'SOFR', 1027, 12.87, 'ACT/360', 'BULLET', 'N', 'Y', 'FAC-2024-08413-B', 'QUARTERLY', '2024-01-01', NULL, 'Y');
INSERT INTO l1.facility_master (facility_id, credit_agreement_id, counterparty_id, facility_name, facility_type, facility_status, committed_facility_amt, currency_code, origination_date, maturity_date, portfolio_id, industry_code, lob_segment_id, product_node_id, rate_index_id, ledger_account_id, product_id, region_code, interest_rate_type, interest_rate_reference, interest_rate_spread_bps, all_in_rate_pct, day_count_convention, amortization_type, revolving_flag, active_flag, facility_reference, payment_frequency, effective_start_date, effective_end_date, is_current_flag) VALUES (8414, 2345, 2885, 'São — BRL Revolver 2028-A', 'REVOLVING_CREDIT', 'ACTIVE', 179982689, 'BRL', '2024-02-18', '2028-02-18', 2, 'UTL', 198, 7, 2, 2, 3, 'AMER', 'FLOATING', 'SOFR', 452, 7.87, 'ACT/360', 'BULLET', 'Y', 'Y', 'FAC-2024-08414-A', 'QUARTERLY', '2024-01-01', NULL, 'Y');
INSERT INTO l1.facility_master (facility_id, credit_agreement_id, counterparty_id, facility_name, facility_type, facility_status, committed_facility_amt, currency_code, origination_date, maturity_date, portfolio_id, industry_code, lob_segment_id, product_node_id, rate_index_id, ledger_account_id, product_id, region_code, interest_rate_type, interest_rate_reference, interest_rate_spread_bps, all_in_rate_pct, day_count_convention, amortization_type, revolving_flag, active_flag, facility_reference, payment_frequency, effective_start_date, effective_end_date, is_current_flag) VALUES (8415, 2345, 2885, 'São — BRL Term Loan 2028-B', 'TERM_LOAN', 'ACTIVE', 269974034, 'BRL', '2024-02-18', '2028-02-18', 10, 'UTL', 199, 5, 5, 7, 5, 'AMER', 'FIXED', 'SOFR', 452, 7.08, 'ACT/365', 'BULLET', 'N', 'Y', 'FAC-2024-08415-B', 'QUARTERLY', '2024-01-01', NULL, 'Y');
INSERT INTO l1.facility_master (facility_id, credit_agreement_id, counterparty_id, facility_name, facility_type, facility_status, committed_facility_amt, currency_code, origination_date, maturity_date, portfolio_id, industry_code, lob_segment_id, product_node_id, rate_index_id, ledger_account_id, product_id, region_code, interest_rate_type, interest_rate_reference, interest_rate_spread_bps, all_in_rate_pct, day_count_convention, amortization_type, revolving_flag, active_flag, facility_reference, payment_frequency, effective_start_date, effective_end_date, is_current_flag) VALUES (8416, 2346, 2886, 'Pune — INR Revolver 2029-A', 'REVOLVING_CREDIT', 'ACTIVE', 8541563, 'INR', '2024-04-02', '2029-04-02', 1, 'HC', 200, 2, 5, 2, 2, 'APAC', 'FLOATING', 'SOFR', 286, 6.26, 'ACT/360', 'BULLET', 'Y', 'Y', 'FAC-2024-08416-A', 'QUARTERLY', '2024-01-01', NULL, 'Y');
INSERT INTO l1.facility_master (facility_id, credit_agreement_id, counterparty_id, facility_name, facility_type, facility_status, committed_facility_amt, currency_code, origination_date, maturity_date, portfolio_id, industry_code, lob_segment_id, product_node_id, rate_index_id, ledger_account_id, product_id, region_code, interest_rate_type, interest_rate_reference, interest_rate_spread_bps, all_in_rate_pct, day_count_convention, amortization_type, revolving_flag, active_flag, facility_reference, payment_frequency, effective_start_date, effective_end_date, is_current_flag) VALUES (8417, 2346, 2886, 'Pune — INR Term Loan 2029-B', 'TERM_LOAN', 'ACTIVE', 12812345, 'INR', '2024-04-02', '2029-04-02', 5, 'HC', 201, 5, 3, 5, 4, 'APAC', 'FIXED', 'SOFR', 286, 6.51, 'ACT/360', 'BULLET', 'N', 'Y', 'FAC-2024-08417-B', 'QUARTERLY', '2024-01-01', NULL, 'Y');
INSERT INTO l1.facility_master (facility_id, credit_agreement_id, counterparty_id, facility_name, facility_type, facility_status, committed_facility_amt, currency_code, origination_date, maturity_date, portfolio_id, industry_code, lob_segment_id, product_node_id, rate_index_id, ledger_account_id, product_id, region_code, interest_rate_type, interest_rate_reference, interest_rate_spread_bps, all_in_rate_pct, day_count_convention, amortization_type, revolving_flag, active_flag, facility_reference, payment_frequency, effective_start_date, effective_end_date, is_current_flag) VALUES (8418, 2347, 2887, 'Monterrey — MXN Revolver 2028-A', 'REVOLVING_CREDIT', 'ACTIVE', 18662569, 'MXN', '2024-12-03', '2028-12-03', 2, 'IND', 202, 6, 4, 7, 5, 'AMER', 'FLOATING', 'SOFR', 456, 8.55, 'ACT/360', 'BULLET', 'Y', 'Y', 'FAC-2024-08418-A', 'QUARTERLY', '2024-01-01', NULL, 'Y');
INSERT INTO l1.facility_master (facility_id, credit_agreement_id, counterparty_id, facility_name, facility_type, facility_status, committed_facility_amt, currency_code, origination_date, maturity_date, portfolio_id, industry_code, lob_segment_id, product_node_id, rate_index_id, ledger_account_id, product_id, region_code, interest_rate_type, interest_rate_reference, interest_rate_spread_bps, all_in_rate_pct, day_count_convention, amortization_type, revolving_flag, active_flag, facility_reference, payment_frequency, effective_start_date, effective_end_date, is_current_flag) VALUES (8419, 2347, 2887, 'Monterrey — MXN Term Loan 2028-B', 'TERM_LOAN', 'ACTIVE', 27993853, 'MXN', '2024-12-03', '2028-12-03', 10, 'IND', 203, 6, 3, 7, 2, 'AMER', 'FIXED', 'SOFR', 456, 7.67, 'ACT/360', 'AMORTIZING', 'N', 'Y', 'FAC-2024-08419-B', 'QUARTERLY', '2024-01-01', NULL, 'Y');

-- ────────────────────────────────────────
-- l1.facility_lender_allocation (12 rows)
-- ────────────────────────────────────────
INSERT INTO l1.facility_lender_allocation (lender_allocation_id, facility_id, legal_entity_id, allocation_role, bank_share_pct, is_current_flag, effective_start_date, effective_end_date) VALUES (100265, 8408, 2, 'LEAD_ARRANGER', 1, 'Y', '2020-06-26', NULL);
INSERT INTO l1.facility_lender_allocation (lender_allocation_id, facility_id, legal_entity_id, allocation_role, bank_share_pct, is_current_flag, effective_start_date, effective_end_date) VALUES (100266, 8409, 1, 'LEAD_ARRANGER', 1, 'Y', '2020-06-26', NULL);
INSERT INTO l1.facility_lender_allocation (lender_allocation_id, facility_id, legal_entity_id, allocation_role, bank_share_pct, is_current_flag, effective_start_date, effective_end_date) VALUES (100267, 8410, 3, 'LEAD_ARRANGER', 1, 'Y', '2021-09-05', NULL);
INSERT INTO l1.facility_lender_allocation (lender_allocation_id, facility_id, legal_entity_id, allocation_role, bank_share_pct, is_current_flag, effective_start_date, effective_end_date) VALUES (100268, 8411, 4, 'LEAD_ARRANGER', 1, 'Y', '2021-09-05', NULL);
INSERT INTO l1.facility_lender_allocation (lender_allocation_id, facility_id, legal_entity_id, allocation_role, bank_share_pct, is_current_flag, effective_start_date, effective_end_date) VALUES (100269, 8412, 3, 'LEAD_ARRANGER', 1, 'Y', '2024-11-24', NULL);
INSERT INTO l1.facility_lender_allocation (lender_allocation_id, facility_id, legal_entity_id, allocation_role, bank_share_pct, is_current_flag, effective_start_date, effective_end_date) VALUES (100270, 8413, 5, 'LEAD_ARRANGER', 1, 'Y', '2024-11-24', NULL);
INSERT INTO l1.facility_lender_allocation (lender_allocation_id, facility_id, legal_entity_id, allocation_role, bank_share_pct, is_current_flag, effective_start_date, effective_end_date) VALUES (100271, 8414, 2, 'LEAD_ARRANGER', 1, 'Y', '2024-02-18', NULL);
INSERT INTO l1.facility_lender_allocation (lender_allocation_id, facility_id, legal_entity_id, allocation_role, bank_share_pct, is_current_flag, effective_start_date, effective_end_date) VALUES (100272, 8415, 1, 'LEAD_ARRANGER', 1, 'Y', '2024-02-18', NULL);
INSERT INTO l1.facility_lender_allocation (lender_allocation_id, facility_id, legal_entity_id, allocation_role, bank_share_pct, is_current_flag, effective_start_date, effective_end_date) VALUES (100273, 8416, 2, 'LEAD_ARRANGER', 1, 'Y', '2024-04-02', NULL);
INSERT INTO l1.facility_lender_allocation (lender_allocation_id, facility_id, legal_entity_id, allocation_role, bank_share_pct, is_current_flag, effective_start_date, effective_end_date) VALUES (100274, 8417, 5, 'LEAD_ARRANGER', 1, 'Y', '2024-04-02', NULL);
INSERT INTO l1.facility_lender_allocation (lender_allocation_id, facility_id, legal_entity_id, allocation_role, bank_share_pct, is_current_flag, effective_start_date, effective_end_date) VALUES (100275, 8418, 1, 'LEAD_ARRANGER', 1, 'Y', '2024-12-03', NULL);
INSERT INTO l1.facility_lender_allocation (lender_allocation_id, facility_id, legal_entity_id, allocation_role, bank_share_pct, is_current_flag, effective_start_date, effective_end_date) VALUES (100276, 8419, 1, 'LEAD_ARRANGER', 1, 'Y', '2024-12-03', NULL);

-- ────────────────────────────────────────
-- l2.facility_exposure_snapshot (36 rows)
-- ────────────────────────────────────────
INSERT INTO l2.facility_exposure_snapshot (facility_exposure_id, facility_id, counterparty_id, as_of_date, exposure_type_id, drawn_amount, committed_amount, undrawn_amount, currency_code, limit_status_code) VALUES (200793, 8408, 2882, '2024-11-30', 1, 1080064460, 1384698026, 304633566, 'BRL', 'WITHIN_LIMIT');
INSERT INTO l2.facility_exposure_snapshot (facility_exposure_id, facility_id, counterparty_id, as_of_date, exposure_type_id, drawn_amount, committed_amount, undrawn_amount, currency_code, limit_status_code) VALUES (200794, 8408, 2882, '2024-12-31', 1, 969288618, 1384698026, 415409408, 'BRL', 'WITHIN_LIMIT');
INSERT INTO l2.facility_exposure_snapshot (facility_exposure_id, facility_id, counterparty_id, as_of_date, exposure_type_id, drawn_amount, committed_amount, undrawn_amount, currency_code, limit_status_code) VALUES (200795, 8408, 2882, '2025-01-31', 1, 858512776, 1384698026, 526185250, 'BRL', 'WITHIN_LIMIT');
INSERT INTO l2.facility_exposure_snapshot (facility_exposure_id, facility_id, counterparty_id, as_of_date, exposure_type_id, drawn_amount, committed_amount, undrawn_amount, currency_code, limit_status_code) VALUES (200796, 8409, 2882, '2024-11-30', 1, 1620096690, 2077047038, 456950348, 'BRL', 'WITHIN_LIMIT');
INSERT INTO l2.facility_exposure_snapshot (facility_exposure_id, facility_id, counterparty_id, as_of_date, exposure_type_id, drawn_amount, committed_amount, undrawn_amount, currency_code, limit_status_code) VALUES (200797, 8409, 2882, '2024-12-31', 1, 1453932927, 2077047038, 623114111, 'BRL', 'WITHIN_LIMIT');
INSERT INTO l2.facility_exposure_snapshot (facility_exposure_id, facility_id, counterparty_id, as_of_date, exposure_type_id, drawn_amount, committed_amount, undrawn_amount, currency_code, limit_status_code) VALUES (200798, 8409, 2882, '2025-01-31', 1, 1287769164, 2077047038, 789277874, 'BRL', 'WITHIN_LIMIT');
INSERT INTO l2.facility_exposure_snapshot (facility_exposure_id, facility_id, counterparty_id, as_of_date, exposure_type_id, drawn_amount, committed_amount, undrawn_amount, currency_code, limit_status_code) VALUES (200799, 8410, 2883, '2024-11-30', 1, 114114746, 146300956, 32186210, 'INR', 'WITHIN_LIMIT');
INSERT INTO l2.facility_exposure_snapshot (facility_exposure_id, facility_id, counterparty_id, as_of_date, exposure_type_id, drawn_amount, committed_amount, undrawn_amount, currency_code, limit_status_code) VALUES (200800, 8410, 2883, '2024-12-31', 1, 102410669, 146300956, 43890287, 'INR', 'WITHIN_LIMIT');
INSERT INTO l2.facility_exposure_snapshot (facility_exposure_id, facility_id, counterparty_id, as_of_date, exposure_type_id, drawn_amount, committed_amount, undrawn_amount, currency_code, limit_status_code) VALUES (200801, 8410, 2883, '2025-01-31', 1, 90706593, 146300956, 55594363, 'INR', 'WITHIN_LIMIT');
INSERT INTO l2.facility_exposure_snapshot (facility_exposure_id, facility_id, counterparty_id, as_of_date, exposure_type_id, drawn_amount, committed_amount, undrawn_amount, currency_code, limit_status_code) VALUES (200802, 8411, 2883, '2024-11-30', 1, 171172118, 219451433, 48279315, 'INR', 'WITHIN_LIMIT');
INSERT INTO l2.facility_exposure_snapshot (facility_exposure_id, facility_id, counterparty_id, as_of_date, exposure_type_id, drawn_amount, committed_amount, undrawn_amount, currency_code, limit_status_code) VALUES (200803, 8411, 2883, '2024-12-31', 1, 153616003, 219451433, 65835430, 'INR', 'WITHIN_LIMIT');
INSERT INTO l2.facility_exposure_snapshot (facility_exposure_id, facility_id, counterparty_id, as_of_date, exposure_type_id, drawn_amount, committed_amount, undrawn_amount, currency_code, limit_status_code) VALUES (200804, 8411, 2883, '2025-01-31', 1, 136059888, 219451433, 83391545, 'INR', 'WITHIN_LIMIT');
INSERT INTO l2.facility_exposure_snapshot (facility_exposure_id, facility_id, counterparty_id, as_of_date, exposure_type_id, drawn_amount, committed_amount, undrawn_amount, currency_code, limit_status_code) VALUES (200805, 8412, 2884, '2024-11-30', 1, 104688245, 130860306, 26172061, 'MXN', 'WITHIN_LIMIT');
INSERT INTO l2.facility_exposure_snapshot (facility_exposure_id, facility_id, counterparty_id, as_of_date, exposure_type_id, drawn_amount, committed_amount, undrawn_amount, currency_code, limit_status_code) VALUES (200806, 8412, 2884, '2024-12-31', 1, 111231260, 130860306, 19629046, 'MXN', 'WITHIN_LIMIT');
INSERT INTO l2.facility_exposure_snapshot (facility_exposure_id, facility_id, counterparty_id, as_of_date, exposure_type_id, drawn_amount, committed_amount, undrawn_amount, currency_code, limit_status_code) VALUES (200807, 8412, 2884, '2025-01-31', 1, 107305451, 130860306, 23554855, 'MXN', 'WITHIN_LIMIT');
INSERT INTO l2.facility_exposure_snapshot (facility_exposure_id, facility_id, counterparty_id, as_of_date, exposure_type_id, drawn_amount, committed_amount, undrawn_amount, currency_code, limit_status_code) VALUES (200808, 8413, 2884, '2024-11-30', 1, 157032368, 196290460, 39258092, 'MXN', 'WITHIN_LIMIT');
INSERT INTO l2.facility_exposure_snapshot (facility_exposure_id, facility_id, counterparty_id, as_of_date, exposure_type_id, drawn_amount, committed_amount, undrawn_amount, currency_code, limit_status_code) VALUES (200809, 8413, 2884, '2024-12-31', 1, 166846891, 196290460, 29443569, 'MXN', 'WITHIN_LIMIT');
INSERT INTO l2.facility_exposure_snapshot (facility_exposure_id, facility_id, counterparty_id, as_of_date, exposure_type_id, drawn_amount, committed_amount, undrawn_amount, currency_code, limit_status_code) VALUES (200810, 8413, 2884, '2025-01-31', 1, 160958177, 196290460, 35332283, 'MXN', 'WITHIN_LIMIT');
INSERT INTO l2.facility_exposure_snapshot (facility_exposure_id, facility_id, counterparty_id, as_of_date, exposure_type_id, drawn_amount, committed_amount, undrawn_amount, currency_code, limit_status_code) VALUES (200811, 8414, 2885, '2024-11-30', 1, 140386497, 179982689, 39596192, 'BRL', 'WITHIN_LIMIT');
INSERT INTO l2.facility_exposure_snapshot (facility_exposure_id, facility_id, counterparty_id, as_of_date, exposure_type_id, drawn_amount, committed_amount, undrawn_amount, currency_code, limit_status_code) VALUES (200812, 8414, 2885, '2024-12-31', 1, 125987882, 179982689, 53994807, 'BRL', 'WITHIN_LIMIT');
INSERT INTO l2.facility_exposure_snapshot (facility_exposure_id, facility_id, counterparty_id, as_of_date, exposure_type_id, drawn_amount, committed_amount, undrawn_amount, currency_code, limit_status_code) VALUES (200813, 8414, 2885, '2025-01-31', 1, 111589267, 179982689, 68393422, 'BRL', 'WITHIN_LIMIT');
INSERT INTO l2.facility_exposure_snapshot (facility_exposure_id, facility_id, counterparty_id, as_of_date, exposure_type_id, drawn_amount, committed_amount, undrawn_amount, currency_code, limit_status_code) VALUES (200814, 8415, 2885, '2024-11-30', 1, 210579747, 269974034, 59394287, 'BRL', 'WITHIN_LIMIT');
INSERT INTO l2.facility_exposure_snapshot (facility_exposure_id, facility_id, counterparty_id, as_of_date, exposure_type_id, drawn_amount, committed_amount, undrawn_amount, currency_code, limit_status_code) VALUES (200815, 8415, 2885, '2024-12-31', 1, 188981824, 269974034, 80992210, 'BRL', 'WITHIN_LIMIT');
INSERT INTO l2.facility_exposure_snapshot (facility_exposure_id, facility_id, counterparty_id, as_of_date, exposure_type_id, drawn_amount, committed_amount, undrawn_amount, currency_code, limit_status_code) VALUES (200816, 8415, 2885, '2025-01-31', 1, 167383901, 269974034, 102590133, 'BRL', 'WITHIN_LIMIT');
INSERT INTO l2.facility_exposure_snapshot (facility_exposure_id, facility_id, counterparty_id, as_of_date, exposure_type_id, drawn_amount, committed_amount, undrawn_amount, currency_code, limit_status_code) VALUES (200817, 8416, 2886, '2024-11-30', 1, 6662419, 8541563, 1879144, 'INR', 'WITHIN_LIMIT');
INSERT INTO l2.facility_exposure_snapshot (facility_exposure_id, facility_id, counterparty_id, as_of_date, exposure_type_id, drawn_amount, committed_amount, undrawn_amount, currency_code, limit_status_code) VALUES (200818, 8416, 2886, '2024-12-31', 1, 5979094, 8541563, 2562469, 'INR', 'WITHIN_LIMIT');
INSERT INTO l2.facility_exposure_snapshot (facility_exposure_id, facility_id, counterparty_id, as_of_date, exposure_type_id, drawn_amount, committed_amount, undrawn_amount, currency_code, limit_status_code) VALUES (200819, 8416, 2886, '2025-01-31', 1, 5295769, 8541563, 3245794, 'INR', 'WITHIN_LIMIT');
INSERT INTO l2.facility_exposure_snapshot (facility_exposure_id, facility_id, counterparty_id, as_of_date, exposure_type_id, drawn_amount, committed_amount, undrawn_amount, currency_code, limit_status_code) VALUES (200820, 8417, 2886, '2024-11-30', 1, 9993629, 12812345, 2818716, 'INR', 'WITHIN_LIMIT');
INSERT INTO l2.facility_exposure_snapshot (facility_exposure_id, facility_id, counterparty_id, as_of_date, exposure_type_id, drawn_amount, committed_amount, undrawn_amount, currency_code, limit_status_code) VALUES (200821, 8417, 2886, '2024-12-31', 1, 8968642, 12812345, 3843703, 'INR', 'WITHIN_LIMIT');
INSERT INTO l2.facility_exposure_snapshot (facility_exposure_id, facility_id, counterparty_id, as_of_date, exposure_type_id, drawn_amount, committed_amount, undrawn_amount, currency_code, limit_status_code) VALUES (200822, 8417, 2886, '2025-01-31', 1, 7943654, 12812345, 4868691, 'INR', 'WITHIN_LIMIT');
INSERT INTO l2.facility_exposure_snapshot (facility_exposure_id, facility_id, counterparty_id, as_of_date, exposure_type_id, drawn_amount, committed_amount, undrawn_amount, currency_code, limit_status_code) VALUES (200823, 8418, 2887, '2024-11-30', 1, 14930055, 18662569, 3732514, 'MXN', 'WITHIN_LIMIT');
INSERT INTO l2.facility_exposure_snapshot (facility_exposure_id, facility_id, counterparty_id, as_of_date, exposure_type_id, drawn_amount, committed_amount, undrawn_amount, currency_code, limit_status_code) VALUES (200824, 8418, 2887, '2024-12-31', 1, 15863184, 18662569, 2799385, 'MXN', 'WITHIN_LIMIT');
INSERT INTO l2.facility_exposure_snapshot (facility_exposure_id, facility_id, counterparty_id, as_of_date, exposure_type_id, drawn_amount, committed_amount, undrawn_amount, currency_code, limit_status_code) VALUES (200825, 8418, 2887, '2025-01-31', 1, 15303307, 18662569, 3359262, 'MXN', 'WITHIN_LIMIT');
INSERT INTO l2.facility_exposure_snapshot (facility_exposure_id, facility_id, counterparty_id, as_of_date, exposure_type_id, drawn_amount, committed_amount, undrawn_amount, currency_code, limit_status_code) VALUES (200826, 8419, 2887, '2024-11-30', 1, 22395082, 27993853, 5598771, 'MXN', 'WITHIN_LIMIT');
INSERT INTO l2.facility_exposure_snapshot (facility_exposure_id, facility_id, counterparty_id, as_of_date, exposure_type_id, drawn_amount, committed_amount, undrawn_amount, currency_code, limit_status_code) VALUES (200827, 8419, 2887, '2024-12-31', 1, 23794775, 27993853, 4199078, 'MXN', 'WITHIN_LIMIT');
INSERT INTO l2.facility_exposure_snapshot (facility_exposure_id, facility_id, counterparty_id, as_of_date, exposure_type_id, drawn_amount, committed_amount, undrawn_amount, currency_code, limit_status_code) VALUES (200828, 8419, 2887, '2025-01-31', 1, 22954959, 27993853, 5038894, 'MXN', 'WITHIN_LIMIT');

-- ────────────────────────────────────────
-- l2.risk_flag (18 rows)
-- ────────────────────────────────────────
INSERT INTO l2.risk_flag (risk_flag_id, facility_id, counterparty_id, flag_type, flag_code, flag_severity, as_of_date, flag_description) VALUES (8175, 8408, 2882, 'WATCH_LIST', 'STRESS_TEST_BREACH', 'HIGH', '2025-01-31', 'EM FX stress losses total $780M — exceeding $600M threshold');
INSERT INTO l2.risk_flag (risk_flag_id, facility_id, counterparty_id, flag_type, flag_code, flag_severity, as_of_date, flag_description) VALUES (8176, 8410, 2883, 'WATCH_LIST', 'STRESS_TEST_BREACH', 'HIGH', '2025-01-31', 'EM FX stress losses total $780M — exceeding $600M threshold');
INSERT INTO l2.risk_flag (risk_flag_id, facility_id, counterparty_id, flag_type, flag_code, flag_severity, as_of_date, flag_description) VALUES (8177, 8412, 2884, 'WATCH_LIST', 'STRESS_TEST_BREACH', 'HIGH', '2025-01-31', 'EM FX stress losses total $780M — exceeding $600M threshold');
INSERT INTO l2.risk_flag (risk_flag_id, facility_id, counterparty_id, flag_type, flag_code, flag_severity, as_of_date, flag_description) VALUES (8178, 8414, 2885, 'WATCH_LIST', 'STRESS_TEST_BREACH', 'HIGH', '2025-01-31', 'EM FX stress losses total $780M — exceeding $600M threshold');
INSERT INTO l2.risk_flag (risk_flag_id, facility_id, counterparty_id, flag_type, flag_code, flag_severity, as_of_date, flag_description) VALUES (8179, 8416, 2886, 'WATCH_LIST', 'STRESS_TEST_BREACH', 'HIGH', '2025-01-31', 'EM FX stress losses total $780M — exceeding $600M threshold');
INSERT INTO l2.risk_flag (risk_flag_id, facility_id, counterparty_id, flag_type, flag_code, flag_severity, as_of_date, flag_description) VALUES (8180, 8418, 2887, 'WATCH_LIST', 'STRESS_TEST_BREACH', 'HIGH', '2025-01-31', 'EM FX stress losses total $780M — exceeding $600M threshold');
INSERT INTO l2.risk_flag (risk_flag_id, facility_id, counterparty_id, flag_type, flag_code, flag_severity, as_of_date, flag_description) VALUES (8181, 8408, 2882, 'WATCH_LIST', 'FX_EXPOSURE_AMPLIFICATION', 'HIGH', '2025-01-31', 'BRL -25%, INR -15%, MXN -20% amplify USD-equivalent exposure');
INSERT INTO l2.risk_flag (risk_flag_id, facility_id, counterparty_id, flag_type, flag_code, flag_severity, as_of_date, flag_description) VALUES (8182, 8410, 2883, 'WATCH_LIST', 'FX_EXPOSURE_AMPLIFICATION', 'HIGH', '2025-01-31', 'BRL -25%, INR -15%, MXN -20% amplify USD-equivalent exposure');
INSERT INTO l2.risk_flag (risk_flag_id, facility_id, counterparty_id, flag_type, flag_code, flag_severity, as_of_date, flag_description) VALUES (8183, 8412, 2884, 'WATCH_LIST', 'FX_EXPOSURE_AMPLIFICATION', 'HIGH', '2025-01-31', 'BRL -25%, INR -15%, MXN -20% amplify USD-equivalent exposure');
INSERT INTO l2.risk_flag (risk_flag_id, facility_id, counterparty_id, flag_type, flag_code, flag_severity, as_of_date, flag_description) VALUES (8184, 8414, 2885, 'WATCH_LIST', 'FX_EXPOSURE_AMPLIFICATION', 'HIGH', '2025-01-31', 'BRL -25%, INR -15%, MXN -20% amplify USD-equivalent exposure');
INSERT INTO l2.risk_flag (risk_flag_id, facility_id, counterparty_id, flag_type, flag_code, flag_severity, as_of_date, flag_description) VALUES (8185, 8416, 2886, 'WATCH_LIST', 'FX_EXPOSURE_AMPLIFICATION', 'HIGH', '2025-01-31', 'BRL -25%, INR -15%, MXN -20% amplify USD-equivalent exposure');
INSERT INTO l2.risk_flag (risk_flag_id, facility_id, counterparty_id, flag_type, flag_code, flag_severity, as_of_date, flag_description) VALUES (8186, 8418, 2887, 'WATCH_LIST', 'FX_EXPOSURE_AMPLIFICATION', 'HIGH', '2025-01-31', 'BRL -25%, INR -15%, MXN -20% amplify USD-equivalent exposure');
INSERT INTO l2.risk_flag (risk_flag_id, facility_id, counterparty_id, flag_type, flag_code, flag_severity, as_of_date, flag_description) VALUES (8187, 8408, 2882, 'WATCH_LIST', 'COUNTRY_CONCENTRATION', 'HIGH', '2025-01-31', 'Correlated EM risk across Brazil, India, Mexico');
INSERT INTO l2.risk_flag (risk_flag_id, facility_id, counterparty_id, flag_type, flag_code, flag_severity, as_of_date, flag_description) VALUES (8188, 8410, 2883, 'WATCH_LIST', 'COUNTRY_CONCENTRATION', 'HIGH', '2025-01-31', 'Correlated EM risk across Brazil, India, Mexico');
INSERT INTO l2.risk_flag (risk_flag_id, facility_id, counterparty_id, flag_type, flag_code, flag_severity, as_of_date, flag_description) VALUES (8189, 8412, 2884, 'WATCH_LIST', 'COUNTRY_CONCENTRATION', 'HIGH', '2025-01-31', 'Correlated EM risk across Brazil, India, Mexico');
INSERT INTO l2.risk_flag (risk_flag_id, facility_id, counterparty_id, flag_type, flag_code, flag_severity, as_of_date, flag_description) VALUES (8190, 8414, 2885, 'WATCH_LIST', 'COUNTRY_CONCENTRATION', 'HIGH', '2025-01-31', 'Correlated EM risk across Brazil, India, Mexico');
INSERT INTO l2.risk_flag (risk_flag_id, facility_id, counterparty_id, flag_type, flag_code, flag_severity, as_of_date, flag_description) VALUES (8191, 8416, 2886, 'WATCH_LIST', 'COUNTRY_CONCENTRATION', 'HIGH', '2025-01-31', 'Correlated EM risk across Brazil, India, Mexico');
INSERT INTO l2.risk_flag (risk_flag_id, facility_id, counterparty_id, flag_type, flag_code, flag_severity, as_of_date, flag_description) VALUES (8192, 8418, 2887, 'WATCH_LIST', 'COUNTRY_CONCENTRATION', 'HIGH', '2025-01-31', 'Correlated EM risk across Brazil, India, Mexico');

-- ────────────────────────────────────────
-- l2.stress_test_result (1 rows)
-- ────────────────────────────────────────
INSERT INTO l2.stress_test_result (result_id, scenario_id, as_of_date, loss_amount, result_status, result_description) VALUES (5134, 3, '2025-01-31', NULL, NULL, 'Stress test: Coordinated EM Currency Crisis — Emerging Market FX Stress');


-- ═════════════════════════════════════════════════════════════════
-- Scenario S49: Energy Limit Breach Resolution
-- Energy sector limit breach resolved over 90 days — $200M secondary sales and facility restructuring
-- Generated: 2026-03-10T04:28:27.434Z
-- ═════════════════════════════════════════════════════════════════

SET search_path TO l1, l2, public;

-- ────────────────────────────────────────
-- l1.counterparty (4 rows)
-- ────────────────────────────────────────
INSERT INTO l1.counterparty (counterparty_id, legal_name, counterparty_type, country_code, entity_type_code, industry_id, basel_asset_class, basel_risk_grade, call_report_counterparty_type, external_rating_fitch, external_rating_moodys, external_rating_sp, fr2590_counterparty_type, internal_risk_rating, is_affiliated, is_central_counterparty, is_financial_institution, is_insider, is_multilateral_dev_bank, is_parent_flag, is_public_sector_entity, is_regulated_entity, is_sovereign, lei_code, lgd_unsecured, pd_annual, regulatory_counterparty_type, y14_obligor_type, effective_start_date, effective_end_date, is_current_flag) VALUES (2888, 'Permian Basin Resources Inc.', 'CORPORATE', 'US', 'CORP', 4, 'CORPORATE', '5', 'C&I_DOMESTIC', 'BB+', 'Ba1', 'BBB-', 'NON_FINANCIAL', '6', 'N', 'N', 'N', 'N', 'N', 'Y', 'N', 'N', 'N', '529900F08LBU22DZXAQW', 0.48, 0.0106, 'CORPORATE', 'LARGE_CORPORATE', '2020-01-01', NULL, 'Y');
INSERT INTO l1.counterparty (counterparty_id, legal_name, counterparty_type, country_code, entity_type_code, industry_id, basel_asset_class, basel_risk_grade, call_report_counterparty_type, external_rating_fitch, external_rating_moodys, external_rating_sp, fr2590_counterparty_type, internal_risk_rating, is_affiliated, is_central_counterparty, is_financial_institution, is_insider, is_multilateral_dev_bank, is_parent_flag, is_public_sector_entity, is_regulated_entity, is_sovereign, lei_code, lgd_unsecured, pd_annual, regulatory_counterparty_type, y14_obligor_type, effective_start_date, effective_end_date, is_current_flag) VALUES (2889, 'Appalachian Natural Gas Partners LP', 'CORPORATE', 'US', 'CORP', 4, 'CORPORATE', '4', 'C&I_DOMESTIC', 'BBB', 'Baa1', 'BBB', 'NON_FINANCIAL', '4', 'N', 'N', 'N', 'N', 'N', 'Y', 'N', 'N', 'N', '529900OOR3JV5DDOXD1K', 0.45, 0.0048, 'CORPORATE', 'LARGE_CORPORATE', '2020-01-01', NULL, 'Y');
INSERT INTO l1.counterparty (counterparty_id, legal_name, counterparty_type, country_code, entity_type_code, industry_id, basel_asset_class, basel_risk_grade, call_report_counterparty_type, external_rating_fitch, external_rating_moodys, external_rating_sp, fr2590_counterparty_type, internal_risk_rating, is_affiliated, is_central_counterparty, is_financial_institution, is_insider, is_multilateral_dev_bank, is_parent_flag, is_public_sector_entity, is_regulated_entity, is_sovereign, lei_code, lgd_unsecured, pd_annual, regulatory_counterparty_type, y14_obligor_type, effective_start_date, effective_end_date, is_current_flag) VALUES (2890, 'Gulf Coast Refining Co.', 'CORPORATE', 'US', 'CORP', 4, 'CORPORATE', '6', 'C&I_DOMESTIC', 'BBB-', 'Ba1', 'BBB-', 'NON_FINANCIAL', '6', 'N', 'N', 'N', 'N', 'N', 'N', 'N', 'N', 'N', '5299000ETMYQO08RZ9ZI', 0.48, 0.0108, 'CORPORATE', 'LARGE_CORPORATE', '2020-01-01', NULL, 'Y');
INSERT INTO l1.counterparty (counterparty_id, legal_name, counterparty_type, country_code, entity_type_code, industry_id, basel_asset_class, basel_risk_grade, call_report_counterparty_type, external_rating_fitch, external_rating_moodys, external_rating_sp, fr2590_counterparty_type, internal_risk_rating, is_affiliated, is_central_counterparty, is_financial_institution, is_insider, is_multilateral_dev_bank, is_parent_flag, is_public_sector_entity, is_regulated_entity, is_sovereign, lei_code, lgd_unsecured, pd_annual, regulatory_counterparty_type, y14_obligor_type, effective_start_date, effective_end_date, is_current_flag) VALUES (2891, 'Bakken Shale Production Corp.', 'CORPORATE', 'US', 'CORP', 4, 'CORPORATE', '7', 'C&I_DOMESTIC', 'BB-', 'Ba2', 'BB-', 'NON_FINANCIAL', '7', 'N', 'N', 'N', 'N', 'N', 'Y', 'N', 'N', 'N', '529900MVST56MBZN1N24', 0.55, 0.022, 'CORPORATE', 'MIDDLE_MARKET', '2020-01-01', NULL, 'Y');

-- ────────────────────────────────────────
-- l1.credit_agreement_master (4 rows)
-- ────────────────────────────────────────
INSERT INTO l1.credit_agreement_master (credit_agreement_id, borrower_counterparty_id, lender_legal_entity_id, agreement_type, status_code, agreement_reference, currency_code, origination_date, maturity_date, effective_start_date, effective_end_date, is_current_flag) VALUES (2348, 2888, 7, 'SYNDICATED', 'ACTIVE', 'CA-2020-02348-USD', 'USD', '2020-06-24', '2024-06-24', '2024-01-01', NULL, 'Y');
INSERT INTO l1.credit_agreement_master (credit_agreement_id, borrower_counterparty_id, lender_legal_entity_id, agreement_type, status_code, agreement_reference, currency_code, origination_date, maturity_date, effective_start_date, effective_end_date, is_current_flag) VALUES (2349, 2889, 2, 'SYNDICATED', 'ACTIVE', 'CA-2020-02349-USD', 'USD', '2020-07-14', '2025-07-14', '2024-01-01', NULL, 'Y');
INSERT INTO l1.credit_agreement_master (credit_agreement_id, borrower_counterparty_id, lender_legal_entity_id, agreement_type, status_code, agreement_reference, currency_code, origination_date, maturity_date, effective_start_date, effective_end_date, is_current_flag) VALUES (2350, 2890, 2, 'SYNDICATED', 'ACTIVE', 'CA-2020-02350-USD', 'USD', '2020-02-05', '2025-02-05', '2024-01-01', NULL, 'Y');
INSERT INTO l1.credit_agreement_master (credit_agreement_id, borrower_counterparty_id, lender_legal_entity_id, agreement_type, status_code, agreement_reference, currency_code, origination_date, maturity_date, effective_start_date, effective_end_date, is_current_flag) VALUES (2351, 2891, 3, 'SYNDICATED', 'ACTIVE', 'CA-2022-02351-USD', 'USD', '2022-03-02', '2027-03-02', '2024-01-01', NULL, 'Y');

-- ────────────────────────────────────────
-- l1.facility_master (8 rows)
-- ────────────────────────────────────────
INSERT INTO l1.facility_master (facility_id, credit_agreement_id, counterparty_id, facility_name, facility_type, facility_status, committed_facility_amt, currency_code, origination_date, maturity_date, portfolio_id, industry_code, lob_segment_id, product_node_id, rate_index_id, ledger_account_id, product_id, region_code, interest_rate_type, interest_rate_reference, interest_rate_spread_bps, all_in_rate_pct, day_count_convention, amortization_type, revolving_flag, active_flag, facility_reference, payment_frequency, effective_start_date, effective_end_date, is_current_flag) VALUES (8420, 2348, 2888, 'Permian — USD Revolver 2029-A', 'REVOLVING_CREDIT', 'ACTIVE', 816954272, 'USD', '2023-06-20', '2029-06-20', 10, 'ENR', 204, 8, 2, 5, 4, 'AMER', 'FLOATING', 'SOFR', 466, 8.54, 'ACT/365', 'BULLET', 'Y', 'Y', 'FAC-2023-08420-A', 'MONTHLY', '2024-01-01', NULL, 'Y');
INSERT INTO l1.facility_master (facility_id, credit_agreement_id, counterparty_id, facility_name, facility_type, facility_status, committed_facility_amt, currency_code, origination_date, maturity_date, portfolio_id, industry_code, lob_segment_id, product_node_id, rate_index_id, ledger_account_id, product_id, region_code, interest_rate_type, interest_rate_reference, interest_rate_spread_bps, all_in_rate_pct, day_count_convention, amortization_type, revolving_flag, active_flag, facility_reference, payment_frequency, effective_start_date, effective_end_date, is_current_flag) VALUES (8421, 2348, 2888, 'Permian — USD Term Loan 2029-B', 'TERM_LOAN', 'ACTIVE', 1225431407, 'USD', '2023-06-20', '2029-06-20', 2, 'ENR', 205, 6, 2, 5, 2, 'AMER', 'FIXED', 'SOFR', 466, 8.21, 'ACT/360', 'AMORTIZING', 'N', 'Y', 'FAC-2023-08421-B', 'QUARTERLY', '2024-01-01', NULL, 'Y');
INSERT INTO l1.facility_master (facility_id, credit_agreement_id, counterparty_id, facility_name, facility_type, facility_status, committed_facility_amt, currency_code, origination_date, maturity_date, portfolio_id, industry_code, lob_segment_id, product_node_id, rate_index_id, ledger_account_id, product_id, region_code, interest_rate_type, interest_rate_reference, interest_rate_spread_bps, all_in_rate_pct, day_count_convention, amortization_type, revolving_flag, active_flag, facility_reference, payment_frequency, effective_start_date, effective_end_date, is_current_flag) VALUES (8422, 2349, 2889, 'Appalachian — USD Revolver 2026-A', 'REVOLVING_CREDIT', 'ACTIVE', 143230091, 'USD', '2021-01-27', '2026-01-27', 6, 'ENR', 206, 9, 4, 2, 4, 'AMER', 'FLOATING', 'SOFR', 285, 6.14, 'ACT/365', 'BULLET', 'Y', 'Y', 'FAC-2021-08422-A', 'QUARTERLY', '2024-01-01', NULL, 'Y');
INSERT INTO l1.facility_master (facility_id, credit_agreement_id, counterparty_id, facility_name, facility_type, facility_status, committed_facility_amt, currency_code, origination_date, maturity_date, portfolio_id, industry_code, lob_segment_id, product_node_id, rate_index_id, ledger_account_id, product_id, region_code, interest_rate_type, interest_rate_reference, interest_rate_spread_bps, all_in_rate_pct, day_count_convention, amortization_type, revolving_flag, active_flag, facility_reference, payment_frequency, effective_start_date, effective_end_date, is_current_flag) VALUES (8423, 2349, 2889, 'Appalachian — USD Term Loan 2026-B', 'TERM_LOAN', 'ACTIVE', 214845136, 'USD', '2021-01-27', '2026-01-27', 5, 'ENR', 207, 6, 5, 1, 5, 'AMER', 'FLOATING', 'SOFR', 285, 5.41, 'ACT/365', 'BULLET', 'N', 'Y', 'FAC-2021-08423-B', 'QUARTERLY', '2024-01-01', NULL, 'Y');
INSERT INTO l1.facility_master (facility_id, credit_agreement_id, counterparty_id, facility_name, facility_type, facility_status, committed_facility_amt, currency_code, origination_date, maturity_date, portfolio_id, industry_code, lob_segment_id, product_node_id, rate_index_id, ledger_account_id, product_id, region_code, interest_rate_type, interest_rate_reference, interest_rate_spread_bps, all_in_rate_pct, day_count_convention, amortization_type, revolving_flag, active_flag, facility_reference, payment_frequency, effective_start_date, effective_end_date, is_current_flag) VALUES (8424, 2350, 2890, 'Gulf — USD Revolver 2026-A', 'REVOLVING_CREDIT', 'ACTIVE', 118017581, 'USD', '2021-02-11', '2026-02-11', 9, 'ENR', 208, 6, 4, 2, 4, 'AMER', 'FLOATING', 'SOFR', 480, 7.83, 'ACT/365', 'BULLET', 'Y', 'Y', 'FAC-2021-08424-A', 'QUARTERLY', '2024-01-01', NULL, 'Y');
INSERT INTO l1.facility_master (facility_id, credit_agreement_id, counterparty_id, facility_name, facility_type, facility_status, committed_facility_amt, currency_code, origination_date, maturity_date, portfolio_id, industry_code, lob_segment_id, product_node_id, rate_index_id, ledger_account_id, product_id, region_code, interest_rate_type, interest_rate_reference, interest_rate_spread_bps, all_in_rate_pct, day_count_convention, amortization_type, revolving_flag, active_flag, facility_reference, payment_frequency, effective_start_date, effective_end_date, is_current_flag) VALUES (8425, 2350, 2890, 'Gulf — USD Term Loan 2026-B', 'TERM_LOAN', 'ACTIVE', 177026371, 'USD', '2021-02-11', '2026-02-11', 9, 'ENR', 209, 1, 4, 8, 2, 'AMER', 'FLOATING', 'SOFR', 480, 8.09, 'ACT/360', 'BULLET', 'N', 'Y', 'FAC-2021-08425-B', 'QUARTERLY', '2024-01-01', NULL, 'Y');
INSERT INTO l1.facility_master (facility_id, credit_agreement_id, counterparty_id, facility_name, facility_type, facility_status, committed_facility_amt, currency_code, origination_date, maturity_date, portfolio_id, industry_code, lob_segment_id, product_node_id, rate_index_id, ledger_account_id, product_id, region_code, interest_rate_type, interest_rate_reference, interest_rate_spread_bps, all_in_rate_pct, day_count_convention, amortization_type, revolving_flag, active_flag, facility_reference, payment_frequency, effective_start_date, effective_end_date, is_current_flag) VALUES (8426, 2351, 2891, 'Bakken — USD Revolver 2025-A', 'REVOLVING_CREDIT', 'ACTIVE', 29230958, 'USD', '2021-07-22', '2025-07-22', 9, 'ENR', 210, 6, 1, 1, 3, 'AMER', 'FLOATING', 'SOFR', 1021, 14.12, 'ACT/360', 'BULLET', 'Y', 'Y', 'FAC-2021-08426-A', 'QUARTERLY', '2024-01-01', NULL, 'Y');
INSERT INTO l1.facility_master (facility_id, credit_agreement_id, counterparty_id, facility_name, facility_type, facility_status, committed_facility_amt, currency_code, origination_date, maturity_date, portfolio_id, industry_code, lob_segment_id, product_node_id, rate_index_id, ledger_account_id, product_id, region_code, interest_rate_type, interest_rate_reference, interest_rate_spread_bps, all_in_rate_pct, day_count_convention, amortization_type, revolving_flag, active_flag, facility_reference, payment_frequency, effective_start_date, effective_end_date, is_current_flag) VALUES (8427, 2351, 2891, 'Bakken — USD Term Loan 2025-B', 'TERM_LOAN', 'ACTIVE', 43846436, 'USD', '2021-07-22', '2025-07-22', 10, 'ENR', 211, 5, 2, 5, 1, 'AMER', 'FIXED', 'SOFR', 1021, 12.86, 'ACT/360', 'AMORTIZING', 'N', 'Y', 'FAC-2021-08427-B', 'QUARTERLY', '2024-01-01', NULL, 'Y');

-- ────────────────────────────────────────
-- l1.facility_lender_allocation (8 rows)
-- ────────────────────────────────────────
INSERT INTO l1.facility_lender_allocation (lender_allocation_id, facility_id, legal_entity_id, allocation_role, bank_share_pct, is_current_flag, effective_start_date, effective_end_date) VALUES (100277, 8420, 5, 'LEAD_ARRANGER', 1, 'Y', '2023-06-20', NULL);
INSERT INTO l1.facility_lender_allocation (lender_allocation_id, facility_id, legal_entity_id, allocation_role, bank_share_pct, is_current_flag, effective_start_date, effective_end_date) VALUES (100278, 8421, 5, 'LEAD_ARRANGER', 1, 'Y', '2023-06-20', NULL);
INSERT INTO l1.facility_lender_allocation (lender_allocation_id, facility_id, legal_entity_id, allocation_role, bank_share_pct, is_current_flag, effective_start_date, effective_end_date) VALUES (100279, 8422, 2, 'LEAD_ARRANGER', 1, 'Y', '2021-01-27', NULL);
INSERT INTO l1.facility_lender_allocation (lender_allocation_id, facility_id, legal_entity_id, allocation_role, bank_share_pct, is_current_flag, effective_start_date, effective_end_date) VALUES (100280, 8423, 1, 'LEAD_ARRANGER', 1, 'Y', '2021-01-27', NULL);
INSERT INTO l1.facility_lender_allocation (lender_allocation_id, facility_id, legal_entity_id, allocation_role, bank_share_pct, is_current_flag, effective_start_date, effective_end_date) VALUES (100281, 8424, 2, 'LEAD_ARRANGER', 1, 'Y', '2021-02-11', NULL);
INSERT INTO l1.facility_lender_allocation (lender_allocation_id, facility_id, legal_entity_id, allocation_role, bank_share_pct, is_current_flag, effective_start_date, effective_end_date) VALUES (100282, 8425, 1, 'LEAD_ARRANGER', 1, 'Y', '2021-02-11', NULL);
INSERT INTO l1.facility_lender_allocation (lender_allocation_id, facility_id, legal_entity_id, allocation_role, bank_share_pct, is_current_flag, effective_start_date, effective_end_date) VALUES (100283, 8426, 1, 'LEAD_ARRANGER', 1, 'Y', '2021-07-22', NULL);
INSERT INTO l1.facility_lender_allocation (lender_allocation_id, facility_id, legal_entity_id, allocation_role, bank_share_pct, is_current_flag, effective_start_date, effective_end_date) VALUES (100284, 8427, 5, 'LEAD_ARRANGER', 1, 'Y', '2021-07-22', NULL);

-- ────────────────────────────────────────
-- l2.facility_exposure_snapshot (24 rows)
-- ────────────────────────────────────────
INSERT INTO l2.facility_exposure_snapshot (facility_exposure_id, facility_id, counterparty_id, as_of_date, exposure_type_id, drawn_amount, committed_amount, undrawn_amount, currency_code, limit_status_code) VALUES (200829, 8420, 2888, '2024-11-30', 1, 490172563, 816954272, 326781709, 'USD', 'WITHIN_LIMIT');
INSERT INTO l2.facility_exposure_snapshot (facility_exposure_id, facility_id, counterparty_id, as_of_date, exposure_type_id, drawn_amount, committed_amount, undrawn_amount, currency_code, limit_status_code) VALUES (200830, 8420, 2888, '2024-12-31', 1, 408477136, 816954272, 408477136, 'USD', 'WITHIN_LIMIT');
INSERT INTO l2.facility_exposure_snapshot (facility_exposure_id, facility_id, counterparty_id, as_of_date, exposure_type_id, drawn_amount, committed_amount, undrawn_amount, currency_code, limit_status_code) VALUES (200831, 8420, 2888, '2025-01-31', 1, 367629422, 816954272, 449324850, 'USD', 'WITHIN_LIMIT');
INSERT INTO l2.facility_exposure_snapshot (facility_exposure_id, facility_id, counterparty_id, as_of_date, exposure_type_id, drawn_amount, committed_amount, undrawn_amount, currency_code, limit_status_code) VALUES (200832, 8421, 2888, '2024-11-30', 1, 735258844, 1225431407, 490172563, 'USD', 'WITHIN_LIMIT');
INSERT INTO l2.facility_exposure_snapshot (facility_exposure_id, facility_id, counterparty_id, as_of_date, exposure_type_id, drawn_amount, committed_amount, undrawn_amount, currency_code, limit_status_code) VALUES (200833, 8421, 2888, '2024-12-31', 1, 612715704, 1225431407, 612715703, 'USD', 'WITHIN_LIMIT');
INSERT INTO l2.facility_exposure_snapshot (facility_exposure_id, facility_id, counterparty_id, as_of_date, exposure_type_id, drawn_amount, committed_amount, undrawn_amount, currency_code, limit_status_code) VALUES (200834, 8421, 2888, '2025-01-31', 1, 551444133, 1225431407, 673987274, 'USD', 'WITHIN_LIMIT');
INSERT INTO l2.facility_exposure_snapshot (facility_exposure_id, facility_id, counterparty_id, as_of_date, exposure_type_id, drawn_amount, committed_amount, undrawn_amount, currency_code, limit_status_code) VALUES (200835, 8422, 2889, '2024-11-30', 1, 85938055, 143230091, 57292036, 'USD', 'WITHIN_LIMIT');
INSERT INTO l2.facility_exposure_snapshot (facility_exposure_id, facility_id, counterparty_id, as_of_date, exposure_type_id, drawn_amount, committed_amount, undrawn_amount, currency_code, limit_status_code) VALUES (200836, 8422, 2889, '2024-12-31', 1, 71615046, 143230091, 71615045, 'USD', 'WITHIN_LIMIT');
INSERT INTO l2.facility_exposure_snapshot (facility_exposure_id, facility_id, counterparty_id, as_of_date, exposure_type_id, drawn_amount, committed_amount, undrawn_amount, currency_code, limit_status_code) VALUES (200837, 8422, 2889, '2025-01-31', 1, 64453541, 143230091, 78776550, 'USD', 'WITHIN_LIMIT');
INSERT INTO l2.facility_exposure_snapshot (facility_exposure_id, facility_id, counterparty_id, as_of_date, exposure_type_id, drawn_amount, committed_amount, undrawn_amount, currency_code, limit_status_code) VALUES (200838, 8423, 2889, '2024-11-30', 1, 128907082, 214845136, 85938054, 'USD', 'WITHIN_LIMIT');
INSERT INTO l2.facility_exposure_snapshot (facility_exposure_id, facility_id, counterparty_id, as_of_date, exposure_type_id, drawn_amount, committed_amount, undrawn_amount, currency_code, limit_status_code) VALUES (200839, 8423, 2889, '2024-12-31', 1, 107422568, 214845136, 107422568, 'USD', 'WITHIN_LIMIT');
INSERT INTO l2.facility_exposure_snapshot (facility_exposure_id, facility_id, counterparty_id, as_of_date, exposure_type_id, drawn_amount, committed_amount, undrawn_amount, currency_code, limit_status_code) VALUES (200840, 8423, 2889, '2025-01-31', 1, 96680311, 214845136, 118164825, 'USD', 'WITHIN_LIMIT');
INSERT INTO l2.facility_exposure_snapshot (facility_exposure_id, facility_id, counterparty_id, as_of_date, exposure_type_id, drawn_amount, committed_amount, undrawn_amount, currency_code, limit_status_code) VALUES (200841, 8424, 2890, '2024-11-30', 1, 68450197, 118017581, 49567384, 'USD', 'WITHIN_LIMIT');
INSERT INTO l2.facility_exposure_snapshot (facility_exposure_id, facility_id, counterparty_id, as_of_date, exposure_type_id, drawn_amount, committed_amount, undrawn_amount, currency_code, limit_status_code) VALUES (200842, 8424, 2890, '2024-12-31', 1, 71990724, 118017581, 46026857, 'USD', 'WITHIN_LIMIT');
INSERT INTO l2.facility_exposure_snapshot (facility_exposure_id, facility_id, counterparty_id, as_of_date, exposure_type_id, drawn_amount, committed_amount, undrawn_amount, currency_code, limit_status_code) VALUES (200843, 8424, 2890, '2025-01-31', 1, 70810549, 118017581, 47207032, 'USD', 'WITHIN_LIMIT');
INSERT INTO l2.facility_exposure_snapshot (facility_exposure_id, facility_id, counterparty_id, as_of_date, exposure_type_id, drawn_amount, committed_amount, undrawn_amount, currency_code, limit_status_code) VALUES (200844, 8425, 2890, '2024-11-30', 1, 102675295, 177026371, 74351076, 'USD', 'WITHIN_LIMIT');
INSERT INTO l2.facility_exposure_snapshot (facility_exposure_id, facility_id, counterparty_id, as_of_date, exposure_type_id, drawn_amount, committed_amount, undrawn_amount, currency_code, limit_status_code) VALUES (200845, 8425, 2890, '2024-12-31', 1, 107986086, 177026371, 69040285, 'USD', 'WITHIN_LIMIT');
INSERT INTO l2.facility_exposure_snapshot (facility_exposure_id, facility_id, counterparty_id, as_of_date, exposure_type_id, drawn_amount, committed_amount, undrawn_amount, currency_code, limit_status_code) VALUES (200846, 8425, 2890, '2025-01-31', 1, 106215823, 177026371, 70810548, 'USD', 'WITHIN_LIMIT');
INSERT INTO l2.facility_exposure_snapshot (facility_exposure_id, facility_id, counterparty_id, as_of_date, exposure_type_id, drawn_amount, committed_amount, undrawn_amount, currency_code, limit_status_code) VALUES (200847, 8426, 2891, '2024-11-30', 1, 17538575, 29230958, 11692383, 'USD', 'WITHIN_LIMIT');
INSERT INTO l2.facility_exposure_snapshot (facility_exposure_id, facility_id, counterparty_id, as_of_date, exposure_type_id, drawn_amount, committed_amount, undrawn_amount, currency_code, limit_status_code) VALUES (200848, 8426, 2891, '2024-12-31', 1, 14615479, 29230958, 14615479, 'USD', 'WITHIN_LIMIT');
INSERT INTO l2.facility_exposure_snapshot (facility_exposure_id, facility_id, counterparty_id, as_of_date, exposure_type_id, drawn_amount, committed_amount, undrawn_amount, currency_code, limit_status_code) VALUES (200849, 8426, 2891, '2025-01-31', 1, 13153931, 29230958, 16077027, 'USD', 'WITHIN_LIMIT');
INSERT INTO l2.facility_exposure_snapshot (facility_exposure_id, facility_id, counterparty_id, as_of_date, exposure_type_id, drawn_amount, committed_amount, undrawn_amount, currency_code, limit_status_code) VALUES (200850, 8427, 2891, '2024-11-30', 1, 26307862, 43846436, 17538574, 'USD', 'WITHIN_LIMIT');
INSERT INTO l2.facility_exposure_snapshot (facility_exposure_id, facility_id, counterparty_id, as_of_date, exposure_type_id, drawn_amount, committed_amount, undrawn_amount, currency_code, limit_status_code) VALUES (200851, 8427, 2891, '2024-12-31', 1, 21923218, 43846436, 21923218, 'USD', 'WITHIN_LIMIT');
INSERT INTO l2.facility_exposure_snapshot (facility_exposure_id, facility_id, counterparty_id, as_of_date, exposure_type_id, drawn_amount, committed_amount, undrawn_amount, currency_code, limit_status_code) VALUES (200852, 8427, 2891, '2025-01-31', 1, 19730896, 43846436, 24115540, 'USD', 'WITHIN_LIMIT');

-- ────────────────────────────────────────
-- l2.credit_event (1 rows)
-- ────────────────────────────────────────
INSERT INTO l2.credit_event (credit_event_id, counterparty_id, credit_event_type_code, event_date, event_summary, event_status) VALUES (5408, 2888, 5, '2024-12-10', 'Facility commitment reduced from $500M to $350M as part of limit cure', 'CONFIRMED');

-- ────────────────────────────────────────
-- l2.credit_event_facility_link (2 rows)
-- ────────────────────────────────────────
INSERT INTO l2.credit_event_facility_link (link_id, credit_event_id, facility_id) VALUES (300059, 5408, 8420);
INSERT INTO l2.credit_event_facility_link (link_id, credit_event_id, facility_id) VALUES (300060, 5408, 8421);

-- ────────────────────────────────────────
-- l2.risk_flag (8 rows)
-- ────────────────────────────────────────
INSERT INTO l2.risk_flag (risk_flag_id, facility_id, counterparty_id, flag_type, flag_code, flag_severity, as_of_date, flag_description) VALUES (8193, 8420, 2888, 'CONCENTRATION', 'BREACH_CURE_IN_PROGRESS', 'MEDIUM', '2025-01-31', 'Energy sector limit cure: 16.5% → target 14.5% via sales and restructuring');
INSERT INTO l2.risk_flag (risk_flag_id, facility_id, counterparty_id, flag_type, flag_code, flag_severity, as_of_date, flag_description) VALUES (8194, 8422, 2889, 'CONCENTRATION', 'BREACH_CURE_IN_PROGRESS', 'MEDIUM', '2025-01-31', 'Energy sector limit cure: 16.5% → target 14.5% via sales and restructuring');
INSERT INTO l2.risk_flag (risk_flag_id, facility_id, counterparty_id, flag_type, flag_code, flag_severity, as_of_date, flag_description) VALUES (8195, 8424, 2890, 'CONCENTRATION', 'BREACH_CURE_IN_PROGRESS', 'MEDIUM', '2025-01-31', 'Energy sector limit cure: 16.5% → target 14.5% via sales and restructuring');
INSERT INTO l2.risk_flag (risk_flag_id, facility_id, counterparty_id, flag_type, flag_code, flag_severity, as_of_date, flag_description) VALUES (8196, 8426, 2891, 'CONCENTRATION', 'BREACH_CURE_IN_PROGRESS', 'MEDIUM', '2025-01-31', 'Energy sector limit cure: 16.5% → target 14.5% via sales and restructuring');
INSERT INTO l2.risk_flag (risk_flag_id, facility_id, counterparty_id, flag_type, flag_code, flag_severity, as_of_date, flag_description) VALUES (8197, 8420, 2888, 'CONCENTRATION', 'SECONDARY_MARKET_SALE', 'LOW', '2025-01-31', '$200M energy exposure sold in secondary market as part of cure plan');
INSERT INTO l2.risk_flag (risk_flag_id, facility_id, counterparty_id, flag_type, flag_code, flag_severity, as_of_date, flag_description) VALUES (8198, 8422, 2889, 'CONCENTRATION', 'SECONDARY_MARKET_SALE', 'LOW', '2025-01-31', '$200M energy exposure sold in secondary market as part of cure plan');
INSERT INTO l2.risk_flag (risk_flag_id, facility_id, counterparty_id, flag_type, flag_code, flag_severity, as_of_date, flag_description) VALUES (8199, 8424, 2890, 'CONCENTRATION', 'SECONDARY_MARKET_SALE', 'LOW', '2025-01-31', '$200M energy exposure sold in secondary market as part of cure plan');
INSERT INTO l2.risk_flag (risk_flag_id, facility_id, counterparty_id, flag_type, flag_code, flag_severity, as_of_date, flag_description) VALUES (8200, 8426, 2891, 'CONCENTRATION', 'SECONDARY_MARKET_SALE', 'LOW', '2025-01-31', '$200M energy exposure sold in secondary market as part of cure plan');


-- ═════════════════════════════════════════════════════════════════
-- Scenario S50: Multi-Sector Climate Stress Test
-- Climate transition stress test: 8 counterparties across 4 sectors show $1.2B combined losses vs $1B buffer
-- Generated: 2026-03-10T04:28:27.434Z
-- ═════════════════════════════════════════════════════════════════

SET search_path TO l1, l2, public;

-- ────────────────────────────────────────
-- l1.counterparty (8 rows)
-- ────────────────────────────────────────
INSERT INTO l1.counterparty (counterparty_id, legal_name, counterparty_type, country_code, entity_type_code, industry_id, basel_asset_class, basel_risk_grade, call_report_counterparty_type, external_rating_fitch, external_rating_moodys, external_rating_sp, fr2590_counterparty_type, internal_risk_rating, is_affiliated, is_central_counterparty, is_financial_institution, is_insider, is_multilateral_dev_bank, is_parent_flag, is_public_sector_entity, is_regulated_entity, is_sovereign, lei_code, lgd_unsecured, pd_annual, regulatory_counterparty_type, y14_obligor_type, effective_start_date, effective_end_date, is_current_flag) VALUES (2892, 'Rocky Mountain Coal Holdings Inc.', 'CORPORATE', 'US', 'CORP', 4, 'CORPORATE', '6', 'C&I_DOMESTIC', 'BB', 'Ba2', 'BB-', 'NON_FINANCIAL', '7', 'N', 'N', 'N', 'N', 'N', 'N', 'N', 'N', 'N', '529900N6UPD6VW1QTT28', 0.55, 0.0211, 'CORPORATE', 'LARGE_CORPORATE', '2020-01-01', NULL, 'Y');
INSERT INTO l1.counterparty (counterparty_id, legal_name, counterparty_type, country_code, entity_type_code, industry_id, basel_asset_class, basel_risk_grade, call_report_counterparty_type, external_rating_fitch, external_rating_moodys, external_rating_sp, fr2590_counterparty_type, internal_risk_rating, is_affiliated, is_central_counterparty, is_financial_institution, is_insider, is_multilateral_dev_bank, is_parent_flag, is_public_sector_entity, is_regulated_entity, is_sovereign, lei_code, lgd_unsecured, pd_annual, regulatory_counterparty_type, y14_obligor_type, effective_start_date, effective_end_date, is_current_flag) VALUES (2893, 'Florida Coastal Properties REIT', 'RE_TRUST', 'US', 'RE', 10, 'CRE', '6', 'CRE_NONFARM', 'BB+', 'Ba1', 'BBB-', 'NON_FINANCIAL', '6', 'N', 'N', 'N', 'N', 'N', 'N', 'N', 'N', 'N', '5299005YG5ELWP2VIOS8', 0.48, 0.0118, 'CRE', 'CRE', '2020-01-01', NULL, 'Y');
INSERT INTO l1.counterparty (counterparty_id, legal_name, counterparty_type, country_code, entity_type_code, industry_id, basel_asset_class, basel_risk_grade, call_report_counterparty_type, external_rating_fitch, external_rating_moodys, external_rating_sp, fr2590_counterparty_type, internal_risk_rating, is_affiliated, is_central_counterparty, is_financial_institution, is_insider, is_multilateral_dev_bank, is_parent_flag, is_public_sector_entity, is_regulated_entity, is_sovereign, lei_code, lgd_unsecured, pd_annual, regulatory_counterparty_type, y14_obligor_type, effective_start_date, effective_end_date, is_current_flag) VALUES (2894, 'Pacific Northwest Timber Corp.', 'CORPORATE', 'US', 'CORP', 9, 'CORPORATE', '4', 'C&I_DOMESTIC', 'BBB', 'Baa2', 'BBB+', 'NON_FINANCIAL', '4', 'N', 'N', 'N', 'N', 'N', 'Y', 'N', 'N', 'N', '529900GRMY8PKQPC3TFY', 0.45, 0.005, 'CORPORATE', 'LARGE_CORPORATE', '2020-01-01', NULL, 'Y');
INSERT INTO l1.counterparty (counterparty_id, legal_name, counterparty_type, country_code, entity_type_code, industry_id, basel_asset_class, basel_risk_grade, call_report_counterparty_type, external_rating_fitch, external_rating_moodys, external_rating_sp, fr2590_counterparty_type, internal_risk_rating, is_affiliated, is_central_counterparty, is_financial_institution, is_insider, is_multilateral_dev_bank, is_parent_flag, is_public_sector_entity, is_regulated_entity, is_sovereign, lei_code, lgd_unsecured, pd_annual, regulatory_counterparty_type, y14_obligor_type, effective_start_date, effective_end_date, is_current_flag) VALUES (2895, 'Shanghai Shipping Container Corp.', 'CORPORATE', 'HK', 'CORP', 8, 'CORPORATE', '5', 'C&I_FOREIGN', 'BBB-', 'Baa3', 'BB+', 'NON_FINANCIAL', '6', 'N', 'N', 'N', 'N', 'N', 'Y', 'N', 'N', 'N', '529900CGLVQ2N4W4W3F2', 0.48, 0.0113, 'CORPORATE', 'LARGE_CORPORATE', '2020-01-01', NULL, 'Y');
INSERT INTO l1.counterparty (counterparty_id, legal_name, counterparty_type, country_code, entity_type_code, industry_id, basel_asset_class, basel_risk_grade, call_report_counterparty_type, external_rating_fitch, external_rating_moodys, external_rating_sp, fr2590_counterparty_type, internal_risk_rating, is_affiliated, is_central_counterparty, is_financial_institution, is_insider, is_multilateral_dev_bank, is_parent_flag, is_public_sector_entity, is_regulated_entity, is_sovereign, lei_code, lgd_unsecured, pd_annual, regulatory_counterparty_type, y14_obligor_type, effective_start_date, effective_end_date, is_current_flag) VALUES (2896, 'Alberta Tar Sands Processing Ltd.', 'CORPORATE', 'CA', 'CORP', 4, 'CORPORATE', '8', 'C&I_FOREIGN', 'B+', 'B1', 'B', 'NON_FINANCIAL', '8', 'N', 'N', 'N', 'N', 'N', 'Y', 'N', 'N', 'N', '529900RNRUZP3XDRB1J8', 0.6, 0.0526, 'CORPORATE', 'LARGE_CORPORATE', '2020-01-01', NULL, 'Y');
INSERT INTO l1.counterparty (counterparty_id, legal_name, counterparty_type, country_code, entity_type_code, industry_id, basel_asset_class, basel_risk_grade, call_report_counterparty_type, external_rating_fitch, external_rating_moodys, external_rating_sp, fr2590_counterparty_type, internal_risk_rating, is_affiliated, is_central_counterparty, is_financial_institution, is_insider, is_multilateral_dev_bank, is_parent_flag, is_public_sector_entity, is_regulated_entity, is_sovereign, lei_code, lgd_unsecured, pd_annual, regulatory_counterparty_type, y14_obligor_type, effective_start_date, effective_end_date, is_current_flag) VALUES (2897, 'Queensland Sugar Plantations Pty Ltd', 'CORPORATE', 'AU', 'CORP', 6, 'CORPORATE', '6', 'C&I_FOREIGN', 'BB-', 'Ba3', 'BB', 'NON_FINANCIAL', '6', 'N', 'N', 'N', 'N', 'N', 'N', 'N', 'N', 'N', '969500B8BPQ1JZSLQXFR', 0.55, 0.0247, 'CORPORATE', 'MIDDLE_MARKET', '2020-01-01', NULL, 'Y');
INSERT INTO l1.counterparty (counterparty_id, legal_name, counterparty_type, country_code, entity_type_code, industry_id, basel_asset_class, basel_risk_grade, call_report_counterparty_type, external_rating_fitch, external_rating_moodys, external_rating_sp, fr2590_counterparty_type, internal_risk_rating, is_affiliated, is_central_counterparty, is_financial_institution, is_insider, is_multilateral_dev_bank, is_parent_flag, is_public_sector_entity, is_regulated_entity, is_sovereign, lei_code, lgd_unsecured, pd_annual, regulatory_counterparty_type, y14_obligor_type, effective_start_date, effective_end_date, is_current_flag) VALUES (2898, 'Lagos Cement Manufacturing Co.', 'CORPORATE', 'GB', 'CORP', 5, 'CORPORATE', '7', 'C&I_FOREIGN', 'BB', 'Ba2', 'BB', 'NON_FINANCIAL', '7', 'N', 'N', 'N', 'N', 'N', 'Y', 'N', 'N', 'N', '2138002F59XKJNVDNHEA', 0.55, 0.0178, 'CORPORATE', 'MIDDLE_MARKET', '2020-01-01', NULL, 'Y');
INSERT INTO l1.counterparty (counterparty_id, legal_name, counterparty_type, country_code, entity_type_code, industry_id, basel_asset_class, basel_risk_grade, call_report_counterparty_type, external_rating_fitch, external_rating_moodys, external_rating_sp, fr2590_counterparty_type, internal_risk_rating, is_affiliated, is_central_counterparty, is_financial_institution, is_insider, is_multilateral_dev_bank, is_parent_flag, is_public_sector_entity, is_regulated_entity, is_sovereign, lei_code, lgd_unsecured, pd_annual, regulatory_counterparty_type, y14_obligor_type, effective_start_date, effective_end_date, is_current_flag) VALUES (2899, 'Midwest Cattle Feedlot Operations Inc.', 'CORPORATE', 'US', 'CORP', 6, 'CORPORATE', '5', 'C&I_DOMESTIC', 'BBB-', 'Baa3', 'BB+', 'NON_FINANCIAL', '6', 'N', 'N', 'N', 'N', 'N', 'Y', 'N', 'N', 'N', '529900VUEQ9ZTFYAXBZ6', 0.48, 0.0111, 'CORPORATE', 'MIDDLE_MARKET', '2020-01-01', NULL, 'Y');

-- ────────────────────────────────────────
-- l1.credit_agreement_master (8 rows)
-- ────────────────────────────────────────
INSERT INTO l1.credit_agreement_master (credit_agreement_id, borrower_counterparty_id, lender_legal_entity_id, agreement_type, status_code, agreement_reference, currency_code, origination_date, maturity_date, effective_start_date, effective_end_date, is_current_flag) VALUES (2352, 2892, 12, 'SYNDICATED', 'ACTIVE', 'CA-2022-02352-USD', 'USD', '2022-01-20', '2026-01-20', '2024-01-01', NULL, 'Y');
INSERT INTO l1.credit_agreement_master (credit_agreement_id, borrower_counterparty_id, lender_legal_entity_id, agreement_type, status_code, agreement_reference, currency_code, origination_date, maturity_date, effective_start_date, effective_end_date, is_current_flag) VALUES (2353, 2893, 5, 'SYNDICATED', 'ACTIVE', 'CA-2020-02353-USD', 'USD', '2020-05-09', '2026-05-09', '2024-01-01', NULL, 'Y');
INSERT INTO l1.credit_agreement_master (credit_agreement_id, borrower_counterparty_id, lender_legal_entity_id, agreement_type, status_code, agreement_reference, currency_code, origination_date, maturity_date, effective_start_date, effective_end_date, is_current_flag) VALUES (2354, 2894, 5, 'SYNDICATED', 'ACTIVE', 'CA-2022-02354-USD', 'USD', '2022-12-02', '2028-12-02', '2024-01-01', NULL, 'Y');
INSERT INTO l1.credit_agreement_master (credit_agreement_id, borrower_counterparty_id, lender_legal_entity_id, agreement_type, status_code, agreement_reference, currency_code, origination_date, maturity_date, effective_start_date, effective_end_date, is_current_flag) VALUES (2355, 2895, 10, 'SYNDICATED', 'ACTIVE', 'CA-2021-02355-HKD', 'HKD', '2021-08-15', '2026-08-15', '2024-01-01', NULL, 'Y');
INSERT INTO l1.credit_agreement_master (credit_agreement_id, borrower_counterparty_id, lender_legal_entity_id, agreement_type, status_code, agreement_reference, currency_code, origination_date, maturity_date, effective_start_date, effective_end_date, is_current_flag) VALUES (2356, 2896, 9, 'SYNDICATED', 'ACTIVE', 'CA-2022-02356-CAD', 'CAD', '2022-01-07', '2026-01-07', '2024-01-01', NULL, 'Y');
INSERT INTO l1.credit_agreement_master (credit_agreement_id, borrower_counterparty_id, lender_legal_entity_id, agreement_type, status_code, agreement_reference, currency_code, origination_date, maturity_date, effective_start_date, effective_end_date, is_current_flag) VALUES (2357, 2897, 10, 'SYNDICATED', 'ACTIVE', 'CA-2024-02357-AUD', 'AUD', '2024-11-10', '2030-11-10', '2024-01-01', NULL, 'Y');
INSERT INTO l1.credit_agreement_master (credit_agreement_id, borrower_counterparty_id, lender_legal_entity_id, agreement_type, status_code, agreement_reference, currency_code, origination_date, maturity_date, effective_start_date, effective_end_date, is_current_flag) VALUES (2358, 2898, 7, 'BILATERAL', 'ACTIVE', 'CA-2022-02358-GBP', 'GBP', '2022-02-11', '2028-02-11', '2024-01-01', NULL, 'Y');
INSERT INTO l1.credit_agreement_master (credit_agreement_id, borrower_counterparty_id, lender_legal_entity_id, agreement_type, status_code, agreement_reference, currency_code, origination_date, maturity_date, effective_start_date, effective_end_date, is_current_flag) VALUES (2359, 2899, 8, 'SYNDICATED', 'ACTIVE', 'CA-2023-02359-USD', 'USD', '2023-08-27', '2029-08-27', '2024-01-01', NULL, 'Y');

-- ────────────────────────────────────────
-- l1.facility_master (16 rows)
-- ────────────────────────────────────────
INSERT INTO l1.facility_master (facility_id, credit_agreement_id, counterparty_id, facility_name, facility_type, facility_status, committed_facility_amt, currency_code, origination_date, maturity_date, portfolio_id, industry_code, lob_segment_id, product_node_id, rate_index_id, ledger_account_id, product_id, region_code, interest_rate_type, interest_rate_reference, interest_rate_spread_bps, all_in_rate_pct, day_count_convention, amortization_type, revolving_flag, active_flag, facility_reference, payment_frequency, effective_start_date, effective_end_date, is_current_flag) VALUES (8428, 2352, 2892, 'Rocky — USD Revolver 2028-A', 'REVOLVING_CREDIT', 'ACTIVE', 956290801, 'USD', '2022-02-22', '2028-02-22', 10, 'ENR', 212, 3, 3, 3, 4, 'AMER', 'FLOATING', 'SOFR', 993, 13.21, 'ACT/365', 'BULLET', 'Y', 'Y', 'FAC-2022-08428-A', 'QUARTERLY', '2024-01-01', NULL, 'Y');
INSERT INTO l1.facility_master (facility_id, credit_agreement_id, counterparty_id, facility_name, facility_type, facility_status, committed_facility_amt, currency_code, origination_date, maturity_date, portfolio_id, industry_code, lob_segment_id, product_node_id, rate_index_id, ledger_account_id, product_id, region_code, interest_rate_type, interest_rate_reference, interest_rate_spread_bps, all_in_rate_pct, day_count_convention, amortization_type, revolving_flag, active_flag, facility_reference, payment_frequency, effective_start_date, effective_end_date, is_current_flag) VALUES (8429, 2352, 2892, 'Rocky — USD Term Loan 2028-B', 'TERM_LOAN', 'ACTIVE', 1434436201, 'USD', '2022-02-22', '2028-02-22', 10, 'ENR', 213, 5, 3, 8, 5, 'AMER', 'FLOATING', 'SOFR', 993, 13.72, 'ACT/365', 'BULLET', 'N', 'Y', 'FAC-2022-08429-B', 'MONTHLY', '2024-01-01', NULL, 'Y');
INSERT INTO l1.facility_master (facility_id, credit_agreement_id, counterparty_id, facility_name, facility_type, facility_status, committed_facility_amt, currency_code, origination_date, maturity_date, portfolio_id, industry_code, lob_segment_id, product_node_id, rate_index_id, ledger_account_id, product_id, region_code, interest_rate_type, interest_rate_reference, interest_rate_spread_bps, all_in_rate_pct, day_count_convention, amortization_type, revolving_flag, active_flag, facility_reference, payment_frequency, effective_start_date, effective_end_date, is_current_flag) VALUES (8430, 2353, 2893, 'Florida — USD Revolver 2026-A', 'REVOLVING_CREDIT', 'ACTIVE', 68013919, 'USD', '2020-06-08', '2026-06-08', 10, 'RE', 214, 10, 2, 5, 5, 'AMER', 'FLOATING', 'SOFR', 441, 7.32, 'ACT/360', 'BULLET', 'Y', 'Y', 'FAC-2020-08430-A', 'QUARTERLY', '2024-01-01', NULL, 'Y');
INSERT INTO l1.facility_master (facility_id, credit_agreement_id, counterparty_id, facility_name, facility_type, facility_status, committed_facility_amt, currency_code, origination_date, maturity_date, portfolio_id, industry_code, lob_segment_id, product_node_id, rate_index_id, ledger_account_id, product_id, region_code, interest_rate_type, interest_rate_reference, interest_rate_spread_bps, all_in_rate_pct, day_count_convention, amortization_type, revolving_flag, active_flag, facility_reference, payment_frequency, effective_start_date, effective_end_date, is_current_flag) VALUES (8431, 2353, 2893, 'Florida — USD Term Loan 2026-B', 'TERM_LOAN', 'ACTIVE', 102020878, 'USD', '2020-06-08', '2026-06-08', 9, 'RE', 215, 9, 1, 7, 5, 'AMER', 'FIXED', 'SOFR', 441, 7.81, 'ACT/360', 'BULLET', 'N', 'Y', 'FAC-2020-08431-B', 'MONTHLY', '2024-01-01', NULL, 'Y');
INSERT INTO l1.facility_master (facility_id, credit_agreement_id, counterparty_id, facility_name, facility_type, facility_status, committed_facility_amt, currency_code, origination_date, maturity_date, portfolio_id, industry_code, lob_segment_id, product_node_id, rate_index_id, ledger_account_id, product_id, region_code, interest_rate_type, interest_rate_reference, interest_rate_spread_bps, all_in_rate_pct, day_count_convention, amortization_type, revolving_flag, active_flag, facility_reference, payment_frequency, effective_start_date, effective_end_date, is_current_flag) VALUES (8432, 2354, 2894, 'Pacific — USD Revolver 2027-A', 'REVOLVING_CREDIT', 'ACTIVE', 169174582, 'USD', '2022-01-05', '2027-01-05', 5, 'MAT', 216, 10, 4, 5, 5, 'AMER', 'FLOATING', 'SOFR', 267, 5.77, 'ACT/360', 'BULLET', 'Y', 'Y', 'FAC-2022-08432-A', 'QUARTERLY', '2024-01-01', NULL, 'Y');
INSERT INTO l1.facility_master (facility_id, credit_agreement_id, counterparty_id, facility_name, facility_type, facility_status, committed_facility_amt, currency_code, origination_date, maturity_date, portfolio_id, industry_code, lob_segment_id, product_node_id, rate_index_id, ledger_account_id, product_id, region_code, interest_rate_type, interest_rate_reference, interest_rate_spread_bps, all_in_rate_pct, day_count_convention, amortization_type, revolving_flag, active_flag, facility_reference, payment_frequency, effective_start_date, effective_end_date, is_current_flag) VALUES (8433, 2354, 2894, 'Pacific — USD Term Loan 2027-B', 'TERM_LOAN', 'ACTIVE', 253761874, 'USD', '2022-01-05', '2027-01-05', 1, 'MAT', 217, 7, 2, 5, 3, 'AMER', 'FLOATING', 'SOFR', 267, 5.96, 'ACT/360', 'BULLET', 'N', 'Y', 'FAC-2022-08433-B', 'QUARTERLY', '2024-01-01', NULL, 'Y');
INSERT INTO l1.facility_master (facility_id, credit_agreement_id, counterparty_id, facility_name, facility_type, facility_status, committed_facility_amt, currency_code, origination_date, maturity_date, portfolio_id, industry_code, lob_segment_id, product_node_id, rate_index_id, ledger_account_id, product_id, region_code, interest_rate_type, interest_rate_reference, interest_rate_spread_bps, all_in_rate_pct, day_count_convention, amortization_type, revolving_flag, active_flag, facility_reference, payment_frequency, effective_start_date, effective_end_date, is_current_flag) VALUES (8434, 2355, 2895, 'Shanghai — HKD Revolver 2030-A', 'REVOLVING_CREDIT', 'ACTIVE', 45237229, 'HKD', '2024-08-06', '2030-08-06', 9, 'UTL', 218, 6, 5, 6, 4, 'APAC', 'FLOATING', 'SOFR', 442, 8.19, 'ACT/360', 'BULLET', 'Y', 'Y', 'FAC-2024-08434-A', 'QUARTERLY', '2024-01-01', NULL, 'Y');
INSERT INTO l1.facility_master (facility_id, credit_agreement_id, counterparty_id, facility_name, facility_type, facility_status, committed_facility_amt, currency_code, origination_date, maturity_date, portfolio_id, industry_code, lob_segment_id, product_node_id, rate_index_id, ledger_account_id, product_id, region_code, interest_rate_type, interest_rate_reference, interest_rate_spread_bps, all_in_rate_pct, day_count_convention, amortization_type, revolving_flag, active_flag, facility_reference, payment_frequency, effective_start_date, effective_end_date, is_current_flag) VALUES (8435, 2355, 2895, 'Shanghai — HKD Term Loan 2030-B', 'TERM_LOAN', 'ACTIVE', 67855844, 'HKD', '2024-08-06', '2030-08-06', 10, 'UTL', 219, 3, 1, 5, 2, 'APAC', 'FLOATING', 'SOFR', 442, 8.21, 'ACT/360', 'BULLET', 'N', 'Y', 'FAC-2024-08435-B', 'QUARTERLY', '2024-01-01', NULL, 'Y');
INSERT INTO l1.facility_master (facility_id, credit_agreement_id, counterparty_id, facility_name, facility_type, facility_status, committed_facility_amt, currency_code, origination_date, maturity_date, portfolio_id, industry_code, lob_segment_id, product_node_id, rate_index_id, ledger_account_id, product_id, region_code, interest_rate_type, interest_rate_reference, interest_rate_spread_bps, all_in_rate_pct, day_count_convention, amortization_type, revolving_flag, active_flag, facility_reference, payment_frequency, effective_start_date, effective_end_date, is_current_flag) VALUES (8436, 2356, 2896, 'Alberta — CAD Revolver 2029-A', 'REVOLVING_CREDIT', 'ACTIVE', 167338732, 'CAD', '2023-04-09', '2029-04-09', 2, 'ENR', 220, 10, 5, 8, 1, 'AMER', 'FLOATING', 'CORRA', 1895, 22.54, 'ACT/365', 'BULLET', 'Y', 'Y', 'FAC-2023-08436-A', 'QUARTERLY', '2024-01-01', NULL, 'Y');
INSERT INTO l1.facility_master (facility_id, credit_agreement_id, counterparty_id, facility_name, facility_type, facility_status, committed_facility_amt, currency_code, origination_date, maturity_date, portfolio_id, industry_code, lob_segment_id, product_node_id, rate_index_id, ledger_account_id, product_id, region_code, interest_rate_type, interest_rate_reference, interest_rate_spread_bps, all_in_rate_pct, day_count_convention, amortization_type, revolving_flag, active_flag, facility_reference, payment_frequency, effective_start_date, effective_end_date, is_current_flag) VALUES (8437, 2356, 2896, 'Alberta — CAD Term Loan 2029-B', 'TERM_LOAN', 'ACTIVE', 251008099, 'CAD', '2023-04-09', '2029-04-09', 9, 'ENR', 221, 6, 3, 3, 2, 'AMER', 'FLOATING', 'CORRA', 1895, 22.71, 'ACT/360', 'AMORTIZING', 'N', 'Y', 'FAC-2023-08437-B', 'QUARTERLY', '2024-01-01', NULL, 'Y');
INSERT INTO l1.facility_master (facility_id, credit_agreement_id, counterparty_id, facility_name, facility_type, facility_status, committed_facility_amt, currency_code, origination_date, maturity_date, portfolio_id, industry_code, lob_segment_id, product_node_id, rate_index_id, ledger_account_id, product_id, region_code, interest_rate_type, interest_rate_reference, interest_rate_spread_bps, all_in_rate_pct, day_count_convention, amortization_type, revolving_flag, active_flag, facility_reference, payment_frequency, effective_start_date, effective_end_date, is_current_flag) VALUES (8438, 2357, 2897, 'Queensland — AUD Revolver 2030-A', 'REVOLVING_CREDIT', 'ACTIVE', 37605487, 'AUD', '2024-07-13', '2030-07-13', 10, 'CS', 222, 9, 5, 7, 5, 'APAC', 'FLOATING', 'BBSW', 998, 13.28, 'ACT/360', 'BULLET', 'Y', 'Y', 'FAC-2024-08438-A', 'MONTHLY', '2024-01-01', NULL, 'Y');
INSERT INTO l1.facility_master (facility_id, credit_agreement_id, counterparty_id, facility_name, facility_type, facility_status, committed_facility_amt, currency_code, origination_date, maturity_date, portfolio_id, industry_code, lob_segment_id, product_node_id, rate_index_id, ledger_account_id, product_id, region_code, interest_rate_type, interest_rate_reference, interest_rate_spread_bps, all_in_rate_pct, day_count_convention, amortization_type, revolving_flag, active_flag, facility_reference, payment_frequency, effective_start_date, effective_end_date, is_current_flag) VALUES (8439, 2357, 2897, 'Queensland — AUD Term Loan 2030-B', 'TERM_LOAN', 'ACTIVE', 56408231, 'AUD', '2024-07-13', '2030-07-13', 10, 'CS', 223, 8, 3, 1, 5, 'APAC', 'FLOATING', 'BBSW', 998, 12.64, 'ACT/360', 'BULLET', 'N', 'Y', 'FAC-2024-08439-B', 'QUARTERLY', '2024-01-01', NULL, 'Y');
INSERT INTO l1.facility_master (facility_id, credit_agreement_id, counterparty_id, facility_name, facility_type, facility_status, committed_facility_amt, currency_code, origination_date, maturity_date, portfolio_id, industry_code, lob_segment_id, product_node_id, rate_index_id, ledger_account_id, product_id, region_code, interest_rate_type, interest_rate_reference, interest_rate_spread_bps, all_in_rate_pct, day_count_convention, amortization_type, revolving_flag, active_flag, facility_reference, payment_frequency, effective_start_date, effective_end_date, is_current_flag) VALUES (8440, 2358, 2898, 'Lagos — GBP Revolver 2026-A', 'REVOLVING_CREDIT', 'ACTIVE', 37030394, 'GBP', '2021-09-01', '2026-09-01', 2, 'IND', 224, 8, 5, 3, 3, 'EMEA', 'FLOATING', 'SONIA', 987, 12.84, 'ACT/360', 'BULLET', 'Y', 'Y', 'FAC-2021-08440-A', 'MONTHLY', '2024-01-01', NULL, 'Y');
INSERT INTO l1.facility_master (facility_id, credit_agreement_id, counterparty_id, facility_name, facility_type, facility_status, committed_facility_amt, currency_code, origination_date, maturity_date, portfolio_id, industry_code, lob_segment_id, product_node_id, rate_index_id, ledger_account_id, product_id, region_code, interest_rate_type, interest_rate_reference, interest_rate_spread_bps, all_in_rate_pct, day_count_convention, amortization_type, revolving_flag, active_flag, facility_reference, payment_frequency, effective_start_date, effective_end_date, is_current_flag) VALUES (8441, 2358, 2898, 'Lagos — GBP Term Loan 2026-B', 'TERM_LOAN', 'ACTIVE', 55545592, 'GBP', '2021-09-01', '2026-09-01', 9, 'IND', 225, 4, 2, 5, 1, 'EMEA', 'FLOATING', 'SONIA', 987, 12.54, 'ACT/360', 'BULLET', 'N', 'Y', 'FAC-2021-08441-B', 'QUARTERLY', '2024-01-01', NULL, 'Y');
INSERT INTO l1.facility_master (facility_id, credit_agreement_id, counterparty_id, facility_name, facility_type, facility_status, committed_facility_amt, currency_code, origination_date, maturity_date, portfolio_id, industry_code, lob_segment_id, product_node_id, rate_index_id, ledger_account_id, product_id, region_code, interest_rate_type, interest_rate_reference, interest_rate_spread_bps, all_in_rate_pct, day_count_convention, amortization_type, revolving_flag, active_flag, facility_reference, payment_frequency, effective_start_date, effective_end_date, is_current_flag) VALUES (8442, 2359, 2899, 'Midwest — USD Revolver 2028-A', 'REVOLVING_CREDIT', 'ACTIVE', 30023114, 'USD', '2023-07-22', '2028-07-22', 2, 'CS', 226, 2, 4, 5, 4, 'AMER', 'FLOATING', 'SOFR', 445, 8.05, 'ACT/360', 'BULLET', 'Y', 'Y', 'FAC-2023-08442-A', 'QUARTERLY', '2024-01-01', NULL, 'Y');
INSERT INTO l1.facility_master (facility_id, credit_agreement_id, counterparty_id, facility_name, facility_type, facility_status, committed_facility_amt, currency_code, origination_date, maturity_date, portfolio_id, industry_code, lob_segment_id, product_node_id, rate_index_id, ledger_account_id, product_id, region_code, interest_rate_type, interest_rate_reference, interest_rate_spread_bps, all_in_rate_pct, day_count_convention, amortization_type, revolving_flag, active_flag, facility_reference, payment_frequency, effective_start_date, effective_end_date, is_current_flag) VALUES (8443, 2359, 2899, 'Midwest — USD Term Loan 2028-B', 'TERM_LOAN', 'ACTIVE', 45034671, 'USD', '2023-07-22', '2028-07-22', 2, 'CS', 227, 10, 4, 1, 3, 'AMER', 'FLOATING', 'SOFR', 445, 7.77, 'ACT/360', 'AMORTIZING', 'N', 'Y', 'FAC-2023-08443-B', 'MONTHLY', '2024-01-01', NULL, 'Y');

-- ────────────────────────────────────────
-- l1.facility_lender_allocation (16 rows)
-- ────────────────────────────────────────
INSERT INTO l1.facility_lender_allocation (lender_allocation_id, facility_id, legal_entity_id, allocation_role, bank_share_pct, is_current_flag, effective_start_date, effective_end_date) VALUES (100285, 8428, 3, 'LEAD_ARRANGER', 1, 'Y', '2022-02-22', NULL);
INSERT INTO l1.facility_lender_allocation (lender_allocation_id, facility_id, legal_entity_id, allocation_role, bank_share_pct, is_current_flag, effective_start_date, effective_end_date) VALUES (100286, 8429, 1, 'LEAD_ARRANGER', 1, 'Y', '2022-02-22', NULL);
INSERT INTO l1.facility_lender_allocation (lender_allocation_id, facility_id, legal_entity_id, allocation_role, bank_share_pct, is_current_flag, effective_start_date, effective_end_date) VALUES (100287, 8430, 5, 'LEAD_ARRANGER', 1, 'Y', '2020-06-08', NULL);
INSERT INTO l1.facility_lender_allocation (lender_allocation_id, facility_id, legal_entity_id, allocation_role, bank_share_pct, is_current_flag, effective_start_date, effective_end_date) VALUES (100288, 8431, 1, 'LEAD_ARRANGER', 1, 'Y', '2020-06-08', NULL);
INSERT INTO l1.facility_lender_allocation (lender_allocation_id, facility_id, legal_entity_id, allocation_role, bank_share_pct, is_current_flag, effective_start_date, effective_end_date) VALUES (100289, 8432, 5, 'LEAD_ARRANGER', 1, 'Y', '2022-01-05', NULL);
INSERT INTO l1.facility_lender_allocation (lender_allocation_id, facility_id, legal_entity_id, allocation_role, bank_share_pct, is_current_flag, effective_start_date, effective_end_date) VALUES (100290, 8433, 5, 'LEAD_ARRANGER', 1, 'Y', '2022-01-05', NULL);
INSERT INTO l1.facility_lender_allocation (lender_allocation_id, facility_id, legal_entity_id, allocation_role, bank_share_pct, is_current_flag, effective_start_date, effective_end_date) VALUES (100291, 8434, 1, 'LEAD_ARRANGER', 1, 'Y', '2024-08-06', NULL);
INSERT INTO l1.facility_lender_allocation (lender_allocation_id, facility_id, legal_entity_id, allocation_role, bank_share_pct, is_current_flag, effective_start_date, effective_end_date) VALUES (100292, 8435, 5, 'LEAD_ARRANGER', 1, 'Y', '2024-08-06', NULL);
INSERT INTO l1.facility_lender_allocation (lender_allocation_id, facility_id, legal_entity_id, allocation_role, bank_share_pct, is_current_flag, effective_start_date, effective_end_date) VALUES (100293, 8436, 1, 'LEAD_ARRANGER', 1, 'Y', '2023-04-09', NULL);
INSERT INTO l1.facility_lender_allocation (lender_allocation_id, facility_id, legal_entity_id, allocation_role, bank_share_pct, is_current_flag, effective_start_date, effective_end_date) VALUES (100294, 8437, 3, 'LEAD_ARRANGER', 1, 'Y', '2023-04-09', NULL);
INSERT INTO l1.facility_lender_allocation (lender_allocation_id, facility_id, legal_entity_id, allocation_role, bank_share_pct, is_current_flag, effective_start_date, effective_end_date) VALUES (100295, 8438, 1, 'LEAD_ARRANGER', 1, 'Y', '2024-07-13', NULL);
INSERT INTO l1.facility_lender_allocation (lender_allocation_id, facility_id, legal_entity_id, allocation_role, bank_share_pct, is_current_flag, effective_start_date, effective_end_date) VALUES (100296, 8439, 1, 'LEAD_ARRANGER', 1, 'Y', '2024-07-13', NULL);
INSERT INTO l1.facility_lender_allocation (lender_allocation_id, facility_id, legal_entity_id, allocation_role, bank_share_pct, is_current_flag, effective_start_date, effective_end_date) VALUES (100297, 8440, 3, 'LEAD_ARRANGER', 1, 'Y', '2021-09-01', NULL);
INSERT INTO l1.facility_lender_allocation (lender_allocation_id, facility_id, legal_entity_id, allocation_role, bank_share_pct, is_current_flag, effective_start_date, effective_end_date) VALUES (100298, 8441, 5, 'LEAD_ARRANGER', 1, 'Y', '2021-09-01', NULL);
INSERT INTO l1.facility_lender_allocation (lender_allocation_id, facility_id, legal_entity_id, allocation_role, bank_share_pct, is_current_flag, effective_start_date, effective_end_date) VALUES (100299, 8442, 5, 'LEAD_ARRANGER', 1, 'Y', '2023-07-22', NULL);
INSERT INTO l1.facility_lender_allocation (lender_allocation_id, facility_id, legal_entity_id, allocation_role, bank_share_pct, is_current_flag, effective_start_date, effective_end_date) VALUES (100300, 8443, 1, 'LEAD_ARRANGER', 1, 'Y', '2023-07-22', NULL);

-- ────────────────────────────────────────
-- l2.facility_exposure_snapshot (48 rows)
-- ────────────────────────────────────────
INSERT INTO l2.facility_exposure_snapshot (facility_exposure_id, facility_id, counterparty_id, as_of_date, exposure_type_id, drawn_amount, committed_amount, undrawn_amount, currency_code, limit_status_code) VALUES (200853, 8428, 2892, '2024-11-30', 1, 765032641, 956290801, 191258160, 'USD', 'WITHIN_LIMIT');
INSERT INTO l2.facility_exposure_snapshot (facility_exposure_id, facility_id, counterparty_id, as_of_date, exposure_type_id, drawn_amount, committed_amount, undrawn_amount, currency_code, limit_status_code) VALUES (200854, 8428, 2892, '2024-12-31', 1, 812847181, 956290801, 143443620, 'USD', 'WITHIN_LIMIT');
INSERT INTO l2.facility_exposure_snapshot (facility_exposure_id, facility_id, counterparty_id, as_of_date, exposure_type_id, drawn_amount, committed_amount, undrawn_amount, currency_code, limit_status_code) VALUES (200855, 8428, 2892, '2025-01-31', 1, 784158457, 956290801, 172132344, 'USD', 'WITHIN_LIMIT');
INSERT INTO l2.facility_exposure_snapshot (facility_exposure_id, facility_id, counterparty_id, as_of_date, exposure_type_id, drawn_amount, committed_amount, undrawn_amount, currency_code, limit_status_code) VALUES (200856, 8429, 2892, '2024-11-30', 1, 1147548961, 1434436201, 286887240, 'USD', 'WITHIN_LIMIT');
INSERT INTO l2.facility_exposure_snapshot (facility_exposure_id, facility_id, counterparty_id, as_of_date, exposure_type_id, drawn_amount, committed_amount, undrawn_amount, currency_code, limit_status_code) VALUES (200857, 8429, 2892, '2024-12-31', 1, 1219270771, 1434436201, 215165430, 'USD', 'WITHIN_LIMIT');
INSERT INTO l2.facility_exposure_snapshot (facility_exposure_id, facility_id, counterparty_id, as_of_date, exposure_type_id, drawn_amount, committed_amount, undrawn_amount, currency_code, limit_status_code) VALUES (200858, 8429, 2892, '2025-01-31', 1, 1176237685, 1434436201, 258198516, 'USD', 'WITHIN_LIMIT');
INSERT INTO l2.facility_exposure_snapshot (facility_exposure_id, facility_id, counterparty_id, as_of_date, exposure_type_id, drawn_amount, committed_amount, undrawn_amount, currency_code, limit_status_code) VALUES (200859, 8430, 2893, '2024-11-30', 1, 53050857, 68013919, 14963062, 'USD', 'WITHIN_LIMIT');
INSERT INTO l2.facility_exposure_snapshot (facility_exposure_id, facility_id, counterparty_id, as_of_date, exposure_type_id, drawn_amount, committed_amount, undrawn_amount, currency_code, limit_status_code) VALUES (200860, 8430, 2893, '2024-12-31', 1, 47609743, 68013919, 20404176, 'USD', 'WITHIN_LIMIT');
INSERT INTO l2.facility_exposure_snapshot (facility_exposure_id, facility_id, counterparty_id, as_of_date, exposure_type_id, drawn_amount, committed_amount, undrawn_amount, currency_code, limit_status_code) VALUES (200861, 8430, 2893, '2025-01-31', 1, 42168630, 68013919, 25845289, 'USD', 'WITHIN_LIMIT');
INSERT INTO l2.facility_exposure_snapshot (facility_exposure_id, facility_id, counterparty_id, as_of_date, exposure_type_id, drawn_amount, committed_amount, undrawn_amount, currency_code, limit_status_code) VALUES (200862, 8431, 2893, '2024-11-30', 1, 79576285, 102020878, 22444593, 'USD', 'WITHIN_LIMIT');
INSERT INTO l2.facility_exposure_snapshot (facility_exposure_id, facility_id, counterparty_id, as_of_date, exposure_type_id, drawn_amount, committed_amount, undrawn_amount, currency_code, limit_status_code) VALUES (200863, 8431, 2893, '2024-12-31', 1, 71414615, 102020878, 30606263, 'USD', 'WITHIN_LIMIT');
INSERT INTO l2.facility_exposure_snapshot (facility_exposure_id, facility_id, counterparty_id, as_of_date, exposure_type_id, drawn_amount, committed_amount, undrawn_amount, currency_code, limit_status_code) VALUES (200864, 8431, 2893, '2025-01-31', 1, 63252944, 102020878, 38767934, 'USD', 'WITHIN_LIMIT');
INSERT INTO l2.facility_exposure_snapshot (facility_exposure_id, facility_id, counterparty_id, as_of_date, exposure_type_id, drawn_amount, committed_amount, undrawn_amount, currency_code, limit_status_code) VALUES (200865, 8432, 2894, '2024-11-30', 1, 131956174, 169174582, 37218408, 'USD', 'WITHIN_LIMIT');
INSERT INTO l2.facility_exposure_snapshot (facility_exposure_id, facility_id, counterparty_id, as_of_date, exposure_type_id, drawn_amount, committed_amount, undrawn_amount, currency_code, limit_status_code) VALUES (200866, 8432, 2894, '2024-12-31', 1, 118422207, 169174582, 50752375, 'USD', 'WITHIN_LIMIT');
INSERT INTO l2.facility_exposure_snapshot (facility_exposure_id, facility_id, counterparty_id, as_of_date, exposure_type_id, drawn_amount, committed_amount, undrawn_amount, currency_code, limit_status_code) VALUES (200867, 8432, 2894, '2025-01-31', 1, 104888241, 169174582, 64286341, 'USD', 'WITHIN_LIMIT');
INSERT INTO l2.facility_exposure_snapshot (facility_exposure_id, facility_id, counterparty_id, as_of_date, exposure_type_id, drawn_amount, committed_amount, undrawn_amount, currency_code, limit_status_code) VALUES (200868, 8433, 2894, '2024-11-30', 1, 197934262, 253761874, 55827612, 'USD', 'WITHIN_LIMIT');
INSERT INTO l2.facility_exposure_snapshot (facility_exposure_id, facility_id, counterparty_id, as_of_date, exposure_type_id, drawn_amount, committed_amount, undrawn_amount, currency_code, limit_status_code) VALUES (200869, 8433, 2894, '2024-12-31', 1, 177633312, 253761874, 76128562, 'USD', 'WITHIN_LIMIT');
INSERT INTO l2.facility_exposure_snapshot (facility_exposure_id, facility_id, counterparty_id, as_of_date, exposure_type_id, drawn_amount, committed_amount, undrawn_amount, currency_code, limit_status_code) VALUES (200870, 8433, 2894, '2025-01-31', 1, 157332362, 253761874, 96429512, 'USD', 'WITHIN_LIMIT');
INSERT INTO l2.facility_exposure_snapshot (facility_exposure_id, facility_id, counterparty_id, as_of_date, exposure_type_id, drawn_amount, committed_amount, undrawn_amount, currency_code, limit_status_code) VALUES (200871, 8434, 2895, '2024-11-30', 1, 35285039, 45237229, 9952190, 'HKD', 'WITHIN_LIMIT');
INSERT INTO l2.facility_exposure_snapshot (facility_exposure_id, facility_id, counterparty_id, as_of_date, exposure_type_id, drawn_amount, committed_amount, undrawn_amount, currency_code, limit_status_code) VALUES (200872, 8434, 2895, '2024-12-31', 1, 31666060, 45237229, 13571169, 'HKD', 'WITHIN_LIMIT');
INSERT INTO l2.facility_exposure_snapshot (facility_exposure_id, facility_id, counterparty_id, as_of_date, exposure_type_id, drawn_amount, committed_amount, undrawn_amount, currency_code, limit_status_code) VALUES (200873, 8434, 2895, '2025-01-31', 1, 28047082, 45237229, 17190147, 'HKD', 'WITHIN_LIMIT');
INSERT INTO l2.facility_exposure_snapshot (facility_exposure_id, facility_id, counterparty_id, as_of_date, exposure_type_id, drawn_amount, committed_amount, undrawn_amount, currency_code, limit_status_code) VALUES (200874, 8435, 2895, '2024-11-30', 1, 52927558, 67855844, 14928286, 'HKD', 'WITHIN_LIMIT');
INSERT INTO l2.facility_exposure_snapshot (facility_exposure_id, facility_id, counterparty_id, as_of_date, exposure_type_id, drawn_amount, committed_amount, undrawn_amount, currency_code, limit_status_code) VALUES (200875, 8435, 2895, '2024-12-31', 1, 47499091, 67855844, 20356753, 'HKD', 'WITHIN_LIMIT');
INSERT INTO l2.facility_exposure_snapshot (facility_exposure_id, facility_id, counterparty_id, as_of_date, exposure_type_id, drawn_amount, committed_amount, undrawn_amount, currency_code, limit_status_code) VALUES (200876, 8435, 2895, '2025-01-31', 1, 42070623, 67855844, 25785221, 'HKD', 'WITHIN_LIMIT');
INSERT INTO l2.facility_exposure_snapshot (facility_exposure_id, facility_id, counterparty_id, as_of_date, exposure_type_id, drawn_amount, committed_amount, undrawn_amount, currency_code, limit_status_code) VALUES (200877, 8436, 2896, '2024-11-30', 1, 133870986, 167338732, 33467746, 'CAD', 'WITHIN_LIMIT');
INSERT INTO l2.facility_exposure_snapshot (facility_exposure_id, facility_id, counterparty_id, as_of_date, exposure_type_id, drawn_amount, committed_amount, undrawn_amount, currency_code, limit_status_code) VALUES (200878, 8436, 2896, '2024-12-31', 1, 142237922, 167338732, 25100810, 'CAD', 'WITHIN_LIMIT');
INSERT INTO l2.facility_exposure_snapshot (facility_exposure_id, facility_id, counterparty_id, as_of_date, exposure_type_id, drawn_amount, committed_amount, undrawn_amount, currency_code, limit_status_code) VALUES (200879, 8436, 2896, '2025-01-31', 1, 137217760, 167338732, 30120972, 'CAD', 'WITHIN_LIMIT');
INSERT INTO l2.facility_exposure_snapshot (facility_exposure_id, facility_id, counterparty_id, as_of_date, exposure_type_id, drawn_amount, committed_amount, undrawn_amount, currency_code, limit_status_code) VALUES (200880, 8437, 2896, '2024-11-30', 1, 200806479, 251008099, 50201620, 'CAD', 'WITHIN_LIMIT');
INSERT INTO l2.facility_exposure_snapshot (facility_exposure_id, facility_id, counterparty_id, as_of_date, exposure_type_id, drawn_amount, committed_amount, undrawn_amount, currency_code, limit_status_code) VALUES (200881, 8437, 2896, '2024-12-31', 1, 213356884, 251008099, 37651215, 'CAD', 'WITHIN_LIMIT');
INSERT INTO l2.facility_exposure_snapshot (facility_exposure_id, facility_id, counterparty_id, as_of_date, exposure_type_id, drawn_amount, committed_amount, undrawn_amount, currency_code, limit_status_code) VALUES (200882, 8437, 2896, '2025-01-31', 1, 205826641, 251008099, 45181458, 'CAD', 'WITHIN_LIMIT');
INSERT INTO l2.facility_exposure_snapshot (facility_exposure_id, facility_id, counterparty_id, as_of_date, exposure_type_id, drawn_amount, committed_amount, undrawn_amount, currency_code, limit_status_code) VALUES (200883, 8438, 2897, '2024-11-30', 1, 29332280, 37605487, 8273207, 'AUD', 'WITHIN_LIMIT');
INSERT INTO l2.facility_exposure_snapshot (facility_exposure_id, facility_id, counterparty_id, as_of_date, exposure_type_id, drawn_amount, committed_amount, undrawn_amount, currency_code, limit_status_code) VALUES (200884, 8438, 2897, '2024-12-31', 1, 26323841, 37605487, 11281646, 'AUD', 'WITHIN_LIMIT');
INSERT INTO l2.facility_exposure_snapshot (facility_exposure_id, facility_id, counterparty_id, as_of_date, exposure_type_id, drawn_amount, committed_amount, undrawn_amount, currency_code, limit_status_code) VALUES (200885, 8438, 2897, '2025-01-31', 1, 23315402, 37605487, 14290085, 'AUD', 'WITHIN_LIMIT');
INSERT INTO l2.facility_exposure_snapshot (facility_exposure_id, facility_id, counterparty_id, as_of_date, exposure_type_id, drawn_amount, committed_amount, undrawn_amount, currency_code, limit_status_code) VALUES (200886, 8439, 2897, '2024-11-30', 1, 43998420, 56408231, 12409811, 'AUD', 'WITHIN_LIMIT');
INSERT INTO l2.facility_exposure_snapshot (facility_exposure_id, facility_id, counterparty_id, as_of_date, exposure_type_id, drawn_amount, committed_amount, undrawn_amount, currency_code, limit_status_code) VALUES (200887, 8439, 2897, '2024-12-31', 1, 39485762, 56408231, 16922469, 'AUD', 'WITHIN_LIMIT');
INSERT INTO l2.facility_exposure_snapshot (facility_exposure_id, facility_id, counterparty_id, as_of_date, exposure_type_id, drawn_amount, committed_amount, undrawn_amount, currency_code, limit_status_code) VALUES (200888, 8439, 2897, '2025-01-31', 1, 34973103, 56408231, 21435128, 'AUD', 'WITHIN_LIMIT');
INSERT INTO l2.facility_exposure_snapshot (facility_exposure_id, facility_id, counterparty_id, as_of_date, exposure_type_id, drawn_amount, committed_amount, undrawn_amount, currency_code, limit_status_code) VALUES (200889, 8440, 2898, '2024-11-30', 1, 29624315, 37030394, 7406079, 'GBP', 'WITHIN_LIMIT');
INSERT INTO l2.facility_exposure_snapshot (facility_exposure_id, facility_id, counterparty_id, as_of_date, exposure_type_id, drawn_amount, committed_amount, undrawn_amount, currency_code, limit_status_code) VALUES (200890, 8440, 2898, '2024-12-31', 1, 31475835, 37030394, 5554559, 'GBP', 'WITHIN_LIMIT');
INSERT INTO l2.facility_exposure_snapshot (facility_exposure_id, facility_id, counterparty_id, as_of_date, exposure_type_id, drawn_amount, committed_amount, undrawn_amount, currency_code, limit_status_code) VALUES (200891, 8440, 2898, '2025-01-31', 1, 30364923, 37030394, 6665471, 'GBP', 'WITHIN_LIMIT');
INSERT INTO l2.facility_exposure_snapshot (facility_exposure_id, facility_id, counterparty_id, as_of_date, exposure_type_id, drawn_amount, committed_amount, undrawn_amount, currency_code, limit_status_code) VALUES (200892, 8441, 2898, '2024-11-30', 1, 44436474, 55545592, 11109118, 'GBP', 'WITHIN_LIMIT');
INSERT INTO l2.facility_exposure_snapshot (facility_exposure_id, facility_id, counterparty_id, as_of_date, exposure_type_id, drawn_amount, committed_amount, undrawn_amount, currency_code, limit_status_code) VALUES (200893, 8441, 2898, '2024-12-31', 1, 47213753, 55545592, 8331839, 'GBP', 'WITHIN_LIMIT');
INSERT INTO l2.facility_exposure_snapshot (facility_exposure_id, facility_id, counterparty_id, as_of_date, exposure_type_id, drawn_amount, committed_amount, undrawn_amount, currency_code, limit_status_code) VALUES (200894, 8441, 2898, '2025-01-31', 1, 45547385, 55545592, 9998207, 'GBP', 'WITHIN_LIMIT');
INSERT INTO l2.facility_exposure_snapshot (facility_exposure_id, facility_id, counterparty_id, as_of_date, exposure_type_id, drawn_amount, committed_amount, undrawn_amount, currency_code, limit_status_code) VALUES (200895, 8442, 2899, '2024-11-30', 1, 23418029, 30023114, 6605085, 'USD', 'WITHIN_LIMIT');
INSERT INTO l2.facility_exposure_snapshot (facility_exposure_id, facility_id, counterparty_id, as_of_date, exposure_type_id, drawn_amount, committed_amount, undrawn_amount, currency_code, limit_status_code) VALUES (200896, 8442, 2899, '2024-12-31', 1, 21016180, 30023114, 9006934, 'USD', 'WITHIN_LIMIT');
INSERT INTO l2.facility_exposure_snapshot (facility_exposure_id, facility_id, counterparty_id, as_of_date, exposure_type_id, drawn_amount, committed_amount, undrawn_amount, currency_code, limit_status_code) VALUES (200897, 8442, 2899, '2025-01-31', 1, 18614331, 30023114, 11408783, 'USD', 'WITHIN_LIMIT');
INSERT INTO l2.facility_exposure_snapshot (facility_exposure_id, facility_id, counterparty_id, as_of_date, exposure_type_id, drawn_amount, committed_amount, undrawn_amount, currency_code, limit_status_code) VALUES (200898, 8443, 2899, '2024-11-30', 1, 35127043, 45034671, 9907628, 'USD', 'WITHIN_LIMIT');
INSERT INTO l2.facility_exposure_snapshot (facility_exposure_id, facility_id, counterparty_id, as_of_date, exposure_type_id, drawn_amount, committed_amount, undrawn_amount, currency_code, limit_status_code) VALUES (200899, 8443, 2899, '2024-12-31', 1, 31524270, 45034671, 13510401, 'USD', 'WITHIN_LIMIT');
INSERT INTO l2.facility_exposure_snapshot (facility_exposure_id, facility_id, counterparty_id, as_of_date, exposure_type_id, drawn_amount, committed_amount, undrawn_amount, currency_code, limit_status_code) VALUES (200900, 8443, 2899, '2025-01-31', 1, 27921496, 45034671, 17113175, 'USD', 'WITHIN_LIMIT');

-- ────────────────────────────────────────
-- l2.risk_flag (32 rows)
-- ────────────────────────────────────────
INSERT INTO l2.risk_flag (risk_flag_id, facility_id, counterparty_id, flag_type, flag_code, flag_severity, as_of_date, flag_description) VALUES (8201, 8428, 2892, 'WATCH_LIST', 'STRESS_TEST_BREACH', 'HIGH', '2025-01-31', 'Climate stress losses $1.2B — exceeding $1B climate risk buffer');
INSERT INTO l2.risk_flag (risk_flag_id, facility_id, counterparty_id, flag_type, flag_code, flag_severity, as_of_date, flag_description) VALUES (8202, 8430, 2893, 'WATCH_LIST', 'STRESS_TEST_BREACH', 'HIGH', '2025-01-31', 'Climate stress losses $1.2B — exceeding $1B climate risk buffer');
INSERT INTO l2.risk_flag (risk_flag_id, facility_id, counterparty_id, flag_type, flag_code, flag_severity, as_of_date, flag_description) VALUES (8203, 8432, 2894, 'WATCH_LIST', 'STRESS_TEST_BREACH', 'HIGH', '2025-01-31', 'Climate stress losses $1.2B — exceeding $1B climate risk buffer');
INSERT INTO l2.risk_flag (risk_flag_id, facility_id, counterparty_id, flag_type, flag_code, flag_severity, as_of_date, flag_description) VALUES (8204, 8434, 2895, 'WATCH_LIST', 'STRESS_TEST_BREACH', 'HIGH', '2025-01-31', 'Climate stress losses $1.2B — exceeding $1B climate risk buffer');
INSERT INTO l2.risk_flag (risk_flag_id, facility_id, counterparty_id, flag_type, flag_code, flag_severity, as_of_date, flag_description) VALUES (8205, 8436, 2896, 'WATCH_LIST', 'STRESS_TEST_BREACH', 'HIGH', '2025-01-31', 'Climate stress losses $1.2B — exceeding $1B climate risk buffer');
INSERT INTO l2.risk_flag (risk_flag_id, facility_id, counterparty_id, flag_type, flag_code, flag_severity, as_of_date, flag_description) VALUES (8206, 8438, 2897, 'WATCH_LIST', 'STRESS_TEST_BREACH', 'HIGH', '2025-01-31', 'Climate stress losses $1.2B — exceeding $1B climate risk buffer');
INSERT INTO l2.risk_flag (risk_flag_id, facility_id, counterparty_id, flag_type, flag_code, flag_severity, as_of_date, flag_description) VALUES (8207, 8440, 2898, 'WATCH_LIST', 'STRESS_TEST_BREACH', 'HIGH', '2025-01-31', 'Climate stress losses $1.2B — exceeding $1B climate risk buffer');
INSERT INTO l2.risk_flag (risk_flag_id, facility_id, counterparty_id, flag_type, flag_code, flag_severity, as_of_date, flag_description) VALUES (8208, 8442, 2899, 'WATCH_LIST', 'STRESS_TEST_BREACH', 'HIGH', '2025-01-31', 'Climate stress losses $1.2B — exceeding $1B climate risk buffer');
INSERT INTO l2.risk_flag (risk_flag_id, facility_id, counterparty_id, flag_type, flag_code, flag_severity, as_of_date, flag_description) VALUES (8209, 8428, 2892, 'WATCH_LIST', 'CLIMATE_TRANSITION_RISK', 'HIGH', '2025-01-31', 'Carbon pricing at $100/ton renders 3 energy borrowers cash flow negative');
INSERT INTO l2.risk_flag (risk_flag_id, facility_id, counterparty_id, flag_type, flag_code, flag_severity, as_of_date, flag_description) VALUES (8210, 8430, 2893, 'WATCH_LIST', 'CLIMATE_TRANSITION_RISK', 'HIGH', '2025-01-31', 'Carbon pricing at $100/ton renders 3 energy borrowers cash flow negative');
INSERT INTO l2.risk_flag (risk_flag_id, facility_id, counterparty_id, flag_type, flag_code, flag_severity, as_of_date, flag_description) VALUES (8211, 8432, 2894, 'WATCH_LIST', 'CLIMATE_TRANSITION_RISK', 'HIGH', '2025-01-31', 'Carbon pricing at $100/ton renders 3 energy borrowers cash flow negative');
INSERT INTO l2.risk_flag (risk_flag_id, facility_id, counterparty_id, flag_type, flag_code, flag_severity, as_of_date, flag_description) VALUES (8212, 8434, 2895, 'WATCH_LIST', 'CLIMATE_TRANSITION_RISK', 'HIGH', '2025-01-31', 'Carbon pricing at $100/ton renders 3 energy borrowers cash flow negative');
INSERT INTO l2.risk_flag (risk_flag_id, facility_id, counterparty_id, flag_type, flag_code, flag_severity, as_of_date, flag_description) VALUES (8213, 8436, 2896, 'WATCH_LIST', 'CLIMATE_TRANSITION_RISK', 'HIGH', '2025-01-31', 'Carbon pricing at $100/ton renders 3 energy borrowers cash flow negative');
INSERT INTO l2.risk_flag (risk_flag_id, facility_id, counterparty_id, flag_type, flag_code, flag_severity, as_of_date, flag_description) VALUES (8214, 8438, 2897, 'WATCH_LIST', 'CLIMATE_TRANSITION_RISK', 'HIGH', '2025-01-31', 'Carbon pricing at $100/ton renders 3 energy borrowers cash flow negative');
INSERT INTO l2.risk_flag (risk_flag_id, facility_id, counterparty_id, flag_type, flag_code, flag_severity, as_of_date, flag_description) VALUES (8215, 8440, 2898, 'WATCH_LIST', 'CLIMATE_TRANSITION_RISK', 'HIGH', '2025-01-31', 'Carbon pricing at $100/ton renders 3 energy borrowers cash flow negative');
INSERT INTO l2.risk_flag (risk_flag_id, facility_id, counterparty_id, flag_type, flag_code, flag_severity, as_of_date, flag_description) VALUES (8216, 8442, 2899, 'WATCH_LIST', 'CLIMATE_TRANSITION_RISK', 'HIGH', '2025-01-31', 'Carbon pricing at $100/ton renders 3 energy borrowers cash flow negative');
INSERT INTO l2.risk_flag (risk_flag_id, facility_id, counterparty_id, flag_type, flag_code, flag_severity, as_of_date, flag_description) VALUES (8217, 8428, 2892, 'WATCH_LIST', 'CLIMATE_PHYSICAL_RISK', 'HIGH', '2025-01-31', 'Extreme weather scenario impacts coastal RE and agricultural assets');
INSERT INTO l2.risk_flag (risk_flag_id, facility_id, counterparty_id, flag_type, flag_code, flag_severity, as_of_date, flag_description) VALUES (8218, 8430, 2893, 'WATCH_LIST', 'CLIMATE_PHYSICAL_RISK', 'HIGH', '2025-01-31', 'Extreme weather scenario impacts coastal RE and agricultural assets');
INSERT INTO l2.risk_flag (risk_flag_id, facility_id, counterparty_id, flag_type, flag_code, flag_severity, as_of_date, flag_description) VALUES (8219, 8432, 2894, 'WATCH_LIST', 'CLIMATE_PHYSICAL_RISK', 'HIGH', '2025-01-31', 'Extreme weather scenario impacts coastal RE and agricultural assets');
INSERT INTO l2.risk_flag (risk_flag_id, facility_id, counterparty_id, flag_type, flag_code, flag_severity, as_of_date, flag_description) VALUES (8220, 8434, 2895, 'WATCH_LIST', 'CLIMATE_PHYSICAL_RISK', 'HIGH', '2025-01-31', 'Extreme weather scenario impacts coastal RE and agricultural assets');
INSERT INTO l2.risk_flag (risk_flag_id, facility_id, counterparty_id, flag_type, flag_code, flag_severity, as_of_date, flag_description) VALUES (8221, 8436, 2896, 'WATCH_LIST', 'CLIMATE_PHYSICAL_RISK', 'HIGH', '2025-01-31', 'Extreme weather scenario impacts coastal RE and agricultural assets');
INSERT INTO l2.risk_flag (risk_flag_id, facility_id, counterparty_id, flag_type, flag_code, flag_severity, as_of_date, flag_description) VALUES (8222, 8438, 2897, 'WATCH_LIST', 'CLIMATE_PHYSICAL_RISK', 'HIGH', '2025-01-31', 'Extreme weather scenario impacts coastal RE and agricultural assets');
INSERT INTO l2.risk_flag (risk_flag_id, facility_id, counterparty_id, flag_type, flag_code, flag_severity, as_of_date, flag_description) VALUES (8223, 8440, 2898, 'WATCH_LIST', 'CLIMATE_PHYSICAL_RISK', 'HIGH', '2025-01-31', 'Extreme weather scenario impacts coastal RE and agricultural assets');
INSERT INTO l2.risk_flag (risk_flag_id, facility_id, counterparty_id, flag_type, flag_code, flag_severity, as_of_date, flag_description) VALUES (8224, 8442, 2899, 'WATCH_LIST', 'CLIMATE_PHYSICAL_RISK', 'HIGH', '2025-01-31', 'Extreme weather scenario impacts coastal RE and agricultural assets');
INSERT INTO l2.risk_flag (risk_flag_id, facility_id, counterparty_id, flag_type, flag_code, flag_severity, as_of_date, flag_description) VALUES (8225, 8428, 2892, 'CONCENTRATION', 'CROSS_SECTOR_CORRELATION', 'MEDIUM', '2025-01-31', 'Climate risks correlated across energy, RE, transport, agriculture');
INSERT INTO l2.risk_flag (risk_flag_id, facility_id, counterparty_id, flag_type, flag_code, flag_severity, as_of_date, flag_description) VALUES (8226, 8430, 2893, 'CONCENTRATION', 'CROSS_SECTOR_CORRELATION', 'MEDIUM', '2025-01-31', 'Climate risks correlated across energy, RE, transport, agriculture');
INSERT INTO l2.risk_flag (risk_flag_id, facility_id, counterparty_id, flag_type, flag_code, flag_severity, as_of_date, flag_description) VALUES (8227, 8432, 2894, 'CONCENTRATION', 'CROSS_SECTOR_CORRELATION', 'MEDIUM', '2025-01-31', 'Climate risks correlated across energy, RE, transport, agriculture');
INSERT INTO l2.risk_flag (risk_flag_id, facility_id, counterparty_id, flag_type, flag_code, flag_severity, as_of_date, flag_description) VALUES (8228, 8434, 2895, 'CONCENTRATION', 'CROSS_SECTOR_CORRELATION', 'MEDIUM', '2025-01-31', 'Climate risks correlated across energy, RE, transport, agriculture');
INSERT INTO l2.risk_flag (risk_flag_id, facility_id, counterparty_id, flag_type, flag_code, flag_severity, as_of_date, flag_description) VALUES (8229, 8436, 2896, 'CONCENTRATION', 'CROSS_SECTOR_CORRELATION', 'MEDIUM', '2025-01-31', 'Climate risks correlated across energy, RE, transport, agriculture');
INSERT INTO l2.risk_flag (risk_flag_id, facility_id, counterparty_id, flag_type, flag_code, flag_severity, as_of_date, flag_description) VALUES (8230, 8438, 2897, 'CONCENTRATION', 'CROSS_SECTOR_CORRELATION', 'MEDIUM', '2025-01-31', 'Climate risks correlated across energy, RE, transport, agriculture');
INSERT INTO l2.risk_flag (risk_flag_id, facility_id, counterparty_id, flag_type, flag_code, flag_severity, as_of_date, flag_description) VALUES (8231, 8440, 2898, 'CONCENTRATION', 'CROSS_SECTOR_CORRELATION', 'MEDIUM', '2025-01-31', 'Climate risks correlated across energy, RE, transport, agriculture');
INSERT INTO l2.risk_flag (risk_flag_id, facility_id, counterparty_id, flag_type, flag_code, flag_severity, as_of_date, flag_description) VALUES (8232, 8442, 2899, 'CONCENTRATION', 'CROSS_SECTOR_CORRELATION', 'MEDIUM', '2025-01-31', 'Climate risks correlated across energy, RE, transport, agriculture');

-- ────────────────────────────────────────
-- l2.stress_test_result (1 rows)
-- ────────────────────────────────────────
INSERT INTO l2.stress_test_result (result_id, scenario_id, as_of_date, loss_amount, result_status, result_description) VALUES (5135, 3, '2025-01-31', NULL, NULL, 'Stress test: Climate Transition - Physical + Carbon — Multi-Sector Climate Stress Test');
